study_id,condition_name
1,COVID-19
2,COVID-19
3,COVID-19
4,COVID-19
5,MATERNAL FETAL INFECTION TRANSMISSION
5,COVID-19
5,COVID-19
6,COVID-19
7,COVID-19
7,EXCLUSIVE BREASTFEEDING
8,COVID-19
8,TYPE2 DIABETES
9,COVID-19
10,COVID-19
10,CANCER PATIENTS
10,GENERAL POPULATION
11,COVID-19
12,COVID-19
13,COVID-19
14,COVID-19
15,COVID-19
16,HEPATOCELLULAR CARCINOMA
16,COVID-19
17,COVID-19
17,COVID-19
18,IGG4 RELATED DISEASE
18,COVID-19
19,COVID-19
20,COVID-19
21,COVID-19
21,FEMUR FRACTURE
21,FRAGILITY FRACTURE
22,COVID-19
23,COVID-19
24,COVID-19
25,COVID-19
26,COGNITIVE IMPAIRMENT
26,COVID-19
26,COGNITIVE DYSFUNCTION
26,"DEPRESSION, ANXIETY"
26,QUALITY OF LIFE
27,COVID-19
28,COVID-19
29,COVID-19
30,PREGNANCY
31,COVID-19
32,COVID-19
33,NEUROLOGICAL DISEASES OR CONDITIONS
33,"STROKE, ACUTE"
33,SEIZURE DISORDER
34,COVID-19
35,COVID-19
36,COVID-19
36,"METABOLISM, INBORN ERRORS"
37,COVID-19
38,COVID-19
39,COVID-19
40,COVID-19
41,COVID-19
42,COVID-19
43,COVID-19
44,COVID-19
45,COVID-19
46,COVID-19
47,COVID-19
48,COVID-19
49,COVID-19
50,COVID-19
51,COVID-19
51,COVID-19
52,COVID-19
53,COVID-19
54,COVID-19
54,COVID-19
55,COVID-19
56,COVID-19
57,COVID-19
58,COVID-19
59,COVID-19
60,COVID-19
61,COVID-19
62,COVID-19
63,COVID-19
63,CRITICAL ILLNESS
64,COVID-19
64,COVID-19
65,COVID-19
66,COVID-19
67,COVID-19
68,COVID-19
68,HYPERCOAGULABLE STATES NEC
69,CHARACTERISTICS DISEASES
69,"OUTCOME, FATAL"
70,COVID-19
71,COVID-19
71,COVID-19
71,COVID-19
71,COMPLICATIONS
72,COVID-19
73,COVID-19
74,COVID-19
75,COVID-19
76,MULTIPLE SCLEROSIS
76,COVID-19
77,COVID-19
78,COVID-19
78,COVID-19
78,PEDIATRIC ALL
78,PNEUMONIA
78,PANDEMIC RESPONSE
79,COVID-19
80,COVID-19
81,COVID-19
81,DIALYSIS
81,NURSE-PATIENT RELATIONS
82,COVID-19
82,COVID-19
82,COVID-19
83,COVID-19
83,INFECTIOUS DISEASE
83,DEATH
83,COVID-19
84,COVID-19
84,COVID-19
84,COVID-19
85,COVID-19
85,COVID-19
85,COVID-19
86,COVID-19
87,COVID-19
88,COVID-19
89,COVID-19
90,COVID-19
91,COVID-19
92,COVID-19
92,COVID-19
93,COVID-19
94,COVID-19
95,COVID-19
96,COVID-19
97,COVID-19
98,COVID-19
99,COVID-19
100,COVID-19
101,COVID-19
102,COVID-19
103,COVID-19
103,PREGNANCY COMPLICATIONS
103,VERTICAL TRANSMISSION OF INFECTIOUS DISEASE
103,BREASTFEEDING
103,NEONATAL INFECTION
104,COVID-19
105,COVID-19
106,COVID-19
107,COVID-19
108,COVID-19
108,COVID-19
109,LIVER TRANSPLANT INFECTION
109,COVID-19
109,MORTALITY
109,IMMUNE RESPONSE
110,COVID-19
110,THROMBOSIS
111,COVID-19
112,COVID-19
113,SARCOPENIA
113,COVID-19
114,COVID-19
115,COVID-19
116,COVID-19
116,COVID-19
117,COVID-19
118,COVID-19
118,ANXIETY
118,"DEPRESSION, POSTPARTUM"
119,COVID-19
120,COVID-19
121,COVID-19
122,COVID-19
122,PNEUMONIA
123,COVID-19
124,COVID-19
125,COVID-19
125,PULMONARY EMBOLISM
126,COVID-19
126,COVID-19
127,COVID-19
128,INFLUENZA -LIKE ILLNESS
128,COVID-19
129,COVID-19
130,COVID-19
131,COVID-19
132,COVID-19
132,CANCER
133,COVID-19
133,LIVER TRANSPLANT
134,COVID-19
135,COVID-19
135,HEALTH PERSONNEL
135,"PERSONNEL, HOSPITAL"
136,COVID-19
137,COVID-19
138,COVID-19
139,COVID-19
140,COVID-19
141,COVID-19
141,COVID-19
142,COVID-19
142,COVID-19
143,COVID-19
143,COVID-19
144,COVID-19
145,COVID-19
146,ACUTE CORONARY SYNDROME
146,HEART FAILURE
146,COVID-19
147,COVID-19
148,COVID-19
149,COVID-19
150,COVID-19
151,COVID-19
152,COVID-19
153,COVID-19
154,COVID-19
155,COVID-19
156,COVID-19
156,CRITICAL LIMB ISCHEMIA
157,COVID-19
158,COVID-19
159,COVID-19
160,COVID-19
160,COVID-19
160,QUALITY OF LIFE
160,MENTAL HEALTH WELLNESS 1
160,SOCIAL DISTANCE
160,SARS
160,PSYCHOLOGICAL
161,COVID-19
162,COVID-19
163,COVID-19
163,COVID-19
164,COVID-19
165,COVID-19
166,COVID-19
167,COVID-19
168,COVID-19
169,COVID-19
170,COVID-19
171,COVID-19
172,COVID-19
173,COVID-19
174,COVID-19
175,COVID-19
176,COVID-19
177,COVID-19
178,COVID-19
179,COVID-19
180,COVID-19
181,COVID-19
182,COVID-19
183,COVID-19
184,COVID-19
185,COVID-19
186,COVID-19
186,HYPERTENSION
187,COVID-19
188,PULMONARY EMBOLISM
188,COVID-19
189,COVID-19
190,COVID-19
190,SARS
190,COVID-19
191,COVID-19
192,COVID-19
192,COVID-19
193,COVID-19
194,COVID-19
195,COVID-19
195,CANCER
196,COVID-19
197,COVID-19
197,PNEUMONIA
198,COVID-19
199,COVID-19
200,PREGNANT WOMEN
200,COVID-19
201,COVID-19
202,COVID-19
203,COVID-19
203,VIRUS
204,COVID-19
205,COVID-19
206,COVID-19
206,COVID-19
207,COVID-19
208,COVID-19
208,BREASTMILK
209,COVID-19
210,COVID-19
211,COVID-19
212,COVID-19
212,RENAL REPLACEMENT THERAPY
212,ACUTE KIDNEY INJURY
213,COVID-19
214,COVID-19
215,HEALTH BEHAVIOR
215,RISK-TAKING
215,COVID-19
216,COVID-19
216,COVID-19
216,ALLERGIC REACTION
216,MAST CELL DISORDER
216,NON-ATOPIC
217,COVID-19
218,COVID-19
219,COVID-19
220,COVID-19
221,COVID-19
222,COVID-19
223,COVID-19
224,COVID-19
225,COVID-19
225,HYDROXYCHLOROQUINE ADVERSE REACTION
226,COVID-19
227,COVID-19
228,COVID-19
229,COVID-19
230,COVID-19
231,COVID-19
232,COVID-19
232,COVID-19
233,COVID-19
233,COVID-19
234,COVID-19
235,COVID-19
236,COVID-19
237,COVID-19
237,RESPIRATORY FAILURE
238,COVID-19
239,COVID-19
240,COVID-19
240,VITAMIN D DEFICIENCY
240,VIRAL INFECTION
241,COVID-19
242,CONGENITAL HEART DISEASE
242,COVID-19
243,COVID-19
243,COVID-19
243,COVID-19
244,COVID-19
244,COVID-19
245,COVID-19
246,COVID-19
247,COVID-19
247,FAMILY MEMBERS
247,CRITICAL ILLNESS
248,COVID-19
248,COVID-19
248,COVID-19
248,COVID-19
249,COVID-19
249,MULTISYSTEM INFLAMMATORY SYNDROME IN CHILDREN (MIS-C)
249,COVID-19
250,COVID-19
251,COVID-19
252,COVID-19
253,COVID-19
254,COVID-19
255,COVID-19
255,HEMODIALYSIS COMPLICATION
255,INFLAMMATORY RESPONSE
256,COVID-19
257,COVID-19
258,COVID-19
259,COVID-19
260,COVID-19
261,COVID-19
262,ISCHEMIC STROKE
262,COVID-19
263,COVID-19
264,COVID-19
265,SARS
265,COVID-19
266,COVID-19
267,COVID-19
268,COVID-19
269,COVID-19
270,COVID-19
270,ACUTE RENAL FAILURE
271,LIVER FUNCTION TESTS ABNORMALITIES
272,COVID-19
273,COVID-19
274,COVID-19
275,COVID-19
275,PULMONARY EMBOLISM
276,COVID-19
277,COVID-19
278,COVID-19
278,CARDIOMYOPATHIES
279,COVID-19
280,COVID-19
280,PNEUMONIA
281,COVID-19
282,COVID-19
283,COVID-19
284,COVID-19
285,COVID-19
285,PREGNANCY COMPLICATIONS
286,COVID-19
287,COVID-19
288,COVID-19
289,COVID-19
290,COVID-19
291,COVID-19
291,INTENSIVE CARE PATIENTS
292,COVID-19
293,COVID-19
294,COVID-19
295,COVID-19
295,TEAR
296,COVID-19
296,COVID-19
297,COVID-19
298,COVID-19
298,PREGNANCY RELATED
299,COVID-19
300,COVID-19
301,PULMONARY EMBOLISM
302,COVID-19
303,COVID-19
303,CHRONIC KIDNEY DISEASES
304,COVID-19
304,HYPERTENSION
304,CARDIOVASCULAR DISEASES
305,COVID-19
306,COVID-19
306,COVID-19
307,COVID-19
308,COVID-19
309,COVID-19
310,COVID-19
311,COVID-19
311,MATERNAL-FETAL RELATIONS
312,COVID-19
313,COVID-19
313,STRESS
313,ANESTHESIA
314,COVID-19
315,COVID-19
315,SURGERY
316,COVID-19
317,COVID-19
318,COVID-19
319,COVID-19
320,COVID-19
321,COVID-19
322,COVID-19
322,COVID-19
323,COVID-19
323,VACCINE REFUSAL
324,COVID-19
325,SYSTEMIC LUPUS ERYTHEMATOSUS
325,SJOGREN'S SYNDROME
325,INFLAMMATORY MYOSITIS
325,PSORIATIC ARTHRITIS
325,GOUT
325,ANKYLOSING SPONDYLITIS
325,ARTHRITIS OF MULTIPLE SITES ASSOCIATED WITH INFLAMMATORY BOWEL DISEASE (DIAGNOSIS)
325,OSTEOARTHRITIS
326,COVID-19
327,COVID-19
327,VITAMIN D
328,COVID-19
329,COVID-19
330,COVID-19
331,COVID-19
332,COVID-19
333,COVID-19
333,COVID-19
333,CARDIOVASCULAR DISEASES
333,CARDIOVASCULAR RISK FACTOR
334,COVID-19
335,COVID-19
336,COVID-19
336,COVID-19
337,COVID-19
338,COVID-19
339,COVID-19
340,COVID-19
341,COVID-19
341,SEVERE MENTAL DISORDER
342,COVID-19
343,COVID-19
343,COVID-19
344,"KNOWLEDGE, ATTITUDES, PRACTICE"
344,COVID-19
345,IBD
345,COVID-19
346,COVID-19
346,COVID-19
347,CORONA VIRUS DISEASE 2019
348,VIRAL INFECTION
348,EXERCISE
348,COVID-19
348,HABITS
349,PNEUMONIA
349,COVID-19
349,ARDS
349,STRESS
350,COVID-19
351,LIVER TRANSPLANT; COMPLICATIONS
351,COVID-19
351,RESPIRATORY FAILURE
352,COVID-19
353,COVID-19
354,COVID-19
355,COVID-19
355,COVID-19
356,COVID-19
357,COVID-19
358,COVID-19
359,COVID-19
360,COVID-19
360,COVID-19
361,COVID-19
361,COVID-19
361,TRANSPLANTATION INFECTION
362,COVID-19
362,COVID-19
363,COVID-19
364,COVID-19
365,COVID-19
366,COVID-19
367,COVID-19
368,COVID-19
369,COVID-19
369,SEROPREVALENCE
369,COVID-19
370,COVID-19
371,COVID-19
371,LUNG ULTRASOUND
371,RESPIRATORY COMPLICATION
372,COVID-19
372,PULMONARY FIBROSIS
372,PNEUMONIA
372,THROMBOEMBOLISM
373,COVID-19
374,COVID-19
375,COVID-19
376,COVID-19
377,COVID-19
377,"DIABETES MELLITUS, TYPE 2"
378,COVID-19
379,COVID-19
379,VIRUS-HIV
380,COVID-19
381,VACCINATION
381,COVID-19
382,COVID-19
383,COVID-19
384,COVID-19
385,COVID-19
385,ONCOLOGY
385,SURGERY
386,COVID-19
387,COVID-19
388,COVID-19
389,COVID-19
390,COVID-19
391,COVID-19
392,COVID-19
392,COVID-19
393,COVID-19
394,COVID-19
395,ANOSMIA
395,AGEUSIA
395,COVID-19
395,COVID-19
396,COVID-19
397,COVID-19
398,COVID-19
399,COVID-19
400,COVID-19
401,COVID-19
402,ARDS
402,COVID-19
403,COVID-19
403,COVID-19
403,COVID-19
404,COVID-19
404,HEALTH DISPARITIES
405,COVID-19
406,COVID-19
407,COVID-19
407,COVID-19
407,HEALTH PERSONNEL
408,COVID-19
408,COVID-19
409,COVID-19
410,COVID-19
410,COVID-19
411,COVID-19
411,BRAIN
411,NEUROCOGNITION
411,FMRI
412,COVID-19
412,CANCER
412,NICOTINE DEPENDENCE
412,PULMONARY DISEASE
412,CARDIOVASCULAR DISEASES
412,IMMUNOSUPPRESSION DISORDERS
413,COVID-19
414,COVID-19
414,RESPIRATORY FAILURE
415,ORAL MANIFESTATIONS
415,COVID-19
415,VACCINE ADVERSE REACTION
416,COVID-19
417,COVID-19
418,COVID-19
419,COVID-19
420,COVID-19
420,HIV
420,ART
421,COVID-19
422,COVID-19
422,COVID-19
423,COVID-19
424,COVID-19
425,COVID-19
425,VACCINES
426,COVID-19
426,COVID-19
426,COVID-19
427,COVID-19
427,THROMBOEMBOLIC DISEASE
428,COVID-19
429,ASYMPTOMATIC CONDITION
429,VIRAL INFECTION
429,COVID-19
429,COVID-19
429,CORONAVIRIDAE INFECTIONS
429,RNA VIRUS INFECTIONS
429,VIRAL INFECTION
429,COMMUNICABLE DISEASE
430,COVID-19
430,TELEMEDICINE
430,QUALITY OF LIFE
430,SAFETY ISSUES
430,SYMPTOMS
431,COVID-19
432,COVID-19
432,DIARRHEA
433,RHEUMATIC DISEASES
433,COVID-19
433,COVID-19
434,COVID-19
435,COVID-19
436,COVID-19
436,MYELOMA MULTIPLE
436,MALIGNANT LYMPHOMA
436,HEMATOLOGIC NEOPLASMS
436,STEM CELL TRANSPLANT COMPLICATIONS
437,COVID-19
437,COVID-19
437,ANOSMIA
437,DYSGEUSIA
438,PNEUMONIA
438,COVID-19
439,COVID-19
440,COVID-19
441,COVID-19
442,COVID-19
443,COVID-19
443,COVID-19
443,COVID-19
444,EXTREME PREMATURITY
444,COVID-19
445,COVID-19
445,COVID-19
446,COVID-19
447,COVID-19
447,DISABILITIES MULTIPLE
447,CEREBRAL PALSY
447,MUSCULAR DYSTROPHIES
448,SARS
449,COVID-19
449,PNEUMONIA
450,PNEUMONIA
450,COVID-19
451,VENOUS THROMBOEMBOLISM
451,COVID-19
452,COVID-19
453,COVID-19
453,PNEUMONIA
454,"RESPIRATION, ARTIFICIAL"
454,COVID-19
454,HEALTH CARE ASSOCIATED INFECTION
455,COVID-19
455,COVID-19
456,COVID-19
457,COVID-19
458,COVID-19
459,COVID-19
459,COVID-19
460,COVID-19
461,COVID-19
462,COVID-19
463,COMMUNICABLE DISEASE
463,COVID-19
463,COVID-19
463,INFECTIOUS DISEASE
463,COVID-19
463,VIRUS
464,COVID-19
465,COVID-19
466,COVID-19
467,COVID-19
468,COVID-19
469,COVID-19
470,COVID-19
470,HIGH ALTITUDE
471,COVID-19
472,COVID-19
473,COVID-19
474,COVID-19
475,COVID-19
476,COVID-19
477,COVID-19
478,COVID-19
478,BCG VACCINATION
479,COVID-19
480,COVID-19
481,COVID-19
482,COVID-19
483,LYMPHOPENIA
483,COVID-19
483,OLDER PEOPLE
484,"BURNOUT, PROFESSIONAL"
484,STRESS
485,COVID-19
486,COVID-19
487,COVID-19
488,COVID-19
489,COVID-19
490,COVID-19
490,COVID-19
490,COVID-19
491,COVID-19
492,COVID-19
493,COVID-19
494,COVID-19
495,COVID-19
495,RHEUMATOID ARTHRITIS
495,PSORIATIC ARTHRITIS
495,HYDROXYCHLOROQUINE
496,COVID-19
496,OPHTHALMOPATHY
496,EYE DISEASES
497,COVID-19
498,COVID-19
499,COVID-19
500,COVID-19
500,KIDNEY INJURY
501,COVID-19
502,COVID-19
502,"RISK FACTOR, MORTALITY"
503,COVID-19
504,COVID-19
505,COVID-19
505,ANXIETY AND FEAR
505,PARENTS
506,COVID-19
506,COVID-19
507,COVID-19
507,SURGERY
507,SARS
508,COVID-19
509,COVID-19
509,ENDOTRACHEAL INTUBATION
510,COVID-19
511,COVID-19
511,SARS
511,COVID-19
512,COVID-19
513,COVID-19
514,COVID-19
515,COVID-19
516,ONCOLOGY
516,COVID-19
517,COVID-19
518,COVID-19
518,"CHILDREN, ONLY"
519,COVID-19
520,COVID-19
520,PULMONARY EMBOLISM
521,COVID-19
522,COVID-19
523,COVID-19
524,COVID-19
524,COVID-19
525,COVID-19
525,PNEUMONIA
526,COVID-19
527,COVID-19
528,COVID-19
528,COVID-19
528,PULMONARY REHABILITATION
528,QUALITY OF LIFE
529,COVID-19
529,POSTMORTEM CHANGES
530,COVID-19
531,COVID-19
531,COVID-19
532,COVID-19
533,COVID-19
534,COVID-19
535,COVID-19
536,COVID-19
537,COVID-19
538,COVID-19
538,COVID-19
539,COVID-19
540,COVID-19
540,DRUG EFFECT
540,DRUG INTERACTION
540,ADVERSE DRUG EVENT
541,COVID-19
542,COVID-19
543,COVID-19
543,VIRUS DISEASE
544,COVID-19
545,COVID-19
546,COVID-19
547,COVID-19
548,COVID-19
549,COVID-19
550,COVID-19
551,COVID-19
552,COVID-19
553,COVID-19
554,CONVALESCENT PLASMA
554,COVID-19
554,COVID-19
555,NEUROLOGIC MANIFESTATIONS
555,PSYCHIATRIC DISORDERS
555,COVID-19
556,COVID-19
557,COVID-19
558,COVID-19
558,LIVER CIRRHOSIS
559,SARS
559,COVID-19
559,COVID-19
560,COVID-19
561,COVID-19
561,PNEUMONIA
561,PNEUMONIA
561,FLU SYMPTOM
561,FLU LIKE ILLNESS
561,PNEUMONIA
561,PNEUMONIA
561,PNEUMONIA
562,PNEUMONIA
562,PNEUMONIA
562,COVID-19
562,OBSTRUCTIVE LUNG DISEASE
563,COVID-19
563,DRUG EFFECT
564,COVID-19
565,VACCINE PREVENTABLE DISEASE
566,COVID-19
567,COVID-19
568,COVID-19
569,COVID-19
570,COVID-19
570,PREGNANCY COMPLICATIONS
571,COVID-19
571,COVID-19
572,OBESITY
572,COVID-19
573,COVID-19
574,COVID-19
575,COVID-19
575,SARS
575,COVID-19
575,COVID-19
576,COVID-19
577,COVID-19
578,COVID-19
579,COVID-19
580,COVID-19
581,COVID-19
582,COVID-19
583,COVID-19
584,POSTPARTUM DEPRESSION
584,STRESS
584,STRESS
585,COVID-19
585,COVID-19
586,COVID-19
587,COVID-19
587,LUNG ULTRASOUND
587,RESPIRATORY COMPLICATION
588,COVID-19
589,COVID-19
590,COVID-19
591,COVID-19
591,RESPIRATORY FAILURE
592,COVID-19
593,COVID-19
594,COVID-19
595,COVID-19
596,COVID-19
596,ARDS
596,ENDOTHELIAL DYSFUNCTION
597,COVID-19
597,PNEUMONIA
598,COVID-19
598,CHRONIC INFLAMMATORY RHEUMATISM
598,AUTOIMMUNE DISEASES
599,COVID-19
600,COVID-19
601,CANCER
602,COVID-19
602,MENTAL HEALTH DISORDER
602,STRESS
602,ANXIETY
602,DEPRESSION
602,COVID-19
603,COVID-19
603,DIABETES MELLITUS
604,COVID-19
605,COVID-19
606,COVID-19
606,FEAR
606,DENTAL ANXIETY
607,COVID-19
608,ALLERGY AND IMMUNOLOGY
608,VIRAL INFECTION
609,COVID-19
610,COVID-19
611,COVID-19
611,COVID-19
612,COVID-19
613,COVID-19
613,PNEUMONIA
613,PULMONARY EMBOLISM
614,COVID-19
615,COVID-19
616,COVID-19
616,BACTERIAL RESPIRATORY TRACT INFECTION
616,VIRAL RESPIRATORY TRACT INFECTION
617,COVID-19
617,COVID-19
618,COVID-19
619,COVID-19
620,COVID-19
620,RHEUMATOID ARTHRITIS
621,COVID-19
622,COVID-19
622,COVID-19
622,COVID-19
623,COVID-19
624,COVID-19
624,COVID-19
625,MULTIPLE SCLEROSIS
625,"DEMYELINATING AUTOIMMUNE DISEASES, CNS"
625,AUTOIMMUNE DISEASES OF THE NERVOUS SYSTEM
625,NERVOUS SYSTEM DISEASES
625,DEMYELINATING DISEASES
625,AUTOIMMUNE DISEASES
625,IMMUNE SYSTEM DISEASES
625,PATHOLOGIC PROCESSES
626,COVID-19
626,NURSE'S ROLE
627,COVID-19
628,COVID-19
629,COVID-19
630,COVID-19
631,COVID-19
632,COVID-19
633,RHEUMATIC DISEASES
634,COVID-19
634,ANDROGEN RECEPTOR GENE OVEREXPRESSION
635,COVID-19
636,COVID-19
636,"THROMBOEMBOLISM, VENOUS"
637,COVID-19
637,COVID-19
638,COVID-19
639,COVID-19
640,COVID-19
640,PNEUMONIA
641,COVID-19
642,COVID-19
643,COVID-19
644,COVID-19
645,COVID-19
645,COVID-19
645,HEMATOPOIETIC AND LYMPHOID CELL NEOPLASM
645,MALIGNANT SOLID NEOPLASM
645,COVID-19
646,COVID-19
646,RIGHT VENTRICULAR DYSFUNCTION
646,ARDS
647,COVID-19
648,ARDS
648,COVID-19
649,COVID-19
650,COVID-19
650,COVID-19
650,COVID-19
651,COVID-19
651,COVID-19
652,COVID-19
653,COVID-19
654,NEUROIMAGING
654,COVID-19
655,COVID-19
656,WELL-BEING
657,COVID-19
657,COVID-19
658,COVID-19
659,COVID-19
659,COVID-19
660,COVID-19
661,COVID-19
662,COVID-19
663,COVID-19
663,COVID-19
663,COVID-19
664,COVID-19
665,COVID-19
666,COVID-19
667,COVID-19
668,COVID-19
669,COVID-19
670,COVID-19
671,COVID-19
671,THROMBOSIS
671,BLEEDING
671,ANTICOAGULATION
672,COVID-19
673,COVID-19
674,COVID-19
674,LUNG CANCER
675,COVID-19
676,COVID-19
677,COVID-19
677,NEUROLOGIC MANIFESTATIONS
677,PSYCHIATRIC MANIFESTATIONS
678,COVID-19
679,HEART FAILURE
679,COVID-19
680,COVID-19
680,UROLOGIC DISEASES
680,SURGERY--COMPLICATIONS
680,EPIDEMIC DISEASE
681,COVID-19
682,COVID-19
682,PNEUMONIA
683,COVID-19
683,VITAMIN D DEFICIENCY
683,COAGULOPATHY
683,DISSEMINATED INTRAVASCULAR COAGULATION
684,COVID-19
685,COVID-19
686,COVID-19
686,COVID-19
687,COVID-19
687,COVID-19
688,COVID-19
688,RESPIRATORY FAILURE
689,COVID-19
689,INFLUENZA
690,SYSTEMIC LUPUS ERYTHEMATOSUS
690,COVID-19
691,PREGNANCY
691,COVID-19
692,COVID-19
692,PULMONARY FIBROSIS INTERSTITIAL
693,VASCULAR SURGICAL PROCEDURES
693,COVID-19
693,POSTOPERATIVE COMPLICATIONS
694,COVID-19
694,COVID-19
694,VACCINE EFFECTIVENESS
695,HEALTH CARE UTILIZATION
695,HEALTH CARE ASSOCIATED INFECTION
696,COVID-19
697,FEVER
697,PNEUMONIA
697,COUGH
698,COVID-19
699,COVID-19
699,COVID-19
700,COVID-19
701,COVID-19
702,COVID-19
703,COVID-19
704,COVID-19
705,COVID-19
705,SURGERY
705,COVID-19
706,COVID-19
707,COVID-19
708,COVID-19
708,COVID-19
708,COVID-19
709,COVID-19
710,COVID-19
710,PNEUMONIA
711,COVID-19
711,COVID-19
712,COVID-19
712,CYTOKINE STORM
713,COVID-19
714,COVID-19
715,COVID-19
716,COVID-19
716,SAFETY AND EFFICACY
717,COVID-19
718,OLFACTION DISORDERS
718,COVID-19
719,COVID-19
720,COVID-19
720,ARDS
720,SARS
720,COVID-19
721,COVID-19
722,RHEUMATOID ARTHRITIS
722,PSORIATIC ARTHRITIS
722,AXIAL SPONDYLOARTHRITIS
722,SYSTEMIC LUPUS ERYTHEMATOSUS
722,GIANT CELL ARTERITIS
723,COVID-19
724,COVID-19
725,COVID-19
726,COVID-19
727,COVID-19
728,COVID-19
728,COVID-19
729,COVID-19
729,FERTILITY ISSUES
730,COVID-19
731,COVID-19
731,COVID-19
732,COVID-19
733,PREGNANT WOMEN
734,COVID-19
734,DIABETES MELLITUS
734,PREVALENCE
734,RISK FACTORS
734,PATIENT OUTCOME ASSESSMENT
734,SARS
735,COVID-19
736,COVID-19
736,COVID-19
737,COVID-19
738,"DIABETES MELLITUS, TYPE 2"
738,COVID-19
739,COVID-19
740,COVID-19
741,ACUTE KIDNEY INJURY
741,COVID-19
741,RENAL DYSFUNCTION
741,COVID-19
741,AKI
741,PEDIATRIC KIDNEY DISEASE
741,RENAL INSUFFICIENCY
742,COVID-19
742,NUTRITION DISORDERS
743,COVID-19
744,COVID-19
744,PSYCHIATRIC PROBLEM
744,"ISOLATION, SOCIAL"
745,COVID-19
745,INFORMATION SEEKING BEHAVIOR
745,SOCIAL MEDIA
745,"PERCEPTION, SELF"
746,COVID-19
746,COVID-19
747,COVID-19
748,COVID-19
749,COVID-19
750,RHEUMATOID ARTHRITIS
750,COVID-19
751,COVID-19
752,ARDS
752,COVID-19
753,COVID-19
753,COVID-19
754,COVID-19
754,COVID-19
755,COVID-19
756,COVID-19
756,CONVALESCENCE
757,COVID-19
757,CARDIAC COMPLICATION
758,COVID-19
759,COVID-19
760,COVID-19
760,PROGRESSION
761,PREGNANCY
762,COVID-19
762,PRENATAL CARE
762,POSTOPERATIVE CARE
763,COVID-19
763,COVID-19
763,COVID-19
763,COVID-19
764,COVID-19
765,COVID-19
766,HEALTHCARE WORKERS
766,COVID-19
766,COVID-19
767,COVID-19
768,COVID-19
769,COVID-19
770,COVID-19
770,COVID-19
771,COVID-19
771,STRESS
772,PNEUMONIA
772,COVID-19
773,COVID-19
773,PNEUMONIA
774,SARS
774,CYTOKINE STORM
774,ARDS
774,COVID-19
774,COVID-19
774,RESPIRATORY FAILURE
775,COVID-19
775,NOSOCOMIAL INFECTION
775,COVID-19
775,COVID-19
775,COVID-19
776,ASYMPTOMATIC INFECTIONS
776,COVID-19
777,COVID-19
777,GENITO URINARY CANCER
778,COVID-19
779,COVID-19
780,COVID-19
780,RESPIRATORY ILLNESS
781,COVID-19
781,COVID-19
782,COVID-19
783,COVID-19
784,COVID-19
785,COVID-19
786,COVID-19
787,COVID-19
788,COVID-19
789,COVID-19
790,COVID-19
791,COVID-19
792,COVID-19
793,COVID-19
793,COMA
793,CONSCIOUSNESS DISORDER
794,COVID-19
795,COVID-19
796,COVID-19
797,COVID-19
798,COVID-19
799,COVID-19
800,COVID-19
801,COVID-19
802,HIV PATIENTS
803,COVID-19
804,COVID-19
805,COVID-19
806,SARS
806,COVID-19
807,COVID-19
808,COVID-19
808,COVID-19
809,COVID-19
810,"CHRONIC LYMPHOCYTIC LEUKEMIA, LYMPHOCYTIC LYMPHOMA OR WALDENSTROM DISEASE"
811,COVID-19
811,CRITICAL ILLNESS
812,COVID-19
813,COVID-19
814,COVID-19
815,COVID-19
815,ANGIOTENSIN II RECEPTOR ANTAGONIST ADVERSE REACTION
816,VACCINE REFUSAL
817,COVID-19
817,COVID-19
817,ANOSMIA
817,DYSGEUSIA
818,COVID-19
819,IBD
819,COVID-19
820,COVID-19
820,HEART FAILURE
821,COVID-19
821,CRITICAL CARE
821,INTENSIVE CARE UNITS
821,HEALTH PERSONNEL
822,COVID-19
823,COVID-19
824,SMOKING BEHAVIORS
825,COVID-19
826,COVID-19
826,PNEUMONIA
826,INFLAMMATORY RESPONSE
827,COVID-19
828,COVID-19
829,COVID-19
830,COVID-19
831,COVID-19
832,COVID-19
833,COVID-19
834,COVID-19
835,COVID-19
835,CANCER
836,COVID-19
837,COVID-19
837,COVID-19
837,THROMBOSIS
837,ARDS
837,THROMBOPHILIA
837,"THROMBOSES, INTRACRANIAL"
837,"THROMBOSES, DEEP VEIN"
837,RAAS
838,COVID-19
838,COVID-19
838,IMMUNOMODULATION
839,COVID-19
840,COVID-19
841,AIRWAY MANAGEMENT
842,COVID-19
843,COVID-19
843,COVID-19
844,COVID-19
845,COVID-19
846,COVID-19
847,COVID-19
848,COVID-19
848,PERIODONTITIS
849,COVID-19
850,COVID-19
851,INFECTION
851,"VIRAL, AGENT AS CAUSE OF DISEASE CLASSIFIED ELSEWHERE"
852,SARS
853,COVID-19
854,COVID-19
855,COVID-19
855,COVID-19
856,COVID-19
857,COVID-19
857,NEUROLOGICAL COMPLICATION
858,COVID-19
858,COVID-19
859,COVID-19
860,COVID-19
861,COVID-19
862,COVID-19
863,COVID-19
864,COVID-19
865,COVID-19
866,COVID-19
867,COVID-19
867,PERIODONTAL DISEASES
868,COVID-19
869,COVID-19
870,COVID-19
871,COVID-19
871,TSH
871,CORTISOL
872,COVID-19
873,COVID-19
874,COVID-19
875,COVID-19
876,COVID-19
877,MYELOPROLIFERATIVE NEOPLASM
877,COVID-19
878,GYNECOLOGIC CANCER
878,BREAST NEOPLASM FEMALE
878,UTERINE NEOPLASMS
878,OVARIAN NEOPLASMS
878,UTERINE CERVICAL NEOPLASMS
878,VULVAR NEOPLASMS
878,VAGINAL NEOPLASMS
879,COVID-19
879,COVID-19
880,COVID-19
881,COVID-19
881,ENDOTHELIAL FUNCTION
882,COVID-19
882,CARDIOVASCULAR DISEASES
883,COVID-19
883,PNEUMONIA
884,COVID-19
885,COVID-19
885,HEMATOPOIETIC AND LYMPHOID CELL NEOPLASM
885,MALIGNANT SOLID NEOPLASM
885,METASTATIC MALIGNANT SOLID NEOPLASM
886,COVID-19
886,COVID-19
887,COVID-19
888,COVID-19
889,COVID-19
890,COVID-19
891,COVID-19
892,COVID-19
893,COVID-19
894,COVID-19
895,DIABETES
895,COVID-19
896,COVID-19
897,COVID-19
897,COVID-19
897,COVID-19
898,COVID-19
898,COVID-19
898,COVID-19
899,COVID-19
900,COVID-19
901,COVID-19
902,COVID-19
903,COVID-19
904,COVID-19
904,"KNOWLEDGE, ATTITUDES, PRACTICE"
905,COVID-19
905,MENTAL HEALTH DISORDER
906,COVID-19
906,VITAMIN D DEFICIENCY
907,COVID-19
908,COVID-19
909,COVID-19
910,COVID-19
911,CRITICAL ILLNESS
911,COVID-19
911,RESPIRATORY FAILURE
911,COVID-19
912,COVID-19
913,COVID-19
914,COVID-19
915,COVID-19
916,CARDIOVASCULAR DISEASE ACUTE
916,CARDIOMYOPATHIES
916,COVID-19
917,COVID-19
918,COVID-19
919,COVID-19
920,MULTIPLE MYELOMA
920,COVID-19
921,COVID-19
922,COVID-19
923,INFECTION CONTROL
923,COVID-19
924,COVID-19
924,COVID-19
925,COVID-19
925,THROMBOTIC MICROANGIOPATHIES
925,ACUTE KIDNEY INJURY
926,COVID-19
927,COVID-19
928,COVID-19
928,COVID-19
929,COVID-19
930,COVID-19
931,COVID-19
932,"STROKE, ACUTE"
933,COVID-19
934,MULTIPLE SCLEROSIS
935,COVID-19
936,COVID-19
936,CVD
937,COVID-19
938,COVID-19
939,COVID-19
939,COVID-19
940,COVID-19
940,ARDS
940,PNEUMONIA
941,COVID-19
942,COVID-19
942,PREVALENCE
943,PARKINSON DISEASE
943,COVID-19
944,COVID-19
944,COVID-19
945,COVID-19
946,COVID-19
946,"PERCEPTION, SELF"
946,FACILITIES AND SERVICES UTILIZATION
947,COVID-19
948,COVID-19
949,COVID-19
949,SEPSIS
949,ADULTS
949,EMERGENCY DEPARTMENT
950,COVID-19
950,PREGNANCY COMPLICATIONS
950,PREMATURE RUPTURE OF MEMBRANE
950,ABRUPTIO PLACENTAE
950,PRELABOR RUPTURE OF MEMBRANES
950,STILLBIRTH
951,COVID-19
952,COVID-19
953,COVID-19
954,COVID-19
955,COVID-19
956,CANCER
956,COVID-19
956,COVID-19
957,COVID-19
958,RESPIRATORY FAILURE
959,COVID-19
960,COVID-19
961,COVID-19
962,COVID-19
963,COVID-19
964,COVID-19
965,COVID-19
966,COVID-19
967,COVID-19
968,COVID-19
969,COVID-19
969,PEDIATRIC CANCER
969,ADULT CHILDREN
969,CANCER
970,COVID-19
970,DRUG EFFECT
971,COVID-19
972,COVID-19
972,KIDNEY TRANSPLANT; COMPLICATIONS
972,KIDNEY TRANSPLANT FAILURE AND REJECTION
972,LIVER TRANSPLANT; COMPLICATIONS
972,LIVER TRANSPLANT FAILURE AND REJECTION
973,COVID-19
974,COVID-19
975,COVID-19
976,COVID-19
977,COVID-19
978,COVID-19
979,COVID-19
979,MEAN PLATELET VOLUME
979,PLATELET DESTRUCTION
980,COVID-19
981,COVID-19
981,MIDDLE EAST RESPIRATORY SYNDROME (MERS)
981,ARDS
981,COVID-19
981,COVID-19
981,COVID-19
982,COVID-19
983,NEUROMUSCULAR BLOCKADE
983,HUMAN CHARACTERISTICS
983,COMPLICATION OF MEDICAL CARE
983,INTENSIVE CARE UNIT ACQUIRED WEAKNESS
984,COVID-19
985,COVID-19
986,COVID-19
986,FEAR
986,LONELINESS
987,COVID-19
988,COVID-19
988,DELIRIUM
988,STRESS
989,COVID-19
990,COVID-19
990,RESPIRATORY TRACT INFECTIONS
990,SARS
990,COVID-19
990,RNA VIRUS INFECTIONS
990,VIRUS DISEASE
990,RESPIRATORY TRACT DISEASE
991,COVID-19
992,COVID-19
993,"SPERM COUNT, LOW"
993,HORMONE DISTURBANCE
993,COVID-19
994,COVID-19
995,COVID-19
996,COVID-19
996,CRITICAL ILLNESS
997,COVID-19
998,COVID-19
999,COVID-19
999,COVID-19
1000,COVID-19
1000,COVID-19
1000,PNEUMONIA
1000,PNEUMONIA
1001,INFECTIOUS DISEASE
1001,COVID-19
1002,COVID-19
1002,COVID-19
1003,COVID-19
1004,"BREAST FEEDING, EXCLUSIVE"
1004,POST PARTUM DEPRESSION
1004,COVID-19
1005,COVID-19
1006,PNEUMONIA
1006,COVID-19
1007,COVID-19
1007,COVID-19
1007,COVID-19
1007,SEMEN
1008,COVID-19
1009,COVID-19
1010,COVID-19
1011,COVID-19
1011,COVID-19
1011,COVID-19
1011,PROPHYLAXIS
1011,HEALTHCARE WORKER
1011,COVID-19
1011,HYDROXYCHLOROQUINE
1012,COVID-19
1013,COVID-19
1014,COVID-19
1014,ARDS
1014,AKI
1014,CIRCULATORY FAILURE
1014,COAGULATION DISORDER
1014,INFLAMMATORY RESPONSE
1015,ELECTROLYTE IMBALANCE
1016,MULTIPLE MYELOMA
1016,COVID-19
1016,COVID-19
1017,COVID-19
1018,COVID-19
1018,SARS
1019,COVID-19
1020,COVID-19
1021,COVID-19
1021,BETA-CELL FUNCTION
1022,COVID-19
1023,COVID-19
1024,COVID-19
1025,ARDS
1025,COVID-19
1026,COVID-19
1027,COVID-19
1027,PULMONARY DISEASE
1028,COVID-19
1029,COVID-19
1030,COVID-19
1031,COVID-19
1032,COVID-19
1033,DIABETES MELLITUS
1033,COVID-19
1034,COVID-19
1035,COVID-19
1035,THROMBOSIS
1036,COVID-19
1036,INFLAMMATION
1036,COVID-19
1037,COVID-19
1037,COVID-19
1037,PREGNANCY COMPLICATIONS
1037,PREGNANCY PRETERM
1037,PREGNANCY IN DIABETIC
1037,NEONATAL INFECTION
1038,COVID-19
1039,COVID-19
1040,COVID-19
1041,COVID-19
1041,COVID-19
1042,COVID-19
1042,COVID-19
1043,COVID-19
1044,COVID-19
1045,COVID-19
1046,COVID-19
1046,CARDIAC COMPLICATION
1047,COVID-19
1047,BCG VACCINATION
1048,COVID-19
1049,COVID-19
1050,COVID-19
1050,PREGNANCY RELATED
1050,"INFLUENZA, HUMAN"
1051,COVID-19
1052,CANCER
1052,COVID-19
1052,VIRAL INFECTION
1053,COVID-19
1053,VIRAL INFECTION
1053,COVID-19
1054,COVID-19
1054,POST INTENSIVE CARE UNIT SYNDROME
1055,COVID-19
1055,CARDIOVASCULAR RISK FACTOR
1056,COVID-19
1057,"PREGNANCY, INFECTIONS IN"
1057,COVID-19
1058,QUALITY OF LIFE
1058,LONG-TERM OUTCOMES
1058,COVID-19
1059,COVID-19
1060,COVID-19
1060,COVID-19
1060,EXTRACORPOREAL MEMBRANE OXYGENATION
1060,ARDS
1061,COVID-19
1062,COVID-19
1062,NEUROLOGIC MANIFESTATIONS
1063,COVID-19
1063,POST-EXPOSURE PROPHYLAXIS
1064,COVID-19
1065,COVID-19
1065,HEALTHCARE WORKERS
1066,COVID-19
1067,COVID-19
1068,COVID-19
1068,COVID-19
1069,COVID-19
1070,COVID-19
1070,COVID-19
1071,COVID-19
1072,COVID-19
1073,COVID-19
1074,COVID-19
1075,COVID-19
1076,COVID-19
1076,NOSOCOMIAL INFECTION
1076,COVID-19
1077,COVID-19
1078,COVID-19
1079,COVID-19
1079,ATRIAL FIBRILLATION NEW ONSET
1080,PNEUMONIA
1080,COVID-19
1081,TYPE 1 DIABETES
1081,COVID-19
1082,COVID-19
1082,COVID-19
1082,ARDS
1082,CRITICAL ILLNESS
1083,COVID-19
1084,COVID-19
1085,COVID-19
1086,COVID-19
1087,COVID-19
1088,COVID-19
1089,COVID-19
1089,PHYSICIAN-PATIENT RELATIONS
1090,COVID-19
1091,COVID-19
1092,CANCER
1092,COVID-19
1093,COVID-19
1093,RESPIRATORY DISEASE
1094,COVID-19
1095,COVID-19
1095,COVID-19
1096,COVID-19
1097,COVID-19
1097,ONCOLOGY
1097,PROMS
1097,CHEMOTHERAPEUTIC TOXICITY
1098,COVID-19
1099,PREGNANCY
1100,COVID-19
1100,NURSING HOME
1101,COVID-19
1102,COVID-19
1103,COVID-19
1104,COVID-19
1105,MULTIPLE SCLEROSIS
1106,COVID-19
1107,COVID-19
1107,CARDIOVASCULAR RISK FACTOR
1108,COVID-19
1109,COVID-19
1110,HEALTH CARE WORKER PATIENT TRANSMISSION
1110,COVID-19
1110,COVID-19
1110,IMMUNOLOGICAL ABNORMALITY
1111,COVID-19
1112,COVID-19
1113,COVID-19
1114,COVID-19
1114,COVID-19
1115,VACCINE PREVENTABLE DISEASE
1116,ARDS
1116,COVID-19
1116,COVID-19
1116,PNEUMONIA
1117,COVID-19
1117,DYSPAREUNIA
1117,POSTPARTUM PERIOD
1118,COVID-19
1119,AIRWAY MANAGEMENT
1119,COVID-19
1120,COVID-19
1121,COVID-19
1122,COVID-19
1122,COVID-19
1122,COVID-19
1123,PARKINSON'S DISEASE
1123,FUNCTIONAL MOVEMENT DISORDERS
1123,COVID-19
1124,COVID-19
1124,COVID-19
1125,COVID-19
1126,COVID-19
1127,COVID-19
1128,COVID-19
1129,COVID-19
1129,COVID-19
1130,COVID-19
1130,PSYCHIATRIC DISORDERS
1131,COVID-19
1132,COVID-19
1133,THE PROGNOSTIC VALUE OF FERRITIN
1133,COVID-19
1134,COVID-19
1135,COVID-19
1136,COVID-19
1137,COVID-19
1137,QUALITY OF LIFE
1138,COVID-19
1139,CANCER
1139,COVID-19
1140,COVID-19
1141,CONVALESCENT PLASMA
1141,COVID-19
1141,IMMUNOGLOBULINS
1141,PLASMA
1141,EGYPT
1142,COVID-19
1142,COVID-19
1143,HEAD AND NECK CANCER
1143,COVID-19
1143,PATIENT CARE
1144,SYSTEMIC AUTOIMMUNE DISEASES
1145,COVID-19
1146,COVID-19
1147,TYPE 1 DIABETES
1147,COVID-19
1148,COVID-19
1148,CRITICAL ILLNESS
1149,COVID-19
1150,SARS
1150,SARS
1151,COVID-19
1151,PAIN
1151,MUSCLE ATROPHY
1152,COVID-19
1152,HEALTHCARE ASSOCIATED INFECTION
1153,COVID-19
1154,COVID-19
1154,KIDNEY INJURY
1155,COVID-19
1156,COVID-19
1157,COVID-19
1158,COVID-19
1159,COVID-19
1160,COVID-19
1161,COVID-19
1162,MULTIPLE SCLEROSIS
1162,COVID-19
1163,COVID-19
1164,COVID-19
1165,COVID-19
1165,ARDS
1165,COVID-19
1166,COVID-19
1166,COVID-19
1166,COVID-19
1167,COVID-19
1168,DIABETES MELLITUS
1168,COVID-19
1169,COVID-19
1169,COVID-19
1169,HYDROXYCHLOROQUINE
1169,PROPHYLAXIS
1169,HEALTHCARE WORKER
1170,COVID-19
1171,COVID-19
1172,COVID-19
1173,ANXIETY
1174,COVID-19
1175,COVID-19
1176,COVID-19
1177,COVID-19
1178,COVID-19
1179,ASYMPTOMATIC CONDITION
1179,HEALTHY
1180,COVID-19
1181,COVID-19
1182,COVID-19
1183,COVID-19
1183,PNEUMONIA
1183,SURFACTANT PROTEIN DEFICIENCY
1184,COVID-19
1184,COVID-19
1185,COVID-19
1185,COVID-19
1186,COVID-19
1187,COVID-19
1188,COVID-19
1188,DIABETE TYPE 2
1188,NON DIABETIC PATIENTS
1188,CHEST CT SCAN
1189,THROMBOSIS
1189,COVID-19
1189,COVID-19
1190,COVID-19
1191,COVID-19
1192,COVID-19
1192,TRAUMA
1192,ULTRASOUND
1193,COVID-19
1193,KIDNEY TRANSPLANTATION
1194,COVID-19
1195,MICROBIOME
1196,COVID-19
1197,COVID-19
1197,SARS
1198,COVID-19
1199,COVID-19
1200,COVID-19
1201,COVID-19
1202,COVID-19
1203,PNEUMONIA
1204,COVID-19
1205,COVID-19
1206,COVID-19
1206,AKI
1207,COVID-19
1208,COVID-19
1209,COVID-19
1209,INFLAMMATORY RHEUMATISM
1209,RHEUMATOID ARTHRITIS
1209,SPONDYLOARTHRITIS
1209,INFLAMMATORY ARTHRITIS
1210,QUALITY OF LIFE
1210,LONG-TERM OUTCOMES
1210,COVID-19
1210,MORALITY
1210,REHOSPITALIZATION
1211,COVID-19
1212,VIRAL INFECTION
1213,COVID-19
1214,COVID-19
1214,COVID-19
1215,COVID-19
1215,CANCER
1216,COVID-19
1217,COVID-19
1217,COVID-19
1218,COVID-19
1218,COVID-19
1218,COVID-19
1218,COVID-19
1219,COVID-19
1219,COVID-19
1220,COVID-19
1220,ARDS
1221,COVID-19
1222,COVID-19
1223,COVID-19
1223,COVID-19
1223,COVID-19
1224,COVID-19
1224,COVID-19
1224,INFLAMMATORY BOWEL DISEASES
1225,COVID-19
1225,COVID-19
1226,COVID-19
1227,COVID-19
1228,COVID-19
1229,ANXIETY
1229,DEPRESSION
1229,STRESS
1230,COVID-19
1231,SLEEP
1231,ATHLETE
1231,TRAINING
1231,EXERCISE
1231,COVID-19
1231,"ISOLATION, SOCIAL"
1232,COVID-19
1233,COVID-19
1234,COVID-19
1234,COVID-19
1234,COVID-19
1235,COVID-19
1236,COVID-19
1237,COVID-19
1238,COVID-19
1239,COVID-19
1240,COVID-19
1241,COVID-19
1242,COVID-19
1242,FUNCTIONAL CAPACITY
1243,COVID-19
1244,COVID-19
1245,COVID-19
1245,MYOCARDIAL INJURY
1245,MYOCARDITIS
1246,MULTIPLE SCLEROSIS
1247,STRESS
1247,ANXIETY
1247,DEPRESSION
1247,EPIDEMIC DISEASE
1247,COVID-19
1248,COVID-19
1249,HYPERTENSION
1249,COVID-19
1250,COVID-19
1251,COVID-19
1252,COVID-19
1253,COVID-19
1254,COVID-19
1255,COVID-19
1256,DIAGNOSES DISEASE
1256,COVID-19
1257,VIRUS-HIV
1257,COVID-19
1258,COVID-19
1258,COVID-19
1259,COVID-19
1259,COVID-19
1259,AMBULATORY CARE
1260,HYPERGLYCEMIA
1260,COVID-19
1261,COVID-19
1261,RAPID ANTIGEN TEST
1261,COVID-19
1262,COVID-19
1262,SURGERY--COMPLICATIONS
1262,NOSOCOMIAL INFECTION
1263,COVID-19
1264,COVID-19
1264,COVID-19
1265,COVID-19
1265,HEALTH CARE ASSOCIATED INFECTION
1265,COVID-19
1265,DEATH
1266,COVID-19
1267,COVID-19
1267,CANCER
1268,RESPIRATORY FAILURE
1268,COVID-19
1269,COVID-19
1269,RESPIRATORY FAILURE
1270,COVID-19
1270,COVID-19
1270,ARDS
1270,COVID-19
1271,COVID-19
1272,COVID-19
1273,COVID-19
1274,COVID-19
1275,COVID-19
1276,COVID-19
1276,COVID-19
1277,COVID-19
1278,COVID-19
1279,COVID-19
1280,COVID-19
1281,COVID-19
1281,COVID-19
1282,COVID-19
1282,URINE
1282,BIOMARKER
1282,RESPIRATORY FAILURE
1283,COVID-19
1283,ARDS
1283,COINFECTION
1284,COVID-19
1284,VACCINE ACCEPTABILITY
1285,COVID-19
1285,HEALTHY CONTROL
1286,COVID-19
1287,COVID-19
1288,COVID-19
1289,COVID-19
1290,COVID-19
1291,COVID-19
1292,COVID-19
1293,COVID-19
1294,COVID-19
1294,SARS
1295,COVID-19
1295,RESPIRATORY FAILURE
1296,COVID-19
1296,VITAMIN D
1296,"CHILDREN, ONLY"
1297,COVID-19
1297,COVID-19
1297,COVID-19
1298,COVID-19
1299,COVID-19
1300,COVID-19
1301,COVID-19
1301,COVID-19
1302,COVID-19
1303,COVID-19
1304,COVID-19
1304,ARDS
1305,COVID-19
1306,COVID-19
1306,ANOSMIA
1307,COVID-19
1308,COVID-19
1309,COVID-19
1309,RHEUMATOID ARTHRITIS
1310,COVID-19
1311,COVID-19
1311,RESPIRATORY FAILURE
1312,COVID-19
1313,COVID-19
1314,ONCOLOGY
1315,COVID-19
1316,VACCINATION
1316,COVID-19
1317,COVID-19
1318,COVID-19
1319,COVID-19
1320,COVID-19
1320,COVID-19
1321,CANCER
1322,DYSFUNCTIONAL WORRY
1323,COVID-19
1324,COVID-19
1325,COVID-19
1325,COVID-19
1326,COVID-19
1326,COVID-19
1326,ACUTE RESPIRATORY ILLNESSES
1327,COVID-19
1327,OLD AGE; DEBILITY
1327,"MORBIDITY, MULTIPLE"
1328,DEPRESSION
1328,"BURNOUT, PROFESSIONAL"
1328,STRESS
1329,LUNG CANCER
1329,COVID-19
1329,COVID-19
1330,COVID-19
1331,PREGNANCY RELATED
1331,COVID-19
1331,COVID-19
1332,COVID-19
1332,COVID-19
1333,COVID-19
1334,COVID-19
1334,D-DIMER
1335,COVID-19
1335,COVID-19
1336,COVID-19
1337,COVID-19
1338,COVID-19
1338,KIDNEY TRANSPLANT INFECTION
1338,"RISK FACTOR, CARDIOVASCULAR"
1338,IMMUNOSUPPRESSION
1338,"OUTCOME, FATAL"
1338,GRAFT FAILURE
1339,COVID-19
1340,COVID-19
1341,B-CELL LYMPHOMA
1341,COVID-19
1342,COVID-19
1343,"INFERTILITY, MALE"
1343,TESTOSTERONE DEFICIENCY
1344,GRIEF
1344,ANXIETY
1344,DEPRESSION
1344,SLEEP DISTURBANCE
1344,QUALITY OF LIFE
1345,COVID-19
1346,CANCER
1347,COVID-19
1348,COVID-19
1348,PNEUMONIA
1349,COVID-19
1350,COVID-19
1351,COVID-19
1351,COVID-19
1352,COVID-19
1352,PNEUMONIA
1352,COAGULATION DISORDER
1353,COVID-19
1354,COVID-19
1355,COVID-19
1356,COVID-19
1356,COVID-19
1356,RHEUMATOID ARTHRITIS
1356,SPONDYLOARTHRITIS
1356,ANKYLOSING SPONDYLITIS
1356,PSORIATIC ARTHRITIS
1357,PNEUMONIA
1357,COVID-19
1358,COVID-19
1358,COVID-19
1359,COVID-19
1360,COVID-19
1361,COVID-19
1362,COVID-19
1363,COVID-19
1363,NON ISCHEMIC MYOCARDIAL INJURY
1363,MYOCARDIAL INFARCTION
1363,MYOCARDITIS
1363,TROPONIN ELEVATION
1364,COVID-19
1365,COVID-19
1366,COVID-19
1366,AZITHROMYCIN
1366,AMBULATORY
1367,COVID-19
1368,COVID-19
1369,COVID-19
1370,VACCINE RESPONSE IMPAIRED
1370,VACCINE ADVERSE REACTION
1371,COVID-19
1372,COVID-19
1373,COVID-19
1373,COVID-19
1373,RESPIRATORY FAILURE
1373,RESPIRATORY FAILURE
1373,ARDS
1373,SARS
1374,COVID-19
1375,COVID-19
1375,COVID-19
1375,COVID-19
1376,COVID-19
1376,ARDS
1376,PNEUMONIA
1376,COMPUTED TOMOGRAPHY
1377,COVID-19
1378,COVID-19
1378,RHEUMATOID ARTHRITIS
1378,RHEUMATIC DISEASES
1379,COVID-19
1379,COVID-19
1379,VACCINE ADVERSE REACTION
1380,COVID-19
1380,PREGNANCY RELATED
1380,MATERNAL COMPLICATION OF PREGNANCY
1380,COVID-19
1380,NEONATAL INFECTION
1380,STRESS
1380,PRETERM BIRTH
1381,COVID-19
1382,COVID-19
1382,COVID-19
1383,BLOOD PLASMA THERAPY
1383,COVID-19
1384,COVID-19
1385,COVID-19
1386,COMPLICATED GRIEF
1386,INTENSIVE CARE
1386,COVID-19
1387,COVID-19
1387,CARDIOVASCULAR DISEASES
1388,COVID-19
1388,"DEPRESSION, ANXIETY"
1388,PREGNANCY RELATED
1389,COVID-19
1390,COVID-19
1391,COVID-19
1392,COVID-19
1393,COVID-19
1393,AMYOTROPHIC LATERAL SCLEROSIS
1394,COVID-19
1395,"INFLUENZA, HUMAN"
1395,SARS
1395,COVID-19
1395,ESPIRATORY TRACT INFECTIONS
1396,COVID-19
1396,CHRONIC INFLAMMATION
1396,NON-COMMUNICABLE CHRONIC DISEASES
1397,COVID-19
1398,COVID-19
1399,COVID-19
1400,COVID-19
1401,COVID-19
1402,COVID-19
1403,COVID-19
1404,"EMERGENCY SERVICE, HOSPITAL"
1404,GENERAL SURGERY
1405,COVID-19
1405,HUMAN MILK
1406,COVID-19
1406,VIRAL RESPIRATORY ILLNESSES
1407,COVID-19
1407,PULMONARY FIBROSIS
1408,COVID-19
1408,MULTISYSTEM INFLAMMATORY SYNDROME IN CHILDREN
1409,VIRAL INFECTION
1409,COMMON COLD
1409,PNEUMONIA
1409,COVID-19
1409,CORONA VIRUS DISEASE
1410,VIRAL INFECTION
1411,COVID-19
1412,COVID-19
1413,PULMONARY ALVEOLAR PROTEINOSIS
1413,COPD
1413,IDIOPATHIC PULMONARY FIBROSIS
1413,PNEUMONIA
1413,COVID-19
1413,INTERSTITIAL LUNG DISEASE
1414,COVID-19
1414,ACUTE RESPIRATORY INFECTION
1414,COVID-19
1415,COVID-19
1415,ARDS
1416,COVID-19
1417,COVID-19
1418,COVID-19
1419,COVID-19
1420,COVID-19
1421,COVID-19
1422,COVID-19
1422,COVID-19
1422,COMMUNICABLE DISEASE
1423,COVID-19
1424,INFERTILITY
1424,COVID-19
1424,IVF
1425,COVID-19
1426,COVID-19
1427,SARS
1427,ELDERLY
1428,COVID-19
1428,MYOCARDIAL INJURY
1429,COVID-19
1429,DRUG EFFECT
1429,DRUG INTERACTION
1429,RISK REDUCTION
1430,COVID-19
1430,TAILORED RECOMMENDATIONS
1430,CITIZEN SELF-REPORTED SYMPTOMS
1431,COVID-19
1432,COVID-19
1432,COVID-19
1433,COVID-19
1434,COVID-19
1434,LIVER DISEASES
1435,COVID-19
1435,ENCEPHALITIS
1436,COVID-19
1437,COVID-19
1438,COVID-19
1438,HEALTHY VOLUNTEERS
1438,CHRONIC DISEASE
1438,HEMATOLOGICAL MALIGNANCIES
1438,SOLID TUMOR
1439,COVID-19
1440,COVID-19
1440,RESPIRATORY FAILURE
1441,COVID-19
1441,VIRAL INFECTION
1441,COVID-19
1441,CORONARY HEART DISEASE
1441,CHRONIC OBSTRUCTIVE PULMONARY DISEASE
1442,COVID-19
1443,COVID-19
1444,COVID-19
1444,COVID-19
1445,COVID-19
1446,COVID-19
1446,SARS
1446,COVID-19
1447,COVID-19
1447,COVID-19
1448,COVID-19
1448,COVID-19
1448,COVID-19
1449,COVID-19
1450,COVID-19
1450,ARDS
1450,COVID-19
1450,ACUTE LUNG INJURY
1451,COVID-19
1452,COVID-19
1453,IMMUNE DEFICIENCY
1454,COVID-19
1454,COVID-19
1454,COVID-19
1455,COVID-19
1456,COVID-19
1457,COVID-19
1458,COVID-19
1459,COVID-19
1459,COVID-19
1460,COVID-19
1461,COVID-19
1461,COVID-19
1462,COVID-19
1463,COVID-19
1463,COVID-19
1464,COVID-19
1465,COVID-19
1465,COVID-19
1466,COVID-19
1467,CARDIOVASCULAR DISEASES
1467,DELIRIUM
1467,CRITICAL ILLNESS
1467,INTENSIVE CARE UNIT DELIRIUM
1467,THORACIC DISEASES
1467,RESPIRATORY FAILURE
1467,CARDIAC DISEASE
1467,CARDIAC FAILURE
1468,COVID-19
1468,RESPIRATORY FAILURE
1469,COVID-19
1469,HEALTHCARE WORKERS
1470,COVID-19
1471,COVID-19
1471,COVID-19
1472,COVID-19
1473,COVID-19
1473,COVID-19
1473,COVID-19
1474,COVID-19
1474,COVID-19
1474,COVID-19
1474,COVID-19
1475,COVID-19
1475,HEMATOPOIETIC AND LYMPHOID CELL NEOPLASM
1475,MALIGNANT SOLID NEOPLASM
1476,COVID-19
1476,ANXIETY
1477,COVID-19
1477,NOMOGRAM MODEL
1478,COVID-19
1478,COVID-19
1479,INFLUENZA
1480,HIV-INFECTION/AIDS
1480,COVID-19
1481,COVID-19
1481,COVID-19
1482,COVID-19
1483,COVID-19
1484,COVID-19
1485,COVID-19
1486,COVID-19
1487,COVID-19
1487,COVID-19
1488,COVID-19
1489,COVID-19
1490,COVID-19
1490,PREGNANCY RELATED
1491,COVID-19
1492,COVID-19
1492,COVID-19
1492,"BURNOUT, CAREGIVER"
1492,"BURNOUT, PROFESSIONAL"
1493,COVID-19
1493,COVID-19
1493,COVID-19
1494,COVID-19
1495,COVID-19
1496,COVID-19
1497,COVID-19
1498,COVID-19
1499,THERAPEUTIC PLASMA EXCHANGE
1499,COVID-19
1500,PNEUMONIA
1500,COVID-19
1501,COVID-19
1502,TRAUMA
1502,COVID-19
1503,COVID-19
1503,COVID-19
1504,COVID-19
1505,COVID-19
1505,VIRAL INFECTION
1505,VIRAL INFECTION
1506,COVID-19
1507,COVID-19
1508,COVID-19
1509,COVID-19
1510,COVID-19
1510,ANOSMIA
1511,COVID-19
1511,VITAMIN D DEFICIENCY
1512,COVID-19
1513,COVID-19
1514,COVID-19
1515,COVID-19
1515,PNEUMONIA
1515,THROMBOSIS
1515,THROMBOEMBOLISM
1515,ANTICOAGULANTS; INCREASED
1515,ARDS
1516,SARS
1517,COVID-19
1518,COVID-19
1519,COVID-19
1520,COVID-19
1520,COVID-19
1521,COVID-19
1522,COVID-19
1522,COVID-19
1522,CHRONIC KIDNEY DISEASES
1523,COVID-19
1524,COVID-19
1524,RESPIRATORY FAILURE
1525,COVID-19
1525,IMMUNE DEFICIENCY
1525,TONSILLITIS
1525,TONSIL HYPERTROPHY
1525,ADENOIDITIS
1525,ADENOID HYPERTROPHY
1526,DIARRHEA
1526,COVID-19
1527,COVID-19
1528,COVID-19
1528,COVID-19
1529,COVID-19
1530,COVID-19
1530,HEALTHCARE WORKERS
1530,VACCINE
1531,COVID-19
1531,THROMBOSIS EMBOLISM
1531,DVT
1531,PULMONARY EMBOLISM
1531,MYOCARDIAL INFARCTION
1531,STROKE
1532,CRITICAL ILLNESS
1532,COVID-19
1532,CENTRAL NERVOUS SYSTEM INJURY
1532,DELIRIUM
1532,ENCEPHALOPATHY
1533,COVID-19
1533,HERBAL MEDICINE
1534,COVID-19
1535,COVID-19
1535,COVID-19
1536,COVID-19
1537,COVID-19
1537,POPULATION AT RISK
1537,ARDS
1538,COVID-19
1539,COVID-19
1540,COVID-19
1540,SARS
1541,COVID-19
1541,MECHANICAL VENTILATION
1541,QUALITY OF LIFE
1541,RADIOLOGIC INCREASED DENSITY OF LUNG
1541,SEDATION
1541,COMPLICATION OF TREATMENT
1542,COVID-19
1543,COVID-19
1544,COVID-19
1545,COVID-19
1545,RESPIRATORY FAILURE
1545,TRIAGE
1545,LUNG ULTRASOUND
1545,CT SCAN
1546,COVID-19
1547,COVID-19
1548,COVID-19
1548,CANCER
1548,TUMOR
1549,COVID-19
1549,AKI
1550,COVID-19
1551,PSYCHOLOGICAL WELLBEING
1552,COVID-19
1553,END STAGE RENAL DISEASE
1553,COVID-19
1554,COVID-19
1555,COVID-19
1556,COVID-19
1557,COVID-19
1558,COVID-19
1558,COVID-19
1559,COVID-19
1560,"DIAGNOSTIC TEST, ROUTINE"
1560,COVID-19
1560,DIAGNOSES DISEASE
1560,COVID-19
1561,VIRAL INFECTION
1561,COVID-19
1562,COVID-19
1562,COVID-19
1563,COVID-19
1564,COVID-19
1565,COVID-19
1566,COVID-19
1567,COVID-19
1567,CHILBLAINS
1568,COVID-19
1569,COVID-19
1570,COVID-19
1571,COVID-19
1572,LIVER INJURY
1573,COVID-19
1574,COVID-19
1574,MYOCARDIAL INJURY
1574,CARDIOVASCULAR DISEASES
1574,HEART FAILURE
1574,CARDIOVASCULAR MORBIDITY
1575,COVID-19
1576,COVID-19
1576,ALLIED HEALTH PROFESSIONALS
1576,PRIMARY CARE
1576,RETROSPECTIVE COHORT
1576,PROMS
1576,PERFORMANCE MEASURES
1576,PROSPECTIVE COHORT
1576,NATIONAL DUTCH PROGRAM
1577,OROPHARYNGEAL DYSPHAGIA
1577,COVID-19
1577,COVID-19
1577,NUTRITION
1578,COVID-19
1579,FOOD INSECURITY
1580,COVID-19
1580,COVID-19
1581,COVID-19
1581,IMMUNODEFICIENCY
1582,COVID-19
1583,COVID-19
1584,COVID-19
1585,FIBROMYALGIA
1585,COVID-19
1585,COVID-19
1585,DAILY LIFE
1585,SLEEP QUALITY
1585,ANXIETY DEPRESSION
1586,COVID-19
1587,COVID-19
1588,COVID-19
1589,SPERM PRESERVATION IN ONCOLOGICAL PATIENTS
1589,FERTILITY
1589,CRYOPRESERVATION
1590,SUSCEPTIBILITY TO VIRAL AND MYCOBACTERIAL INFECTION
1591,COVID-19
1592,COVID-19
1593,DIALYSIS
1593,COVID-19
1594,COVID-19
1594,COVID-19
1595,COVID-19
1596,COVID-19
1596,COVID-19
1596,COVID-19
1597,COVID-19
1598,COVID-19
1598,COVID-19
1598,COVID-19
1598,DYSPNEA
1599,COVID-19
1600,COVID-19
1601,COVID-19
1602,ANOSMIA
1602,COVID-19
1602,DYSGEUSIA
1603,COVID-19
1604,COVID-19
1605,COVID-19
1606,COVID-19
1607,COVID-19
1607,COVID-19
1608,COVID-19
1609,COVID-19
1610,COVID-19
1610,COVID-19
1611,PREGNANCY COMPLICATIONS
1611,COVID-19
1612,COVID-19
1612,ARDS
1613,COVID-19
1613,COGNITIVE IMPAIRMENT
1614,COVID-19
1615,COVID-19
1616,ARDS
1616,COVID-19
1616,ACUTE LUNG INJURY
1616,FEVER
1616,MYALGIA
1616,COUGH
1616,DYSPNEA
1616,SEPTIC SHOCK
1616,BLEEDING
1617,COVID-19
1618,COVID-19
1619,COVID-19
1620,COVID-19
1621,COVID-19
1622,COVID-19
1623,COVID-19
1624,COVID-19
1625,COVID-19
1626,COVID-19
1627,COVID-19
1628,COVID-19
1629,COVID-19
1630,COVID-19
1631,COVID-19
1632,COVID-19
1633,COVID-19
1634,COVID-19
1634,VACCINE REFUSAL
1634,COMMUNICATION
1635,ASTHMA CHRONIC
1635,BRONCHIAL ASTHMA
1636,COVID-19
1636,COVID-19
1637,COVID-19
1638,COVID-19
1639,COVID-19
1640,COVID-19
1640,GERIATRIC MEDICINE
1640,SEROCONVERSION
1640,IMMUNOSENESCENCE
1641,COVID-19
1642,COVID-19
1643,COVID-19
1643,COVID-19
1644,COVID-19
1645,COVID-19
1646,COVID-19
1646,COVID-19
1646,SARS
1646,COVID-19
1647,COVID-19
1647,COVID-19
1648,COVID-19
1649,COVID-19
1650,COVID-19
1651,COVID-19
1652,COVID-19
1653,COVID-19
1654,VACCINATION REFUSAL
1654,COVID-19
1654,CONTRACEPTION BEHAVIOR
1654,HEART DISEASES
1655,COVID-19
1656,COVID-19
1657,COVID-19
1658,COVID-19
1659,COVID-19
1660,COVID-19
1661,COVID-19
1662,COVID-19
1663,COVID-19
1664,COVID-19
1665,COVID-19
1666,COVID-19
1667,PATIENT HOSPITALIZED IN DISEASE INFECTIOUS UNIT
1667,PATIENT HOSPITALIZED IN INTENSIVE REANIMATION UNIT
1667,PATIENT HOPSITALIZED IN INTERNAL MEDICINE UNIT
1668,COVID-19
1669,COVID-19
1670,COVID-19
1670,HYPOXIA
1671,COVID-19
1672,COVID-19
1672,COVID-19
1673,ECONOMIC BURDEN
1674,COVID-19
1675,COVID-19
1675,CHRONIC LIVER DISEASE
1676,COVID-19
1676,VENOUS THROMBOEMBOLISM
1676,ARTERIAL THROMBOSIS
1677,COVID-19
1678,COVID-19
1679,COVID-19
1680,COVID-19
1681,COVID-19
1681,COVID-19
1681,COVID-19
1682,COVID-19
1683,COVID-19
1684,COVID-19
1685,COVID-19
1686,COVID-19
1687,COVID-19
1688,COVID-19
1689,COVID-19
1690,MULTIPLE SCLEROSIS
1690,COVID-19
1691,COVID-19
1692,COVID-19
1692,PNEUMONIA
1693,COVID-19
1694,COVID-19
1694,DEATH
1694,VIRAL INFECTION
1694,"INFECTIONS, RESPIRATORY"
1694,COVID-19
1694,ELDERLY INFECTION
1694,OLD AGE; DEMENTIA
1694,EPIDEMIC DISEASE
1695,COVID-19
1696,COVID-19
1697,COVID-19
1698,AGE RELATED MACULAR DEGENERATION
1698,DIABETIC MACULAR EDEMA
1698,RETINAL VEIN OCCLUSION
1699,COVID-19
1700,COVID-19
1700,COVID-19
1700,COVID-19
1701,COVID-19
1701,INFLUENZA
1702,COVID-19
1702,CARDIOVASCULAR DISEASES
1703,COVID-19
1704,COVID-19
1705,COVID-19
1706,POST INTENSIVE CARE UNIT SYNDROME
1706,COVID-19
1707,"INFERTILITY, MALE"
1708,COVID-19
1709,COVID-19
1710,NEUROLOGIC COMPLICATION
1711,COVID-19
1712,COVID-19
1713,COVID-19
1714,COVID-19
1715,COVID-19
1716,COVID-19
1716,COVID-19
1717,COVID-19
1717,IMMUNOMEDIATED INFLAMMATORY DISEASE IN TREATMENT WITH BIOLOGICAL AGENTS AND / OR JAK INHIBITORS
1718,COVID-19
1719,COVID-19
1720,COVID-19
1721,COVID-19
1722,COVID-19
1723,ARDS
1723,COVID-19
1724,COVID-19
1724,RESPIRATORY FAILURE
1725,COVID-19
1725,COVID-19
1726,COVID-19
1726,STRESS
1727,COVID-19
1728,COVID-19
1729,MINDFULNESS
1729,COVID-19
1729,HEALTHCARE WORKER
1730,COVID-19
1731,COVID-19
1732,COVID-19
1733,THALASSEMIA MAJOR
1733,COVID-19
1734,COVID-19
1735,COVID-19
1735,SYSTEMIC AUTOIMMUNE DISEASE
1735,INFLAMMATORY RHEUMATISM
1735,AUTO INFLAMMATORY DISEASES
1736,DYSPHAGIA
1736,COVID-19
1737,COVID-19
1738,MYASTHENIA GRAVIS
1739,ISOTRETINOIN ADVERSE REACTION
1739,COVID-19
1740,VITAMIN D DEFICIENCY
1740,COVID-19
1741,CHRONIC PAIN
1742,COVID-19
1743,COVID-19
1743,COVID-19
1743,PATHOLOGY
1743,INTENSIVE CARE UNITS
1743,RESPIRATORY FAILURE
1744,COVID-19
1745,COVID-19
1745,COVID-19
1746,LIVER DISEASES
1746,COVID-19
1747,COVID-19
1747,SARS
1747,STRESS
1748,COVID-19
1749,COVID-19
1750,IVERMECTIN
1750,HYDROXYCHLOROQUINE
1750,COVID-19
1751,INFLAMMATORY BOWEL DISEASE
1752,COVID-19
1752,COVID-19
1753,COVID-19
1754,COVID-19
1754,CYTOKINE STORM
1755,COVID-19
1756,COVID-19
1757,COVID-19
1757,COVID-19
1758,COVID-19
1759,COVID-19
1760,COVID-19
1761,COVID-19
1761,CYTOKINE STORM
1761,MENTAL DISORDER
1762,COVID-19
1763,PROPHYLAXIS
1763,COVID-19
1763,HEALTH CARE WORKER
1763,HYDROXYCHLOROQUINE
1764,COVID-19
1765,COVID-19
1766,COVID-19
1766,THERMOTHERAPY
1767,COVID-19
1767,STRESS
1767,ANXIETY
1767,DEPRESSION
1768,COVID-19
1769,VIRAL INFECTION
1769,"INFECTION, HOSPITAL"
1769,COVID-19
1770,COVID-19
1770,COVID-19
1771,SURGERY
1771,COVID-19
1771,ASYMPTOMATIC PATIENT
1771,COVID-19
1771,PREVENTIVE MEASURES
1772,COVID-19
1773,COVID-19
1774,COVID-19
1775,COVID-19
1775,COVID-19
1775,PREGNANT WOMEN
1775,HYDROXYCHLOROQUINE
1776,COVID-19
1777,COVID-19
1777,COVID-19
1778,PREGNANCY
1778,COVID-19
1778,LABOR (OBSTETRICS)--COMPLICATIONS
1778,DEMOGRAPHY
1779,COVID-19
1779,DIABETES
1780,COVID-19
1781,ENDOPHTHALMITIS AND ORBITAL CELLULITIS
1782,COVID-19
1782,LUNG INFLAMMATION
1782,RESPIRATORY FAILURE
1783,COVID-19
1784,RESPIRATORY FAILURE
1785,COVID-19
1786,COVID-19
1786,COVID-19
1786,CANCER
1786,SURGERY
1787,COVID-19
1787,ANOSMIA
1787,FEVER
1787,COUGH
1787,SHORTNESS OF BREATH
1787,SORE THROAT
1787,NAUSEA
1787,VOMITING
1787,HEADACHE
1787,MUSCLE WEAKNESS
1787,"PAIN, MUSCLE"
1787,"PAIN, CHEST"
1787,"PAIN, JOINT"
1787,"PAIN, ABDOMINAL"
1787,PAIN
1787,IRRITABLE MOOD
1787,CONFUSION
1788,COVID-19
1789,COVID-19
1789,COVID-19
1790,COVID-19
1790,APPENDICITIS
1791,COVID-19
1791,THYMIC HYPOPLASIA
1792,COVID-19
1792,"OBESITY, CHILDHOOD"
1792,LIFESTYLE
1792,"LIFESTYLE, HEALTHY"
1792,"OVERWEIGHT, CHILDHOOD"
1792,"CHILDREN, ONLY"
1792,FAMILY
1793,COVID-19
1794,COVID-19
1795,ARDS
1795,ARDS
1795,COVID-19
1795,ENDOTHELIAL DYSFUNCTION
1795,PULMONARY EDEMA
1796,COVID-19
1796,COVID-19
1797,COVID-19
1798,EPIDEMIOLOGY
1798,CLINICAL
1798,NUTRITIONAL-STATUS
1798,IMMUNOLOGIC DEFECT
1799,COVID-19
1800,COVID-19
1801,COVID-19
1802,COVID-19
1803,COVID-19
1804,COVID-19
1805,DEEP VENOUS THROMBOSIS
1806,COVID-19
1807,COVID-19
1808,COVID-19
1809,COVID-19
1809,SEXUAL FUNCTION AND FERTILITY DISORDERS
1809,URINARY FUNCTION DISORDERS
1809,URINE
1809,SEMEN
1810,COVID-19
1811,COVID-19
1811,COVID-19
1812,COVID-19
1813,COVID-19
1814,PSORIASIS
1814,COVID-19
1815,COVID-19
1816,COVID-19
1817,COVID-19
1818,SARS
1818,RESEARCH THE PRESENCE OF VIRUSES AT DIFFERENT SITES OF THE MOTHER AND THE FETUS OR FATHER
1818,THE SURVEY BUILDS ON A NETWORK WORK ALREADY ORGANIZED AROUND THE CPDPN OF POITOU-CHARENTES
1818,ANALYSIS LABORATORIES OF THE POITIERS CHU
1819,COVID-19
1820,COVID-19
1820,RESPIRATORY FAILURE
1821,COVID-19
1821,ORGAN DYSFUNCTION SYNDROME SEPSIS
1821,"ORGAN DYSFUNCTION SYNDROME, MULTIPLE"
1821,SEPTIC SHOCK
1821,ACUTE KIDNEY INJURY
1821,ARDS
1822,COVID-19
1822,HEALTHCARE WORKER PATIENT TRANSMISSION
1823,COVID-19
1824,COVID-19
1825,TRANSGENDER PERSONS
1825,COVID-19
1825,COVID-19
1825,COVID-19
1825,COVID-19
1826,COVID-19
1827,COVID-19
1828,COVID-19
1829,COVID-19
1829,COVID-19
1830,COVID-19
1831,COVID-19
1831,COVID-19
1832,COVID-19
1832,FERTILITY ISSUES
1832,ART
1833,COVID-19
1833,CRITICAL ILLNESS
1834,COVID-19
1835,COVID-19
1835,ENDOSCOPY UNIT
1836,COVID-19
1836,HIV
1837,COVID-19
1837,COVID-19
1837,PNEUMONIA
1837,SARS
1837,SARS
1838,COVID-19
1839,COVID-19
1839,RESPIRATORY ILLNESS
1839,COVID-19
1839,COVID-19
1840,COVID-19
1840,COVID-19
1841,COVID-19
1842,ADVERSE REACTION TO VACCINE
1842,COVID-19
1843,VIRAL INFECTION
1844,COVID-19
1845,COVID-19
1846,COVID-19
1847,COVID-19
1848,COVID-19
1849,COVID-19
1849,COVID-19
1849,COVID-19
1850,COVID-19
1850,ANAKINRA TREATMENT
1850,OPTIMIZED STANDARD OF CARE (OSOC)
1851,COVID-19
1852,COVID-19
1853,COVID-19
1854,COVID-19
1855,COVID-19
1856,MENTAL HEALTH
1856,QUALITY OF LIFE
1857,COVID-19
1858,COVID-19
1858,SARS
1859,COVID-19
1860,COVID-19
1860,COVID-19
1860,COVID-19
1861,CPAP VENTILATION
1861,COVID-19
1861,EMERGENCY DEPARTMENTS
1862,COVID-19
1863,COVID-19
1863,ASPERGILLOSIS
1863,FUNGAL INFECTION
1864,COVID-19
1865,COVID-19
1866,GENERAL SURGERY
1866,DISEASE OUTBREAKS
1867,COVID-19
1868,COVID-19
1869,COVID-19
1870,COVID-19
1871,COVID-19
1871,ASYMPTOMATIC PREGNANT
1872,COVID-19
1873,COVID-19
1874,COVID-19
1875,PNEUMONIA
1876,COVID-19
1876,LYMPHOCYTOPENIA
1877,COVID-19
1877,LYMPHOCYTOPENIA
1878,COVID-19
1879,COVID-19
1880,COVID-19
1880,BRONCHIECTASIS
1881,COVID-19
1881,PREECLAMPSIA
1881,PREGNANCY RELATED
1882,COVID-19
1883,COVID-19
1883,COVID-19
1884,COVID-19
1884,CNS DISEASE
1884,CNS INFECTION
1885,COVID-19
1886,KIDNEY TRANSPLANT
1886,PANCREATIC TRANSPLAT
1886,PANCREATIC ISLETS LANGERHANS
1887,COVID-19
1887,STATIN
1887,CARDIOVASCULAR DISEASES
1888,COVID-19
1889,COVID-19
1890,COVID-19
1890,OBSTETRIC COMPLICATION
1890,COVID-19
1890,PRETERM BIRTH
1890,MISCARRIAGE
1890,PLACENTA DISEASES
1891,COVID-19
1891,IMMUNITY
1891,VACCINE
1892,COVID-19
1893,COVID-19
1894,COVID-19
1895,COVID-19
1895,COVID-19
1896,COVID-19
1897,COVID-19
1897,EMERGENCY GENERAL SURGERY
1898,COVID-19
1899,COVID-19
1899,ISCHEMIA
1900,COVID-19
1901,COVID-19
1901,COVID-19
1902,COVID-19
1903,COVID-19
1904,COVID-19
1905,COVID-19
1906,COVID-19
1907,COVID-19
1908,COVID-19
1909,COVID-19
1910,COVID-19
1911,COVID-19
1911,MOUTHWASH
1911,SALIVA
1912,COVID-19
1912,RESPIRATORY FAILURE
1912,TELMISARTAN
1912,RESPIRATORY FAILURE
1913,COVID-19
1913,COVID-19
1913,COVID-19
1914,COVID-19
1915,COVID-19
1915,COVID-19
1915,OLFACTORY DISORDER
1915,ANOSMIA
1916,COVID-19
1916,COVID-19
1917,COVID-19
1918,COVID-19
1918,INFLUENZA VACCINATION
1918,ACE INHIBITORS
1918,ARB
1919,COVID-19
1919,SARS
1920,HYDROXYCHLOROQUINE
1920,ANTIMALARIALS
1920,ENZYME INHIBITORS
1920,ANTIRHEUMATIC AGENTS
1921,COVID-19
1921,COVID-19
1922,DELIVERY; TRAUMA
1922,COVID-19
1923,COVID-19
1924,COVID-19
1924,COVID-19
1925,COVID-19
1925,COVID-19
1926,COVID-19
1926,THERAPEUTIC VACCINE
1926,BCG
1926,COVID-19
1926,TRANSMISSION
1927,COVID-19
1928,COVID-19
1928,LYMPHOCYTOPENIA
1929,COVID-19
1930,COVID-19
1931,COVID-19
1931,SURGERY--COMPLICATIONS
1932,COVID-19
1932,COVID-19
1932,COVID-19
1933,COVID-19
1933,LYMPHOCYTOPENIA
1934,COVID-19
1935,"HEMATOLOGIC DISORDERS AND BONE MARROW FAILURE, HEMATOPOIETIC STEM CELL TRANSPLANTATION (HSCT) OR CELLULAR THERAPY (CART)"
1936,COLO-RECTAL CANCER
1937,COVID-19
1937,COVID-19
1938,COVID-19
1939,HEALTHY
1939,IMMUNIZATION; INFECTION
1940,COVID-19
1941,COVID-19
1941,COVID-19
1941,VACCINE ADVERSE REACTION
1942,ARDS
1942,COVID-19
1943,COVID-19
1944,COVID-19
1944,COVID-19
1945,COVID-19
1945,COVID-19
1945,VIRAL INFECTION
1946,BEHCET DISEASE
1946,COVID-19
1946,FMF
1947,COVID-19
1947,PROPHYLAXIS
1948,COVID-19
1949,MORALS
1950,COVID-19
1950,ARDS
1950,COVID-19
1951,COVID-19
1952,COVID-19
1953,COVID-19
1954,COVID-19
1955,COVID-19
1956,COVID-19
1957,COVID-19
1958,PNEUMONIA
1958,COVID-19
1959,INFECTIOUS
1960,COVID-19
1961,COVID-19
1961,COVID-19
1961,VIRAL INFECTION
1962,PRIMARY IMMUNE DEFICIENCY
1962,COVID-19
1963,"INFECTIONS, RESPIRATORY"
1963,RESPIRATORY PHYSIOLOGY
1963,RESPIRATORY MUSCLE
1963,SYMPTOMS AND GENERAL PATHOLOGY
1964,MYOCARDIAL INFARCTION
1965,NEUROENDOCRINE TUMORS
1965,COVID-19
1966,COVID-19
1967,CARDIAC SURGERY
1967,COVID-19
1968,COVID-19
1969,COVID-19
1970,RESPIRATORY TRACT INFECTIONS
1970,COVID-19
1971,COVID-19
1971,COVID-19
1972,COVID-19
1972,RHEUMATIC DISEASES
1972,RHEUMATOID ARTHRITIS
1972,SLE
1973,COVID-19
1973,COVID-19
1974,COVID-19
1974,COVID-19
1975,COVID-19
1976,COVID-19
1977,COVID-19
1978,COVID-19
1978,COVID-19
1978,VIRUS DISEASE
1978,ACUTE RESPIRATORY INFECTION
1978,COVID-19
1979,COVID-19
1980,COVID-19
1981,COVID-19
1981,VIRAL RESPIRATORY ILLNESSES
1982,COVID-19
1983,COVID-19
1984,COVID-19
1984,COVID-19
1984,COVID-19
1985,COVID-19
1986,MULTIPLE SCLEROSIS
1986,COVID-19
1987,COVID-19
1987,CANCER
1987,HIV INFECTIONS
1988,COVID-19
1988,COVID-19
1989,COVID-19
1989,COVID-19
1990,STRESS
1990,HEMOSTATIC DISORDER
1991,COVID-19
1991,COVID-19
1992,COVID-19
1992,COVID-19
1992,ARDS
1992,IMMUNE SYSTEM DISORDER
1993,COVID-19
1994,COVID-19
1995,CLL
1995,MULTIPLE MYELOMA
1995,LYMPHOMA
1996,COVID-19
1997,COVID-19
1998,COVID-19
1998,CRITICAL ILLNESS
1998,HEMODYNAMICS
1998,COVID-19
1999,EMERGENCIES
2000,COVID-19
2001,COVID-19
2002,COVID-19
2003,COVID-19
2004,COVID-19
2005,HEALTHCARE WORKERS
2005,COVID-19
2006,COVID-19
2006,ARDS
2007,MECHANICAL VENTILATION COMPLICATION
2008,COVID-19
2009,COVID-19
2010,COVID-19
2011,COVID-19
2011,BREASTFEEDING
2011,VACCINE EXPOSURE VIA BREAST MILK
2012,COVID-19
2013,COVID-19
2014,COVID-19
2014,COVID-19
2014,COVID-19
2014,COVID-19
2014,COVID-19
2014,COVID-19
2014,COVID-19
2014,COVID-19
2015,CYTOKINE RELEASE SYNDROME
2015,COVID-19
2016,COVID-19
2017,COVID-19
2017,IMMUNE SUPPRESSION
2017,HIV-1-INFECTION
2018,COVID-19
2019,COVID-19
2019,CHRONIC KIDNEY DISEASES
2020,COVID-19
2021,COVID-19
2021,COVID-19
2022,COVID-19
2023,COVID-19
2023,SHOCK
2024,COGNITION
2024,COVID-19
2025,T CELL DEFICIENCY
2026,COVID-19
2027,COVID-19
2028,ULTRASONOGRAPHY
2028,LUNG DISEASES
2028,SURGICAL PROCEDURE
2028,COVID-19
2028,COVID-19
2029,COVID-19
2030,COVID-19
2031,COVID-19
2032,COVID-19
2033,MULTIPLE MYELOMA
2033,WALDENSTROM MACROGLOBULINEMIA
2033,IMMUNE SYSTEM DISORDER
2033,COVID-19
2034,COVID-19
2035,KIDNEY TRANSPLANTATION
2036,COVID-19
2036,COVID-19
2037,COVID-19
2038,COVID-19
2039,PREGNANCY RELATED
2039,COVID-19
2039,INTESTINAL ATRESIA
2039,LIMB ANOMALY
2040,COVID-19
2040,COVID-19
2041,COVID-19
2041,VACCINE REFUSAL
2042,COVID-19
2043,COVID-19
2044,COVID-19
2045,COVID-19
2046,COVID-19
2047,COVID-19
2048,COVID-19
2049,COVID-19
2049,COVID-19
2050,COVID-19
2051,COVID-19
2052,COVID-19
2052,EXTRACORPOREAL MEMBRANE OXYGENATION COMPLICATION
2052,ARDS
2053,COVID-19
2054,COVID-19
2054,INVASIVE MALIGNANCY (ANY TYPE)
2055,CAREGIVERS
2055,COVID-19
2056,COVID-19
2056,ARDS
2057,COVID-19
2057,NEUROLOGICAL MANIFESTATIONS
2057,BRAIN DAMAGE
2058,COVID-19
2059,COVID-19
2059,HEALTH BEHAVIOR
2060,COVID-19
2061,COVID-19
2062,NURSE'S ROLE
2062,INFECTION
2063,COVID-19
2064,PEDIATRIC CANCER
2064,IMMUNE SYSTEM DISORDER
2064,COVID-19
2064,HEMOGLOBINOPATHIES
2065,COVID-19
2065,COVID-19
2066,COVID-19
2067,"EVENT, LIFE CHANGE"
2068,COVID-19
2068,MUSCLE LOSS
2068,MITOCHONDRIAL ALTERATION
2069,COVID-19
2070,COVID-19
2071,COVID-19
2072,COVID-19
2072,COVID-19
2073,COVID-19
2074,COVID-19
2074,CRITICAL ILLNESS
2074,CHARACTERISTICS DISEASE
2075,COVID-19
2076,COVID-19
2077,COVID-19
2078,COVID-19
2079,COVID-19
2080,PNEUMONIA
2081,COVID-19
2081,SAR
2082,COVID-19
2083,PHARMACOLOGICAL ACTION
2084,COVID-19
2085,GYNECOLOGICAL CANCER
2086,COVID-19
2087,COVID-19
2087,NEONATAL DISEASE
2087,HEALTHY
2088,COVID-19
2089,COVID-19
2089,DYSPNEA
2090,COVID-19
2090,ANXIETY
2090,DEPRESSION
2091,COVID-19
2092,COVID-19
2092,DYSPNEA
2093,COVID-19
2094,COVID-19
2094,COVID-19
2095,COVID-19
2096,COVID-19
2097,ASTHMA
2097,COVID-19
2098,DIABETES
2098,COVID-19
2098,"ISOLATION, SOCIAL"
2099,COVID-19
2100,CHILD DEVELOPMENT
2100,PRENATAL INFECTION
2100,STRESS
2100,COVID-19
2101,COVID-19
2102,COVID-19
2103,COVID-19
2103,COVID-19
2103,CANCER
2104,COVID-19
2104,ARDS
2104,ALI
2105,COVID-19
2106,COVID-19
2107,COVID-19
2108,COVID-19
2109,COVID-19
2110,COVID-19
2111,COVID-19
2112,COVID-19
2113,COVID-19
2114,COVID-19
2114,RESPIRATORY TRACT INFECTIONS
2115,COVID-19
2115,MECHANICAL VENTILATION
2115,RESPIRATORY FAILURE
2116,COVID-19
2117,COVID-19
2118,COVID-19
2118,COVID-19
2119,RHEUMATIC DISEASES
2119,COVID-19
2120,COVID-19
2120,CRITICALLY ILL
2121,COVID-19
2122,COVID-19
2123,COVID-19
2123,DRUG EFFECT
2123,DRUG INTERACTION
2123,ADVERSE DRUG EVENT
2124,COVID-19
2125,COVID-19
2125,COVID-19
2126,COVID-19
2127,COVID-19
2127,ECHOCARDIOGRAPHY
2128,COVID-19
2129,COVID-19
2130,COVID-19
2130,COVID-19
2130,ANDROGENETIC ALOPECIA
2130,PROSTATE CANCER
2130,BENIGN PROSTATIC HYPERPLASIA
2130,SARS
2131,COVID-19
2131,COVID-19
2132,COVID-19
2133,COVID-19
2134,COVID-19
2135,COVID-19
2135,STRESS
2136,COVID-19
2137,COVID-19
2138,COVID-19
2138,HEMATOLOGICAL MALIGNANCIES
2139,COVID-19
2139,COVID-19
2139,CYTOKINE STORM
2139,VITAMIN D DEFICIENCY
2140,COVID-19
2140,COVID-19
2141,COVID-19
2142,COVID-19
2143,COVID-19
2144,COVID-19
2145,COVID-19
2146,COVID-19
2146,COVID-19
2147,COVID-19
2147,COVID-19
2148,COVID-19
2149,PSYCHIATRIC DISORDER
2149,COVID-19
2150,COVID-19
2151,COVID-19
2151,COVID-19
2151,COVID-19
2151,COVID-19
2152,COVID-19
2153,COVID-19
2153,COVID-19
2153,COVID-19
2154,COVID-19
2154,COVID-19
2154,PNEUMONIA
2154,COVID-19
2154,INFECTION
2155,COVID-19
2156,COVID-19
2157,COVID-19
2158,COVID-19
2159,COVID-19
2160,PULMONARY COMPLICATIONS IN SURGICAL PATIENTS
2160,COVID-19
2160,SARS
2161,COVID-19
2162,COVID-19
2163,COVID-19
2164,COVID-19
2165,COVID-19
2166,COVID-19
2167,MULTIPLE SCLEROSIS
2167,NMO SPECTRUM DISORDER
2167,COVID-19
2168,COVID-19
2169,COVID-19
2169,COVID-19
2170,COVID-19
2171,COVID-19
2172,COVID-19
2172,SYSTEMIC LUPUS ERYTHEMATOSUS
2172,SJOGREN'S SYNDROME
2172,AXIAL SPONDYLOARTHRITIS
2172,RHEUMATOID ARTHRITIS
2172,GIANT CELL ARTERITIS
2173,COVID-19
2174,COVID-19
2174,PNEUMONIA
2174,MECHANICAL VENTILATION
2175,COVID-19
2175,COVID-19
2176,COVID-19
2176,DECISION MAKING
2177,ONCOLOGY
2178,COVID-19
2179,COVID-19
2180,COVID-19
2181,ACUPUNCTURE
2181,COVID-19
2182,COVID-19
2183,COVID-19
2183,COVID-19
2184,KIDNEY TRANSPLANT
2184,PANCREAS TRANPLANT
2184,PANCREATIC ISLET TRANSPLANTATION
2185,COVID-19
2186,COVID-19
2187,COVID-19
2187,COVID-19
2187,CYTOKINE STORM
2188,COVID-19
2188,CORTICOSTEROIDS
2189,COVID-19
2190,COVID-19
2190,MOTILITY DISORDER
2190,BALANCE
2191,COVID-19
2192,COVID-19
2193,COVID-19
2194,TRANSPLANTATION
2195,SARS
2196,COVID-19
2196,COVID-19
2196,COVID-19
2197,COVID-19
2197,COVID-19
2197,COVID-19
2197,COVID-19
2198,COVID-19
2199,COST OF ICU
2200,COVID-19
2201,CANCER
2201,COVID-19
2202,COVID-19
2202,POST INTENSIVE CARE UNIT SYNDROME
2203,COVID-19
2204,COVID-19
2205,COVID-19
2205,PREGNANCY RELATED
2205,ANTIBODY RESPONSE
2206,COVID-19
2207,PET/CT
2207,COVID-19
2207,RESPIRATORY FUNCTION
2207,INFLAMMATORY LESIONS
2208,COVID-19
2208,COVID-19
2209,COVID-19
2210,COVID-19
2211,COVID-19
2212,COVID-19
2212,PNEUMONIA
2213,COVID-19
2213,CYTOKINE RELEASE SYNDROME
2214,COVID-19
2214,SARS
2215,COVID-19
2215,COVID-19
2215,EXERCISE THERAPY
2216,COVID-19
2217,HEALTH CARE WORKERS
2218,COVID-19
2219,COVID-19
2219,COVID-19
2220,VITAMIN C
2220,COVID-19
2220,HOSPITALIZED PATIENTS
2221,COVID-19
2222,COVID-19
2223,COVID-19
2224,COVID-19
2225,COVID-19
2225,CHRONIC KIDNEY DISEASE 5D
2226,COVID-19
2227,COVID-19
2228,COVID-19
2228,ETHICS
2229,ARDS
2229,COVID-19
2229,PNEUMONIA
2230,COVID-19
2231,COVID-19
2232,COVID-19
2233,COVID-19
2234,COVID-19
2234,PNEUMONIA
2234,PULMONARY INFECTION
2235,COVID-19
2236,COVID-19
2237,COVID-19
2238,COVID-19
2239,COVID-19
2240,COVID-19
2241,COVID-19
2242,CANCER
2243,COVID-19
2243,COVID-19
2244,COVID-19
2245,DEPRESSION
2245,ANXIETY
2245,BIPOLAR DISORDER
2246,PNEUMONIA
2247,COVID-19
2247,VENOUS THROMBOEMBOLISM
2247,PULMONARY EMBOLISM
2247,DEEP VEIN THROMBOSIS
2247,COVID-19
2248,COVID-19
2249,ARDS
2249,COVID-19
2250,BREAST CANCER
2250,COLORECTAL CANCER
2250,COVID-19
2251,COVID-19
2252,COVID-19
2252,INFECTION
2253,COVID-19
2254,COVID-19
2255,COVID-19
2255,RESPIRATORY FAILURE
2256,COVID-19
2257,COVID-19
2258,COVID-19
2259,PERINATAL ANXIETY
2259,COVID-19
2260,COVID-19
2261,COVID-19
2261,COVID-19
2262,COVID-19
2263,MENTAL HEALTH WELLNESS 1
2263,PANDEMIC
2264,COVID-19
2265,COVID-19
2266,COVID-19
2266,ARDS
2267,COVID-19
2268,COVID-19
2269,COVID-19
2270,COVID-19
2271,COVID-19
2271,RT-DDPCR MULTIPLEX
2272,CHRONIC LIVER DISEASE
2273,COVID-19
2274,IMMUNE THROMBOCYTOPENIA
2274,ITP
2274,COVID-19
2274,ITP SECONDARY TO INFECTION
2275,COVID-19
2276,ARDS
2277,PROGNOSIS
2278,COVID-19
2279,COVID-19
2280,"LEUKEMIA, ACUTE"
2280,COVID-19
2280,"LEUKEMIA, LYMPHOBLASTIC"
2281,COVID-19
2281,HYPERTENSION
2282,COVID-19
2282,HOSPITALIZED PATIENTS
2282,COVID-19
2283,COVID-19
2284,COVID-19
2284,OPHTHALMOPATHY
2285,COVID-19
2285,CYTOKINE STORM
2285,COVID-19
2286,COVID-19
2287,COVID-19
2288,STRESS
2289,"PHYSICAL ACTIVITY, HEALTHY PROMOTION"
2290,"HEALTH KNOWLEDGE, ATTITUDES, PRACTICE"
2291,COVID-19
2291,ARDS
2292,MENTAL HEALTH WELLNESS 1
2293,COVID-19
2294,COVID-19
2295,CONSCIOUS SEDATION
2295,PATHOLOGIC PROCESSES
2295,ELECTROENCEPHALOGRAM
2295,ARDS
2295,COVID-19
2296,HEALTH BEHAVIOR
2297,COVID-19
2298,AGE PROBLEM
2298,SURGERY
2298,"DEPRESSION, ANXIETY"
2299,COVID-19
2299,CARDIAC ARRHYTHMIAS
2300,ENDOMETRIOSIS
2300,COVID-19
2301,COVID-19
2301,COVID-19
2302,COVID-19
2302,KIDNEY TRANSPLANT INFECTION
2303,COVID-19
2304,COVID-19
2304,COVID-19
2304,COVID-19
2305,COVID-19
2305,HAEMATOLOGICAL DISORDERS
2305,IMMUNE SUPPRESSION
2306,COVID-19
2307,RESPIRATORY TRACT DISEASES
2308,COVID-19
2309,COVID-19
2310,COVID-19
2310,TELEREHABILITATION
2310,PHYSICAL THERAPY
2311,COVID-19
2312,COVID-19
2313,COVID-19
2313,RHEUMATIC DISEASES
2314,COVID-19
2315,COVID-19
2315,PNEUMONIA
2316,RESPIRATORY FAILURE
2316,COVID-19
2317,COVID-19
2318,COVID-19
2319,COVID-19
2319,COVID-19
2319,CONVALESCENT PLASMA
2320,COVID-19
2321,COVID-19
2322,HOSPITALIZED CHILDREN
2322,COVID-19
2323,COVID-19
2323,VOLUNTEERS
2323,HEALTHY
2324,COVID-19
2324,COVID-19
2324,COVID-19
2325,COVID-19
2325,COVID-19
2325,COVID-19
2325,PNEUMONIA
2325,PNEUMONIA
2325,PNEUMONIA
2325,COVID-19
2326,COVID-19
2327,PULMONARY INFECTION
2327,COVID-19
2328,COVID-19
2329,COVID-19
2329,KIDNEY DISEASES
2329,INFLAMMATION
2329,COVID-19
2330,COVID-19
2331,COVID-19
2332,COVID-19
2333,COVID-19
2333,COVID-19
2333,VIRUS
2333,FAMILY AND HOUSEHOLD
2333,VIRAL INFECTION
2334,COVID-19
2335,COVID-19
2335,COVID-19
2335,COVID-19
2335,COVID-19
2335,COVID-19
2336,COVID-19
2336,COVID-19
2337,COVID-19
2337,MALARIA
2338,COVID-19
2339,COVID-19
2339,COVID-19
2339,H1N1 INFLUENZA
2339,COMPUTED TOMOGRAPHY
2340,COVID-19
2341,COVID-19
2342,COVID-19
2342,COVID-19
2342,COVID-19
2343,COVID-19
2343,TYPE1DIABETES
2344,COVID-19
2344,COVID-19
2345,COVID-19
2345,SARS
2346,COVID-19
2347,COVID-19
2347,PULMONARY DISEASE
2348,COVID-19
2348,OBSTETRIC ANESTHESIA
2349,COVID-19
2350,COVID-19
2351,COVID-19
2351,ULTRASOUND
2351,ARDS
2352,COVID-19
2353,COVID-19
2354,COVID-19
2354,SEROLOGY
2354,STUDENTS
2355,"STROKE, ACUTE"
2355,COVID-19
2356,COVID-19
2357,COVID-19
2358,COVID-19
2359,COVID-19
2360,PREGNANCY
2360,COVID-19
2360,COVID-19
2361,COVID-19
2361,SARS
2361,COVID-19
2361,COVID-19
2362,OVERWEIGHT AND OBESITY
2363,COVID-19
2364,COVID-19
2364,LUNG INJURY
2365,COVID-19
2365,PNEUMONIA
2366,COVID-19
2367,COVID-19
2367,COVID-19
2367,PREGNANCY RELATED
2367,EARLY PREGNANCY
2368,COVID-19
2369,COVID-19
2370,COVID-19
2371,COVID-19
2371,STRESS
2372,COVID-19
2373,COVID-19
2374,COVID-19
2374,COVID-19
2375,COVID-19
2375,VIRAL INFECTION
2375,CT SCAN
2376,RESPIRATORY TRACT INFECTIONS
2377,COVID-19
2377,BCG
2377,HEALTH CARE WORKER
2378,RESPIRATORY FAILURE
2378,COVID-19
2378,MECHANICAL VENTILATION
2379,HAEMOGLOBINOPATHIES
2380,COVID-19
2380,COVID-19
2381,COVID-19
2381,COVID-19
2382,CHILD CARE
2383,COVID-19
2384,THYROID DISEASE
2385,COVID-19
2386,COVID-19
2387,COVID-19
2387,KIDNEY TRANSPLANTATION
2387,LIVER TRANSPLANTATION
2387,CANCER
2387,COVID-19
2388,COVID-19
2389,COVID-19
2390,COVID-19
2391,COVID-19
2391,ARDS
2391,COVID-19
2391,COVID-19
2391,COVID-19
2392,COVID-19
2392,CRITICAL ILLNESS
2393,COVID-19
2394,COVID-19
2395,COVID-19
2396,COVID-19
2397,COVID-19
2398,COVID-19
2399,COVID-19
2400,ARDS
2400,COVID-19
2401,COVID-19
2402,COVID-19
2403,"ACCELERATED PHASE CML, BCR-ABL1 POSITIVE"
2403,ACUTE LYMPHOBLASTIC LEUKEMIA
2403,ACUTE MYELOID LEUKEMIA
2403,CHRONIC LYMPHOCYTIC LEUKEMIA
2403,"CHRONIC PHASE CML, BCR-ABL1 POSITIVE"
2403,COVID-19
2403,HEMATOPOIETIC AND LYMPHOID CELL NEOPLASM
2403,HODGKIN LYMPHOMA
2403,LYMPHOBLASTIC LYMPHOMA
2403,MYELODYSPLASTIC SYNDROME
2403,MYELOFIBROSIS
2403,MYELOPROLIFERATIVE NEOPLASM
2403,NON-HODGKIN LYMPHOMA
2404,COVID-19
2405,COVID-19
2405,COVID-19
2405,COVID-19
2405,SEDENTARY BEHAVIOR
2406,COVID-19
2407,COVID-19
2408,COVID-19
2409,COVID-19
2410,COVID-19
2410,BCG VACCINATION REACTION
2410,COVID-19
2411,COVID-19
2412,COVID-19
2413,SEPSIS
2413,SEPTIC SHOCK
2414,COVID-19
2415,COVID-19
2415,COVID-19
2416,COVID-19
2416,COVID-19
2416,SURGERY
2417,INFLAMMATORY BOWEL DISEASES
2418,COVID-19
2419,COVID-19
2419,DEPRESSION
2419,ANXIETY
2419,STRESS
2420,COVID-19
2421,COVID-19
2422,COVID-19
2422,COVID-19
2422,CARDIOMYOPATHIES
2423,COVID-19
2424,COVID-19
2425,COVID-19
2425,COVID-19
2425,COVID-19
2426,COVID-19
2427,COVID-19
2428,COVID-19
2429,COVID-19
2430,COVID-19
2431,COVID-19
2432,COVID-19
2433,COVID-19
2434,PNEUMONIA
2434,COVID-19
2434,COVID-19
2435,COVID-19
2436,COVID-19
2437,PNEUMONIA
2437,COVID-19
2438,COVID-19
2439,COVID-19
2439,COMMUNITY-ACQUIRED RESPIRATORY TRACT INFECTION
2440,COVID-19
2441,CLINICAL DETERIORATION
2442,COVID-19
2443,AUTOIMMUNE OR AUTOINFLAMMATORY DISEASES
2443,HIV
2443,MULTIPLE SCLEROSIS
2443,SOLID TUMORS OR CANCERS
2443,SOLID ORGAN TRANSPLANT
2444,HIV
2444,COVID-19
2445,COVID-19
2445,VIRUS DISEASE
2446,COVID-19
2446,COVID-19
2447,COVID-19
2448,COVID-19
2448,COVID-19
2448,COVID-19
2449,COVID-19
2450,COVID-19
2451,COVID-19
2451,ARDS
2452,COVID-19
2453,COVID-19
2454,COVID-19
2454,COVID-19
2454,COVID-19
2454,COVID-19
2455,COVID-19
2456,COVID-19
2457,EXPOSURE DURING PREGNANCY
2457,COVID-19
2458,COVID-19
2459,PNEUMONIA
2459,HYPERTENSION
2459,DIABETES MELLITUS
2459,OBESITY
2459,CARDIOVASCULAR DISEASES
2459,OBSTRUCTIVE LUNG DISEASE
2460,COVID-19
2461,COVID-19
2462,COVID-19
2462,SARS
2463,COVID-19
2463,COVID-19
2464,COVID-19
2465,COVID-19
2466,COVID-19
2466,PNEUMONIA
2467,COVID-19
2468,COVID-19
2469,INFLUENZA
2469,COVID-19
2470,HYPERTENSION
2470,COVID-19
2471,COVID-19
2472,COVID-19
2472,SARS
2473,COVID-19
2473,STRESS
2473,MENTAL HEALTH
2474,COVID-19
2474,MENTAL HEALTH ISSUE
2474,VIOLENCE
2475,COVID-19
2475,HEMOSTASIS
2475,COAGULATION
2476,LIVER CIRRHOSES
2477,ANXIETY
2477,DEPRESSION
2477,STRESS
2477,LONELINESS
2477,SOCIAL ISOLATION
2478,COVID-19
2478,ARRHYTHMIA
2478,TORSADES DE POINTE CAUSED BY DRUG
2478,"QT INTERVAL, VARIATION IN"
2478,ATRIOVENTRICULAR BLOCK
2478,ATRIAL FIBRILLATION
2478,BRADYARRHYTHMIA
2478,VENTRICULAR ARRYTHMIA
2479,COVID-19
2479,COVID-19
2480,COVID-19
2480,HEMATOPOIETIC AND LYMPHOID CELL NEOPLASM
2480,MALIGNANT SOLID NEOPLASM
2481,COVID-19
2481,PNEUMONIA
2481,MULTIPLE ORGAN FAILURE
2481,COVID-19
2482,COVID-19
2482,THYROID FUNCTION TESTS
2482,INFLAMMATION; THYROID
2482,INFLAMMATORY MARKERS
2483,COVID-19
2484,COVID-19
2485,COVID-19
2485,COVID-19
2486,RESPIRATORY FAILURE
2487,COVID-19
2488,COVID-19
2489,COVID-19
2490,COVID-19
2491,COVID-19
2491,PINKEYE
2492,COVID-19
2493,TRACHEOSTOMY
2494,COVID-19
2494,PNEUMONIA
2495,COVID-19
2495,COVID-19
2495,"FATIGUE SYNDROME, CHRONIC"
2495,STRESS
2495,"PAIN, CHRONIC"
2496,COVID-19
2496,COVID-19
2497,COVID-19
2498,COVID-19
2499,COVID-19
2499,CONTACT CASE
2500,COVID-19
2500,VIRAL INFECTION
2501,CYTOKINE STORM
2501,COVID-19
2502,COVID-19
2502,ASTHMA
2502,HEALTHY
2503,COVID-19
2504,COLORECTAL CANCER
2505,COVID-19
2505,COVID-19
2506,COVID-19
2506,COVID-19
2507,COVID-19
2508,COVID-19
2509,COVID-19
2510,COVID-19
2511,COVID-19
2512,COVID-19
2512,PNEUMONIA
2513,MULTIPLE MYELOMA
2513,SMOLDERING MULTIPLE MYELOMA
2513,MONOCLONAL GAMMOPATHY OF UNDETERMINED SIGNIFICANCE
2513,COVID-19
2514,COVID-19
2515,COVID-19
2515,EMERGENCY SURGERY
2516,COVID-19
2517,COVID-19
2517,MALIGNANT SOLID NEOPLASM
2518,PNEUMONIA
2518,SEROTONIN SYNDROME
2518,PLATELET DYSFUNCTION
2519,COVID-19
2520,COVID-19
2521,COVID-19
2522,RESPIRATORY FAILURE
2522,COVID-19
2523,COVID-19
2524,COVID-19
2525,COVID-19
2525,COVID-19
2526,COVID-19
2527,COVID-19
2527,SARS
2527,COVID-19
2528,COVID-19
2529,COVID-19
2530,COVID-19
2531,COVID-19
2532,COVID-19
2532,COVID-19
2533,COVID-19
2534,COVID-19
2535,COVID-19
2536,COVID-19
2537,COVID-19
2538,COVID-19
2539,INTENSIVE CARE UNIT SYNDROME
2539,COVID-19
2539,ANXIETY
2539,DEPRESSION
2540,COVID-19
2541,DIAPHRAGM DISEASE
2541,COVID-19
2542,COVID-19
2543,COVID-19
2543,LUNG INJURY
2544,COVID-19
2545,COVID-19
2546,COVID-19
2547,COVID-19
2547,ARDS
2548,COVID-19
2548,COVID-19
2548,COVID-19
2549,COVID-19
2550,RHEUMATOID ARTHRITIS
2551,COVID-19
2552,COVID-19
2552,SARS
2553,COVID-19
2553,ASYMPTOMATIC CONDITION
2554,NEONATAL INFECTION
2554,PERINATAL PROBLEMS
2554,INFECTIOUS DISEASE
2555,COVID-19
2556,POSTNATAL DEPRESSION
2557,COVID-19
2558,RESPIRATORY FAILURE
2558,COVID-19
2559,COVID-19
2560,COVID-19
2561,ON OCCURRENCE OF ACURATE KIDNEY INJURY DURING INTENSIVE CARE UNIT
2561,ABNORMALITIES OF URINARY ANALYSIS
2562,COVID-19
2562,CYOTOKINE STORM
2563,COVID-19
2563,PNEUMONIA
2564,COVID-19
2564,COVID-19
2564,PNEUMONIA
2565,PANCREATIC CANCER
2565,GASTRIC CANCER
2565,ESOPHAGUS CANCER
2565,COLORECTAL CANCER
2566,INTELLECTUAL DISABILITY
2566,DEVELOPMENTAL DISABILITY
2566,AXIS I DIAGNOSIS
2566,MENTAL ILLNESS
2566,COVID-19
2566,COVID-19
2567,COVID-19
2567,RESPIRATORY FAILURE
2568,COVID-19
2569,COVID-19
2570,COVID-19
2570,VACCINE
2570,COVID-19
2571,COVID-19
2571,ARDS
2572,COVID-19
2573,COVID-19
2574,COVID-19
2575,COVID-19
2576,COVID-19
2577,COVID-19
2578,COVID-19
2579,COVID-19
2580,COVID-19
2581,COVID-19
2582,COVID-19
2583,COVID-19
2584,COVID-19
2585,COVID-19
2586,COVID-19
2587,COVID-19
2588,CONJUNCTIVITIS
2588,COVID-19
2588,COVID-19
2588,"OCULAR INFECTION, VIRAL"
2588,OCULAR INFLAMMATION
2589,COVID-19
2590,COVID-19
2590,COVID-19
2590,PNEUMONIA
2591,COVID-19
2592,COVID-19
2592,CANCER
2593,COVID-19
2594,COVID-19
2595,COVID-19
2595,COVID-19
2595,HOSPITALIZED PATIENTS
2596,COVID-19
2597,COVID-19
2598,COVID-19
2598,MULTI-ORGAN DISORDER
2599,INTENSIVE CARE UNITS
2599,ARDS
2599,COVID-19
2600,COVID-19
2601,COVID-19
2602,COVID-19
2602,RESPIRATORY FAILURE
2603,COVID-19
2604,COVID-19
2605,COVID-19
2606,COVID-19
2607,COVID-19
2607,COVID-19
2607,PNEUMONIA
2608,COVID-19
2608,HYPERCOAGULABILITY
2609,COVID-19
2610,COVID-19
2611,COVID-19
2612,COVID-19
2613,COVID-19
2614,COVID-19
2614,DEEP VEIN THROMBOSIS (DVT)/THROMBOPHLEBITIS
2615,COVID-19
2615,REHABILITATION
2616,COVID-19
2616,COVID-19
2616,COVID-19
2617,COVID-19
2618,COVID-19
2619,COVID-19
2620,"DISEASE, INFECTIOUS"
2620,RESPIRATORY DISEASE
2620,SAFETY ISSUES
2620,EFFECTIVENESS
2621,COVID-19
2622,COVID-19
2623,COVID-19
2623,COVID-19
2623,HYPERCOAGULABILITY
2624,COVID-19
2624,COVID-19
2625,COVID-19
2626,COVID-19
2626,HYDROXYCHLOROQUINE
2626,COVID-19
2626,TRANSMISSION
2626,PROPHYLAXIS
2627,COVID-19
2628,SOLID ORGAN TRANSPLANT REJECTION
2628,COVID-19
2629,COVID-19
2630,COVID-19
2631,COVID-19
2631,COVID-19
2632,COVID-19
2633,COVID-19
2634,COVID-19
2635,KIDNEY TRANSPLANT; COMPLICATIONS
2635,COVID-19
2636,GAMBLING
2636,COVID-19
2637,COVID-19
2637,CARDIOVASCULAR DISEASES
2638,PNEUMONIA
2638,CYTOKINE STORM
2639,COVID-19
2640,COVID-19
2640,ENDOTHELIAL DYSFUNCTION
2640,THROMBOSIS
2640,CRITICALLY ILL
2641,COVID-19
2642,SARS
2643,COVID-19
2643,COVID-19
2644,COVID-19
2644,RESPIRATORY FAILURE
2644,COVID-19
2644,CRITICAL ILLNESS
2645,COVID-19
2645,PNEUMONIA
2645,ARDS
2646,IMMUNOCOMPROMISED PATIENTS
2647,COVID-19
2648,COVID-19
2649,COVID-19
2650,COVID-19
2651,COVID-19
2651,HEMATOPOIETIC AND LYMPHOID CELL NEOPLASM
2651,MALIGNANT SOLID NEOPLASM
2651,NEUROPATHY
2652,COVID-19
2652,COVID-19
2653,INFECTION
2653,COVID-19
2653,PAIN
2654,COVID-19
2655,COVID-19
2655,PREGNANCY COMPLICATIONS
2655,NEONATAL COMPLICATIONS
2656,COVID-19
2657,2019-NCOV
2658,COVID-19
2658,COVID-19
2659,COVID-19
2660,DEPRESSION
2660,ANXIETY
2661,COVID-19
2662,COVID-19
2663,COVID-19
2664,COVID-19
2665,COVID-19
2666,COVID-19
2666,PULMONARY INFECTION
2666,COVID-19
2667,COVID-19
2668,COVID-19
2669,TYPE1DIABETES
2669,COVID-19
2670,COVID-19
2670,PNEUMONIA
2671,"CHOLECYSTITIS, ACUTE"
2671,CHOLECYSTITIS; GANGRENOUS
2671,CHOLECYSTITIS SUPPURATIVE
2671,COVID-19
2672,COAGULATION DISORDER
2673,COVID-19
2674,COVID-19
2675,VIRUS
2676,COVID-19
2677,COVID-19
2677,COVID-19
2677,COVID-19
2677,COVID-19
2678,ANXIETY
2678,COVID-19
2678,ORAL HYGIENE
2679,COVID-19
2680,COVID-19
2680,INNATE IMMUNITY
2680,IMMUNIZATION; INFECTION
2680,ALVEOLAR LUNG DISEASE
2680,ENDOTHELIAL DYSFUNCTION
2681,ARDS
2681,COVID-19
2682,RESPIRATORY FAILURE
2682,COVID-19
2683,COVID-19
2684,COVID-19
2685,COVID-19
2686,COVID-19
2686,MORBIDITY
2686,ABSENTEEISM
2687,COVID-19
2688,RESPIRATORY FAILURE
2688,VENTILATION PERFUSION MISMATCH
2688,PULMONARY EDEMA
2688,COVID-19
2689,COVID-19
2690,RNA VIRUS INFECTIONS
2691,COVID-19
2691,COVID-19
2692,COVID-19
2692,ARDS
2693,COVID-19
2694,HEALTHY
2695,MENTAL HEALTH WELLNESS 1
2696,VIRAL INFECTION
2696,COVID-19
2696,ARDS
2696,PNEUMONIA
2697,COVID-19
2697,PNEUMONIA
2698,CANCER
2699,COVID-19
2700,COVID-19
2701,COVID-19
2702,COVID-19
2703,COVID-19
2704,COVID-19
2705,IMMUNOTHERAPY
2706,COVID-19
2706,COVID-19
2706,COVID-19
2707,COVID-19
2708,COVID-19
2709,HEALTH BEHAVIOR
2709,HEALTH CARE UTILIZATION
2710,COVID-19
2710,PNEUMONIA
2711,COVID-19
2711,OBSTETRICS AND GYNECOLOGY
2711,WORKLOAD
2711,QUESTIONNAIRE
2711,NATIONAL SURVEY
2711,CHINA
2712,COVID-19
2713,COVID-19
2714,COVID-19
2715,COVID-19
2715,COVID-19
2716,COVID-19
2717,COVID-19
2718,COVID-19
2719,COVID-19
2720,COVID-19
2721,COVID-19
2722,COVID-19
2723,COVID-19
2724,COVID-19
2725,COVID-19
2725,ANXIETY AND FEAR
2726,MANAGEMENT AND EPIDEMIOLOGY OF PATIENTS ADMITTED IN ICU
2727,COVID-19
2728,COVID-19
2729,ARDS
2729,COVID-19
2730,COVID-19
2731,COVID-19
2732,COVID-19
2732,YELLOW FEVER
2733,COVID-19
2733,HYDROXYCHLOROQUINE ADVERSE REACTION
2734,ACUTE MYOCARDIAL INFARCTION
2735,DIABETES MELLITUS
2735,"DIABETES MELLITUS, TYPE 2"
2735,"DIABETES MELLITUS, TYPE 1"
2735,COVID-19
2736,COVID-19
2737,COVID-19
2738,COVID-19
2738,SYMPTOMATIC CONDITION
2738,COVID-19
2739,COVID-19
2740,COVID-19
2741,COVID-19
2742,COVID-19
2743,COVID-19
2744,COVID-19
2744,DEPRESSION
2744,ANXIETY
2744,STRESS
2745,COVID-19
2746,COVID-19
2747,COVID-19
2748,COVID-19
2748,COVID-19
2749,COVID-19
2750,MYELOPROLIFERATIVE NEOPLASM
2750,COVID-19
2751,COVID-19
2751,VIRAL INFECTION
2751,COVID-19
2752,RESPIRATORY DISEASE
2753,HYPONATREMIA
2753,COVID-19
2753,COVID-19
2754,COVID-19
2755,COVID-19
2756,HEALTH CARE WORKER PATIENT TRANSMISSION
2756,RECEPTOR SITE ALTERATION
2756,"SUSCEPTIBILITY, DISEASE"
2756,IMMUNE RESPONSE
2757,COVID-19
2758,COVID-19
2759,COVID-19
2759,COVID-19
2760,COVID-19
2761,COVID-19
2761,KETOGENIC DIETING
2762,COVID-19
2763,COVID-19
2764,COVID-19
2765,COVID-19
2766,IMMUNITY
2766,VACCINE REACTION
2766,INFLUENZA
2766,COVID-19
2766,CYTOKINE STORM
2766,IMMUNOLOGIC DEFICIENCY SYNDROMES
2767,COVID-19
2768,COVID-19
2768,COVID-19
2768,COVID-19
2768,RESPIRATORY FAILURE
2768,CYTOKINE STORM
2768,EXTRACORPOREAL MEMBRANE OXYGENATION
2769,COVID-19
2770,COVID-19
2771,COVID-19
2771,SARS
2772,COVID-19
2773,COVID-19
2774,COVID-19
2774,IMMUNO-DEFICIENCY
2774,OLD AGE; DEBILITY
2775,COVID-19
2775,PARATHYROID GLAND
2775,PARATHYROID HORMONE
2775,CALCIUM
2775,PHOSPHORUS
2775,ALKALINE PHOSPHATASE
2776,COVID-19
2776,REHABILITATION
2777,KIDNEY TRANSPLANT INFECTION
2777,COVID-19
2778,COVID-19
2779,COVID-19
2779,COVID-19
2780,COVID-19
2780,CARDIAC DISEASE
2780,CARDIAC ARRHYTHMIA
2780,MYOCARDITIS
2780,LEFT VENTRICULAR DYSFUNCTION
2781,ARDS
2781,MECHANICAL VENTILATION COMPLICATION
2781,COVID-19
2782,COVID-19
2783,COVID-19
2784,COVID-19
2785,COVID-19
2786,COVID-19
2787,COVID-19
2787,MECHANICAL VENTILATION PRESSURE HIGH
2787,ARDS
2788,COVID-19
2788,HYPOXIA
2789,COVID-19
2790,PEDIATRIC RESPIRATORY DISEASES
2790,COVID-19
2790,FATIGUE POST VIRAL
2791,MENTAL HEALTH WELLNESS
2791,PSYCHOLOGICAL SECURITY
2791,STRESS
2792,PNEUMONIA
2792,COVID-19
2793,COVID-19
2794,COVID-19
2794,MENTAL HEALTH DISORDER
2794,MENTAL HEALTH CONDITIONS
2795,COVID-19
2795,COVID-19
2796,COVID-19
2796,DISSEMINATED INTRAVASCULAR COAGULATION
2796,COAGULATION DISORDER
2797,DIABETES MELLITUS
2797,COVID-19
2798,COVID-19
2798,INFECTIOUS DISEASE
2799,ACUTE MYOCARDITIS
2800,COVID-19
2801,COVID-19
2801,CONVALESCENCE
2802,COVID-19
2803,COVID-19
2804,COVID-19
2805,PULMONARY FIBROSIS
2805,COVID-19
2806,COVID-19
2807,COVID-19
2808,COVID-19
2808,ACUTE KIDNEY INJURY
2809,COVID-19
2810,COVID-19
2811,COVID-19
2812,COVID-19
2812,TERMINAL RENAL INSUFFICIENCY
2813,COVID-19
2813,ELECTRIC IMPEDANCE
2813,PRONE POSITIONING
2814,COVID-19
2815,COVID-19
2816,COVID-19
2817,COVID-19
2818,COVID-19
2819,COVID-19
2819,ARDS
2819,PNEUMONIA
2820,COVID-19
2820,COVID-19
2821,COVID-19
2821,STRESS
2821,ANXIETY DEPRESSION
2822,COVID-19
2822,RT-PCR
2822,SALIVA COLLECTION
2822,NASOPHARYNGEAL SAMPLE
2823,PUBLIC HEALTH
2823,DEMOGRAPHY
2823,PANDEMICS
2823,COVID-19
2823,NEWS
2823,GLOBAL HEALTH
2823,PERCEPTION
2824,COVID-19
2824,OBSTRUCTIVE SLEEP APNEA
2824,PNEUMONIA
2825,HEALTHY
2826,COVID-19
2827,COVID-19
2827,COVID-19
2828,PREGNANCY COMPLICATIONS
2828,COVID-19
2829,COVID-19
2829,PROGNOSTIC FACTORS
2829,PREGNANCY
2830,COVID-19
2830,DIABETES
2831,COVID-19
2831,MECHANICAL VENTILATION
2832,COVID-19
2832,COVID-19
2833,ARDS
2833,COVID-19
2834,COVID-19
2834,COVID-19
2834,ARDS
2835,COVID-19
2836,COVID-19
2836,COVID-19
2836,IMMUNE FUNCTION
2837,COVID-19
2838,COVID-19
2839,COVID-19
2839,COVID-19
2839,COVID-19
2839,ANDROGENETIC ALOPECIA
2839,ANDROGEN RECEPTOR ABNORMAL
2839,ANDROGEN DEFICIENCY
2840,COVID-19
2841,ARDS
2841,COVID-19
2842,COVID-19
2842,MICROCIRCULATION
2843,COVID-19
2844,COVID-19
2845,COVID-19
2846,COVID-19
2847,COVID-19
2848,COVID-19
2848,COVID-19
2848,HOUSEHOLDS CONTACTS
2849,PARKINSON DISEASE
2849,PARKINSON DISEASE 10
2850,COVID-19
2851,COVID-19
2851,COVID-19
2851,COVID-19
2851,COVID-19
2851,COVID-19
2852,COVID-19
2853,COLON CANCER
2854,COVID-19
2855,COVID-19
2856,COVID-19
2857,COVID-19
2857,COVID-19
2857,ASYMPTOMATIC CONDITION
2857,COVID-19
2858,COVID-19
2859,COVID-19
2859,COVID-19
2860,COVID-19
2861,COVID-19
2861,CYTOKINE STORM
2861,MECHANICAL VENTILATION COMPLICATION
2862,COVID-19
2863,ORAL-LINGUO-FACIAL PRAXIES
2863,COVID-19
2864,EATING BEHAVIOR
2864,COVID-19
2865,COVID-19
2865,CRITICAL ILLNESS
2865,ATTITUDE OF HEALTH PERSONNEL
2865,ATTITUDE TO HEALTH
2865,HEALTH BEHAVIOR
2865,HEALTH CARE UTILIZATION
2866,COVID-19
2867,COVID-19
2868,COVID-19
2868,EPIDEMIC DISEASE
2868,PNEUMONIA
2869,COVID-19
2870,COVID-19
2871,COVID-19
2871,COVID-19
2871,VIRAL INFECTION
2872,COVID-19
2872,COVID-19
2872,COVID-19
2873,COVID-19
2873,COVID-19
2873,COVID-19
2873,COVID-19
2874,SARS
2874,COVID-19
2875,COVID-19
2875,PNEUMONIA
2875,DYSPNEA
2876,COVID-19
2876,COVID-19
2877,ACUTE DISEASE
2877,COVID-19
2877,VIRAL INFECTION
2878,COVID-19
2878,COVID-19
2879,COVID-19
2879,HEMATOPOIETIC AND LYMPHOID CELL NEOPLASM
2879,MALIGNANT SOLID NEOPLASM
2880,COVID-19
2880,ACUTE CARDIOVASCULAR DISEASE
2880,CARDIOVASCULAR DISEASES
2881,COVID-19
2881,ARDS
2882,COVID-19
2882,COVID-19
2882,COVID-19
2882,CARDIAC MAGNETIC RESONANCE
2882,MYOCARDITIS
2882,CARDIAC ANOMALY
2883,COVID-19
2884,SEPSIS
2884,BLOOD COAGULATION DISORDERS
2884,THROMBIN
2884,DISSEMINATED INTRAVASCULAR COAGULATION
2884,COVID-19
2885,COVID-19
2885,COVID-19
2886,COVID-19
2886,CARDIOVASCULAR RISK FACTOR
2887,EMERGENCIES
2888,COVID-19
2889,COVID-19
2890,DEMENTIA
2891,BERBERINE
2891,COVID-19
2892,COVID-19
2892,COVID-19
2893,HEALTHY
2893,HEALTH CARE WORKER PATIENT TRANSMISSION
2893,AGING
2894,COVID-19
2895,COVID-19
2896,SARS
2896,COVID-19
2897,COVID-19
2897,BREASTMILK
2898,COVID-19
2898,ANOSMIA
2899,"POLIOVIRUS VACCINE, ORAL"
2899,COVID-19
2899,MORTALITY
2899,MORBIDITY
2899,NON-SPECIFIC EFFECTS OF VACCINES
2900,COVID-19
2900,"BURNOUT, PROFESSIONAL"
2901,COVID-19
2902,PATIENT PREFERENCE
2902,COVID-19
2903,COVID-19
2903,ARDS
2903,QUALITY OF LIFE
2904,COVID-19
2904,COVID-19
2905,COVID-19
2905,RESPIRATORY DISEASE
2905,CRITICAL ILLNESS
2906,COVID-19
2907,COVID-19
2907,CONVALESCENCE
2908,COVID-19
2908,COVID-19
2909,COVID-19
2910,PNEUMONIA
2911,COVID-19
2912,COVID-19
2913,COVID-19
2914,COVID-19
2915,MENTAL HEALTH ISSUE
2915,COVID-19
2915,ANXIETY DISORDERS
2915,DEPRESSION
2916,COVID-19
2917,COVID-19
2918,COVID-19
2919,BRAIN HEALTH
2920,COVID-19
2921,COVID-19
2921,COVID-19
2922,COVID-19
2923,COVID-19
2923,MELANOMA
2924,COVID-19
2925,COVID-19
2925,COVID-19
2926,COVID-19
2927,COVID-19
2928,COVID-19
2929,COVID-19
2930,COVID-19
2931,COVID-19
2931,HOSPITALISATION-ASSOCIATED INFECTION
2932,COVID-19
2933,COVID-19
2933,ACUTE LUNG INJURY
2933,COVID-19
2934,COVID-19
2935,COVID-19
2936,COVID-19
2936,COVID-19
2937,COVID-19
2938,CARDIOVASCULAR DISEASES
2938,COVID-19
2939,COVID-19
2940,COVID-19
2940,COVID-19
2940,2019-NCOV
2940,PNEUMONIA
2941,COVID-19
2941,ASPERGILLOSIS INVASIVE
2942,COVID-19
2943,COVID-19
2943,THROMBOEMBOLISM
2944,COVID-19
2945,ACTIVITIES
2945,MENTAL HEALTH ISSUE
2945,LIFE STYLE
2946,COVID-19
2946,ARDS
2946,ARDS
2947,COVID-19
2947,VIRAL INFECTION
2947,PERSONAL PROTECTIVE EQUIPMENT
2947,COVID-19
2948,ARDS
2948,COVID-19
2949,COVID-19
2950,COVID-19
2951,COVID-19
2952,COVID-19
2952,COVID-19
2953,COVID-19
2954,INTENSIVE CARE UNIT DELIRIUM
2954,COVID-19
2954,POST INTENSIVE CARE UNIT SYNDROME
2955,COVID-19
2955,COVID-19
2955,COVID-19
2955,2019NCOV
2955,COVID-19
2956,COVID-19
2957,COVID-19
2958,"IMMUNOGENICITY, VACCINE"
2959,COVID-19
2959,CANCER
2960,OLFACTION DISORDERS
2961,COVID-19
2962,COVID-19
2962,HEMATOLOGIC MALIGNANCY
2963,TYPE 2 DIABETES
2964,COVID-19
2964,B-CELL NEOPLASM
2964,CHRONIC LYMPHOCYTIC LEUKEMIA
2964,CHRONIC LYMPHOCYTIC LEUKEMIA/SMALL LYMPHOCYTIC LYMPHOMA
2964,MANTLE CELL LYMPHOMA
2964,MARGINAL ZONE LYMPHOMA
2964,SMALL LYMPHOCYTIC LYMPHOMA
2964,COVID-19
2964,WALDENSTROM MACROGLOBULINEMIA
2965,COVID-19
2966,COVID-19
2967,COVID-19
2968,PRE-EXPOSURE PROPHYLAXIS
2968,COVID-19
2968,COVID-19
2969,COVID-19
2969,PNEUMONIA
2970,COVID-19
2971,CANCER
2971,COVID-19
2972,COVID-19
2972,CORTICOSTEROIDS
2973,COVID-19
2974,COVID-19
2975,COVID-19
2976,COVID-19
2977,COVID-19
2978,COVID-19
2979,COVID-19
2979,ARDS
2980,COVID-19
2981,COVID-19
2982,COVID-19
2983,COVID-19
2983,PULMONARY FIBROSIS
2984,COVID-19
2985,COVID-19
2986,NEOPLASMS MALIGNANT
2987,COVID-19
2988,PNEUMONIA
2988,CRITICALLY ILL
2988,COVID-19
2989,COVID-19
2989,COVID-19
2990,COVID-19
2990,ANXIETY
2990,DEPRESSION
2990,OCCUPATIONAL PROBLEMS
2990,SARS
2990,COVID-19
2991,COVID-19
2991,FIBROSIS LUNG
2992,COVID-19
2993,COVID-19
2993,"STROKE, ACUTE"
2993,"STROKE, ISCHEMIC"
2993,STROKE HEMORRHAGIC
2994,COVID-19
2995,COVID-19
2996,COVID-19
2997,COVID-19
2998,COVID-19
2999,COVID-19
3000,IMMUNOSUPPRESSION
3000,CANCER
3000,COVID-19
3000,OTHER COMPLICATION OF KIDNEY TRANSPLANT
3000,CHEMOTHERAPY
3000,RENAL DISEASE
3000,DIABETES MELLITUS
3000,CARDIOVASCULAR DISEASES
3000,CHRONIC OBSTRUCTIVE PULMONARY DISEASE
3001,COVID-19
3001,HOSPITALIZATION
3002,COVID-19
3002,INPATIENT
3003,COVID-19
3004,COVID-19
3005,COVID-19
3005,SLEEP QUALITY
3005,GENERAL HEALTH
3006,COVID-19
3006,PNEUMONIA
3007,COVID-19
3008,COVID-19
3009,COVID-19
3009,COVID-19
3010,COVID-19
3011,ARDS
3011,COVID-19
3012,COVID-19
3013,COVID-19
3014,ME/CFS
3014,COVID-19
3015,COVID-19
3015,HIGH-DEFINITION TRANSCRANIAL DIRECT CURRENT STIMULATION
3016,COVID-19
3017,COVID-19
3018,COVID-19
3019,STRESS
3019,MENTAL HEALTH WELLNESS 1
3019,DEPRESSION
3019,ANXIETY
3019,BEHAVIOR PROBLEM
3019,EMOTIONAL PROBLEM
3020,COVID-19
3020,MYOCARDIAL INJURY
3020,MYOCARDITIS POST INFECTION
3021,COVID-19
3021,COVID-19
3022,COVID-19
3023,COVID-19
3023,COVID-19
3023,COVID-19
3024,COVID-19
3025,COVID-19
3026,COVID-19
3026,LUNG INFECTION
3027,COVID-19
3028,COVID-19
3029,COVID-19
3029,COVID-19
3030,COVID-19
3031,CEREBRAL PALSY
3031,COVID-19
3031,TELEMEDICINE
3031,CAREGIVER QUALITY OF LIFE
3031,"DISABILITY, DEVELOPMENTAL"
3032,COVID-19
3033,COVID-19
3033,COVID-19
3034,COVID-19
3035,COVID-19
3036,COVID-19
3037,COVID-19
3038,COVID-19
3039,COVID-19
3039,PNEUMONIA
3040,COVID-19
3041,COVID-19
3041,COVID-19
3042,COVID-19
3042,SEVERE SYSTEMIC ILLNESS RESPIRATORY MUSCLE FATIGUE
3043,RARE DISEASES
3044,COVID-19
3045,COVID-19
3046,COVID-19
3047,ARDS
3048,COVID-19
3049,COVID-19
3050,COVID-19
3051,COLORECTAL NEOPLASMS MALIGNANT
3052,COVID-19
3052,FERTILITY ISSUES
3053,COVID-19
3054,AZITHROMYCIN ADVERSE REACTION
3054,COVID-19
3054,LONG QT SYNDROME
3055,PYREXIA
3055,COVID-19
3056,COVID-19
3056,ARDS
3057,COVID-19
3058,COVID-19
3058,COVID-19
3059,COVID-19
3060,COVID-19
3060,CANCER
3061,COVID-19
3062,SENILE CATARACT
3063,COVID-19
3064,COVID-19
3064,RESPIRATORY FAILURE
3064,ACUTE KIDNEY INJURY
3065,COVID-19
3066,ARDS
3066,COVID-19
3067,SOLID TUMOR
3067,COVID-19
3067,HEMATOLOGICAL MALIGNANCY
3068,COVID-19
3068,COVID-19
3068,COVID-19
3069,COVID-19
3069,CONVALESCENT PLASMA
3070,COVID-19
3071,COVID-19
3072,COVID-19
3073,COVID-19
3074,COVID-19
3075,COVID-19
3076,COVID-19
3077,COVID-19
3077,COVID-19
3077,TENOFOVIR
3078,COVID-19
3079,COVID-19
3079,PNEUMONIA
3080,RESPIRATORY FAILURE
3080,COVID-19
3081,COVID-19
3082,COVID-19
3083,VACCINE ADVERSE REACTION
3083,SEROCONVERSION
3084,COVID-19
3084,COVID-19
3085,DIABETES MELLITUS
3085,COVID-19
3085,METABOLIC DISEASE
3085,GLUCOSE METABOLISM DISORDERS
3086,COVID-19
3086,COVID-19
3086,COVID-19
3086,ACUTE KIDNEY INJURY
3086,KIDNEY INJURY
3087,COVID-19
3087,PNEUMONIA
3087,COAGULATION DISORDER
3087,PULMONARY EMBOLISM
3088,COVID-19
3089,COVID-19
3089,CANCER
3090,RHEUMATOID ARTHRITIS
3090,QUALITY OF LIFE
3091,COVID-19
3091,COVID-19
3092,COVID-19
3092,VULNERABLE SUBJECTS
3092,LONG-TERM NON-INVASIVE VENTILATION
3093,"CHOLANGITIS, SECONDARY BILIARY"
3093,CHOLANGIOCARCINOMA
3093,OBSTRUCTIVE JAUNDICE
3093,PANCREAS CANCER
3093,COVID-19
3093,COVID-19
3094,DIGESTIVE CANCER
3094,GYNAECOLOGICAL CANCER
3094,HEAD AND NECK CANCER
3095,ARDS
3095,RESPIRATORY FAILURE
3095,COVID-19
3096,SARS
3097,COVID-19
3098,COVID-19
3099,COVID-19
3099,COVID-19
3100,COVID-19
3100,ARDS
3101,BREAST CANCER
3101,LUNG CANCER
3101,MELANOMA (SKIN)
3102,HIV/AIDS
3102,COVID-19
3102,COVID-19
3103,COVID-19
3103,STRESS
3104,COVID-19
3104,COVID-19
3105,COVID-19
3106,COVID-19
3106,COVID-19
3107,COVID-19
3107,COVID-19
3107,COVID-19
3107,COVID-19
3108,COVID-19
3108,INTERFERON
3108,NEBULIZATION
3109,COVID-19
3110,COVID-19
3111,COVID-19
3112,COVID-19
3112,COVID-19
3113,COVID-19
3114,COVID-19
3114,COVID-19
3114,PNEUMONIA
3115,COVID-19
3115,MENTAL HEALTH
3115,PSYCHOEDUCATION
3115,ANXIETY
3116,MIGRAINE DISORDERS
3116,STRESS
3116,ANXIETY
3117,QUALITY OF LIFE
3117,COVID-19
3118,COV2 POSITIVE CAREGIVERS
3119,COVID-19
3120,COGNITIVE DYSFUNCTION
3120,COVID-19
3121,COVID-19
3122,COVID-19
3123,COVID-19
3123,COVID-19
3123,DIAGNOSIS
3123,POLYMERASE CHAIN REACTION
3124,COVID-19
3125,COVID-19
3126,COVID-19
3126,OSTEOPOROSIS
3127,COVID-19
3128,STRESS
3128,PSYCHOSOCIAL IMPAIRMENT
3128,ANXIETY
3128,DEPRESSION
3128,STRESS
3128,COVID-19
3128,COVID-19
3129,COVID-19
3129,HYPERTENSION
3129,CARDIOVASCULAR DISEASES
3129,CARDIOVASCULAR RISK FACTOR
3130,COVID-19
3130,COVID-19
3131,KERATONJUNCTIVITIS
3132,COVID-19
3132,COVID-19
3132,COVID-19
3132,RESPIRATORY FAILURE
3132,CYTOKINE STORM
3133,COVID-19
3134,COVID-19
3135,COVID-19
3135,INFLUENZA
3135,GASTROENTERITIS
3136,COVID-19
3136,SERUM; DISEASE
3137,COVID-19
3138,COVID-19
3139,COVID-19
3140,COVID-19
3140,FOLLOW UP
3140,REHABILITATION
3141,COVID-19
3142,INFECTION
3142,INFECTION CONTROL
3143,ARDS
3143,COVID-19
3144,COVID-19
3144,COVID-19
3144,COVID-19
3145,COVID-19
3145,COVID-19
3146,COVID-19
3147,COVID-19
3148,COVID-19
3148,COVID-19
3149,RESPIRATORY FAILURE
3149,OXYGEN TOXICITY
3150,PNEUMONIA
3150,COVID-19
3151,COVID-19
3152,COVID-19
3153,COVID-19
3153,ARDS
3153,PNEUMONIA
3154,COVID-19
3154,COVID-19
3155,COVID-19
3155,PNEUMONIA
3156,COVID-19
3157,COVID-19
3157,COVID-19
3157,SARS
3157,AKI
3158,COVID-19
3158,SARS
3159,COVID-19
3160,COVID-19
3161,COVID-19
3162,COVID-19
3162,COVID-19
3163,COVID-19
3164,COVID-19
3165,COVID-19
3166,COVID-19
3167,PSYCHIATRIC DISORDER
3167,MENTAL HEALTH DISORDER
3167,STRESS
3167,ADJUSTMENT DISORDERS
3168,COVID-19
3168,COVID-19
3169,COVID-19
3169,PNEUMONIA
3170,COVID-19
3171,COVID-19
3171,THROMBOSIS
3172,COVID-19
3173,COVID-19
3173,COVID-19
3173,COVID-19
3173,COVID-19
3174,COVID-19
3175,COVID-19
3176,CANCER
3176,COVID-19
3177,JUVENILE IDIOPATHIC ARTHRITIS
3177,COVID-19
3177,TREATMENT
3178,COVID-19
3179,COVID-19
3179,MYOCARDIAL INJURY
3180,COVID-19
3181,COVID-19
3182,COVID-19
3183,COVID-19
3184,COVID-19
3185,COVID-19
3185,COVID-19
3186,COVID-19
3187,COVID-19
3187,RSV INFECTION
3187,INFLUENZA TYPE A
3187,INFLUENZA TYPE B
3188,COVID-19
3188,ENDOTHELIAL DYSFUNCTION
3189,COVID-19
3190,COVID-19
3191,COVID-19
3191,COVID-19
3191,COVID-19
3192,COVID-19
3193,COVID-19
3194,INFECTIOUS DISEASE
3194,CANCER
3194,COVID-19
3195,COVID-19
3196,COVID-19
3196,CBD
3197,COVID-19
3198,COVID-19
3199,COVID-19
3200,COVID-19
3200,THROMBOSIS
3201,COVID-19
3202,COVID-19
3203,COVID-19
3204,COVID-19
3204,HYPOXIA
3205,COVID-19
3205,POLYMERASE CHAIN REACTION
3205,LABORATORY TESTING
3206,SMOKING CESSATION
3207,COVID-19
3207,HEPATITIS
3208,COVID-19
3208,CHINESE MEDICINE
3209,COVID-19
3210,COVID-19
3211,COVID-19
3212,COVID-19
3213,CANCER
3214,COVID-19
3214,ASPIRIN
3214,TREATMENT
3215,COVID-19
3215,CHRONIC PAIN
3216,COVID-19
3217,COVID-19
3217,ACUTE KIDNEY INJURY
3217,KIDNEY FUNCTION
3218,COVID-19
3219,COVID-19
3219,HYPOXEMIA
3220,COVID-19
3220,LUNG ULTRASOUND
3221,COVID-19
3222,COVID-19
3223,COVID-19
3224,COVID-19
3225,COVID-19
3226,COVID-19
3227,COVID-19
3228,SEPSIS
3228,COVID-19
3229,COVID-19
3230,COVID-19
3231,COVID-19
3232,COVID-19
3232,ARDS
3233,COVID-19
3234,REMOTE CONSULTATION
3234,COVID-19
3235,COVID-19
3236,COVID-19
3237,COVID-19
3238,COVID-19
3238,COVID-19
3239,PSYCHOSOMATIC DISORDER
3239,PARKINSON
3239,STRESS
3239,STRESS
3239,PSYCHOLOGICAL DISEASE
3239,PSYCHOLOGICAL DISORDER
3239,PSYCHOLOGICAL IMPAIRMENT
3239,PSYCHOLOGICAL DISABILITY
3239,PSYCHOLOGICAL ADJUSTMENT
3239,PSYCHOLOGICAL ADAPTATION
3239,COMMUNICATION
3239,HEALTH CARE SEEKING BEHAVIOR
3239,ANXIETY
3239,"BEHAVIOR, HEALTH"
3239,HEALTH RISK BEHAVIORS
3239,HEALTHY LIFESTYLE
3240,COVID-19
3241,COVID-19
3242,NEOPLASMS MALIGNANT
3242,COVID-19
3242,THROMBOEMBOLISM
3243,COVID-19
3243,COVID-19
3244,COVID-19
3244,ARDS
3245,COVID-19
3246,COVID-19
3247,COVID-19
3247,COVID-19
3248,COVID-19
3249,COVID-19
3250,COVID-19
3251,COVID-19
3251,COVID-19
3252,COVID-19
3252,ATHLETES HEART
3252,MYOCARDITIS VIRAL
3252,VENTRICULAR ARRYTHMIA
3253,COVID-19
3254,COVID-19
3255,COVID-19
3256,SARS
3256,VENTILATION PNEUMONITIS
3257,COVID-19
3257,SPATIAL VISUALIZATION
3257,NEURAL NETWORK
3257,RESPIRATORY DISEASE
3257,PANDEMIC
3257,DISEASE SPREAD
3258,MENTAL HEALTH ISSUE
3259,COVID-19
3260,CANCER
3260,COVID-19
3260,IMMUNITY
3261,COVID-19
3261,COVID-19
3261,COVID-19
3261,VIRUS DISEASE
3261,COVID-19
3261,PHARYNGEAL DISEASES
3262,STRESS
3262,PROLONGED GRIEF DISORDER
3262,COVID-19
3263,COVID-19
3263,POST-STROKE DEPRESSION
3263,ANXIETY AND FEAR
3264,PREGNANCY RELATED
3264,MOTHERS
3265,COVID-19
3265,CRITICAL ILLNESS
3265,ARDS
3265,ICU ACQUIRED WEAKNESS
3266,COVID-19
3267,COVID-19
3267,COVID-19
3267,COVID-19
3267,COVID-19
3267,COVID-19
3267,COVID-19
3268,COVID-19
3269,COVID-19
3270,FERTILITY ISSUES
3270,VACCINE ADVERSE REACTION
3271,COVID-19
3272,COVID-19
3272,INFLUENZA
3272,PNEUMONIA
3272,VACCINE REFUSAL
3273,CANCER
3273,COVID-19
3273,SOLID TUMOR
3273,SOCIAL INEQUALITY
3273,FRENCH NATIONAL COHORT
3273,CHEMOTHERAPY
3273,IMMUNOTHERAPY
3273,SURGERY
3273,RADIOTHERAPY
3274,ARDS
3274,INFLAMMATION
3274,DEXMEDETOMIDINE
3274,CYTOKINE STORM
3274,"DELIRIUM, EMERGENCE"
3275,COVID-19
3275,COVID-19
3275,COVID-19
3276,COVID-19
3277,HEALTHY VOLUNTEER
3277,MOOD DISORDER
3277,ANXIETY DISORDER
3277,PREEXISTING MEDICAL CONDITION
3278,COVID-19
3279,COVID-19
3279,CONJUNCTIVITIS
3280,COVID-19
3281,COVID-19
3282,COVID-19
3283,COVID-19
3283,VENOUS THROMBOEMBOLISM
3284,COVID-19
3285,COVID-19
3286,COVID-19
3287,SARCOPENIA
3288,COVID-19
3289,COVID-19
3290,COVID-19
3291,COVID-19
3292,COVID-19
3292,CARDIOVASCULAR DISEASES
3293,ANOSMIA
3293,COVID-19
3294,COVID-19
3294,COVID-19
3295,COVID-19
3296,COVID-19
3296,MYOCARDIAL INFARCTION
3296,STROKE
3296,CRITICAL ILLNESS
3296,HEART FAILURE
3296,DEEP VEIN THROMBOSIS
3296,PULMONARY EMBOLISM
3296,RENAL FAILURE
3297,COVID-19
3298,COVID-19
3299,COVID-19
3300,COVID-19
3301,CARDIOVASCULAR DISEASES
3302,COVID-19
3302,PNEUMONIA
3303,SEDENTARY BEHAVIOR
3303,MENTAL HEALTH WELLNESS 1
3304,VIRAL INFECTION
3304,COVID-19
3304,COVID-19
3305,NEONATES NEEDING RESUSCITATION AT BIRTH
3306,COVID-19
3306,ECHOCARDIOGRAPHY
3306,ULTRASOUND
3307,COVID-19
3308,COVID-19
3308,COVID-19
3308,ARDS
3308,REFRACTORY HYPOXEMIA
3308,CARDIOGENIC SHOCK
3308,SEPTIC SHOCK
3308,EXTRACORPOREAL MEMBRANE OXYGENATION
3309,COVID-19
3310,COVID-19
3311,COVID-19
3311,VITAMIN D DEFICIENCY
3311,COVID-19
3311,ACUTE RESPIRATORY TRACT INFECTION
3312,COVID-19
3312,AKI
3312,CKD
3312,ESRD
3312,"TRANSPLANT;FAILURE,KIDNEY"
3313,COVID-19
3313,COGNITIVE IMPAIRMENT
3314,COVID-19
3314,SARS
3314,COVID-19
3315,COVID-19
3315,INFLAMMATION
3316,COVID-19
3317,COVID-19
3317,COVID-19
3318,COVID-19
3318,COVID-19
3318,SARS
3319,COVID-19
3320,COVID-19
3321,COVID-19
3322,INFECTIOUS DISEASE
3322,COVID-19
3322,COVID-19
3323,COVID-19
3323,COVID-19
3323,COVID-19
3323,SARS
3324,CHRONIC KIDNEY DISEASE STAGE 5 ON DIALYSIS
3324,CHRONIC KIDNEY DISEASE STAGE 5 WITH TRANSPLANT
3324,VACCINE RESPONSE IMPAIRED
3325,COVID-19
3326,COVID-19
3326,COVID-19
3327,COVID-19
3328,COVID-19
3329,COVID-19
3330,COVID-19
3330,ARDS
3330,ARDS
3330,ARDS
3330,COVID-19
3331,COVID-19
3332,COVID-19
3333,COVID-19
3333,ARDS
3334,COVID-19
3335,COVID-19
3336,COVID-19
3337,COVID-19
3338,COVID-19
3339,CARDIOMYOPATHIES
3340,COVID-19
3341,COVID-19
3341,VIRAL INFECTION
3341,HEALTHCARE WORKER
3341,PROPHYLAXIS
3342,ACUTE KIDNEY INJURY
3343,COVID-19
3344,COVID-19
3345,COVID-19
3346,COVID-19
3347,COVID-19
3347,GLOBAL IMPACT
3347,PULMONOLOGY
3348,COVID-19
3349,COVID-19
3350,COVID-19
3350,INFLUENZA A
3350,RESPIRATORY DISEASE
3351,COVID-19
3352,COVID-19
3352,PNEUMONIA
3353,VIRAL INFECTION
3354,COVID-19
3355,PHOSPHATE DEFICIENCY
3355,COVID-19
3355,MORTALITY
3356,COVID-19
3356,COVID-19
3357,COVID-19
3357,NEUROLOGIC MANIFESTATIONS
3358,COVID-19
3359,COVID-19
3360,COVID-19
3361,PATIENTS HOSPITALIZED IN THE HOSPICES CIVILS OF LYON
3361,COVID-19
3361,MODERATE TO SEVERE DYSPNEA
3361,WITHOUT RESUSCITATION OBJECTIVE MANAGEMENT
3362,COVID-19
3363,CYTOKINE RELEASE SYNDROME
3363,COVID-19
3364,COVID-19
3365,COVID-19
3366,COVID-19
3367,COVID-19
3368,COVID-19
3369,ANXIETY AND FEAR
3369,ANXIETY DEPRESSION
3369,ANXIETY POSTOPERATIVE
3369,STRESS
3370,ANXIETY
3370,DEPRESSION
3370,SLEEP DISTURBANCE
3371,PRIMARY CILIARY DYSKINESIA
3372,COVID-19
3372,N95
3372,MEDICAL MASK
3373,COVID-19
3373,INFECTIOUS DISEASE
3374,COVID-19
3374,IMMUNE SYSTEM DISORDER
3375,COVID-19
3375,PNEUMONIA
3376,MENSTRUAL PROBLEM
3376,COVID-19
3376,FATIGUE
3377,ASTHMA
3378,COVID-19
3378,COVID-19
3379,SMOKING CESSATION
3380,COVID-19
3380,SYMPTOMS AND SIGNS
3381,COVID-19
3382,COVID-19
3383,COVID-19
3384,ARDS
3384,COVID-19
3385,COV-HI
3385,COVID-19
3385,COVID-19
3386,COVID-19
3386,OBESITY
3387,SARS
3388,COVID-19
3389,STRESS
3389,COVID-19
3389,"HYPERTENSION, PULMONARY"
3390,COVID-19
3391,COVID-19
3392,TRANSPLANT RECIPIENTS
3393,COVID-19
3394,COVID-19
3395,COVID-19
3396,ACUTE MYELOBLASTIC LEUKEMIA
3396,ACUTE LYMPHOBLASTIC LEUKEMIA
3396,COVID-19
3397,COVID-19
3398,COVID-19
3399,COVID-19
3400,COVID-19
3401,COVID-19
3402,COVID-19
3403,COVID-19
3404,COVID-19
3404,COVID-19
3404,"DIABETES MELLITUS, TYPE 2"
3404,DIABETES MELLITUS
3404,GLUCOSE METABOLISM DISORDERS
3404,METABOLIC DISEASE
3404,ENDOCRINE SYSTEM DISEASES
3404,DIPEPTIDYL-PEPTIDASE IV INHIBITORS
3404,LINAGLIPTIN
3404,COVID-19
3404,COVID-19
3404,HYPOGLYCEMIC AGENTS
3404,RESPIRATORY TRACT DISEASES
3404,INCRETINS
3404,HORMONES
3405,COVID-19
3405,NEUROCOGNITIVE DYSFUNCTION
3406,COVID-19
3407,COVID-19
3407,COVID-19
3407,"SURVEY, FAMILY LIFE"
3407,EPIDEMIC DISEASE
3407,SELF-ASSESSMENT
3408,COVID-19
3409,COVID-19
3410,COVID-19
3411,COVID-19
3412,SOLID TUMOR
3412,HEMATOLOGIC MALIGNANCY
3412,THORACIC CANCER
3412,"CANCER, TREATMENT-RELATED"
3412,VACCINE RESPONSE IMPAIRED
3413,COVID-19
3414,COVID-19
3415,COVID-19
3416,COVID-19
3417,COVID-19
3418,COVID-19
3419,COVID-19
3420,COVID-19
3421,COVID-19
3421,SEROPREVALENCE
3422,COVID-19
3423,COVID-19
3424,COVID-19
3425,COVID-19
3426,COVID-19
3426,ARDS
3427,COVID-19
3427,COVID-19
3428,COVID-19
3429,COVID-19
3430,COVID-19
3431,COVID-19
3432,COVID-19
3433,COVID-19
3434,PNEUMONIA
3434,COVID-19
3435,COVID-19
3435,PNEUMONIA
3436,ENCEPHALOPATHY
3436,COVID-19
3437,COVID-19
3438,COVID-19
3439,HEALTH BEHAVIOR
3439,COVID-19
3440,COVID-19
3441,COVID-19
3442,COVID-19
3442,COVID-19
3442,PNEUMONIA
3443,COVID-19
3444,CARDIOVASCULAR DISEASES
3444,MENTAL DISORDER
3445,COVID-19
3446,COVID-19
3447,COVID-19
3448,COVID-19
3449,COVID-19
3449,COVID-19
3449,SARS
3449,COVID-19
3450,COVID-19
3451,COVID-19
3452,DISTANCE LEARNING-ONLINE LEARNING
3452,TRADITIONAL CLASSROOM-BASED LEARNING
3452,COVID-19
3452,NURSING STUDENTS' PERCEPTION AND ACHIEVEMENT
3453,VIRAL INFECTION
3453,"THROMBOSES, VENOUS"
3453,COVID-19
3454,COVID-19
3454,PNEUMONIA
3454,ARDS
3454,HEMOSTASIS
3454,COAGULATION
3455,COVID-19
3455,COVID-19
3456,COVID-19
3457,RESPIRATORY FAILURE
3457,"RENAL FAILURE, ACUTE"
3458,COVID-19
3459,COVID-19
3460,COVID-19
3461,COVID-19
3462,COVID-19
3463,COVID-19
3464,POST ICU SYNDROME
3464,CHRONIC PAIN
3464,COVID-19
3465,ACUTE KIDNEY INJURY
3466,COVID-19
3467,COVID-19
3468,COVID-19
3469,COVID-19
3470,COVID-19
3471,PULMONARY REHABILITATION
3471,COVID-19
3472,COVID-19
3472,COVID-19
3473,COVID-19
3473,COVID-19
3473,COVID-19
3473,COVID-19
3474,COVID-19
3475,COVID-19
3476,COVID-19
3476,COVID-19
3477,PNEUMONIA
3478,IMMUNOSUPPRESSION
3479,COVID-19
3480,COVID-19
3481,COVID-19
3482,COVID-19
3482,ENCEPHALOPATHY
3482,CRITICALLY ILL
3483,COVID-19
3484,COVID-19
3484,COMORBIDITIES AND COEXISTING CONDITIONS
3485,COVID-19
3486,COVID-19
3487,COVID-19
3488,COVID-19
3488,COVID-19
3488,COVID-19
3489,COVID-19
3489,COVID-19
3490,FEMORAL NECK FRACTURES
3490,COVID-19
3491,COVID-19
3492,RHEUMATOID ARTHRITIS
3493,COVID-19
3494,COVID-19
3495,COVID-19
3496,COVID-19
3497,COVID-19
3497,RHEUMATIC FEVER
3497,MENTAL DISORDER
3498,ACUTE KIDNEY INJURY
3499,COVID-19
3499,COVID-19
3500,COVID-19
3501,END STAGE KIDNEY DISEASE
3502,COVID-19
3503,COVID-19
3503,COVID-19
3504,COVID-19
3505,COVID-19
3506,COVID-19
3506,FDG PET/CT
3506,INFLAMMATION
3507,DIABETES MELLITUS
3507,COVID-19
3508,COVID-19
3509,COVID-19
3510,OXYGEN DEFICIENCY
3510,COVID-19
3511,COVID-19
3511,ARDS
3512,COVID-19
3512,SAFETY ISSUES
3513,TRACHEAL STENOSIS
3514,COVID-19
3515,COVID-19
3515,COVID-19
3515,COVID-19
3516,COVID-19
3516,INFLUENZA A H1N1
3516,INTUBATION COMPLICATION
3516,MORALITY
3516,"LUNG INJURY, ACUTE"
3517,COVID-19
3518,COVID-19
3519,COVID-19
3520,COVID-19
3521,COVID-19
3522,COVID-19
3523,RESPIRATORY FAILURE
3523,COVID-19
3524,COVID-19
3524,COVID-19
3524,COVID-19
3524,RDT
3524,B CELL
3525,COVID-19
3526,COVID-19
3526,COVID-19
3526,COVID-19
3527,COVID-19
3528,COVID-19
3529,COVID-19
3530,COVID-19
3530,"DIABETES MELLITUS, TYPE 2"
3530,CKD
3531,COVID-19
3531,PNEUMONIA
3531,ATELECTASIS
3532,COVID-19
3532,INTERFERON
3532,COVID-19
3533,COVID-19
3533,DYSPNEA
3534,COVID-19
3534,RESPIRATORY FAILURE
3534,COVID-19
3535,COVID-19
3535,PATIENTS HOSPITALIZED
3536,COVID-19
3537,COVID-19
3538,COVID-19
3539,COVID-19
3540,EXTRACELLULAR FLUID ALTERATION
3540,COVID-19
3541,COVID-19
3542,COVID-19
3543,COVID-19
3544,COVID-19
3545,COVID-19
3546,COVID-19
3547,OBESE
3547,MORBID OBESITY
3548,COVID-19
3548,ARDS
3548,COVID-19
3549,COVID-19
3550,DELIRIUM
3550,COVID-19
3550,INTENSIVE CARE UNIT DELIRIUM
3551,COVID-19
3551,COVID-19
3551,COVID-19
3552,COVID-19
3553,COVID-19
3554,COVID-19
3555,COVID-19
3556,COVID-19
3557,COVID-19
3557,COVID-19
3558,COVID-19
3559,CHILBLAINS
3559,COVID-19
3560,COVID-19
3561,COVID-19
3562,COVID-19
3563,STRESS
3564,COVID-19
3564,SEQUELAE OF; INFECTION
3564,COGNITIVE SYMPTOM
3565,COVID-19
3565,COVID-19
3565,COVID-19
3566,"PNEUMONITIS, INTERSTITIAL"
3566,COVID-19
3567,COVID-19
3567,THROMBOEMBOLIC EVENTS
3567,BLEEDING
3568,VIRAL INFECTION
3569,COVID-19
3570,COVID-19
3571,COVID-19
3572,COVID-19
3572,HYPOXEMIA
3572,RESPIRATORY FAILURE
3573,COVID-19
3574,COVID-19
3575,OLFACTION DISORDERS
3575,COVID-19
3576,COVID-19
3577,COVID-19
3578,COVID-19
3578,COVID-19
3578,QUALITY OF LIFE
3578,RISK REDUCTION
3579,COVID-19
3579,OBESITY
3579,DIABETES MELLITUS
3579,AGING
3579,CARDIOMETABOLIC SYNDROME
3579,IMMUNE SYSTEM DISORDER
3580,COVID-19
3581,COVID-19
3582,COVID-19
3582,COVID-19
3583,COVID-19
3584,"INTUBATION, INTRATRACHEAL"
3584,COVID-19
3585,PNEUMONIA
3586,COVID-19
3586,COVID-19
3586,COVID-19
3586,PNEUMONIA
3586,PNEUMONIA
3586,LUNG DISEASES
3586,RESPIRATORY TRACT DISEASE
3586,RESPIRATORY TRACT INFECTIONS
3586,CORONAVIRIDAE INFECTIONS
3586,NIDOVIRALES INFECTIONS
3586,RNA VIRUS INFECTIONS
3586,VIRUS DISEASE
3586,IMMUNOLOGIC DISEASE
3586,ARDS
3586,IMMUNOLOGIC FACTORS
3586,PHYSIOLOGICAL EFFECTS OF DRUGS
3586,ANTIVIRAL AGENTS
3586,ANTI-INFECTIVE AGENTS
3586,ANALGESICS
3586,"ANTIMETABOLITES, ANTINEOPLASTIC"
3587,COVID-19
3587,DESATURATION OF BLOOD
3588,STRESS
3589,RESPIRATORY FAILURE
3589,HYPOXEMIA
3590,COVID-19
3591,CANCER
3592,RHEUMATOID ARTHRITIS
3592,COVID-19
3593,COVID-19
3594,COVID-19
3594,RESPIRATORY FAILURE
3594,VENTILATOR LUNG
3595,COVID-19
3596,COVID-19
3597,COVID-19
3598,COVID-19
3598,COVID-19
3599,"BURNOUT, PSYCHOLOGICAL"
3599,COVID-19
3600,VIRAL INFECTION
3601,COVID-19
3601,IN-HOSPITAL CARDIAC ARREST
3602,VIRAL INFECTION
3602,VIRAL INFECTION
3602,COVID-19
3603,COVID-19
3604,EMOTIONAL INTELLIGENCE
3604,LEADERSHIP
3604,HEALTH PERSONNEL ATTITUDE
3604,COVID-19
3605,COVID-19
3606,COVID-19
3607,COVID-19
3608,HEAD AND NECK CANCER
3608,COVID-19
3609,COVID-19
3610,MS (MULTIPLE SCLEROSIS)
3610,COVID-19
3610,SUPPORT GROUPS
3611,COVID-19
3611,COVID-19
3612,COVID-19
3613,VIRAL INFECTION
3614,COVID-19
3615,COVID-19
3616,COVID-19
3616,CYTOKINE RELEASE SYNDROME
3616,CRITICAL ILLNESS
3616,ARDS
3617,COVID-19
3617,MICROBIOTA
3618,COVID-19
3619,COVID-19
3620,PRONE POSITIONING
3620,COVID-19
3620,RESPIRATORY FAILURE
3620,ARDS
3620,NON INVASIVE VENTILATION
3620,HIGH FLOW NASAL CANNULLA
3621,HYPERTENSION
3621,COVID-19
3622,COVID-19
3623,COVID-19
3623,HYPOXEMIA
3624,DEPRESSION
3624,ANXIETY
3624,SUBSTANCE USE
3624,STRESS
3624,STRESS
3624,"ALCOHOL USE, UNSPECIFIED"
3624,DRUG USE
3624,COVID-19
3625,"BURNOUT, PROFESSIONAL"
3625,MEDICAL ERRORS
3625,DEPRESSION
3626,COVID-19
3627,OROFACIAL PAIN
3627,OROFACIAL EDEMA
3627,DENTAL TRAUMA
3627,ORAL INFECTION
3628,COVID-19
3628,RESPIRATORY FAILURE
3629,COVID-19
3630,COVID-19
3630,RESPIRATORY FAILURE
3631,COVID-19
3632,COVID-19
3632,COVID-19
3632,ADVERSE EVENT
3633,COVID-19
3633,SARS
3634,COVID-19
3634,RESPIRATORY FAILURE
3634,HYPOXEMIA
3635,COVID-19
3635,INTELLECTUAL DISABILITY
3635,DEVELOPMENTAL DISABILITY
3635,CHILD DEVELOPMENT DISORDER
3636,COVID-19
3637,COVID-19
3638,COVID-19
3638,MENTAL HEALTH
3639,COVID-19
3640,COVID-19
3640,TELOGEN EFFLUVIUM
3640,COVID-19
3640,ALOPECIA
3641,COVID-19
3642,PLETH VARIABILITY INDEX
3643,COVID-19
3644,COVID-19
3645,COVID-19
3645,COVID-19
3645,MATERNAL IMMUNIZATION
3646,COVID-19
3647,COVID-19
3648,COVID-19
3649,COVID-19
3649,COVID-19
3649,PNEUMONIA
3650,COVID-19
3651,COVID-19
3652,COVID-19
3652,PEDIATRIC DISORDER
3653,COVID-19
3653,RESPIRATORY FAILURE
3654,COVID-19
3655,COVID-19
3656,PRONE POSITION
3656,COVID-19
3656,HYPNOTICS AND SEDATIVES
3656,PULMONARY VENTILATION
3657,COVID-19
3658,COVID-19
3659,COVID-19
3659,MYOCARDIAL REPERFUSION INJURY
3659,CARDIOVASCULAR DISEASES
3660,COVID-19
3660,"SATISFACTION, PATIENT"
3660,TELEMEDICINE
3661,COVID-19
3662,TYPE2 DIABETES
3663,CLINICAL TRIAL
3664,COVID-19
3664,ANOSMIA
3664,OLFACTORY DISORDER
3664,COVID-19
3664,COVID-19
3664,HYPOSMIA
3664,AGEUSIA
3664,HYPOGEUSIA
3665,COVID-19
3665,ENDOTHELIAL DYSFUNCTION
3665,PET IMAGING
3666,COVID-19
3666,COVID-19
3667,COVID-19
3668,CRITICAL ILLNESS
3668,ARDS
3668,INFLAMMATORY RESPONSE
3668,COVID-19
3668,CIRCULATORY SHOCK
3669,COVID-19
3670,COVID-19
3670,SAFETY AND EFFICACY
3671,COVID-19
3671,COVID-19
3671,SARS
3672,COVID-19
3673,COVID-19
3673,CARDIAC ARREST
3674,COVID-19
3675,PNEUMONIA
3676,COVID-19
3677,COVID-19
3678,COVID-19
3679,COVID-19
3680,COVID-19
3680,COVID-19
3681,COVID-19
3681,PNEUMONIA
3682,COVID-19
3682,COVID-19
3683,COVID-19
3683,LUNG INFLAMMATION
3684,COVID-19
3684,TREATMENT
3684,COVID-19
3685,COVID-19
3685,COVID-19
3686,COVID-19
3687,EXERCISE
3687,NUTRITIONAL STATUS
3687,SLEEP
3688,COVID-19
3689,MECHANICAL VENTILATION
3689,COVID-19
3689,TRACHEOSTOMY
3690,COVID-19
3691,SURGERY
3691,COMPLICATION OF SURGICAL PROCEDURE
3691,COVID-19
3692,COVID-19
3692,NOSOCOMIAL INFECTION
3693,COVID-19
3694,COVID-19
3695,COVID-19
3695,ACUTE RESPIRATORY TRACT INFECTION
3696,COVID-19
3697,ACUTE KIDNEY INJURY
3697,COVID-19
3698,COVID-19
3699,COVID-19
3699,COVID-19
3699,ARDS
3700,MENSTRUAL IRREGULARITY
3700,COVID-19
3701,PNEUMONIA
3701,SEPSIS
3702,COVID-19
3702,ZINC DEFICIENCY
3702,VITAMIN D DEFICIENCY
3703,COVID-19
3703,PNEUMONIA
3703,DIARRHEA
3704,PATIENT SAFETY
3705,COVID-19
3705,COVID-19
3705,COVID-19
3706,COVID-19
3707,DIABETES
3707,COVID-19
3707,INFECTION
3708,CARDIOMETABOLIC SYNDROME
3708,WEIGHT LOSS
3709,COVID-19
3710,COVID-19
3710,POVIDONE IODINE ADVERSE REACTION
3711,COVID-19
3711,COVID-19
3711,COVID-19
3712,COVID-19
3713,COVID-19
3713,STRESS
3714,COVID-19
3715,COVID-19
3715,COVID-19
3715,COVID-19
3715,COVID-19
3715,COVID-19
3716,ORAL COMPLICATION
3716,DYSGEUSIA
3716,OLFACTORY DISORDER
3717,COVID-19
3718,MORTALITY
3719,COVID-19
3719,COVID-19
3719,SAR
3720,COVID-19
3720,THROMBOEMBOLISM
3721,COVID-19
3721,PNEUMONIA
3722,COVID-19
3722,ARDS
3722,COVID-19
3723,HEALTH BEHAVIOR
3724,GENETIC PREDISPOSITION TO DISEASE
3725,COVID-19
3725,ACUTE KIDNEY INJURY
3725,CRITICAL ILLNESS
3726,FOOD INSECURITY
3726,"CHILDREN, ONLY"
3726,COVID-19
3727,COVID-19
3727,COVID-19
3727,ARDS
3727,ALI
3727,ARDS
3727,DYSPNEA
3728,COVID-19
3728,ARDS
3728,ACUTE LUNG INJURY
3729,BURNOUT
3729,COVID-19
3729,DENTISTRY
3729,FILIATION
3729,PANDEMIC
3730,COVID-19
3730,RESPIRATORY FAILURE
3730,ARDS
3731,COVID-19
3731,VENOUS THROMBOSES
3731,ARTERIAL THROMBOSIS
3732,COVID-19
3733,CRITICAL ILLNESS
3733,COVID-19
3733,STRESS
3734,COVID-19
3734,RESPIRATORY DISEASE
3735,COVID-19
3735,COVID-19
3735,LUNG CANCER
3736,INTENSIVE CARE UNIT
3736,COVID-19
3737,COVID-19
3738,COVID-19
3738,COVID-19
3739,MENTAL HEALTH
3740,COVID-19
3741,COVID-19
3742,ARDS
3742,COVID-19
3743,COVID-19
3743,OSCILLATION AND LUNG EXPANSION
3743,VENTILATION
3744,COVID-19
3745,COVID-19
3745,COVID-19
3745,COVID-19
3745,2019-NCOV
3745,2019NCOV
3746,CANCER
3746,ELDERLY WITHOUT CANCER
3746,HEALTHY AGING
3747,COVID-19
3747,COVID-19
3748,COVID-19
3748,PNEUMONIA
3749,IGM AND IGG IN BLOOD
3750,COVID-19
3750,COVID-19
3750,COVID-19
3750,COVID-19
3750,COVID-19
3750,COVID-19
3750,COVID-19
3750,COVID-19
3750,COVID-19
3750,COVID-19
3751,COVID-19
3752,COVID-19
3752,COVID-19
3752,COVID-19
3752,COVID-19
3753,COVID-19
3754,COVID-19
3754,COVID-19
3755,COVID-19
3755,PHYSICAL DISABILITY
3756,COVID-19
3756,ARDS
3756,COVID-19
3756,HYPOXEMIA
3757,COVID-19
3757,COVID-19
3757,RESPIRATORY FAILURE
3758,ARDS
3758,COVID-19
3759,COVID-19
3759,MIS-C
3760,COVID-19
3760,END STAGE RENAL FAILURE ON DIALYSIS
3761,COVID-19
3762,COVID-19
3762,SURGERY
3763,BCG
3763,COVID-19
3763,COVID-19
3763,COVID-19
3764,COVID-19
3764,ELDERLY PATIENTS
3764,CRITICAL ILLNESS
3764,SURVIVAL
3764,OLD AGE
3765,ASTHMA; EOSINOPHILIC
3765,COVID-19
3765,COVID-19
3766,"RISK FACTOR, CARDIOVASCULAR"
3766,COVID-19
3766,CRITICAL ILLNESS
3766,COURSE ILLNESS
3767,COVID-19
3768,COVID-19
3769,"ADDICTION, SUBSTANCE"
3769,COVID-19
3770,COVID-19
3770,LEFT VENTRICULAR DYSFUNCTION
3770,RIGHT VENTRICULAR DYSFUNCTION
3770,PULMONARY HYPERTENSION
3771,POST PARTUM DEPRESSION
3772,COVID-19
3773,COVID-19
3773,LYMPHOMA
3774,COVID-19
3774,COVID-19
3774,PNEUMONIA
3775,"INFERTILITY, FEMALE"
3775,ART
3775,IVF
3775,COVID-19
3776,COVID-19
3777,PATIENTS UNDERGOING CARDIAC OR THORACIC SURGERY
3778,COVID-19
3778,COVID-19
3779,TELEREHABILITATION
3779,COVID-19
3780,HEALTHY VOLUNTEER
3781,ACUTE MYOCARDIAL INFARCTION
3781,VENTRICULAR TACHYCARDIA
3781,SUDDEN CARDIAC DEATH
3781,"STROKE, ACUTE"
3782,HEADACHE
3782,COVID-19
3782,SPHENOPALATINE GANGLION BLOCK
3782,COVID-19
3783,COVID-19
3784,COVID-19
3784,TYPE 2 DIABETES
3785,COVID-19
3786,RESPIRATORY FAILURE
3786,COVID-19
3787,COVID-19
3788,COVID-19
3789,COVID-19
3789,ACUTE CARDIOVASCULAR CONDITION
3789,ACUTE NEUROVASCULAR CONDITION
3789,STROKE
3789,ACUTE MYOCARDIAL INFARCTION
3790,COVID-19
3790,COVID-19
3790,SURGERY
3790,"SURGICAL PROCEDURE; COMPLICATIONS, LATE EFFECT OF COMPLICATIONS"
3790,POSTOPERATIVE COMPLICATIONS
3791,"BURNOUT, CAREGIVER"
3792,COVID-19
3793,COVID-19
3793,ARDS
3793,FUNCTIONAL RECOVERY
3794,COVID-19
3795,COVID-19
3795,PNEUMONIA
3795,CHINESE MEDICINE
3796,CANCER
3797,COVID-19
3797,PHYSIOTHERAPY
3798,COVID-19
3799,COVID-19
3799,ARDS
3800,COVID-19
3800,COVID-19
3801,COVID-19
3802,COVID-19
3802,INTENSIVE CARE UNIT SYNDROME
3803,COVID-19
3803,"OUTCOME, FATAL"
3803,RESPIRATORY FAILURE
3803,ACUTE KIDNEY INJURY
3803,INFLAMMATION
3804,COVID-19
3805,COPING SKILLS
3805,HEALTHCARE WORKERS
3805,COVID-19
3806,COVID-19
3806,ARDS
3807,COVID-19
3808,ARDS
3808,COVID-19
3809,COVID-19
3809,SYSTEMIC LUPUS ERYTHEMATOSUS
3809,RHEUMATOID ARTHRITIS
3809,SJOGREN'S SYNDROME
3809,PSORIATIC ARTHRITIS
3810,COVID-19
3811,ARDS
3811,COVID-19
3811,"INFLUENZA, HUMAN"
3812,COVID-19
3812,MEASLES VACCINE
3812,MORTALITY
3813,COVID-19
3814,CHRONIC HEMODIALYSIS PATIENTS
3814,CAREGIVERS OF CHRONIC HEMODIALYSIS PATIENTS
3815,COVID-19
3816,PNEUMONIA
3816,COVID-19
3816,ARDS
3817,COVID-19
3818,COVID-19
3819,ENDOSCOPY
3819,COMMUNICATION
3820,COVID-19
3821,ACUTE LUNG INJURY
3821,ALI
3821,COVID-19
3822,COVID-19
3823,COVID-19
3823,COVID-19
3824,COVID-19
3825,COVID-19
3826,COVID-19
3826,COVID-19
3826,PNEUMONIA
3827,COVID-19
3828,COVID-19
3829,COVID-19
3830,COVID-19
3830,COVID-19
3830,CONVALESCENCE
3830,PLASMA
3830,DOSES
3831,COVID-19
3831,PNEUMONIA
3831,COVID-19
3831,COVID-19
3831,CARDIAC COMPLICATION
3832,COVID-19
3832,SARS
3832,COVID-19
3833,VIRAL INFECTION
3834,COVID-19
3834,COVID-19
3834,PNEUMONIA
3834,COPD
3834,CKD
3834,CARDIAC EVENT
3834,OVERWEIGHT AND OBESITY
3834,CARDIOVASCULAR DISEASES
3834,DIABETES
3834,HYPERTENSION
3834,CORONARY HEART DISEASE
3835,PNEUMONIA
3836,COVID-19
3836,COVID-19
3836,PREGNANCY DISEASE
3836,SARS
3837,COVID-19
3838,COVID-19
3839,AUDIO-VISUAL TRIAGE SYSTEM
3839,ANXIETY LEVELS
3839,COVID-19
3839,GAD-7 SCORE
3839,HEALTHCARE PROFESSIONALS
3839,SCREENING STRATEGY
3840,COVID-19
3840,RESPIRATORY DISEASE
3840,MENTAL HEALTH DISORDER
3841,COVID-19
3842,COVID-19
3843,COVID-19
3843,"PREGNANCY COMPLICATIONS, INFECTIOUS"
3843,PREGNANCY RELATED
3843,"PREGNANCY, HIGH RISK"
3843,PREGNANCY DISEASE
3843,PNEUMONIA
3843,PNEUMONIA
3843,DIAGNOSES DISEASE
3844,RESPIRATORY FAILURE
3844,COVID-19
3845,COVID-19
3845,COVID-19
3845,PNEUMONIA
3846,COVID-19
3846,COVID-19
3846,COVID-19
3847,ANXIETY
3847,HEALTHY VOLUNTEERS
3848,ANXIETY DISORDERS
3848,STRESS
3848,DEPRESSIVE DISORDER
3848,COVID-19
3849,COVID-19
3850,COVID-19
3850,"ISOLATION, SOCIAL"
3851,COVID-19
3851,GENITOURINARY CANCER
3851,BENIGN UROLOGIC CONDITIONS
3852,COVID-19
3853,COVID-19
3853,LUNG INFECTION
3854,COVID-19
3854,ARDS
3855,COVID-19
3856,COVID-19
3857,COVID-19
3857,STRESS
3857,WEARABLES
3858,COVID-19
3858,"ORGAN FAILURE, MULTIPLE"
3858,DNA DAMAGE
3859,"INFECTION, RESPIRATORY TRACT"
3860,HIV
3860,PRE-EXPOSURE PROPHYLAXIS
3861,COVID-19
3862,COVID-19
3862,DIABETES
3862,HYPERTENSION
3862,OBESITY
3863,COVID-19
3863,VIRAL INFECTION
3863,CORONAVIRIDAE INFECTIONS
3864,CANCER
3864,COVID-19
3865,COVID-19
3866,STRESS
3866,COVID-19
3866,SEVERE MENTAL DISORDER
3867,COVID-19
3867,RESPIRATORY FAILURE
3868,COVID-19
3869,COVID-19
3870,COVID-19
3870,COVID-19
3871,COVID-19
3871,COVID-19
3872,COVID-19
3872,SARCOPENIA
3872,MUSCLE WEAKNESS
3873,COVID-19
3873,LUNG FUNCTION DECREASED
3874,COVID-19
3875,COVID-19
3875,ARDS
3876,COVID-19
3876,COVID-19
3877,COVID-19
3878,ALLOGENIC HEMATOPOIETIC CELL TRANSPLANT
3878,CAR-T THERAPY
3878,PRIMARY IMMUNODEFICIENCY
3879,COVID-19
3879,COVID-19
3880,ARDS
3880,COVID-19
3881,COVID-19
3881,DYSPNEA
3882,"INFECTIONS, RESPIRATORY"
3882,FEVER
3882,COUGH
3883,COVID-19
3883,SEROLOGY
3884,RESPIRATORY FAILURE
3885,STRESS
3885,DEPRESSION
3885,ANXIETY
3885,STRESS
3886,COVID-19
3887,COVID-19
3887,CRITICAL ILLNESS
3887,EFFECTIVENESS
3887,"OUTCOME, FATAL"
3888,COVID-19
3888,ARDS
3889,COVID-19
3889,"DIABETES MELLITUS, TYPE 2"
3889,"DIABETES MELLITUS, TYPE 1"
3890,COVID-19
3890,ACUTE LUNG INJURY
3890,ARDS
3891,COVID-19
3892,COVID-19
3893,COVID-19
3893,POST-EXPOSURE PROPHYLAXIS
3894,COVID-19
3894,LUNG INFECTION
3895,COVID-19
3895,PERSONAL PROTECTIVE EQUIPMENT
3896,CYTOKINE RELEASE SYNDROME
3897,COVID-19
3898,COVID-19
3898,ARDS
3898,VENTILATORY FAILURE
3899,COVID-19
3900,TYPE 1 DIABETES MELLITUS
3900,COVID-19
3901,COVID-19
3901,ARDS
3902,COVID-19
3902,FAVIPIRAVIR (FAVIPIRA)
3903,COVID-19
3903,COVID-19
3903,SARS
3904,COVID-19
3904,COVID-19
3905,COVID-19
3905,EXERCISE
3906,TUBERCULOSIS
3906,COVID-19
3907,COVID-19
3907,PNEUMONIA
3908,COVID-19
3908,COVID-19
3909,COVID-19
3910,COVID-19
3911,EPIDEMIOLOGY
3911,COVID-19
3911,COVID-19
3911,CRITICAL CARE
3911,PROGNOSTIC
3911,SURVIVAL
3912,COVID-19
3913,COVID-19
3913,ARDS
3913,COVID-19
3914,COVID-19
3914,PNEUMONIA
3914,COVID-19
3915,CYSTIC FIBROSIS IN CHILDREN
3915,CYSTIC FIBROSIS
3916,COVID-19
3916,COVID-19
3916,MOUTHWASHES
3916,VIRAL LOAD
3916,POLYMERASE CHAIN REACTION
3917,BARIATRIC SURGERY CANDIDATE
3917,COVID-19
3917,COMPLICATION OF SURGICAL PROCEDURE
3917,PNEUMONIA
3917,VIRAL INFECTION
3917,"OBESITY, MORBID"
3917,SAFETY ISSUES
3917,READMISSION
3918,COVID-19
3918,COVID-19
3919,COVID-19
3919,ANTICOAGULANT THERAPY
3919,THROMBOSIS
3920,COVID-19
3921,COVID-19
3921,PHYSICAL DISABILITY
3922,COVID-19
3922,COVID-19
3922,ARDS
3923,COVID-19
3923,LIFE SATISFACTION
3923,ANXIETY
3923,MENTAL HEALTH WELLNESS 1
3923,ATHLETE
3923,STRESS
3924,COVID-19
3925,COVID-19
3926,COVID-19
3926,THROMBOSIS
3927,NEUROMUSCULAR DISEASES
3927,NEUROLOGICAL DISEASES OR CONDITIONS
3928,COVID-19
3928,RESPIRATORY FUNCTION LOSS
3928,COVID-19
3928,PNEUMONIA
3929,COVID-19
3929,RESPIRATORY FAILURE
3930,COVID-19
3931,HEALTHY PEOPLE
3932,COVID-19
3933,COVID-19
3934,COVID-19
3934,REMDESIVIR
3934,COVID-19
3935,COVID-19
3935,ACTIVE IMMUNIZATION
3935,IMMUNE RESPONSE
3935,IMMUNOSUPPRESSION
3936,COVID-19
3936,COVID-19
3936,COVID-19
3937,COVID-19
3938,"HYPERTENSION, PULMONARY"
3938,RIGHT VENTRICULAR OVERLOAD
3938,COVID-19
3939,STRESS
3939,ANXIETY
3939,DEPRESSION
3939,COVID-19
3940,COVID-19
3940,HYPOXEMIA
3941,GENDER RELATIONS
3941,PARTNER COMMUNICATION
3941,DIVISION OF CAREWORK
3941,COUPLE CONFLICT
3941,STRESS
3942,COVID-19
3942,CRITICAL ILLNESS
3942,POST INTENSIVE CARE UNIT SYNDROME
3942,MUSCLE WEAKNESS
3943,COVID-19
3943,PULMONARY REHABILITATION
3944,COVID-19
3944,ARDS
3944,MECHANICAL VENTILATION
3945,OSTEOARTHRITIS
3946,COVID-19
3946,COVID-19
3947,COMMUNITY MENTAL HEALTH
3948,COVID-19
3949,COVID-19
3950,COVID-19
3951,ARTHROSCOPY
3952,PANCREATIC ADENOCARCINOMA
3953,COVID-19
3954,COAGULOPATHY
3955,COVID-19
3956,COVID-19
3957,TB - TUBERCULOSIS
3957,PATIENT SATISFACTION
3958,COVID-19
3958,ANXIETY
3958,BURNOUT
3959,COVID-19
3959,COVID-19
3959,COVID-19
3959,SARS
3960,ULTRASONOGRAPHY
3961,COVID-19
3962,COVID-19
3962,COVID-19
3962,PREGNANCY RELATED
3963,COVID-19
3963,VASCULAR COMPLICATIONS
3964,COVID-19
3965,COVID-19
3965,ARTERIAL STIFFNESS
3965,ENDOTHELIAL DYSFUNCTION
3965,DIASTOLIC DYSFUNCTION
3966,COVID-19
3966,COVID-19
3966,COVID-19
3966,SARS
3967,PULMONARY DISEASE
3968,COVID-19
3968,COVID-19
3969,COVID-19
3970,COVID-19
3971,COVID-19
3972,COVID-19
3972,NON-SPECIFIC EFFECTS OF VACCINES
3972,HETEROLOGOUS IMMUNITY
3972,MORBIDITY
3972,IMMUNOSENESCENCE
3972,VACCINE PREVENTABLE DISEASE
3973,COVID-19
3973,ICU ACQUIRED WEAKNESS
3973,WEANING FAILURE
3974,COVID-19
3974,MECHANICAL VENTILATION COMPLICATION
3974,COVID-19
3974,RESPIRATORY FAILURE
3974,SARS
3975,CARDIOVASCULAR RISK FACTOR
3975,COVID-19
3976,COVID-19
3976,NON-SPECIFIC EFFECTS OF VACCINES
3976,MORBIDITY
3976,ABSENTEEISM
3976,HETEROLOGOUS IMMUNITY
3977,COVID-19
3977,COVID-19
3978,ANXIETY
3978,DEPRESSION
3978,PREGNANCY RELATED
3979,PULMONARY THROMBOEMBOLISM
3980,COVID-19
3981,SLEEP DISTURBANCE
3982,SUBCUTANEOUS EMPHYSEMA
3982,COVID-19
3983,COVID-19
3984,COVID-19
3984,COVID-19
3984,COVID-19
3984,ARDS
3984,COVID-19
3985,COVID-19
3986,COVID-19
3987,BLOOD DONATION
3988,COVID-19
3989,COVID-19
3989,RESPIRATORY DISEASE
3989,IMMUNE SYSTEM
3989,IMMUNOMODULATOR
3989,ANTISEPTIC
3989,SUPPORTIVE CARE
3990,COVID-19
3990,PREGNANCY RELATED
3990,NEONATAL INFECTION
3991,COVID-19
3991,COVID-19
3991,RESPIRATORY FAILURE
3991,PALLIATIVE SITUATION
3992,COVID-19
3992,COVID-19
3992,PREVENTION & CONTROL
3992,NURSING HOME
3992,HYDROXYCHLOROQUINE
3993,OLFACTORY DISORDER
3993,COVID-19
3993,COVID-19
3993,ANOSMIA
3993,MICROSOMIA
3993,SMELL DISORDER
3993,QUALITY OF LIFE
3994,COVID-19
3994,HYPOXEMIA
3995,PNEUMONIA
3995,SARS
3995,COVID-19
3996,COVID-19
3996,COVID-19
3997,COVID-19
3998,COVID-19
3999,PNEUMONIA
3999,COVID-19
3999,COVID-19
4000,COVID-19
4001,COVID-19
4002,MONITOR TRAINING LOAD
4003,COVID-19
4003,COVID-19
4004,COVID-19
4004,ARDS
4004,RESPIRATORY TRACT INFECTIONS
4004,ANTIBIOTIC RESISTANCE
4005,COVID-19
4005,DEPRESSION
4005,STRESS
4006,COVID-19
4006,SARS
4007,COVID-19
4008,TRACHEOSTOMY COMPLICATION
4008,COVID-19
4008,VENTILATOR LUNG
4009,COVID-19
4009,RHEUMATIC DISEASES
4009,RHEUMATOID ARTHRITIS
4009,CHRONIC PAIN
4010,COVID-19
4010,2019-NCOV
4011,LUNG CANCER
4011,PROM
4011,COVID-19
4011,PSYCHOLOGICAL
4012,MINDFULNESS
4012,RANDOMIZED CONTROLLED TRIAL
4012,PSYCHOPATHOLOGY
4012,HEALTH PERSONNEL
4013,COVID-19
4014,COVID-19
4015,"BURNOUT, PROFESSIONAL"
4015,DEPRESSION
4015,MEDICAL ERRORS
4015,COVID-19
4016,PHYSICAL ACTIVITY
4016,COVID-19
4017,COVID-19
4018,VIRAL INFECTION
4018,COVID-19
4019,CORONARY ARTERY DISEASE
4020,COVID-19
4020,COVID-19
4021,HYPOXEMIA
4021,PNEUMONIA
4021,COVID-19
4022,COVID-19
4022,STRESS
4022,ANXIETY
4023,COVID-19
4023,RESPIRATORY FAILURE
4024,HOUSING
4024,COVID-19
4024,MENTAL HEALTH
4024,PHYSICAL HEALTH
4024,SOCIAL INTERACTION
4024,HEALTHCARE
4025,CRITICAL ILLNESS
4025,FAMILY
4025,STRESS
4025,COVID-19
4026,COVID-19
4026,ACUTE KIDNEY INJURY
4027,COVID-19
4027,PREGNANCY RELATED
4027,NEONATAL INFECTION
4027,BREASTFEEDING
4028,POSTPARTUM DEPRESSION
4028,COVID-19
4028,PREVALENCE
4028,SOCIAL DISTANCE
4029,COVID-19
4029,COVID-19
4029,COVID-19
4029,COVID-19
4030,COVID-19
4030,STROKE
4031,COVID-19
4032,COVID-19
4033,SARS
4034,COVID-19
4034,COVID-19
4034,COVID-19
4035,COVID-19
4036,TYPE 2 DIABETES
4036,METABOLIC CONTROL
4037,MESENCHYMAL STROMAL CELLS
4037,REMESTEMCEL-L
4037,ARDS
4037,COVID-19
4038,COVID-19
4039,COVID-19
4039,ARDS
4039,RESPIRATORY FAILURE
4040,COVID-19
4040,ARDS
4041,COVID-19
4042,COVID-19
4042,CYTOKINE STORM
4042,INFLAMMATION
4043,COVID-19
4043,"OUTCOME, FATAL"
4044,COVID-19
4045,SARCOPENIA
4046,PNEUMONIA
4046,COVID-19
4047,COVID-19
4047,INTENSIVE CARE UNIT
4048,COVID-19
4049,COVID-19
4049,THROMBOSIS PULMONARY
4050,COVID-19
4051,COVID-19
4051,COVID-19
4051,PNEUMONIA
4052,COVID-19
4052,COVID-19
4052,COVID-19
4053,STRESS
4054,COVID-19
4054,COVID-19
4055,HEALTHY VOLUNTEERS
4056,COVID-19
4056,EMBOLISM AND THROMBOSIS
4056,PNEUMONIA
4057,COVID-19
4058,DEPRESSION
4058,QUALITY OF LIFE
4058,COVID-19
4058,SOCIAL ISOLATION
4059,RESPIRATORY FAILURE
4060,CHRONIC HEALTH CONDITIONS
4060,OLDER AGE IS ASSOCIATED WITH INCREASED PATHOGENICITY
4061,COVID-19
4061,IMMUNIZATION; INFECTION
4062,COVID-19
4063,COMPLICATION
4064,COVID-19
4064,CARDIOVASCULAR COMPLICATION
4064,BEHAVIORAL CHANGES
4065,COVID-19
4066,CHRONIC OBSTRUCTIVE PULMONARY DISEASE
4066,CHRONIC COUGH
4066,COVID-19
4067,COVID-19
4067,REHABILITATION
4068,COVID-19
4068,VIRAL INFECTION
4068,COVID-19
4068,VIRAL INFECTION
4069,COVID-19
4069,FATIGUE
4069,MUSCULOSKELETAL COMPLICATION
4070,COVID-19
4071,PNEUMONIA
4072,COVID-19
4073,COVID-19
4073,COVID-19
4073,ARDS
4073,AVIPTADIL
4074,COVID-19
4075,COVID-19
4075,COVID-19
4075,COVID-19
4075,SARS
4076,COVID-19
4077,COVID-19
4077,ARDS
4077,RESPIRATORY FAILURE
4078,SKIN MANIFESTATIONS
4078,COVID-19
4078,CHILBLAINS
4079,ARDS
4080,COVID-19
4080,COVID-19
4081,SARCOPENIA
4082,LIVER CIRRHOSIS
4083,OXIMETRY
4083,COVID-19
4084,COVID-19
4085,COVID-19
4085,ARDS
4086,DEMENTIA
4086,COGNITIVE IMPAIRMENT
4086,"DEPRESSION, ANXIETY"
4086,LONELINESS
4087,COVID-19
4088,COVID-19
4089,SARS
4090,COVID-19
4091,DEPRESSIVE SYMPTOMS
4091,GENERALIZED ANXIETY
4092,COVID-19
4093,COVID-19
4093,PNEUMONIA
4093,PNEUMONIA
4094,COVID-19
4095,COVID-19
4095,PNEUMONIA
4095,CYTOKINE RELEASE SYNDROME
4096,COVID-19
4096,COVID-19
4096,INFECTIOUS DISEASE
4097,COVID-19
4097,VASCULAR; DAMAGE
4098,RESPIRATORY FAILURE
4098,COVID-19
4098,BIOSENSOR
4099,COVID-19
4100,SEXUAL DYSFUNCTION
4101,COVID-19
4101,CANCER
4102,COVID-19
4102,ARDS
4103,COVID-19
4104,COVID-19
4104,COVID-19
4105,MENTAL HEALTH WELLNESS 1
4105,PTSD
4105,ANXIETY
4105,STRESS
4105,DEPRESSION
4105,COVID-19
4105,HEALTHCARE WORKERS
4106,HEMATOPOIETIC AND LYMPHOID CELL NEOPLASM
4106,MALIGNANT SOLID NEOPLASM
4106,COVID-19
4107,COVID-19
4107,RESPIRATORY FAILURE
4108,PULMONARY EMBOLISM
4108,COVID-19
4109,COVID-19
4109,COVID-19
4109,COVID-19
4110,STRESS
4110,COVID-19
4110,ANXIETY
4111,COVID-19
4112,COVID-19
4112,KIDNEY TRANSPLANT INFECTION
4113,ARDS
4113,COVID-19
4113,COVID-19
4114,COVID-19
4114,ARDS
4115,COVID-19
4115,ARDS
4116,COVID-19
4116,FLU VACCINE
4116,IMMUNITY
4117,COVID-19
4117,DIABETES MELLITUS
4118,COVID-19
4119,SECONDARY PROGRESSIVE MULTIPLE SCLEROSIS
4120,PNEUMONITIS
4121,"LONELINESS, WORRY, RUMINATION, HEALTH ANXIETY, DEPRESSION, ANXIETY"
4122,PNEUMONITIS
4122,COVID-19
4123,COVID-19
4123,VIRAL INFECTION
4123,MACROPHAGE ACTIVATION SYNDROME
4123,COVID-19
4124,COVID-19
4124,SARS
4124,PNEUMONIA
4124,COVID-19
4124,PNEUMONIA
4124,PNEUMONIA
4125,CARDIAC REHABILITATION
4126,NURSE
4126,STUDENT
4126,STRESS
4126,COVID-19
4127,COVID-19
4128,COVID-19
4129,ARDS
4129,COVID-19
4129,MYOCARDIAL INJURY
4130,COVID-19
4131,PRONE POSITION
4131,COVID-19
4131,OXYGENATION
4132,DISEASES OF THE NERVOUS SYSTEM
4132,VIRAL INFECTION
4133,COVID-19
4133,CYTOKINE STORM
4133,REGULATION OF INFLAMMATORY RESPONSE
4133,PULMONARY FIBROSIS
4134,ASTHMA IN CHILDREN
4135,RT PCR
4135,COVID-19
4135,PERSONAL PROTECTIVE EQUIPMENT PPE
4135,COVID-19
4135,HEALTH PERSONNEL ATTITUDE
4135,VIRAL INFECTION
4136,ANXIETY STATE
4137,COVID-19
4137,RESPIRATORY FAILURE
4137,ARDS
4137,COVID-19
4137,PNEUMONIA
4138,COVID-19
4138,ARDS
4138,TRACHEOSTOMY COMPLICATION
4138,RESPIRATORY FAILURE
4138,COVID-19
4139,PHYSICAL ACTIVITY
4140,COVID-19
4141,PARKINSON DISEASE
4141,COVID-19
4141,"SATISFACTION, PATIENT"
4141,QUALITY OF LIFE
4142,COVID-19
4142,SEVERE ACUTE RESPIRATORY INFECTION
4142,COVID-19
4143,STRESS
4143,ANXIETY
4143,SLEEP DISTURBANCE
4144,COVID-19
4144,SEPSIS
4145,COVID-19
4146,COVID-19
4146,COVID-19
4146,MOBILITY LIMITATION
4146,FRAILTY
4147,COVID-19
4147,COVID-19
4147,COVID-19
4147,COVID-19
4148,COVID-19
4148,ARDS
4148,"LUNG INJURY, ACUTE"
4148,VENTILATION PERFUSION MISMATCH
4149,COVID-19
4150,RESPIRATORY FAILURE
4151,COVID-19
4151,COVID-19
4151,COVID-19
4151,COVID-19
4152,COVID-19
4152,ACUTE COR PULMONALE
4152,CARDIAC FAILURE
4153,COVID-19
4154,COVID-19
4155,COVID-19
4156,COVID-19
4157,COVID-19
4158,COVID-19
4159,NURSE
4160,COVID-19
4160,INFLAMMATORY RESPONSE
4161,COVID-19
4162,ADULT PATIENTS WITH LESIONS ON FINGERS OR TOES
4163,PNEUMONIA
4163,COVID-19
4163,COVID-19
4164,COVID-19
4164,ARDS
4164,PNEUMONIA
4165,COVID-19
4165,PEDIATRIC ALL
4165,INFECTION
4165,CRITICAL ILLNESS
4165,COVID-19
4166,COVID-19
4166,COVID-19
4166,PNEUMONIA
4166,COAGULOPATHY
4167,COVID-19
4168,MAXILLOFACIAL INJURIES
4168,SKULL FRACTURES
4168,COVID-19
4169,COVID-19
4169,COVID-19
4169,COVID-19
4170,COVID-19
4171,COVID-19
4171,ARDS
4171,RESPIRATORY FAILURE
4172,SEXUAL BEHAVIOR
4172,COVID-19
4173,LAUGHTER YOGA
4173,ANXIETY
4173,LIFE SATISFACTION
4173,PSYCHOLOGICAL WELL-BEING
4173,COVID-19
4174,PULMONARY FIBROSIS
4174,INTERSTITIAL LUNG DISEASE
4174,COVID-19
4175,HIV INFECTIONS
4176,PEOPLE INCARCERATED
4176,COVID-19
4177,ADVANCED CARE PLANNING
4177,SHARED DECISION MAKING
4177,VIDEO DECISION AIDS
4177,COMMUNICATION SKILLS
4177,ADVANCE DIRECTIVES
4177,NATURAL LANGUAGE PROCESSING
4177,COVID-19
4178,STRESS
4179,COVID-19
4179,COVID-19
4179,COVID-19
4179,STRESS
4180,COVID-19
4180,HEMODYNAMIC INSTABILITY
4180,ARDS
4181,COVID-19
4182,GASTRIC CANCER
4182,COLORECTAL CANCER
4182,GASTROINTESTINAL DISEASE
4183,COVID-19
4183,RESPIRATORY FAILURE
4183,ARDS
4184,COVID-19
4185,RESPIRATORY FAILURE
4185,COVID-19
4185,COVID-19
4185,POST INTENSIVE CARE UNIT SYNDROME
4185,FAMILY MEMBERS
4185,STRESS
4185,ANXIETY
4185,DEPRESSION
4186,CRITICAL ILLNESS
4186,COVID-19
4186,PNEUMONIA
4186,COVID-19
4186,STRESS
4187,COVID-19
4188,COVID-19
4188,CARDIOVASCULAR DISEASES
4188,CARDIOVASCULAR RISK FACTOR
4189,COVID-19
4189,ARDS
4189,COVID-19
4190,PRONE POSITIONING
4190,HIGH FLOW NASAL CANNULA
4190,ARDS
4190,COVID-19
4191,COVID-19
4191,COVID-19
4192,COVID-19
4193,HEALTHY VOLUNTEERS FOR BONE MARROW DONATION
4194,COVID-19
4195,COVID-19
4195,COVID-19
4195,COVID-19
4195,COVID-19
4196,COVID-19
4196,RESPIRATORY FAILURE
4196,COVID-19
4197,ACUTE KIDNEY INJURY
4197,COVID-19
4197,ARDS
4198,COVID-19
4198,DECONDITIONING
4199,LUNG ULTRASOUND
4199,PNEUMONIA
4199,COVID-19
4200,DENTAL ANXIETY
4201,COVID-19
4201,COVID-19
4201,COVID-19
4201,COVID-19
4202,COVID-19
4203,DEEP VEIN THROMBOSIS
4204,SOLID CARCINOMA
4204,STRESS
4204,COVID-19
4205,CONTINUOUS RENAL REPLACEMENT THERAPY
4205,PULMONARY EDEMA
4205,COVID-19
4206,COVID-19
4207,ANXIETY
4207,DEPRESSION
4207,COVID-19
4207,CANCER
4207,CHRONIC DISEASE
4208,SLEEP APNEA SYNDROMES
4209,VERY PRETERM CHILDREN WITH DYSEXECUTIVE DISORDERS
4210,COVID-19
4211,COVID-19
4211,ARDS
4212,COVID-19
4213,ONCOLOGY PATIENTS
4214,COVID-19
4215,COVID-19
4216,SCLERODERMA
4216,"SCLERODERMA, SYSTEMIC"
4216,SYSTEMIC SCLEROSIS
4217,ANXIETY
4217,PARENTS
4217,COVID-19
4218,COVID-19
4218,RESPIRATORY FAILURE
4219,POST-VIRAL FATIGUE SYNDROME
4219,POST-VIRAL DISORDER (DISORDER)
4219,COVID-19
4220,COVID-19
4221,COVID-19
4221,CRITICAL ILLNESS
4221,CRITICAL ILLNESS POLYNEUROMYOPATHY
4221,EARLY MOBILIZATION
4221,REHABILITATION
4221,ROBOTICS
4222,SEDATION COMPLICATION
4222,COVID-19
4223,COVID-19
4223,ARDS
4224,COVID-19
4224,BURN OUT
4224,STRESS
4225,PNEUMONIA
4226,STRESS
4227,COVID-19
4228,COVID-19
4229,HOMELESS
4230,COVID-19
4231,STROKE
4231,REHABILITATION
4231,COVID-19
4231,COHORT STUDIES
4232,COVID-19
4233,INFERTILITY TREATMENT
4233,WOMEN
4234,LONELINESS
4234,DEPRESSION
4234,ANXIETY
4234,ALCOHOL ABUSE
4234,DRUG ABUSE
4235,STRESS
4235,ANXIETY
4235,SLEEP DISTURBANCE
4235,BURNOUT
4235,PTSD
4236,COVID-19
4236,ARDS
4236,REHABILITATION
4236,INTENSIVE CARE UNIT ACQUIRED WEAKNESS
4236,CRITICAL ILLNESS POLYNEUROMYOPATHY
4237,COVID-19
4237,SARS
4238,COVID-19
4238,KIDNEY TRANSPLANT; COMPLICATIONS
4238,IMMUNOSUPPRESSION
4239,GUT MICROBIOME
4239,GASTROINTESTINAL MICROBIOME
4239,COVID-19
4239,COVID-19
4239,COVID-19
4239,COVID-19
4239,CORONAVIRIDAE INFECTIONS
4239,COVID-19
4239,COVID-19
4239,COVID-19
4240,COVID-19
4240,PSYCHIATRIC DISORDER
4240,STRESS
4241,COVID-19
4241,COVID-19
4241,COVID-19
4241,COVID-19
4241,COVID-19
4241,PNEUMONIA
4241,COVID-19
4242,COVID-19
4242,VITAMIN D DEFICIENCY
4242,COVID-19
4242,ARDS
4242,COVID-19
4242,COVID-19
4243,COVID-19
4243,PNEUMONIA
4243,HYPOXEMIA
4244,ARDS
4244,COVID-19
4244,RESPIRATORY FAILURE
4244,RESPIRATORY FAILURE
4244,RESPIRATORY COMPLICATION
4244,RESPIRATORY FAILURE
4244,CARDIAC DYSFUNCTION
4244,PNEUMONIA
4244,PULMONARY EDEMA
4244,PULMONARY INFLAMMATION
4244,RESPIRATORY FAILURE
4244,CYTOKINE STORM
4244,COVID-19
4244,COVID-19
4244,CARDIAC EVENT
4244,CARDIAC COMPLICATION
4244,CARDIAC FAILURE
4244,CARDIAC INFARCT
4245,CHRONIC LIVER DISEASE
4245,HEPATIC CARCINOMA
4246,COVID-19
4247,SARS
4248,COVID-19
4248,ARDS
4248,PNEUMONIA
4248,ACUTE LUNG INJURY
4249,COVID-19
4250,COVID-19
4250,HOSPITALIZATION IN RESPIRATORY DISEASE DEPARTMENT
4251,OLFACTORY DISORDER
4252,COVID-19
4252,MACHINE LEARNING
4253,VIRAL INFECTION
4254,COVID-19
4254,CYTOKINE STORM
4254,ARDS
4255,COVID-19
4256,CANCER
4256,COVID-19
4257,COVID-19
4257,SYSTEMIC DISEASE
4257,SYSTEMIC LUPUS ERYTHEMATOSUS
4257,SJOGREN'S SYNDROME
4257,SARCOIDOSIS
4257,INFLAMMATORY MYOPATHY
4257,BEHÇET DISEASE
4257,RHEUMATOID ARTHRITIS
4257,SPONDYLOARTHRITIS
4258,COVID-19
4259,COVID-19
4260,COVID-19
4260,COVID-19
4261,FEEDING AND EATING DISORDERS
4262,RESPIRATORY FAILURE
4263,HEMATOPOIETIC AND LYMPHOID CELL NEOPLASM
4263,MALIGNANT SOLID NEOPLASM
4263,COVID-19
4264,COVID-19
4264,PNEUMONIA
4265,ANXIETY
4265,DEPRESSION
4265,INSOMNIA
4265,COVID-19
4265,COVID-19
4266,FACE-TO-FACE RECONSULTATION TO EMERGENCY ROOM
4267,COVID-19
4267,OXYGEN THERAPY
4267,PRONE POSITION
4267,SPONTANEOUS VENTILATION
4267,RESPIRATORY FAILURE
4268,COVID-19
4269,COVID-19
4269,COMORBIDITIES AND COEXISTING CONDITIONS
4269,"RISK FACTOR, CARDIOVASCULAR"
4269,DEATH
4269,DIABETES
4269,COPD
4269,ATRIAL FIBRILLATION
4269,DVT
4269,CKD
4270,HAND ECZEMA
4270,HAND DERMATITIS
4270,COVID-19
4271,SARS
4272,COVID-19
4273,COVID-19
4273,COVID-19
4273,PNEUMONIA
4274,SARS
4274,RESPIRATORY FAILURE
4274,ARDS
4275,CONSENT
4276,ARDS
4276,COVID-19
4277,ACUTE KIDNEY INJURY
4277,COVID-19
4278,COVID-19
4278,COVID-19
4278,COVID-19
4278,MYOSITIS
4278,MYOCARDITIS
4279,PNEUMONIA
4279,COVID-19
4279,PNEUMONIA
4280,FRAILTY
4281,COVID-19
4281,COVID-19
4281,SARS
4281,ARDS
4282,PARKINSON DISEASE
4282,STROKE
4283,COVID-19
4283,HYDROGEN/OXYGEN MIXED GAS
4283,DYSPNEA
4284,COVID-19
4284,SARS
4284,OBESITY
4284,COMORBIDITIES AND COEXISTING CONDITIONS
4285,COVID-19
4285,COVID-19
4285,COVID-19
4286,COVID-19
4287,COVID-19
4287,ACUTE KIDNEY INJURY
4288,COVID-19
4289,STRESS
4289,STRESS
4289,LIFE STYLE INDUCED ILLNESS
4289,ANXIETY DEPRESSION
4289,COVID-19
4290,ARDS
4290,COVID-19
4291,PERFORATED APPENDICITIS
4291,COVID-19
4292,COVID-19
4293,COVID-19
4293,ME/CFS
4293,SARS
4293,COVID-19
4293,NEUROCOGNITIVE DISORDERS
4293,CARDIOVASCULAR DISEASES
4294,RESPIRATORY FAILURE
4295,COVID-19
4296,"RESPIRATORY SYNDROME, ACUTE, SEVERE"
4296,RESPIRATORY FAILURE
4296,PNEUMONIA
4297,COVID-19
4297,COVID-19
4297,ARDS
4297,ARDS
4298,COVID-19
4298,COVID-19
4299,COVID-19
4299,HYDROGEN-OXYGEN GAS
4299,AMS-H-03
4300,"PERCEIVED ORGANIZATIONAL SUPPORT, ANXIETY, BURNOUT"
4301,COVID-19
4301,RESPIRATORY MUSCLE TRAINING
4301,RESPIRATORY FUNCTION TEST
4301,QUALITY OF LIFE
4301,PSYCHOSOCIAL FACTOR
4302,COVID-19
4302,PNEUMONIA
4302,ARDS
4303,COVID-19
4304,AIRWAY MANAGEMENT
4304,INTENSIVE CARE UNIT
4304,COVID-19
4305,STRESS
4306,COVID-19
4306,HYPERACTIVE DELIRIUM
4306,PNEUMONIA
4307,COVID-19
4308,COVID-19
4308,COVID-19
4309,"2019 NCOV, PD-1"
4310,COVID-19
4310,ARDS
4311,COVID-19
4311,ONCOLOGY
4311,HAEMATOLOGICAL MALIGNANCY
4312,BRIEF VIDEO-BASED INTERVENTION
4312,NON INTERVENTION CONTROL
4313,COVID-19
4313,SARS
4314,BRIEF VIDEO-BASED INTERVENTION
4314,VIGNETTE BASED INTERVENTION
4314,NON INTERVENTION CONTROL ARM
4315,COVID-19
4316,INFLAMMATORY BOWEL DISEASES
4316,COVID-19
4317,OBSTRUCTIVE SLEEP APNEA-HYPOPNEA SYNDROME
4318,LUNG ULTRASOUND
4318,PNEUMONIA
4318,COVID-19
4319,STRESS
4319,"ADJUSTMENT, PSYCHOLOGICAL"
4319,COVID-19
4320,COVID-19
4321,HEALTHY PARTICIPANTS
4321,INTRUSIVE MEMORIES
4322,COVID-19
4323,"SURGICAL PROCEDURE, UNSPECIFIED"
4324,TO ASSESS SURFACTANT LEVELS IN LUNG FLUID
4325,COVID-19
4326,INTRACRANIAL HYPERTENSION
4326,CEREBRAL CIRCULATORY FAILURE
4327,COAGULOPATHY
4327,CARDIOVASCULAR COMPLICATION
4327,COVID-19
4328,ARDS
4329,COVID-19
4330,COVID-19
4330,TYPE 2 DIABETES
4331,COVID-19
4331,ACUTE LUNG INJURY
4331,ARDS
4331,PNEUMONIA
4332,COVID-19
4332,HYDROXYCHLOROQUINE
4332,PROPHYLAXIS
4332,TREATMENT
4332,COVID-19
4333,STRESS
4334,CONVALESCENCE
4334,COVID-19
4334,PLAQUE
4335,VIRAL INFECTION
4336,LUNG FUNCTION
4336,EXERCISE CAPACITY
4336,QUALITY OF LIFE
4336,COVID-19
4337,COVID-19
4337,BREAST CANCER
4338,OCCUPATIONAL HEALTH
4339,COVID-19
4340,COVID-19
4341,COVID-19
4341,COVID-19
4341,AUTOIMMUNE DISEASES
4341,"COAGULATION DISORDER, BLOOD"
4342,COVID-19
4342,COVID-19
4342,MORTALITY
4342,MECHANICAL VENTILATION
4343,ARDS
4343,COVID-19
4343,COVID-19
4343,COVID-19
4343,SARS
4344,LUNG DISEASES
4344,CARDIAC DISEASE
4344,INFLAMMATORY REACTION
4345,IMMUNOLOGIC ACTIVITY ALTERATION
4346,MENTAL HEALTH DISORDER
4346,DEPRESSION
4346,STRESS
4346,BURNOUT
4346,ANXIETY DISORDERS
4347,COVID-19
4348,COVID-19
4349,"FLU, HUMAN"
4349,"INFLUENZA, HUMAN"
4349,COVID-19
4350,DENTAL SURGEON
4351,COVID-19
4352,HEALTHY
4353,COVID-19
4353,COVID-19
4353,COVID-19
4353,NITRIC OXIDE
4353,RESPIRATORY DISEASE
4353,PNEUMONIA
4353,INHALED NITRIC OXIDE
4354,ANXIETY STATE
4354,COVID-19
4354,"ISOLATION, SOCIAL"
4354,HEALTH PERSONNEL ATTITUDE
4355,COVID-19
4355,RESPIRATORY RATE
4355,HYPOXIA
4355,COVID-19
4356,HYPERTENSION
4356,SOCIAL ISOLATION
4356,COVID-19
4357,ANGINA PECTORIS
4357,ACUTE CORONARY SYNDROME
4357,CORONARY SYNDROME
4357,CORONARY ARTERY DISEASE
4357,ANGIOPLASTY
4357,STENT RESTENOSIS
4357,HYPERTENSION
4357,"HEART FAILURE, SYSTOLIC"
4357,"DEPRESSION, ANXIETY"
4357,COVID-19
4357,"ISOLATION, SOCIAL"
4358,COVID-19
4358,COVID-19
4358,COVID-19
4358,ARDS
4359,COVID-19
4360,COVID-19
4360,COVID-19
4360,"WORKER-PATIENT TRANSMISSION, HEALTHCARE"
4361,ANOSMIA
4361,COVID-19
4361,AGEUSIA
4361,HYPOSMIA
4361,HYPOGEUSIA
4361,COVID-19
4361,COVID-19
4362,COVID-19
4362,DIABETES MELLITUS
4362,HYPERTENSION
4362,OBESITY
4363,PNEUMONITIS
4363,COVID-19
4364,HEMATOLOGIC MALIGNANCIES
4365,MONOCLONAL B-CELL LYMPHOCYTOSIS
4365,CHRONIC LYMPHOCYTIC LEUKEMIA/SMALL LYMPHOCYTIC LYMPHOMA
4365,B-CELL NON HODGKIN LYMPHOMA
4365,HODGKIN LYMPHOMA
4366,SEPSIS SYNDROME
4367,COVID-19
4367,METABOLIC SYNDROME
4367,TYPE 2 DIABETES
4368,COVID-19
4368,COVID-19
4368,COVID-19
4369,COVID-19
4369,COVID-19
4369,PNEUMONIA
4369,COVID-19
4370,PULMONARY TUBERCULOSIS
4370,TUBERCULOSIS DIAGNOSIS
4370,COVID-19
4370,HIV
4371,COVID-19
4371,CHARACTER OF THE SEVERE PATIENTS
4372,STRESS
4373,COVID-19
4373,COVID-19
4373,RESPIRATORY DISEASE
4373,PNEUMONIA
4373,COVID-19
4374,COVID-19
4375,COVID-19
4375,COVID-19
4375,SARS
4375,PNEUMONIA
4375,ARDS
4375,PNEUMONIA
4376,COVID-19
4377,PROBLEM SOLVING
4378,COVID-19
4378,COVID-19
4378,COVID-19
4378,2019-NCOV
4378,COVID-19
4379,ACUTE KIDNEY INJURY
4379,COVID-19
4380,MENTAL HEALTH ISSUE
4381,COVID-19
4382,"DIABETES MELLITUS, TYPE 2"
4382,"OBESITY, MORBID"
4382,BARIATRIC SURGERY CANDIDATE
4383,COVID-19
4383,TRUST
4383,MISINFORMATION
4384,COVID-19
4384,RESPIRATORY REHABILITATION
4384,CROSS-SECTIONAL STUDY
4384,COHORT STUDY
4385,TELEREHABILITATION
4386,COVID-19
4386,SARS
4386,CYTOKINE STORM
4386,CYTOKINE RELEASE SYNDROME
4386,TOCILIZUMAB
4387,COVID-19
4388,COVID-19
4388,PNEUMONIA
4389,RESPIRATORY FAILURE
4389,VENTILATORY FAILURE
4389,COVID-19
4389,PNEUMONIA
4389,ARDS
4390,OVERNIGHT INTENSIVE RECOVERY
4390,POSTOPERATIVE CARE
4391,2019-NCOV
4392,STRESS
4392,STRESS
4392,AUTISM SPECTRUM DISORDER
4393,COVID-19
4393,QUALITY OF LIFE
4393,BEHAVIOR
4393,SOCIAL ISOLATION
4394,COVID-19
4394,ADVANCED OR METASTATIC HEMATOLOGICAL OR SOLID TUMOR
4395,ARDS
4395,COVID-19
4395,RESPIRATORY FAILURE
4396,MORTALITY
4396,INTENSIVE CARE UNIT
4397,AKI
4397,ARDS
4397,COVID-19
4398,COVID-19
4398,RESPIRATORY FAILURE
4398,ARDS
4398,POST INTENSIVE CARE UNIT SYNDROME
4398,SURVIVORSHIP
4399,RHEUMATOID ARTHRITIS
4399,PSORIATIC ARTHRITIS
4399,SPONDYLOARTHRITIS
4399,CROHN DISEASE
4399,ULCERATIVE COLITIS
4399,AUTOIMMUNE HEPATITIS
4399,LIVER TRANSPLANT; COMPLICATIONS
4400,COVID-19
4400,RESPIRATORY FAILURE
4400,PNEUMONIA
4400,COVID-19
4401,COVID-19
4402,RHEUMATISM
4403,NEOPLASMS
4403,COVID-19
4404,COVID-19
4405,CORTICOSTEROIDS
4405,COVID-19
4405,COVID-19
4405,STEROIDS
4405,DEXAMETHASONE
4406,RESPIRATORY FAILURE
4406,COVID-19
4406,TRAUMA
4406,STROKE
4406,SEPSIS
4406,SHOCK
4407,COVID-19
4407,COVID-19
4407,ARDS
4407,ARDS
4407,RESPIRATORY FAILURE
4408,COVID-19
4408,TELEMEDICINE
4408,ROBOTICS
4408,EMERGENCIES
4408,EMERGING INFECTIOUS DISEASE
4409,FLU LIKE ILLNESS
4410,COVID-19
4411,CEREBRAL PALSY
4412,COVID-19
4413,COVID-19
4413,COVID-19
4413,COVID-19
4414,"DISEASE, VIRAL"
4414,CYTOKINE RELEASE SYNDROME
4414,TLRS
4415,BEREAVEMENT
4415,SEVERE GRIEF REACTION
4416,COVID-19
4417,COVID-19
4418,COLO-RECTAL CANCER
4418,COLON CANCER
4418,RECTAL CANCER
4418,ONCOLOGY
4418,SURGERY
4419,COVID-19
4419,CARDIOVASCULAR DISEASES
4419,CARDIOVASCULAR RISK FACTOR
4419,HEART FAILURE
4420,ALZHEIMER DISEASE
4420,TELEREHABILITATION
4420,ONLINE PHYSICAL EXERCISE
4420,COMPUTERIZED COGNITIVE STIMULATION
4420,COVID-19
4421,ANXIETY DEPRESSION
4421,ALCOHOL ABUSE
4421,SUBSTANCE ABUSE
4421,ANGER
4421,SLEEP DISTURBANCE
4421,STRESS
4422,COVID-19
4423,VACCINE REFUSAL
4424,2019-NCOV
4424,IMMUNOGLOBULIN OF CURED PATIENTS
4425,"FIBROMYALGIA, PRIMARY"
4426,RESPIRATORY FAILURE
4427,COVID-19
4427,NINTEDANIB
4427,SAFETY
4427,EFFECT OF DRUGS
4428,COVID-19
4428,PNEUMONIA
4428,CYTOKINE RELEASE SYNDROME
4428,COVID-19
4428,VIRAL INFECTION
4429,COVID-19
4430,COVID-19
4430,RESPIRATORY FAILURE
4430,COVID-19
4430,COVID-19
4431,COVID-19
4431,PNEUMONIA
4431,PNEUMONIA
4431,COVID-19
4432,COVID-19
4433,PSYCHOTIC DISORDERS
4433,ANXIETY DEPRESSION
4434,DEPRESSION
4435,COVID-19
4435,SCHOOLS
4436,COVID-19
4436,COVID-19
4436,SARS
4436,PULMONARY DISEASE
4437,COVID-19
4437,"BURNOUT, CAREGIVER"
4437,INTENSIVE CARE UNIT
4437,STRESS
4438,DEPRESSION
4438,GENERALIZED ANXIETY
4438,ADHERENCE TO NON-PHARMACOLOGICAL EPIDEMIOLOGICAL INTERVENTIONS (NPIS)
4439,COVID-19
4440,COVID-19
4440,ANXIETY
4440,DEPRESSION
4440,STRESS
4441,PSYCHOLOGICAL
4442,COVID-19
4442,COVID-19
4442,ARDS
4442,CYTOKINE STORM
4442,CYTOKINE RELEASE SYNDROME
4443,COVID-19
4444,COVID-19
4444,SEVERE NEUROLOGIC INJURY
4444,ISCHEMIC STROKE
4444,HEMORRHAGIC STROKE
4444,INTRACEREBRAL HEMORRHAGE
4444,SUBARACHNOID HEMORRHAGE
4444,TRAUMATIC BRAIN INJURY
4444,STATUS EPILEPTICUS
4445,ANXIETY DISORDER OF CHILDHOOD OR ADOLESCENCE
4446,HEALTH PERSONNEL
4446,STRESS
4446,ANXIETY
4446,INSOMNIA
4446,HYPERAROUSAL
4446,COVID-19
4446,COVID-19
4447,SARS
4448,CARDIOVASCULAR DISEASES
4448,COVID-19
4449,COVID-19
4449,COVID-19
4449,COVID-19
4449,COVID-19
4449,COVID-19
4449,COVID-19
4449,COVID-19
4450,COVID-19
4451,COVID-19
4451,COVID-19
4451,"RESISTANCE, DISEASE"
4451,HYPOTHERMIA
4451,HYPOTHERMIA DUE TO COLD ENVIRONMENT
4452,COVID-19
4452,PNEUMONIA
4452,BAROTRAUMA
4452,INTERSTITIAL LUNG DISEASE
4452,BRONCHIECTASIS ADULT
4452,EMPHYSEMA
4453,COVID-19
4453,EXERCISE TOLERANCE
4453,QUALITY OF LIFE
4453,LUNG FUNCTION
4453,FATIGUE INTENSITY
4454,HERPES ZOSTER
4454,ALLERGY AND IMMUNOLOGY
4454,COVID-19
4455,COVID-19
4456,COVID-19
4457,HIV-1-INFECTION
4457,HYPERTENSION
4458,COVID-19
4458,SARS
4458,VIRAL INFECTION
4458,CORONAVIRIDAE INFECTIONS
4458,NIDOVIRALES INFECTIONS
4458,RNA VIRUS INFECTIONS
4458,RESPIRATORY TRACT INFECTIONS
4458,RESPIRATORY TRACT DISEASES
4459,COVID-19
4460,COVID-19
4460,APPENDICITIS
4460,"CHOLECYSTITIS, ACUTE"
4460,CHOLECYSTITIS; GALLSTONE
4460,CHOLECYSTITIS
4461,ARDS
4461,COVID-19
4462,COVID-19
4462,CARDIOPULMONARY DISEASE
4462,"WEAKNESS, MUSCLE"
4462,HYPOXIA
4462,DEBILITY DUE TO DISEASE
4463,ORTHOPAEDIC DISORDERS
4464,RSV INFECTION
4464,COVID-19
4465,CARDIAC ARREST
4465,EMERGENCIES
4466,HEALTHY PARTICIPANTS
4467,VIRAL INFECTION
4468,COVID-19
4468,STRESS
4469,HYPOHIDROTIC ECTODERMAL DYSPLASIA
4470,COVID-19
4471,COVID-19
4471,COVID-19
4471,SARS
4471,CYTOKINE RELEASE SYNDROME
4471,CYTOKINE STORM
4472,COVID-19
4472,COVID-19
4472,SARS
4472,RESPIRATORY FAILURE
4472,RESPIRATORY FAILURE
4472,RESPIRATORY FAILURE
4472,ARDS
4472,LUNG DISEASES
4473,SLEEP DISTURBANCE
4473,INSOMNIA
4474,COVID-19
4475,COVID-19
4475,COVID-19
4475,ART
4475,FERTILITY ISSUES
4476,"BURNOUT, PROFESSIONAL"
4476,STRESS
4477,VACCINATION REFUSAL
4477,COMMUNICATION
4478,ARDS
4479,COVID-19
4480,COVID-19
4480,STRESS
4480,STRESS
4480,EPIDEMIC DISEASE
4480,COVID-19
4481,MAJOR DEPRESSIVE DISORDER
4482,SARS
4482,COVID-19
4483,ARDS
4483,ARDS
4483,COVID-19
4484,EXERCISE
4484,DETRAINING
4484,MUSCLE WEAKNESS
4484,MUSCLE ATROPHY
4485,COVID-19
4485,COVID-19
4486,COVID-19
4486,COVID-19
4486,COVID-19
4486,COVID-19
4486,COVID-19
4486,COVID-19
4486,COVID-19
4486,PNEUMONIA
4487,VIRAL INFECTION
4487,COVID-19
4488,ACUTE RESPIRATORY TRACT INFECTION
4488,RESPIRATORY FAILURE
4488,PNEUMONIA
4488,SEPTIC SHOCK
4488,HYPOXEMIA
4489,COVID-19
4489,RESPIRATORY FAILURE
4490,COVID-19
4490,COVID-19
4490,COVID-19
4490,COVID-19
4490,RESPIRATORY FAILURE
4490,RESPIRATORY FAILURE
4491,COVID-19
4491,SARS
4491,COVID-19
4491,ACUTE KIDNEY INJURY
4492,"DIABETIC PATIENT (TYPE 1,2, MODY, SECONDARY) OR WITH CORTICOSTEROID-INDUCED DIABETES FOLLOWING INITIATION OF CORTICOSTEROID TREATMENT"
4493,CARDIOVASCULAR PREVENTION BEHAVIOUR
4494,COVID-19
4495,BUDESONIDE
4495,OLFACTION DISORDERS
4495,COVID-19
4495,ANOSMIA
4496,COVID-19
4497,COVID-19
4498,PNEUMONIA
4499,RESPIRATORY FAILURE
4499,COVID-19
4499,MECHANICAL VENTILATION
4500,STRESS
4500,CAREER BURNOUT
4500,SATISFACTION
4501,COVID-19
4502,POSTPARTUM DEPRESSION
4503,ST ELEVATED MYOCARDIAL INFARCTION UNDERGOING MECHANICAL REPERFUSION
4504,INFECTIOUS DISEASE
4504,PNEUMONIA
4504,MOLECULAR DIAGNOSIS
4504,COVID-19
4504,ARDS
4505,COLON CANCER
4506,ALCOHOL DRINKING
4506,ALCOHOL-RELATED DISORDERS
4506,PANDEMIC
4506,STRESS
4507,COVID-19
4508,HIV INFECTIONS
4508,SYPHILIS
4509,COVID-19
4510,COVID-19
4511,PERINATAL DEPRESSION
4511,SPECIFIC PHOBIA
4511,PERINATAL ANXIETY
4512,COVID-19
4513,SARS
4514,COVID-19
4514,COVID-19
4514,COVID-19
4514,COVID-19
4514,SARS
4514,COVID-19
4514,COVID-19
4514,ARDS
4514,ARDS
4515,COVID-19
4515,COVID-19
4515,ARDS
4515,ARDS
4516,MITOCHONDRIAL DISEASE
4517,COVID-19
4517,PNEUMONIA
4518,OBESITY
4518,TELEMEDICINE
4518,BARIATRIC SURGERY
4519,COVID-19
4519,RESPIRATORY FAILURE
4519,HYPOXIA
4520,COVID-19
4521,COVID-19
4522,COVID-19
4523,COVID-19
4523,COVID-19
4524,SPONDYLOARTHRITIS
4524,RHEUMATOID ARTHRITIS
4524,COVID-19
4525,AUTISM SPECTRUM DISORDER
4525,ATTENTION-DEFICIT HYPERACTIVITY DISORDER
4526,SARS
4527,COVID-19
4527,ARDS
4527,ARDS
4527,RESPIRATORY FAILURE
4527,COVID-19
4528,COVID-19
4528,RESPIRATORY DISEASE
4528,SARS
4529,HEALTHY
4530,ACUTE KIDNEY INJURY
4531,PANCREATITIS
4532,COVID-19
4532,"DIABETES MELLITUS, TYPE 2"
4533,TYPE 1 DIABETES
4534,ANXIETY
4534,COVID-19
4535,COVID-19
4535,ARDS
4536,COVID-19
4537,DYSPHAGIA
4537,DYSPHONIA
4537,SUBGLOTTIC STENOSIS
4537,VOICE DISORDERS
4537,SWALLOWING DISORDER
4537,COVID-19
4537,SARS
4537,PNEUMONIA
4537,QUALITY OF LIFE
4537,COVID-19
4538,STRESS
4539,"SOCIAL ACCEPTANCE, SOCIAL ANXIETY"
4540,COVID-19
4541,HEMATOPOIETIC AND LYMPHOID CELL NEOPLASM
4541,MALIGNANT SOLID NEOPLASM
4541,PNEUMONIA
4541,PNEUMONITIS
4541,ARDS
4541,COVID-19
4542,TYPE 2 DIABETES MELLITUS
4543,"DEPRESSION, ANXIETY"
4544,COVID-19
4544,COVID-19
4544,ACUTE LUNG INJURY
4544,ISCHEMIA LIMB
4544,ARDS
4545,COVID-19
4546,SPINAL CORD INJURIES
4547,MYOCARDIAL INFARCTION
4548,HEALTHY
4548,CHRONIC DISEASE
4549,PULMONARY FIBROSIS
4549,INTERSTITIAL LUNG DISEASE
4549,RESPIRATORY DISEASE
4550,COVID-19
4551,COVID-19
4551,ENDOTHELIAL DYSFUNCTION
4551,MICROVASCULAR RAREFACTION
4552,COVID-19
4553,COVID-19
4554,COVID-19
4554,COVID-19
4554,SARS
4554,"THROMBOEMBOLISM, VENOUS"
4554,ANTICOAGULANTS AND BLEEDING DISORDERS
4555,COVID-19
4555,ACUTE CORONARY SYNDROME
4555,MYOCARDIAL INFARCTION
4555,MYOCARDITIS
4555,VENOUS THROMBOEMBOLISM
4555,DEEP VEIN THROMBOSIS
4555,PULMONARY EMBOLISM
4556,COVID-19
4557,CRITICALLY ILLNESS
4557,SEDATION
4557,INVASIVE MECHANICAL VENTILATION
4557,ARDS
4558,COVID-19
4559,COVID-19
4559,CRITICAL ILLNESS
4559,VENOUS THROMBOEMBOLISM
4559,VENOUS THROMBOSES
4559,"VENOUS THROMBOSES, DEEP"
4559,VENOUS THROMBOSIS PULMONARY
4559,PULMONARY EMBOLISM
4559,PULMONARY EMBOLISM AND THROMBOSIS
4559,COVID-19
4559,COVID-19
4560,COVID-19
4561,CANCER
4562,STOMACH CANCER
4562,COVID-19
4563,HIV-1-INFECTION
4563,CANCER
4563,PRIMARY IMMUNE DEFICIENCY DISORDER
4563,IMMUNOSUPPRESSION DISORDERS
4563,COVID-19
4564,COVID-19
4565,COVID-19
4565,NASOPHARYNGITIS
4565,ANOSMIA
4565,FEVER
4565,MYALGIA
4565,COUGH
4565,NASAL CONGESTION
4566,INSOMNIA
4566,METACOGNITIVE BELIEFS
4566,ANXIETY
4566,DEPRESSION
4566,SLEEP
4567,DEVIANT SEXUAL FANTASIES
4568,COVID-19
4568,PREGNANCY COMPLICATIONS
4568,MENTAL HEALTH WELLNESS 1
4568,ANXIETY
4568,DEPRESSION
4568,PTSD
4568,COVID-19
4569,PNEUMONIA
4569,PNEUMONIA
4570,UPPER RESPIRATORY TRACT INFECTIONS
4570,VIRUS
4570,COVID-19
4570,VIRUS SHEDDING
4570,VIRAL INFECTION
4571,COVID-19
4571,THROMBOSIS
4571,PULMONARY EMBOLISM
4571,DEEP VEIN THROMBOSIS
4572,MOTHER-CHILD INTERACTION
4573,SUBSTANCE USE DISORDERS
4573,ALCOHOL USE DISORDER
4574,COVID-19
4574,PNEUMONIA
4574,ARDS
4575,COVID-19
4576,COVID-19
4576,FINANCIAL DISCLOSURE
4577,CACHEXIA
4577,MUSCLE LOSS
4577,MUSCLE WASTING
4577,MUSCLE ATROPHY
4577,CRITICAL ILLNESS
4578,COVID-19
4578,MENTAL HEALTH BURDEN
4579,DIAGNOSES DISEASE
4579,COVID-19
4580,ISOLATION
4580,ANXIETY
4580,HEALTH CARE UTILIZATION
4580,SICKLE CELL DISEASE
4580,PAIN
4581,QUALITY OF LIFE
4581,STRESS
4581,EMOTIONAL ADJUSTMENT
4582,RESPIRATORY TRACT INFECTIONS
4582,RESPIRATORY TRACT DISEASE
4583,APLASTIC ANEMIA
4583,HEMATOPOIETIC AND LYMPHOID CELL NEOPLASM
4583,MALIGNANT SOLID NEOPLASM
4583,MONOCLONAL B-CELL LYMPHOCYTOSIS
4583,MONOCLONAL GAMMOPATHY OF UNDETERMINED SIGNIFICANCE
4583,MYELODYSPLASTIC SYNDROME
4583,COVID-19
4584,COVID-19
4584,COVID-19
4585,COVID-19
4585,COVID-19
4586,HEMOPHILIA ARTHROPATHY
4587,COVID-19
4588,STRESS
4588,BURNOUT
4588,ANXIETY
4588,DEPRESSION
4588,COVID-19
4589,EATING HABITS
4590,COVID-19
4591,COVID-19
4591,CRITICAL ILLNESS
4592,COVID-19
4593,COVID-19
4593,COVID-19
4594,PNEUMONIA
4595,CRITICAL ILLNESS
4595,COVID-19
4595,CYTOKINE RELEASE SYNDROME
4596,COVID-19
4596,COVID-19
4596,COVID-19
4597,QUESTIONNAIRE DESIGNS
4597,COVID-19
4597,STRESS
4597,COPING SKILLS
4597,TWO-ITEM GENERALISED ANXIETY DISORDER SCALE
4597,PATIENT HEALTH QUESTIONNAIRE ANXIETY AND DEPRESSION SCALE
4597,HEALTH STATUS INDEX
4597,SUBJECTIVE HEALTH COMPLAINT
4597,MOOD
4598,COVID-19
4599,STRESS
4600,COVID-19
4601,MENTAL HEALTH WELLNESS 1
4602,"SOLID TUMOR, ADULT"
4603,COVID-19
4604,STRESS
4605,COVID-19
4605,FAVIPIRAVIR
4605,KALETRA
4605,HYDROXYCHLOROQUINE
4605,LOPINAVIR/RITONAVIR
4606,COVID-19
4607,STRESS
4607,EMOTIONAL DYSFUNCTION
4607,ANXIETY
4607,DEPRESSION
4608,COVID-19
4609,STRESS
4610,COVID-19
4611,TELEHEALTH
4612,COVID-19
4613,GASTROINTESTINAL DISEASE
4613,INFECTIOUS DISEASE
4614,STRESS
4615,ARDS
4615,COVID-19
4616,STRESS
4616,DEPRESSION
4616,ANXIETY
4617,INTUBATION COMPLICATION
4617,INTUBATION; DIFFICULT OR FAILED
4617,CARDIAC ARREST
4617,INFLUENZA
4617,SAFETY ISSUES
4618,COVID-19
4618,SOCIAL ISOLATION
4618,MENTAL HEALTH IMPAIRMENT
4619,CHRONIC CORONARY SYNDROME
4619,HEART FAILURE
4619,AMD AND MACULAR EDEMA
4619,RESPIRATORY FAILURE
4619,HEMOPHILIA
4619,MALIGNANT HEMOPATHY
4619,MULTIPLE SCLEROSIS
4619,HORTON'S DISEASE
4620,CHILDHOOD OBESITY
4621,COVID-19
4622,COVID-19
4623,BURNOUT
4624,PARENTING
4624,ANXIETY
4624,DEPRESSION
4624,ANGER
4625,COVID-19
4625,COVID-19
4625,PNEUMONIA
4626,INFLAMMATORY BOWEL DISEASES
4626,COVID-19
4627,COVID-19
4628,MENTAL DISORDER
4629,TRAINING
4630,"STROKE, ACUTE"
4631,COVID-19
4632,CYSTIC FIBROSIS
4633,COVID-19
4634,CYTOKINE STORM
4634,COVID-19
4635,STRESS
4635,ANXIETY
4635,DEPRESSION
4636,COVID-19
4637,SOCIAL MEDIA
4637,COVID-19
4638,COVID-19
4638,COVID-19
4638,COVID-19
4639,SOCIAL DISTANCE
4640,COVID-19
4640,PERSONAL PROTECTIVE EQUIPMENT
4641,COVID-19
4641,HEMATOPOIETIC AND LYMPHOID CELL NEOPLASM
4641,MALIGNANT SOLID NEOPLASM
4642,COVID-19
4643,"DEPRESSION, ANXIETY"
4644,COVID-19
4645,RESPIRATORY FAILURE
4646,PNEUMONIA
4646,COVID-19
4646,RESPIRATORY FAILURE
4646,EMBOLISM AND THROMBOSIS
4647,RESPIRATORY FAILURE
4647,ARDS
4648,NUMBER OF PATIENTS DURING THE STUDYING PERIOD
4648,REASON FOR CONSULTATION
4649,COVID-19
4649,CRITICAL ILLNESS
4649,HIGH INTENSITY INTERVAL TRAINING
4649,ICU
4649,INTENSIVE CARE UNITS
4649,FITNESS TRACKERS
4650,KIDNEY TRANSPLANT RECIPIENTS
4651,STRESS
4651,MORAL INJURY
4652,COVID-19
4653,ANXIETY
4654,PSYCHOSIS;SCHIZOPHRENIC
4654,PERSONALITY DISORDERS
4654,MOOD DISORDERS
4654,ANXIETY DISORDERS
4654,STRESS
4655,COVID-19
4656,PREGNANCY COMPLICATIONS
4656,"PREGNANCY, HIGH RISK"
4656,PREGNANCY INDUCED HYPERTENSION
4656,NEWBORN MORBIDITY
4656,FETAL GROWTH RETARDATION
4656,FETUS DISORDER
4656,"WEIGHT GAIN, MATERNAL"
4656,MATERNAL-FETAL RELATIONS
4657,MULTIPLE SCLEROSIS
4657,COVID-19
4658,CHILD DEVELOPMENT
4658,MOTHER-INFANT INTERACTION
4658,COVID-19
4659,PATIENT PREFERENCE
4660,COVID-19
4661,COVID-19
4662,HEALTHCARE WORKER
4662,COVID-19
4663,TELEMEDICINE
4663,"SURGERY, PLASTIC"
4664,PULMONARY DISEASE
4664,COVID-19
4664,PHYSICAL DISABILITY
4665,COVID-19
4665,RESPIRATORY FAILURE
4666,COVID-19
4667,COVID-19
4668,BURNOUT
4669,MENTAL HEALTH WELLNESS 1
4670,WELL-BEING (PSYCHOLOGICAL FLOURISHING)
4670,DEPRESSION
4670,QUALITY OF LIFE
4670,LONELINESS
4670,PHYSICAL ACTIVITY
4670,SOCIAL IDENTIFICATION
4670,PHYSICAL HEALTH
4671,STRESS
4671,STRESS
4671,COMPASSION FATIGUE
4671,PSYCHOLOGICAL TRAUMA
4671,HEALTHCARE WORKERS
4671,HEALTHCARE PROVIDERS
4672,COVID-19
4672,HYPOXEMIA
4673,COVID-19
4674,DENTAL CARIES IN CHILDREN
4674,DENTAL DISEASES
4675,STRESS
4676,CHRONIC PAIN
4677,COVID-19
4678,COPD EXACERBATION
4678,COPD
4679,HAND HYGIENE
4680,PNEUMONIA
4681,COVID-19
4681,COVID-19
4681,CANCER
4681,SOLID TUMOR
4681,CARCINOMA
4681,BLOOD CANCER
4682,COVID-19
4683,VENTRICULAR SEPTAL RUPTURE
4683,PAPILLARY MUSCLE RUPTURE
4683,"FREE WALL RUPTURE, HEART"
4684,COMPLICATION OF MEDICAL CARE
4684,PNEUMONIA
4685,FOOD LITERACY
4685,FOOD HABITS
4685,BEHAVIOR AND BEHAVIOR MECHANISMS
4685,EATING BEHAVIOR
4686,VIRAL INFECTION
4687,ANXIETY
4688,TYPE 2 DIABETES
4688,TYPE 1 DIABETES MELLITUS
4689,CYTOKINE STORM
4690,NUTRITION POOR
4690,VIRAL INFECTION
4690,ORAL DISEASE
4691,STRESS
4691,INTENSIVE CARE PSYCHIATRIC DISORDER
4691,ANXIETY DISORDERS
4691,DEPRESSION
4691,CRITICAL CARE
4691,COVID-19
4692,PNEUMONIA
4692,COVID-19
4693,ARDS
4693,CYTOKINE RELEASE SYNDROME
4693,COVID-19
4694,ANESTHESIA
4695,EYE TRAUMA
4696,EMERGENCY MEDICINE
4696,CARDIOPULMONARY ARREST
4696,SHOCK
4697,STRESS
4697,QUALITY OF LIFE
4698,SARS
4699,LYMPHEDEMA
4700,CARDIOVASCULAR RISK FACTOR
4700,BURNOUT
4700,IMMUNE DEFICIENCY
4701,TELEHEALTH
4702,CHRONIC PAIN
4703,HIV
4703,DEPRESSION IN OLD AGE
4703,"ISOLATION, SOCIAL"
4703,AGING
4704,ARDS
4704,COVID-19
4704,MECHANICAL VENTILATION COMPLICATION
4704,VENTILATION PERFUSION MISMATCH
4705,COVID-19
4706,COVID-19
4707,COVID-19
4707,COVID-19
4707,MORTALITY
4708,COVID-19
4709,COVID-19
4709,COVID-19
4709,COVID-19
4709,INFLUENZA -LIKE ILLNESS
4709,LOWER RESP TRACT INFECTION
4709,UPPER RESP TRACT INFECTION
4710,COVID-19
4711,FIBROMYALGIA
4711,CHRONIC LOW-BACK PAIN
4712,STRESS
4713,STRESS
4714,STRESS
4714,ANXIETY
4714,DEPRESSION
4715,ANOSMIA
4716,COVID-19
4716,COVID-19
4716,DIABETE MELLITUS
4716,CARDIOPATHY
4716,PULMONARY DISEASE
4716,RENAL DISEASE
4716,LIVER DISEASES
4717,CHRONIC OBSTRUCTIVE PULMONARY DISEASE
4717,IDIOPATHIC PULMONARY FIBROSIS
4717,ASTHMA CHRONIC
4718,RHEUMATIC DISEASES
4719,DEPRESSION
4719,HEMODIALYSIS
4720,COVID-19
4721,ARDS
4721,COVID-19
4722,MUSCULOSKELETAL PAIN
4723,MENTAL WELL-BEING
4724,COVID-19
4724,ENVIRONMENTAL EXPOSURE
4724,CHRONIC KIDNEY DISEASES
4725,CARDIOVASCULAR DISEASES
4725,CARDIOVASCULAR RISK FACTOR
4725,SARS
4726,COVID-19
4726,ARDS
4727,STRESS
4727,TRAUMA
4727,MENTAL HEALTH ISSUE
4727,HEALTHCARE WORKERS
4728,CHRONIC FATIGUE SYNDROME
4728,INTENSIVE CARE UNIT
4728,MUSCLE
4729,COVID-19
4730,2019-NCOV
4731,FAMILY MEMBERS
4731,POST INTENSIVE CARE UNIT SYNDROME
4731,STRESS
4732,COVID-19
4732,SARS
4732,VIRAL INFECTION
4732,CORONAVIRIDAE INFECTIONS
4732,NIDOVIRALES INFECTIONS
4732,RNA VIRUS INFECTIONS
4732,RESPIRATORY TRACT INFECTIONS
4732,RESPIRATORY TRACT DISEASE
4733,TRANSPLANT RECIPIENT
4733,COVID-19
4734,LYMPHOPENIA
4735,BARIATRIC SURGERY
4735,OBESITY
4736,COVID-19
4736,COVID-19
4737,MENTAL DISORDER
4737,COVID-19
4737,STRESS
4737,DEPRESSION
4737,ANXIETY
4737,IRRITABLE MOOD
4738,"EFFICACY, SELF"
4738,"SATISFACTION, PATIENT"
4738,TELEMEDICINE
4739,MULTIPLE MYELOMA
4740,COVID-19
4740,HYPOXIA
4741,STRESS
4741,ANXIETY
4741,DEPRESSION
4741,RESILIENCE
4741,WELLBEING
4741,MOOD
4742,"ALL, ADULT"
4743,COLON POLYP
4743,COLON DISEASE
4743,"REFLUX, GASTROESOPHAGEAL"
4743,"VARICES, ESOPHAGEAL"
4744,COVID-19
4745,"ASSESSMENT, SELF"
4746,ANOREXIA NERVOSA
4747,COVID-19
4748,MILD COGNITIVE IMPAIRMENT
4748,DEMENTIA
4749,COVID-19
4749,ANGIOGENESIS
4749,ENDOTHELIAL DYSFUNCTION
4749,CARDIOVASCULAR MORBIDITY
4750,HAPPINESS
4750,ANXIETY
4750,DEPRESSION
4750,MORALITY
4751,PEDIATRIC OBESITY
4751,CLINICAL TRIAL
4752,COVID-19
4752,"PULMONARY EMBOLISM, DEEP VEIN THROMBOSIS"
4753,HEALTH BEHAVIOR
4754,COVID-19
4754,RESPIRATORY FAILURE
4755,COVID-19
4755,COVID-19
4756,COVID-19
4756,EYE DISEASES
4757,THE USE OF MODERN TECHNOLOGY APPLICATIONS IN HOME ISOLATION
4758,2019-NCOV
4759,COVID-19
4759,COVID-19
4759,PNEUMONIA
4759,CLINICAL TRIAL
4760,PULMONARY FIBROSIS
4761,EXERCISE CAPACITY
4761,GERIATRIC
4761,MASK
4762,SARS
4763,PNEUMONIA
4764,COVID-19
4765,ANXIETY
4765,WELL-BEING
4766,MAGEC ROD
4767,MAJOR DEPRESSIVE DISORDER
4768,DEPRESSION
4769,ADHERENCE TO WHO-ADVISED HYGIENE-RELATED BEHAVIOR
4769,ADHERENCE TO VIRAL MITIGATION PROTOCOLS
4770,BIPOLAR DEPRESSION
4771,COVID-19
4772,ARDS
4772,RESPIRATORY FAILURE
4772,AKI
4773,ASSISTED REPRODUCTION
4774,COVID-19
4775,2019-NCOV
4776,ACCESS TO CHIROPRACTIC CARE SERVICES
4777,IMMUNE THROMBOCYTOPENIA
4778,QUALITY OF LIFE
4778,STRESS
4779,MENTAL HEALTH WELLNESS 1
4779,ANXIETY
4779,HAPPINESS
4780,BLOOD DONATION
4781,"FIBROSES, PULMONARY"
4782,FOOD INSECURITY
4783,CRITICALLY ILL
4783,COVID-19
4784,COVID-19
4785,CHRONIC DISABLING
4785,COVID-19
4786,GASTROINTESTINAL DISEASE
4786,INFECTIOUS DISEASE
4786,CAPSULE ENDOSCOPY
4787,ARDS
4787,PNEUMONIA
4787,RESPIRATORY FAILURE
4788,PNEUMONIA
4789,COVID-19
4790,EMERGENCY MEDICINE
4791,COVID-19
4792,MYOCARDIAL INFARCTION
4792,HEART DISEASES
4793,COVID-19
4793,PEDIATRIC PSYCHIATRIC DISORDER
4793,STRESS
4794,PHYSICAL THERAPY
4795,STRESS
4796,ACUTE LUNG INJURY
4797,COVID-19
4798,HEALTHY LIFESTYLE
4799,COVID-19
4799,IATROGENIC DISEASE
4799,ACUTE KIDNEY INJURY
4799,ARDS
4800,CANCER
4801,MENTAL HEALTH WELLNESS 1
4801,ADDICTION
4801,STRESS
4801,COVID-19
4802,COVID-19
4802,ARDS
4802,COVID-19
4802,ARDS
4803,PARENTAL BURNOUT
4804,BLOOD DONATION
4805,DIABETES MELLITUS
4806,COVID-19
4806,RESPIRATORY FAILURE
4806,COVID-19
4807,CHRONIC MUSCULOSKELETAL PAIN
4808,COVID-19
4809,COVID-19
4809,PNEUMONIA
4810,BLOOD DONATION
4811,WELLBEING
4811,STRESS
4811,STRESS
4811,STRESS
4811,STRESS
4811,STRESS
4811,ANXIETY
4811,DEPRESSION
4811,HAPPINESS
4811,SATISFACTION
4811,STRESS
4811,AFFECT
4812,BULIMIA NERVOSA
4812,BULIMIA; ATYPICAL
4812,BINGE EATING
4812,BINGE-EATING DISORDER
4813,COVID-19
4814,STROKE
4815,MUSCULOSKELETAL PAIN
4815,DISABILITY PHYSICAL
4815,STRESS
4816,COVID-19
4816,IVERMECTIN POISONING
4816,DRUG TOXICITY
4816,DRUG SIDE EFFECT
4817,COVID-19
4817,INTENSIVE CARE UNIT PATIENT
4817,NEUROLOGICAL ABNORMALITY
4817,DELIRIUM
4817,ENCEPHALOPATHY
4818,OSTEOPOROSIS
4818,SARCOPENIA
4819,COVID-19
4820,VISUAL IMPAIRMENT
4821,STRESS
4821,STRESS
4822,COVID-19
4822,ARDS
4823,EFFECTIVENESS
4824,CONNECTIVE TISSUE DISEASES
4824,RARE DISEASES
4824,RHEUMATOLOGIC DISORDER
4825,APPENDICITIS ACUTE
4825,COVID-19
4826,MALIGNANT NEOPLASM
4826,COVID-19
4827,COVID-19
4828,COVID-19
4828,CANCER
4829,SLEEP HYGIENE
4830,COVID-19
4831,COVID-19
4831,COVID-19
4832,DEPRESSION
4832,GENERALIZED ANXIETY
4832,HEALTH ANXIETY
4833,CHRONIC DISEASE
4833,CHRONIC DISEASES IN ADOLESCENCE
4833,CHRONIC DISEASE OF IMMUNE SYSTEM
4833,CHRONIC KIDNEY DISEASES
4834,FLU LIKE SYMPTOM
4834,FLU LIKE ILLNESS
4835,DEPRESSION
4835,ANXIETY
4836,COVID-19
4836,PNEUMONIA
4836,OXYGEN TOXICITY
4837,PNEUMONIA
4838,MENTAL HEALTH ISSUE
4839,COVID-19
4839,RISK REDUCTION
4839,STRESS
4839,SLEEP
4840,STRESS
4841,RUMINATION
4841,ANXIETY
4841,STRESS
4841,DEPRESSIVE SYMPTOMS
4842,COVID-19
4842,DISEASE OUTBREAK
4842,MENTAL DISORDERS
4843,ANXIETY
4843,DEPRESSION
4843,INTERPERSONAL PROBLEM
4843,EMOTION REGULATION
4844,COVID-19
4845,PSYCHOLOGICAL STRAIN
4846,COVID-19
4846,COVID-19
4846,ELDERLY INFECTION
4846,OLD AGE; DEBILITY
4847,HEALTH BEHAVIOUR CHANGE
4848,MIGRANTS
4848,ANXIETY
4848,DEPRESSION
4849,MENTAL DISORDER
4849,GENERAL POPULATION
4850,STRESS
4851,COVID-19
4852,DEPRESSION
4852,DEPRESSIVE SYMPTOMS
4853,ADVANCED SUTURING SKILLS
4853,SURGICAL EDUCATION
4854,INTRUSIVE MEMORIES OF TRAUMATIC EVENT(S)
4854,STRESS
4855,COVID-19
4856,CHEMEOTHERAPY
4856,IMMUNOTHERAPY
4856,TREATMENT MOFIDIED
4856,COVID-19
4856,QUALITY OF LIFE
4857,COVID-19
4857,COVID-19
4857,MYOCARDIAL INJURY
4857,PNEUMONIA
4858,COVID-19
4858,MEDICAL EMERGENCIES
4859,POST PARTUM DEPRESSION
4860,FIBROMYALGIA
4860,"FIBROMYALGIA, PRIMARY"
4861,HYPERTENSION
4862,COVID-19
4863,COVID-19
4864,BRAIN INJURIES
4864,STROKE
4864,SPINAL CORD INJURIES
4865,"KNOWLEDGE, ATTITUDES, PRACTICE"
4866,MULTIPLE OSTEOCHONDROMA
4866,OSTEOGENESIS IMPERFECTA
4866,OLLIER DISEASE
4866,MAFFUCCI SYNDROME
4867,COVID-19
4867,OXYGEN DEFICIENCY
4868,INFLAMMATORY BOWEL DISEASES
4869,PSORIASIS
4869,COVID-19
4870,COVID-19
4871,NUTRITION
4872,HIV INFECTIONS
4872,COVID-19
4872,HEALTH CARE UTILIZATION
4872,GENDER-BASED VIOLENCE
4873,RHEUMATIC DISEASE
4873,HIV INFECTIONS
4873,AIDS
4873,SAFETY ISSUES
4873,IMMUNOGENICITY
4873,COVID-19
4874,COVID-19
4875,TELEMEDICINE
4875,"SURGERY, PLASTIC"
4876,ARDS
4877,RESPIRATORY FAILURE
4878,ANKLE FRACTURES
4878,PROXIMAL HUMERAL FRACTURE
4878,WRIST FRACTURE
4879,"RESILIENCE, PSYCHOLOGICAL"
4879,LONELINESS
4879,YOUTH
4879,SURVEYS AND QUESTIONNAIRES
4880,TRAUMA
4881,COVID-19
4881,RESPIRATORY FAILURE
4882,COVID-19
4883,SUBSTANCE ABUSE
4883,STRESS
4884,HEALTH CARE UTILIZATION
4885,ANXIETY
4886,COVID-19
4886,HEALTHY VOLUNTEERS
4887,ANXIETY
4888,PNEUMONIA
4889,COVID-19
4890,COMORBIDITIES AND COEXISTING CONDITIONS
4890,SOCIAL ISOLATION
4891,IMMUNE SUPPRESSION
4891,IMMUNE DEFICIENCY
4891,INFECTION
4891,COVID-19
4891,"CHILDREN, ADULT"
4892,COVID-19
4892,INFLUENZA A
4892,INFLUENZA B
4892,H1N1 INFLUENZA
4893,CANCER
4893,COVID-19
4894,INFLUENZA
4895,CRITICAL ILLNESS
4895,COVID-19
4895,COGNITIVE DYSFUNCTION
4896,COVID-19
4897,PREGNANCY COMPLICATIONS
4897,BIRTH INJURIES
4898,HEALTHY
4898,CHRONIC STABLE ILLNESS
4899,SAR
4899,PNEUMONIA
4900,CARDIOPULMONARY RESUSCITATION
4900,PERSONAL PROTECTIVE EQUIPMENT
4901,COVID-19
4901,ARDS
4902,"INFECTION, RESPIRATORY TRACT"
4903,BARIATRIC SURGERY CANDIDATE
4903,PATIENT UNDERWENT BARIATRIC SURGERY
4904,COVID-19
4904,CHRONIC DISEASE
4904,PSYCHIATRIC DISORDER
4904,CARDIOVASCULAR DISEASES
4905,CHRONIC DISEASE
4905,AGING
4905,AGING PROBLEMS
4905,HEALTH BEHAVIOR
4905,MULTIPLE CHRONIC CONDITIONS
4905,CHRONIC ILLNESS
4905,"CHRONIC ILLNESSES, MULTIPLE"
4905,HEALTHY LIFESTYLE
4905,HEALTHY AGING
4905,AGING WELL
4905,HEALTHY LIFE STYLE
4905,SELF-MANAGEMENT
4905,SELF CARE
4906,STRESS
4906,ANXIETY
4906,"BURNOUT, CAREGIVER"
4907,COVID-19
4907,COVID-19
4907,COVID-19
4907,COVID-19
4907,INFLAMMATION
4908,TRUST
4909,GENERALIZED ANXIETY
4909,HEALTH ANXIETY
4910,COVID-19
4911,COVID-19
4911,COVID-19
4911,COVID-19
4911,ARDS
4911,SHOCK
4911,ACUTE CIRCULATORY FAILURE
4911,LEFT VENTRICULAR DYSFUNCTION
4911,FLUID OVERLOAD
4912,CHRONIC OBSTRUCTIVE PULMONARY DISEASE
4913,CORONA VIRUS DISEASE
4914,COVID-19
4915,ANXIETY
4915,DEPRESSION
4915,STRESS
4915,STRESS
4915,WELL-BEING
4916,HEALTHY VOLUNTEERS
4917,CARDIOVASCULAR DEATH; MAJOR ADVERSE CARDIOVASCULAR EVENTS
4918,COVID-19
4919,COVID-19
4919,PNEUMONIA
4920,COVID-19
4921,TYPE 2 DIABETES
4922,COVID-19
4923,ENCEPHALITIS
4924,STRESS
4925,EXERCISE PROGRAM
4926,COVID-19
4927,COVID-19
4928,ACUTE PANCREATITIS
4928,ACUTE PANCREATIC NECROSIS
4928,ACUTE PANCREATITIS DUE TO GALLSTONES
4928,ACUTE PANCREATIC FLUID COLLECTION
4928,ACUTE PANCREATITIS WITH INFECTED NECROSIS
4928,ACUTE PANCREATITIS WITHOUT NECROSIS OR INFECTION
4928,ACUTE PANCREATITIS DUE TO COMMON BILE DUCT CALCULUS
4928,ACUTE PANCREATITIS RECURRENT
4928,ACUTE PANCREATITIS WITHOUT NECROSIS OR INFECTION (DIAGNOSIS)
4928,COVID-19
4929,CARDIOVASCULAR DISEASES
4929,CARDIOVASCULAR RISK FACTOR
4930,REHABILITATION
4931,PNEUMONIA
4932,COVID-19
4932,COGNITIVE IMPAIRMENT
4933,PSYCHIATRIC DISORDER
4933,AGING
4934,COVID-19
4935,DEPRESSION
4935,ANXIETY DISORDERS
4935,STRESS
4936,DYSPNEA
4937,CRITICAL ILLNESS
4937,ARDS
4938,COVID-19
4938,"LUNG INJURY, ACUTE"
4938,KIDNEY INJURY
4939,LUNG CANCER
4939,COVID-19
4939,PNEUMONITIS
4940,COVID-19
4940,DISEASE PREVENTION
4941,FOLLOW-UP
4941,COVID-19
4941,INFECTIOUS DISEASES
4941,RESPIRATORY
4942,COVID-19
4942,PNEUMONIA
4943,STRESS
4944,COVID-19
4944,PNEUMONIA
4944,PNEUMONIA
4945,CEREBROVASCULAR ACCIDENT
4945,CHRONIC OBSTRUCTIVE PULMONARY DISEASE
4945,CHRONIC RENAL FAILURE
4945,CORONARY ARTERY DISEASE
4945,DIABETES MELLITUS
4945,MALIGNANT NEOPLASM
4945,COVID-19
4946,HEARING IMPAIRED CHILDREN
4946,GLUE EAR
4946,"HEARING LOSS, CONDUCTIVE"
4947,PNEUMONIA
4947,RESPIRATORY FAILURE
4948,COVID-19
4949,"INFECTIONS, RESPIRATORY"
4949,VIRAL INFECTION
4949,VIRAL INFECTION
4949,VACCINE ADVERSE REACTION
4949,RNA VIRUS INFECTIONS
4949,COVID-19
4950,COVID-19
4950,EMERGENCIES
4951,STRESS
4952,RADIOLOGY
4952,ARTIFICIAL INTELLIGENCE
4953,DEPRESSIVE SYMPTOMATOLOGY
4953,STRESS
4953,HEALTH BEHAVIOR
4954,COVID-19
4954,COVID-19
4954,COVID-19
4954,VIRAL INFECTION
4954,RNA VIRUS INFECTIONS
4955,COVID-19
4956,MEMORY DISORDERS
4956,ALZHEIMER DISEASE
4956,MILD COGNITIVE IMPAIRMENT
4957,COVID-19
4957,COUGH
4958,COVID-19
4959,COVID-19
4959,OBESITY
4959,OVERWEIGHT
4959,PNEUMONIA
4960,SEXUAL BEHAVIOR
4961,COVID-19
4961,AIRWAY
4962,VITAMIN C
4962,PNEUMONIA
4962,PNEUMONIA
4963,COVID-19
4963,PNEUMONIA
4963,RESPIRATORY FAILURE
4964,COVID-19
4965,COVID-19
4966,STRESS
4967,MENTAL HEALTH WELLNESS 1
4967,COVID-19
4967,STRESS
4967,DEPRESSIVE SYMPTOMS
4967,ANXIETY SYMPTOMS
4967,IRRITABILITY
4967,TELEPSYCHOTHERAPY
4968,PNEUMONIA
4968,COVID-19
4969,SMELL DISORDER
4969,TASTE DISORDERS
4969,COVID-19
4970,STRESS
4971,ENDOSCOPY
4972,COVID-19
4973,COVID-19
4973,HEALTH CARE SEEKING BEHAVIOR
4973,HEALTH BEHAVIOR
4974,SKIN PICKING
4975,MAJOR DEPRESSIVE DISORDER
4975,GENERALIZED ANXIETY
4976,POST ICU REHABILITATION
4977,COVID-19
4978,COVID-19
4979,EXERCISE TEST
4980,COVID-19
4981,STRESS
4982,COVID-19
4983,INVESTIGATING PSYCHOLOGICAL IMPACT
4983,CONFINEMENT MEASURES
4983,COVID-19
4983,SCHOOL-AGE CHILDREN
4984,DIETARY DIVERSITY
4985,COVID-19
4985,SARS
4985,COVID-19
4986,2019-NCOV
4987,PULMONARY FIBROSIS
4988,RESPIRATORY INFECTIONS
4989,"SATISFACTION, PATIENT"
4989,QUALITY OF LIFE
4990,ONLINE THERAPY
4991,EMOTIONAL REGULATION
4991,AFFECT
4992,AUTISM SPECTRUM DISORDER
4993,PSYCHIATRIC HOSPITALIZATION
4994,"MIGRAINE, HEMICRANIA"
4995,COVID-19
4995,COVID-19
4995,VACCINE ADVERSE REACTION
4996,STRESS
4996,RESILIENCE
4997,COVID-19
4998,HEALTHY
4999,BREASTFEEDING
4999,"BREASTFEEDING, EXCLUSIVE"
4999,BREASTFEEDING JAUNDICE
4999,EDUCATIONAL PROBLEMS
5000,COVID-19
5001,COVID-19
5002,COMORBIDITIES
5002,CONFINEMENT
5002,OBESITY
5003,MECHANICAL VENTILATION COMPLICATION
5003,MUSCLE WEAKNESS CONDITION
5003,COVID-19
5004,COVID-19
5005,COVID-19
5006,CHILD BEHAVIOR PROBLEM
5006,MENTAL HEALTH ISSUE
5007,INFLAMMATORY DISEASE
5007,COVID-19
5008,BREAST CANCER
5009,COVID-19
5009,ANOSMIA
5010,ARDS
5011,PREGNANCY RELATED
5011,COVID-19
5012,KNOWLEDGE
5012,ATTITUDES
5012,PRACTICES
5013,COVID-19
5014,STRESS
5014,CHILD BEHAVIOR
5014,SOCIAL COMPETENCE
5015,COVID-19
5016,COVID-19
5017,BODY WEIGHT CHANGES
5017,EATING DISORDER SYMPTOM
5017,SEXUAL HARASSMENT
5017,COVID-19
5017,RED S
5018,COVID-19
5019,COVID-19
5020,COVID-19
5020,RESPIRATORY TRACT DISEASES
5021,COVID-19
5021,SAFETY ISSUES
5022,PERINATAL ANXIETY
5022,PERINATAL DEPRESSION
5023,BURNOUT
5023,STRESS
5024,STRESS
5025,COLORECTAL CANCER SCREENING
5026,COVID-19
5027,INFLUENZA INFECTION
5027,COVID-19
5028,ARDS
5029,HEALTHY
5030,COVID-19
5031,COVID-19
5032,RSV INFECTION
5032,"CHILDREN, ONLY"
5032,OUTPATIENT
5032,BRONCHIOLITIS
5032,OTITIS MEDIA
5032,PNEUMONIA
5033,HEART DISEASES
5034,SURGERY
5034,COVID-19
5034,POST-OP COMPLICATION
5035,PNEUMONIA
5036,COVID-19
5036,CYTOKINE RELEASE SYNDROME
5037,ANOSMIA
5038,SARS
5038,COVID-19
5038,COVID-19
5038,COVID-19
5039,COVID-19
5040,COVID-19
5041,EATING DISORDERS
5041,COVID-19
5042,DEPRESSION
5042,COVID-19
5043,VIRAL INFECTION
5044,COVID-19
5045,COVID-19
5046,FRAILTY SYNDROME
5046,COVID-19
5046,HEALTHY AGING
5046,OLD AGE; DEBILITY
5047,COVID-19
5048,CYTOKINE STORM
5048,CYTOKINES
5049,COVID-19
5049,PNEUMONIA
5050,RESILIENCE
5050,STRESS
5050,SLEEP
5051,SARS
5052,COVID-19
5053,COVID-19
5054,POST ICU SYNDROME
5055,MECHANICAL VENTILATION COMPLICATION
5055,SEVERE ACUTE RESPIRATORY INFECTION
5055,COVID-19
5056,PNEUMONIA
5057,PATIENT SAFETY
5058,PATIENT SAFETY
5059,SOCIAL ISOLATION
5059,QUALITY OF LIFE
5059,WELL AGING
5059,FRAILTY
5060,STRESS
5060,STRESS
5060,STRESS
5060,"TRAUMA, PSYCHOLOGICAL"
5060,ANXIETY
5060,ANXIETY STATE
5060,STRESS
5060,STRESS
5060,PROFESSIONAL QUALITY OF LIFE
5060,STRESS
5060,STRESS
5060,STRESS
5060,MENTAL RESILIENCE
5060,EMOTIONAL RESILIENCE
5061,HEALTHY
5062,COVID-19
5063,COVID-19
5064,"DEPRESSION, ANXIETY"
5064,COGNITIVE IMPAIRMENT
5064,STRESS
5065,STRESS
5065,ANXIETY
5066,COVID-19
5067,COVID-19
5068,LIFESTYLE ALTERATION
5068,COVID-19
5069,"BEHAVIOR, SOCIAL"
5069,AUTONOMIC IMBALANCE
5070,COVID-19
5071,SUICIDAL IDEATION
5071,SUICIDE
5071,MENTAL HEALTH ISSUE
5071,DEPRESSION
5072,SLE
5073,HEART RHYTHM DISORDER
5073,COVID-19
5073,SOCIAL ISOLATION
5074,OLFACTION DISORDERS
5075,MULTIPLE SCLEROSIS
5075,CAREGIVERS
5076,DEPRESSION
5076,LONELINESS
5076,"RELATION, INTERPERSONAL"
5076,COVID-19
5077,ARDS
5077,COVID-19
5078,HEART FAILURE
5079,MOOD
5079,STRESS
5080,RESPIRATORY FAILURE
5081,NEUROLOGIC MANIFESTATIONS
5082,HYGIENE PRACTICES AND KNOWLEDGE
5083,COVID-19
5083,COVID-19
5084,MOTIVATION
5084,OPTIMISM
5084,HOPELESSNESS
5084,LIFE SATISFACTION
5085,HEALTHY VOLUNTEERS
5086,DAILY ROOM DISINFECTION
5086,AFTER-EACH-CASE ROOM DISINFECTION
5087,ARDS
5088,ARDS
5088,COVID-19
5089,SLEEP QUALITY
5090,SPINAL CORD INJURIES
5091,ASTHMA
5091,CHRONIC OBSTRUCTIVE PULMONARY DISEASE (COPD
5091,CONGESTIVE HEART FAILURE
5091,DIABETES
5091,HYPERTENSION
5092,PSYCHOLOGICAL ADAPTATION
5092,"PSYCHOLOGY, SOCIAL"
5093,COVID-19
5094,DEMENTIA
5095,POSTOPERATIVE COGNITIVE DYSFUNCTION
5095,DEPRESSIVE SYMPTOMS
5095,POSTOPERATIVE PAIN
5096,COVID-19
5097,COVID-19
5097,PNEUMONIA
5097,PNEUMONIA
5097,COVID-19
5098,PERINATAL DEPRESSION
5098,COVID-19
5098,ANXIETY
5098,PTSD
5098,PREGNANCY RELATED
5099,MENTAL HEALTH WELLNESS 1
5099,COACHING
5099,PANDEMIC
5099,"DEPRESSION, ANXIETY"
5099,SELF-CARE TOOLS
5100,STRESS
5101,ANXIETY
5101,DEPRESSION
5102,ANXIETY
5102,DEPRESSIVE SYMPTOMS
5102,STRESS
5102,STRESS
5103,CHRONIC PAIN
5103,"MORBIDITY, MULTIPLE"
5103,COVID-19
5104,FACE MASK SQUEEZE
5105,"OBESITY, CHILDHOOD"
5106,COVID-19
5107,MELANOMA
5108,ARDS
5109,DYSPNEA
5110,CHRONIC PAIN
5111,MENTAL HEALTH DISORDER
5112,COVID-19
5113,HEMATOPOIETIC AND LYMPHOID CELL NEOPLASM
5113,MALIGNANT SOLID NEOPLASM
5114,MOOD
5115,DEMENTIA
5115,"DEMENTIA, VASCULAR"
5115,"DEMENTIA, MIXED"
5115,DEMENTIA WITH LEWY BODIES
5115,DEMENTIA FRONTAL
5115,"DEMENTIA, MILD"
5115,DEMENTIA MODERATE
5115,DEMENTIA ALZHEIMERS
5115,DEMENTIA OF ALZHEIMER TYPE
5115,"DEMENTIA, MULTI-INFARCT"
5115,DEMENTIA FRONTOTEMPORAL
5116,"HEALTH, SUBJECTIVE"
5116,HEALTHY
5117,LOWER RESPIRATORY TRACT INFECTION
5117,PNEUMONIA
5117,COVID-19
5118,IS THE CORONOVAC VACCINE EFFECTIVE IN PATIENTS RECEIVING CHEMOTHERAPY
5119,COVID-19
5120,COVID-19
5121,TELEMEDICINE
5122,CHRONIC PAIN
5123,DEPRESSIVE SYMPTOMS
5123,ANXIETY
5123,COVID-19
5124,RESPIRATORY FAILURE
5125,STRESS
5126,BREAST CANCER
5127,SOCIAL ISOLATION
5127,PHYSICAL INACTIVITY
5127,WELL-BEING
5128,DEPRESSIVE SYMPTOMS
5128,METACOGNITIVE VARIABLES
5129,STRESS
5130,HEART FAILURE
5130,DEPRESSION
5130,ANXIETY
5131,"DIABETES MELLITUS, TYPE 2"
5131,STRESS
5131,HYPOGLYCEMIA
5132,CHRONIC PULMONARY DISEASE
5133,HAND WASHING
5133,HANDWASHING
5133,COVID-19
5134,COVID-19
5135,INFLUENZA
5135,SARS
5135,VIRAL INFECTION
5135,RESPIRATORY TRACT INFECTIONS
5135,"INFECTION, BACTERIAL"
5135,VIRAL INFECTION
5135,COVID-19
5135,RNA VIRUS INFECTIONS
5136,POSTOPERATIVE DELIRIUM
5136,ADULT CARDIAC SURGERY
5136,COVID-19
5137,HIV
5138,RHEUMATOID ARTHRITIS
5139,"THE STUDY FOCUS ON THE USES OF TELEPHONE AND OTHER NEW TECHNOLOGY IN MEDICINE, DIAGNOSIS AND TREATMENT"
5140,PNEUMONIA
5141,HYPOXEMIA
5142,COLON CANCER
5143,DEPRESSION
5144,COVID-19
5144,ATHEROSCLEROSIS
5144,CARDIOVASCULAR DISEASES
5144,UPPER RESPIRATORY TRACT INFECTIONS
5145,FOCUS IN ON COLLECTING PAIRED SPECIMENS FOR MATRIX EQUIVALENCY
5146,COVID-19
5146,SOCIAL ISOLATION
5146,ANXIETY
5146,FRAILTY
5147,"DIET, HEALTHY"
5148,COVID-19
5149,COVID-19
5150,ANOREXIA NERVOSA
5151,"INFLUENZA, HUMAN"
5151,PNEUMONIA
5151,COVID-19
5152,END STAGE RENAL DISEASE
5153,VIRAL INFECTION
5154,DISSEMINATED INTRAVASCULAR COAGULATION
5154,CRITICAL ILLNESS
5154,COVID-19
5154,VIRAL INFECTION
5154,"COAGULATION DISORDER, BLOOD"
5154,COVID-19
5155,2019-NCOV
5156,RESPIRATORY FAILURE
5156,EMERGENCIES
5156,COVID-19
5157,AEROSOL GENERATION AND DROPLET DISPERSION AND DEPOSITION DURING NASO-GASTRIC INTUBATION FOR GASTROINTESTINAL MOTILITY INVESTIGATIONS
5158,COVID-19
5159,COVID-19
5160,COVID-19
5161,COVID-19
5162,COVID-19
5163,COVID-19
5164,COVID-19
5165,COVID-19
5166,RESPIRATORY TRACT INFECTIONS
5167,OBESITY
5168,COVID-19
5169,HEALTHY
5170,TYPE1DIABETES
5170,CHILDHOOD ALL
5171,SMOKING CESSATION
5172,CARDIAC ARREST
5172,NEEDLE STICK
5172,INJURIES
5172,GLOWE
5173,TELEREHABILITATION
5173,ELDERLY PEOPLE
5173,SOCIAL ISOLATION
5174,ADENOIDECTOMY
5174,TONSILLECTOMY
5175,COVID-19
5176,COVID-19
5177,COVID-19
5178,OBESITY
5179,COVID-19
5180,ANOSMIA
5181,BLOOD PRESSURE
5182,CYSTIC FIBROSIS
5182,COVID-19
5182,SOCIAL ISOLATION
5183,COVID-19
5183,COVID-19
5183,COVID-19
5183,AKI
5183,ACUTE KIDNEY INJURY
5184,ATRIAL FIBRILLATION PAROXYSMAL
5185,DEPRESSION
5185,ANXIETY
5185,EMOTIONAL REGULATION
5186,ARDS
5187,"TRANSMISSION, PATIENT PROFESSIONAL"
5187,HIGH-FLOW NASAL CANNULA
5188,COVID-19
5189,PREMATURE BIRTH
5189,PRETERM LABOR
5190,RESPIRATORY FAILURE
5191,DENTAL CARIES IN CHILDREN
5192,HEALTH SERVICES RESEARCH
5192,QUALITY OF LIFE
5192,ADDICTION
5192,SUBSTANCE-RELATED DISORDERS
5192,HEALTH PERSONNEL
5193,CANCER METASTATIC
5193,CANCER
5193,SURVIVORSHIP
5194,AORTIC VALVE STENOSIS
5195,DEPRESSION
5196,SOCIAL ISOLATION
5196,EXERCISE
5196,HEALTHY
5197,COVID-19
5197,COVID-19
5197,LIVER TRANSPLANT RECIPIENT
5197,COVID-19
5198,ARDS
5198,COVID-19
5199,ARDS
5200,COVID-19
5201,CHILD MENTAL DISORDER
5202,COVID-19
5203,MEDITATION
5204,CHILD MALTREATMENT
5204,POSITIVE PARENTING
5205,RESPIRATORY TRACT INFECTIONS
5206,ACUTE APPENDICITIS
5207,COVID-19
5207,DIABETES
5208,HEALTHY
5209,SURGICAL EDUCATION
5210,HYPOXIA
5211,PARKINSON DISEASE
5212,HEALTHY
5213,HEALTHY
5214,MENTAL HEALTH WELLNESS 1
5214,EATING BEHAVIOR
5214,STRESS
5214,EATING HABIT
5215,COVID-19
5216,DEPRESSIVE SYMPTOMS
5217,WELL AGING
5218,ABDOMINAL CANCER
5218,THORACIC CANCER
5219,PATIENTS UNDERGOING ELECTIVE SURGERY WITH ANESTHESIA
5220,HIP OSTEOARTHRITIS
5220,KNEE OSTEOARTHRITIS
5220,STRESS
5220,COVID-19
5221,LONELINESS
5222,"PAIN, INTRACTABLE"
5222,"PAIN, CHRONIC"
5223,CLINICAL DECISION SUPPORT SYSTEM
5224,QUARANTINE
5225,SLEEP
5226,COVID-19
5226,ECMO
5227,COVID-19
5227,RECOMBINANT HUMAN INTERFERON Α1Β
5228,PTSD
5228,OPIOID-USE DISORDER
5228,SUBSTANCE USE DISORDERS
5229,TELEMEDICINE
5229,HIV-1-INFECTION
5230,SEDENTARY BEHAVIOR
5230,COVID-19
5231,RESPIRATORY FAILURE
5231,COVID-19
5232,MIGRAINE HEADACHE
5233,ANXIETY
5233,SURGERY
5234,CARDIOVASCULAR CHECK-UP
5235,MANTLE CELL LYMPHOMA
5235,COVID-19
5236,HEADACHES CHRONIC
5237,DEPRESSION
5237,ANXIETY
5238,COMMUNICATION RESEARCH
5239,VISUAL IMPAIRMENT
5239,AMBLYOPIA SUSPECT
5240,ADJUSTMENT DISORDER WITH ANXIOUS MOOD
5241,"DEPRESSIVE DISORDER, TREATMENT-RESISTANT"
5242,ANXIETY DEPRESSION DISORDER
5243,COVID-19
5244,HEALTHY VOLUNTEER
5245,"DIABETES MELLITUS, TYPE 2"
5246,STRESS
5247,COVID-19
5247,INFLUENZA
5247,RESPIRATORY TRACT INFECTIONS
5247,ACUTE RESPIRATORY TRACT INFECTION
5247,ARDS
5248,COVID-19
5248,COVID-19
5248,ARDS
5249,TRACHEAL INTUBATION
5249,INFECTION
5249,PROJECTION
5250,ADULT
5250,GLOBAL HEALTH
5251,CRITICAL ILLNESS
5251,"INFECTIONS, RESPIRATORY"
5251,"EMERGENCY SERVICE, HOSPITAL"
5251,TELEMEDICINE
5252,MECHANICAL VENTILATION
5252,SEDATION
5252,CRITICAL ILLNESS
5252,COVID-19
5253,ALCOHOL CONSUMPTION
5253,"VIOLENCE, DOMESTIC"
5253,STRESS
5253,AGGRESSION
5254,"SATISFACTION, PATIENT"
5254,COVID-19
5254,EMERGENCIES
5254,SATISFACTION
5254,INFORMATION DISCLOSURE
5255,TELEREHABILITATION
5256,CANCER
5256,LUNG DISEASES
5256,LIVER DISEASES
5257,COVID-19
5258,AIRWAY DISEASE
5259,KAWASAKI DISEASE
5259,INFLAMMATION
5260,RESPIRATORY FAILURE
5261,SLEEP
5262,BODY IMAGE
5263,STRESS
5263,STRESS
5264,BIOEQUIVALENCE
5265,HYPOXEMIA
5266,"NEOPLASM, COLORECTAL"
5266,NEOPLASM OF LUNG
5266,"NEOPLASM, BLADDER"
5266,NEOPLASMS PANCREATIC
5266,BILIARY TRACT NEOPLASMS
5266,GASTRO INTESTINAL STROMAL TUMOUR
5267,URINARY INCONTINENCE IN OLD AGE
5267,SEDENTARY BEHAVIOR
5268,HYPERTENSION
5268,HYPOXIA
5268,HYPOTENSION
5269,HEALTH BEHAVIOR
5269,EATING BEHAVIOR
5270,VACCNATION IN HCW
5271,FIBEROPTIC BRONCHOSCOPY (FOB)
5271,BRONCHOALVEOLAR LAVAGE (BAL)
5271,RESPIRATORY DISEASE
5272,EATING DISORDERS IN ADOLESCENCE
5273,COVID-19
5274,COVID-19
5274,TUBERCULOSIS
5274,VIRAL INFECTION
5275,WEAKNESS OF THE LOWER LIMBS
5276,RESPIRATORY TRACT INFECTIONS
5276,COVID-19
5276,FLU LIKE ILLNESS
5277,LUNG CANCER
5277,PHYSIOTHERAPY
5278,COPD
5278,ASTHMA
5278,COVID-19
5279,MUSCULOSKELETAL ABNORMALITY
5279,PEDIATRIC
5280,COVID-19
5281,STRESS
5281,SLEEP
5281,QUALITY OF LIFE
5282,INTUBATION
5283,ACUTE KIDNEY INJURY DUE TO SEPSIS
5284,DIFFICULT INTUBATION
5284,DIFFICULT AIRWAY INTUBATION
5285,STRESS
5286,COVID-19
5287,HEALTHY LIFESTYLE
5287,SEDENTARY BEHAVIOR
5288,ANXIETY
5288,DEPRESSION
5288,SOCIAL ISOLATION
5289,HAND HYGIENE
5290,STRESS
5291,STRESS
5291,STRESS
5291,STRESS
5292,HYPERTENSION IN PREGNANCY
5293,DIFFICULT AIRWAY
5294,RHEUMATOID ARTHRITIS
5294,TELEHEALTH
5295,MECHANICAL VENTILATION
5295,COVID-19
5296,MAJOR DEPRESSIVE DISORDER
5296,GENERALIZED ANXIETY DISORDER
5296,SOCIAL ANXIETY DISORDER
5296,PANIC DISORDER
5297,ANXIETY DISORDERS
5297,DEPRESSION
5298,CYSTIC FIBROSIS
5299,POST PARTUM DEPRESSION
5300,COMPARATIVE BIOAVAILABILITY
5301,CHRONIC PAIN
5302,DRY EYE SYNDROMES
5303,FACE-TOUCHING BEHAVIOR
5304,COVID-19
5304,VENTILATORY FAILURE
5304,ANESTHESIA INTUBATION COMPLICATION
5305,IMMUNE THROMBOCYTOPENIA
5306,COVID-19
5306,CARDIAC DISEASE
5306,RESPIRATORY DISEASE
5306,VASCULAR DISEASES
5307,WHOLE BLOOD DONATIONS AND LEUKOREDUCTION
5308,MALNUTRITION
5308,ISOLATION
5308,DEPRESSION
5308,ANXIETY
5308,SEDENTARY BEHAVIOR
5308,LONELINESS
5309,ARDS
5309,LUNG DISEASES
5309,PNEUMONIA
5309,RESPIRATORY TRACT INFECTIONS
5309,RESPIRATORY TRACT DISEASE
5310,INFLUENZA VACCINE
5311,LONELINESS
5312,COVID-19
5313,PROCEDURE TIME
5314,AIRWAY EXTUBATION
5315,DENTAL PLAQUE
5315,"CALCULUS, DENTAL"
5315,AEROSOL DISEASE
5316,UVEITIS
5316,OCULAR INFLAMMATION
5317,ANXIETY
5317,DEPRESSION
5317,ANXIETY GENERALIZED
5317,ANXIETY DISORDERS AND SYMPTOMS
5318,PERINATAL DEPRESSION
5319,MENTAL DISORDER
5320,HYPERTENSION
5321,RHINOPLASTY
5322,KNEE OSTEOARTHRITIS
5323,CONTINUOUS GLUCOSE MONITORING
5324,DEPRESSION
5325,HEALTHY
5326,FOOD INSECURITY
5327,"TRANSMISSION, PATIENT-PROFESSIONAL"
5328,SMOKING
5328,SMOKING CESSATION
5329,COVID-19
5329,PULMONARY ARTERIAL HYPERTENSION
5329,URINARY TRACT INFECTIONS IN CHILDREN
5329,HYPERTENSION
5329,PAIN
5329,HYPERPHOSPHATEMIA
5329,PRIMARY HYPERALDOSTERONISM
5329,EDEMA
5329,HYPOKALEMIA
5329,HEART FAILURE
5329,HEMOPHILIA
5329,MENORRHAGIA
5329,INSOMNIA
5329,PNEUMONIA
5329,SKIN INFECTION
5329,ARRYTHMIA
5329,ASTHMA IN CHILDREN
5329,BRONCHOPULMONARY DYSPLASIA
5329,ADRENAL INSUFFICIENCY
5329,FIBRINOLYSIS; HEMORRHAGE
5329,ATTENTION DEFICIT HYPERACTIVITY DISORDER
5329,MULTISYSTEM INFLAMMATORY SYNDROME IN CHILDREN (MIS-C)
5329,KAWASAKI DISEASE
5329,COAGULATION DISORDER
5329,DOWN SYNDROME
5330,PAIN
5330,OBESITY
5330,SEDENTARY BEHAVIOR
5331,SOCIAL ANXIETY
5332,QUALITY OF LIFE
5332,CULTURAL COMPETENCE
5332,STRESS
5333,SLEEP
5333,DIET
5333,WELL BEING
5334,OPIOID USE
5334,OPIOID-USE DISORDER
5334,RISK REDUCTION
5334,HIV
5335,"NAUSEA AND VOMITING, POSTOPERATIVE"
5336,HEALTHY
5336,RESPIRATORY TRACT INFECTIONS
5336,LUNG INFECTION
5336,DROPLET SPREAD
5337,PERSONAL PROTECTIVE EQUIPMENT
5338,AGING
5339,TELEMEDICINE
5340,PNEUMONIA
5340,STREPTOCOCCUS PYOGENES INFECTION
5340,NEISSERIA MENINGITIDES MENINGITIS
5341,ABORTION EARLY
5342,ULTRASOUND THERAPY; COMPLICATIONS
5343,SAFETY ISSUES
5343,COMMUNICATION
5343,CARDIOPULMONARY ARREST
5344,PROTECTIVE DEVICE (PHYSICAL OBJECT)
5344,AEROSOL DISEASE
5344,DROPLET SPREAD
5345,"AEROSOL-GENERATING PROCEDURE, ESOPHAGOGASTRODUODENOSCOPY"
5346,MECHANICAL VENTILATION COMPLICATION
5347,SMOKING
5348,DRY MOUTH
5348,HALITOSIS
5349,RESPIRATORY INFECTIOUS DISEASES
5350,RESPIRATORY INFECTIOUS DISEASES
5351,EATING DISORDERS
5352,RESPIRATORY INFECTIOUS DISEASES
5353,HIV INFECTIONS
5353,DRUG USE
5353,OPIOID USE
5353,OPIOID-USE DISORDER
5354,SPINOCEREBELLAR ATAXIA TYPE 3
5354,MACHADO-JOSEPH DISEASE
5354,SCA3
5354,MJD
5355,INFECTION
5356,TELEMEDICINE
5356,PHYSIOLOGY
5357,EMERGENCIES
5358,AUTISM SPECTRUM DISORDER
5358,AUTISM
5359,BREAST CANCER
5359,BREAST NEOPLASM
5360,HEALTHCARE ASSOCIATED INFECTION
5361,DEPRESSION
5361,ANXIETY
5362,CANCER
5363,SOLID TUMOR
5364,SOLID TUMOR
5365,HOSPITAL OUTPATIENT CLINICS
5365,CHRONIC DISEASE
5366,AUTISM SPECTRUM DISORDER
5366,APRAXIA OF SPEECH
5367,SUICIDE
5367,SUICIDAL IDEATION
5367,SUICIDE ATTEMPT
5368,SURGERY
5368,PERIOPERATIVE COMPLICATION
5368,COVID-19
5369,MATERNAL DEPRESSION
5370,AUTISM
5371,INSOMNIA DUE TO ANXIETY AND FEAR
5372,AUTISM SPECTRUM DISORDER
5373,DISABILITY PHYSICAL
5374,POSTPARTUM DEPRESSION
5374,POSTPARTUM ANXIETY
5375,PELVIC FLOOR
5375,EXERCISE
5375,TELEREHABILITATION
5375,ACUPRESSURE
5375,DYSMENORRHEA PRIMARY
5375,DRUG EFFECT
5376,POSTPARTUM DEPRESSION
5377,DERMATITIS HAND
5377,SKIN ABNORMALITIES
5377,ATOPIC DERMATITIS
5377,ATOPIC DERMATITIS ECZEMA
5378,CANCER OF GASTROINTESTINAL TRACT
5379,CAREGIVERS
5380,MULTIPLE SCLEROSIS
5381,"BURNOUT, PROFESSIONAL"
5381,STRESS
5381,DEPRESSION
5381,STRESS
5382,AUTISM SPECTRUM DISORDER
5382,AUTISM
5383,PEER GROUP
5384,MULTIPLE SCLEROSIS
5385,NEWBORN
5385,ANXIETY
5386,HEALTHY
5387,DIABETES
5387,DIABETES MELLITUS
5388,INPATIENTS
5388,STAFF
5389,STRESS
5390,YOGA
5391,MENTAL HEALTH ISSUE
5391,"DEPRESSION, ANXIETY"
5391,STRESS
5392,HEALTHY
5393,"COPD, CHRONIC OBSTRUCTIVE PULMONARY DISEASE"
5394,CARDIOPULMONARY ARREST
5395,HEALTHY PEOPLE
5396,CANCER
5396,LUNG CANCER
5396,GASTRO-INTESTINAL
5397,SELECTIVE MUTISM
5398,CHRONIC LOW-BACK PAIN
5399,AUTISM SPECTRUM DISORDER
5400,COMMUNITY-DWELLING OLDER ADULTS
5400,FALL RISK
5401,EPILEPSY IN CHILDREN
5401,MINDFULNESS
5401,QUALITY OF LIFE
5402,EXPOSURE TO HERBICIDES
5403,"HEALTH KNOWLEDGE, ATTITUDES, PRACTICE"
5403,SOCIAL DETERMINANTS
5403,PUBLIC HEALTH
5403,PREGNANCY RELATED
5404,TYPE 2 DIABETES
5404,COMORBIDITIES AND COEXISTING CONDITIONS
5405,COLORECTAL CANCER
5406,PHYSICAL ACTIVITY
5407,SMOKING CESSATION
5408,"DIET, HEALTHY"
5408,BODY WEIGHT
5408,TIME RESTRICTED FEEDING
5408,SLEEP
5408,CARDIOVASCULAR RISK FACTOR
5408,MOTIVATION
5409,MALNUTRITION
5409,ONCOLOGIC COMPLICATIONS
5409,ONCOLOGY
5409,QUALITY OF LIFE
5410,AGING
5410,COGNITIVE DECLINE
5411,GENERALIZED ANXIETY DISORDER
5411,INTOLERANCE OF UNCERTAINTY
5411,ANXIETY
5412,ANXIETY DISORDERS
5413,HEALTHY
5414,OPIOID USE
5415,SPINAL CORD INJURIES
5416,EPIGENETIC AGING
5416,IMMUNOSENESCENCE
5417,PEDIATRIC KIDNEY DISEASE
5417,ACUTE KIDNEY INJURY
5418,RESPIRATORY FAILURE
5419,DECISION MAKING
5419,AGED
5419,MULTIMORBIDITY
5419,GENERAL PRACTICE
5420,ARDS
5420,ARDS
5421,PSYCHOSOCIAL PROBLEM
5421,STRESS
5421,"ENGAGEMENT, PATIENT"
5422,BRONCHIECTASIS ADULT
5423,ARTHRITIS
5423,CANCER
5423,CARDIOVASCULAR DISEASES
5423,CHRONIC LUNG DISEASE
5423,CONGESTIVE HEART FAILURE
5423,DIABETES
5423,HYPERTENSION
5423,KIDNEY DISEASES
5423,OBESITY
5423,OSTEOPOROSIS
5423,STROKE
5423,FRAILTY
5424,HEART FAILURE
5425,ASTHMA
5426,TUBERCULOSIS
5426,PEDIATRIC ALL
5426,"BEHAVIOR, HEALTH"
5427,DUAL-GENERATION INTERVENTION FOR MOTHERS WITH DEPRESSION
5428,ALLERGY
5428,ANXIETY
5429,PHYSICAL THERAPY
5429,CEREBRAL PALSY
5429,THERAPEUTIC EDUCATION
5429,TELEHEALTH
5430,BOWEL CANCER
5430,BOWEL DISEASE
5430,GENOMIC
5430,EPIGENETIC DISORDER
5431,BODY DISSATISFACTION
5432,DEMENTIA
5432,COGNITIVE DECLINE
5432,PREVENTION
5432,LIFE STYLE
5432,"RISK FACTOR, CARDIOVASCULAR"
5432,DIET HABIT
5432,COGNITIVE INTERVENTION
5432,BEHAVIORAL INTERVENTION
5433,STROKE
5433,PARKINSON DISEASE
5433,COVID-19
5433,"NEGLECT, HEMISPATIAL"
5434,DELIRIUM CONFUSIONAL STATE
5435,WEIGHT LOSS
5435,WAIT-LIST CONTROL
5436,COMMUNICATION
5436,TRUST
5436,COVID-19
5436,SURGERY
5437,SELF-INJURIOUS THOUGHTS AND BEHAVIOURS
5437,BORDERLINE PERSONALITY DISORDER
5438,RESPIRATORY DISORDER
5438,DIABETES
5438,CARDIOVASCULAR DISEASES
5438,CRITICAL CARE
5438,TRAUMA AND EMERGENCY CARE
5438,PRIMARY CARE
5439,NON-CONTACT INFRARED THERMOMETER; RAPID SCREENING
5440,MAJOR DEPRESSIVE DISORDER
5441,CARDIOPULMONARY
5441,EXERCISE
5441,COGNITIVE PERFORMANCE
5441,COVID-19
5442,SEPSIS
5442,PNEUMONIA
5442,LOWER RESP TRACT INFECTION
5442,COVID-19
5443,"ANXIETY, SOCIAL"
5444,TYPE 1 DIABETES
5444,CELIAC DISEASE
5445,CANCER
5445,HEAD AND NECK CANCER
5445,COLON CANCER
5445,BREAST CANCER
5445,PROSTATE CANCER
5445,CANCER CAREGIVERS
5446,C3PI STUDY TESTING GROUP
5447,HEART FAILURE
5448,COLON CANCER
5448,BREAST CANCER
5448,CHEMOTHERAPEUTIC TOXICITY
5449,CANCER
5450,BARIATRIC SURGERY
5450,PHYSICAL ACTIVITY
5451,CANCER
5451,"BRAIN TUMOR, PRIMARY"
5452,PEDIATRIC OBESITY
5453,RHEUMATOID ARTHRITIS
5454,PREDIABETES
5454,"METABOLIC SYNDROME, PROTECTION AGAINST"
5455,AGING
5455,CHRONIC LOW-BACK PAIN
5456,LONELINESS
5456,SOCIAL ISOLATION
5457,TOXICITY BY BLEACH
5458,CANCER
5459,PNEUMONIA
5459,NITRIC OXIDE
5459,RESPIRATORY DISEASE
5459,PNEUMONIA
5459,INHALED NITRIC OXIDE
5459,COVID-19
5459,COVID-19
5460,FEVER
5461,TYPE 1 DIABETES
5462,ELBOW FRACTURE
5462,TRAUMA
5463,STROKE
5464,TECHNOLOGY
5464,DIET HABIT
5465,COVID-19
5465,COVID-19
5465,SARS
5465,SEVERE ACUTE RESPIRATORY INFECTION
5465,PNEUMONIA
5465,SARS
5465,NEURODEGENERATION
5465,NEUROINFLAMMATORY RESPONSE
5466,PANDEMICS
5466,CRISIS STATE
5466,NURSING
5466,EDUCATION
5467,STUDY WILL EXAMINE THE IMPACT OF PROJECT WITH
5468,MENISCECTOMY
5469,METABOLIC SYNDROME
5469,OBESITY
5470,HOUSEHOLDS
5471,VIRAL MYOCARDITIS
5472,AGEISM
5473,BIOEQUIVALENCE
5474,HEART FAILURE
5475,POSTOPERATIVE COMPLICATIONS
5475,COST-BENEFIT ANALYSIS
5476,CARDIAC HEALTH
5476,METABOLIC SYNDROME
5477,PARKINSON DISEASE
5478,OBESITY
5479,OVERWEIGHT
5479,NUTRITIONAL DEFICIENCY
5479,POOR NUTRITION
5479,IRON-DEFICIENCY
5480,STROKE
5480,APHASIA
5480,APRAXIA OF SPEECH
5481,COPD
5482,PERINATAL ANXIETY
5483,OBESITY
5483,OVERWEIGHT
5483,"DIET, HEALTHY"
5483,SOCIAL INTERACTION
5483,WEIGHT LOSS
5484,SPONDYLOARTHRITIS
5484,ANKYLOSING SPONDYLITIS
5484,PSORIATIC ARTHRITIS
5484,SPONDYLOARTHROPATHY
5485,MALARIA
5486,BREASTFEEDING
5487,HEART FAILURE
5488,CHRONIC PAIN
5488,MUSCULOSKELETAL DISEASES
5488,QUALITY OF LIFE
5488,PAIN MEASUREMENT
5489,PNEUMONIA
5490,RENAL TRANSPLANT
5491,CHRONIC MEDICAL CONDITIONS
5492,"INFLUENZA, HUMAN"
5493,HEALTH LITERACY
5494,FIBROMYALGIA
5495,COVID-19
5496,UVEITIS
5497,PROBLEM GAMBLING
5497,GAMBLING DISORDER
5498,BIOEQUIVALENCE
5499,BIOEQUIVALENCE
5500,BIOEQUIVALENCE
5501,PREGNANCY RELATED
5501,CARDIAC DISEASE
5502,OPIOID-USE DISORDER
5503,INSOMNIA
5503,SCHIZOPHRENIA
5503,SCHIZOAFFECTIVE DISORDER
5504,OVERWEIGHT AND OBESITY
5505,CRITICAL LIMB ISCHEMIA
5506,LIVER CIRRHOSIS
5507,PREGNANCY RELATED
5507,POSTPARTUM SADNESS
5508,BLOOD CANCER
5509,INVASIVE FUNGAL INFECTIONS
5510,HEALTHY
5511,HEARING LOSS
5512,COVID-19
5512,COVID-19
5512,HAY FEVER
5512,ASTHMA
5512,CHRONIC OBSTRUCTIVE PULMONARY DISEASE
5512,INFLUENZA
5512,COMMON COLD
5512,RESPIRATORY TRACT INFECTIONS
5512,HEALTHY
5513,DEPRESSIVE SYMPTOMS
5513,ANXIETY
5514,STRESS
5514,HABITS
5515,STUDENT
5515,MENTAL HEALTH
5515,"DEPRESSION, ANXIETY"
5515,DEPRESSION
5515,ANXIETY
5515,COLLEGE DRINKING
5515,STRESS
5516,PERSONAL PROTECTIVE EQUIPMENT
5516,SELF CONTAMINATION
5517,RESPIRATORY FAILURE
5518,DEPRESSIVE SYMPTOMS
5518,ANXIETY
5518,EMOTIONAL DISORDERS
5519,CARDIOVASCULAR DISEASES
5520,CANCER
5520,COPD
5520,ASTHMA
5520,BRONCHIECTASIS ADULT
5520,INTERSTITIAL LUNG DISEASE
5520,CYSTIC FIBROSIS
5520,CHRONIC HEART FAILURE
5520,SICKLE CELL DISEASE
5520,RENAL FAILURE
5520,LIVER FAILURE
5520,COVID-19
5520,DYSPNEA
5521,BIOEQUIVALENCE
5522,LANGUAGE IMPAIRMENT
5523,GENERALIZED ANXIETY DISORDER
5524,DEPRESSION
5524,ANXIETY
5524,WELL-BEING
5525,"SMOKING, TOBACCO"
5526,DEPRESSIVE SYMPTOMS
5526,ANXIETY
5526,HAPPINESS
5527,HEMODYNAMIC MONITORING
5528,PREMATURE BIRTH
5528,NICU
5528,PREMATURE
5528,INFANT
5529,IPF
5529,PULMONARY FIBROSIS
5529,ILD
5530,DEPRESSION
5530,ANXIETY
5530,PHYSICAL DISABILITY
5531,ALCOHOL MISUSE
5532,ATRIAL FIBRILLATION
5532,HYPERTENSION
5532,HEART FAILURE
5533,IMMUNE RESPONSE
5534,AUTOIMMUNE DISEASES
5534,CARDIOVASCULAR DISORDERS
5534,DIABETES COMPLICATIONS
5534,INTEGUMENTARY DISEASE
5534,MUSCULOSKELETAL DISORDERS
5534,NEURODEGENERATIVE DISORDERS
5534,NEUROLOGIC DISORDERS
5534,PULMONARY DISORDERS
5534,SEXUAL DYSFUNCTION
5534,UROLOGIC DISORDERS
5534,VIRAL ILLNESS
5535,MATERNAL DEATH
5535,MATERNAL INFECTIONS AFFECTING FETUS OR NEWBORN
5535,NEONATAL SEPSIS
5535,MATERNAL SEPSIS DURING LABOR
5535,NEONATAL DEATH
5535,POSTPARTUM SEPSIS
5536,BIOEQUIVALENCE
5537,LUNG CANCER
5537,RECURRENCE
5538,POSTOPERATIVE COMPLICATIONS
5538,CARDIOVASCULAR COMPLICATION
5538,MYOCARDIAL ISCHEMIA
5538,INFLAMMATION
5539,OPIOID-USE DISORDER
5540,ACUTE CORONARY SYNDROME
5540,DEPRESSION
5540,MYOCARDIAL INFARCTION
5540,UNSTABLE ANGINA
5540,STEMI
5540,NSTEMI - NON-ST SEGMENT ELEVATION MI
5541,QUALITY OF LIFE
5541,AGING WELL
5542,PANCREATIC CANCER
5543,HEART FAILURE
5544,PHYSICAL DISABILITY
5544,COGNITIVE IMPAIRMENT
5544,PHYSICAL ACTIVITY
5545,NIPAH VIRUS INFECTION
5546,DIABETES
5546,HEART DISEASES
5546,DIET HABIT
5546,DIET MODIFICATION
5546,HEALTHY
5546,OBESITY
5546,METABOLISM
5546,MICROBIAL COLONIZATION
5547,DEATH
5547,"COMMUNICATION, MULTIDISCIPLINARY"
5547,EMPATHY
5547,COMPASSION
5547,FAMILY MEMBERS
5547,BEREAVEMENT
5547,EMPOWERMENT
5547,PATIENT ENGAGEMENT
5548,"INFLUENZA, HUMAN"
5549,CARDIOVASCULAR DISEASES
5549,CORONARY HEART DISEASE
5550,POST INTENSIVE CARE UNIT SYNDROME
5551,EBOLA VIRUS DISEASE
5551,MARBURG VIRUS DISEASE
5552,RESPIRATORY FAILURE
5553,HEALTHCARE DISPARITIES
5553,MENTAL HEALTH
5554,INFERTILITY
5554,"INFERTILITY, FEMALE"
5554,"INFERTILITY, MALE"
5555,MULTIPLE SCLEROSIS
5556,"INFLUENZA, HUMAN"
5557,IMMUNE HEALTH
5558,PARKINSON DISEASE
5559,NECK PAIN
5559,LOW BACK PAIN
5559,BACK PAIN
5560,HIV INFECTIONS
5560,PREGNANCY RELATED
5560,STI
5560,MENTAL HEALTH WELLNESS 1
5561,ALLERGIC TO HOUSE DUST MITES
5562,POSTPARTUM HEALTH
5562,BREASTFEEDING
5562,CONTRACEPTION
5562,PREVENTIVE CARE / ANTICIPATORY GUIDANCE
5562,RETENTION IN CARE
5563,DYSFUNCTIONAL BREATHING
5563,ASTHMA IN CHILDREN
5563,ASTHMA
5564,TYPE 1 DIABETES
5565,PRETERM LABOR
5565,PRETERM BIRTH
5566,DEPRESSION
5567,PERIODONTAL DISEASES
5567,PERIODONTAL POCKET
5568,PSYCHOTIC DISORDERS
5568,PSYCHOSIS
5568,SLEEP
5569,SYSTEMIC LUPUS ERYTHEMATOSUS
5570,STRESS
5571,STRESS
5571,PTSD
5571,ANXIETY
5571,DEPRESSION
5571,TRAUMA
5571,FUNCTIONAL DISABILITIES
5571,COMMON MENTAL HEALTH PROBLEMS
5572,ALCOHOL DRINKING
5572,TELEMEDICINE
5573,PNEUMONIA
5573,ARDS
5574,STRESS
5574,PSYCHOLOGICAL
5575,EMOTIONAL PROBLEM
5575,ANXIETY DISORDER OF CHILDHOOD
5575,DEPRESSIVE SYMPTOMS
5575,BEHAVIOR PROBLEM OF CHILDHOOD AND ADOLESCENCE
5575,MENTAL HEALTH DISORDER
5576,CHRONIC PAIN
