study_id,intervention_type,name,description
1,Diagnostic Test,ID Now™ COVID-19 Screening Test,Not Specified
2,Drug,Drug COVID19-0001-USR,Not Specified
2,Drug,normal saline,Not Specified
3,Other,Lung CT scan analysis in COVID-19 patients,Not Specified
4,Diagnostic Test,COVID 19 Diagnostic Test,Not Specified
5,Diagnostic Test,"Diagnosis of SARS-Cov2 by RT-PCR and : IgG, Ig M serologies in the amniotoc fluid, the blood cord and the placenta",Not Specified
6,Biological,Convalescent COVID 19 Plasma,Not Specified
7,Behavioral,COVID-19 Breastfeeding Support,Not Specified
9,Diagnostic Test,Breath biopsy sampling using the ReCIVA Breath Sampler,Not Specified
10,Biological,Convalescent Plasma from COVID-19 donors,Not Specified
11,Biological,Convalescent COVID 19 Plasma,Not Specified
12,Other,Relation between frailty and clinical outcomes in elderly patients with COVID-19.,Not Specified
13,Other,COVID-19 exposure,Not Specified
13,Biological,COVID-19 vaccine,Not Specified
14,Other,Investigation of smell and taste disorders,Not Specified
15,Diagnostic Test,vaccination against COVID19,Not Specified
16,Diagnostic Test,nasopharyngeal Covid 19 RT-PCR,Not Specified
17,Diagnostic Test,RT-qPCR test,Not Specified
17,Diagnostic Test,COVID-VIRO® test,Not Specified
18,Other,exposure to COVID19,Not Specified
19,Other,Interview,Not Specified
20,Diagnostic Test,Covid-19 swab PCR test,Not Specified
21,Other,COVID-19,Not Specified
22,Biological,Autologous Non-Hematopoietic Peripheral Blood Stem Cells (NHPBSC),Not Specified
22,Drug,COVID-19 standard care,Not Specified
23,Biological,Two COVID-19 vaccine candidate (TMV-083) administrations - Low dose,Not Specified
23,Biological,Two COVID-19 vaccine candidate (TMV-083) administrations - High dose,Not Specified
23,Biological,One COVID-19 vaccine candidate (TMV-083) administration - High dose,Not Specified
23,Other,Placebo,Not Specified
24,Genetic,Massive parallel sequencing of host genome,Not Specified
25,Biological,covid-19 vaccine,Not Specified
26,Device,The use of the MentalPlus® digital game for assessment and rehabilitation of cognitive function after remission of the symptoms of COVID-19,Not Specified
27,Other,Predictive factors for clinical response in patients with COVID-19.,Not Specified
28,Other,COVID-19 PCR and serology testing,Not Specified
29,Biological,"Reporting of anosmia, ageusia and other clinical symptoms",Not Specified
30,Diagnostic Test,COVID 19 diagnostic test by PCR,Not Specified
31,Device,performance evaluation study of RealDetect RT-PCR Kit for COVID-19 detection,Not Specified
32,Other,observational,Not Specified
33,Diagnostic Test,COVID-19 swap test PCR,Not Specified
34,Diagnostic Test,Breath Biopsy,Not Specified
35,Other,SARS-CoV2 infection,Not Specified
37,Biological,Adsorbed COVID-19 (Inactivated) Vaccine,Not Specified
38,Diagnostic Test,diagnostic tests for COVID-19 infection,Not Specified
39,Other,CT-Scan,Not Specified
40,Diagnostic Test,PCR test,Not Specified
41,Biological,COVID Convalescent Plasma,Not Specified
42,Other,COVID-19,Not Specified
43,Diagnostic Test,Covid-19 presto test,Not Specified
44,Biological,Adsorbed COVID-19 (Inactivated) Vaccine,Not Specified
45,Diagnostic Test,ELISA and Rapid test to detect antibodies against COVID-19,Not Specified
46,Biological,Equine COVID-19 Antiserum,Not Specified
46,Drug,Standard of care,Not Specified
47,Biological,Convalescent plasma from COVID-19 donors,Not Specified
47,Biological,Placebo,Not Specified
49,Drug,Ivermectin,Not Specified
50,Diagnostic Test,"COVID-19 test, polymerase chain reaction for SARS-CoV-2",Not Specified
52,Other,No intervention - exposure is to COVID-19,Not Specified
53,Diagnostic Test,Spartan COVID-19 Test,Not Specified
54,Diagnostic Test,Vaginal fluid Covid-19 PCR test,Not Specified
55,Biological,SARS-CoV-2 vaccine (inactivated),Not Specified
55,Biological,Placebo,Not Specified
56,Diagnostic Test,Spartan COVID-19 v2 System,Not Specified
58,Diagnostic Test,Breath Biopsy Analysis,Not Specified
60,Diagnostic Test,IgG SARS CoV 2 antibodies,Not Specified
61,Drug,ACE Inhibitors and Calcium Channel Blockers,Not Specified
62,Diagnostic Test,"COVID-19 antigen and antibody tests, and influenza rapid test",Not Specified
63,Other,COVID-19 and Intensive Care,Not Specified
64,Biological,Multiple Doses of Anti-SARS-CoV-2 convalescent plasma,Not Specified
65,Other,Model Building,Not Specified
65,Other,Model validation,Not Specified
66,Biological,Mesenchymal cells,Not Specified
66,Drug,Standard of care,Not Specified
67,Biological,anti-SARS-CoV-2 convalescent plasma,Not Specified
68,Diagnostic Test,Sonoclot,Not Specified
70,Other,Follow up,Not Specified
71,Behavioral,The psychosocial effects of COVID-19 pandemic on dental professionals,Not Specified
72,Other,Complex diagnostic panel,Not Specified
73,Biological,COVID-19 vaccine,Not Specified
74,Dietary Supplement,Acacia Senegal,Not Specified
74,Dietary Supplement,Pectin,Not Specified
75,Other,observational,Not Specified
76,Biological,Inactivated SARS-CoV-2 Vaccine (Vero cell),Not Specified
76,Biological,Placebo,Not Specified
77,Other,data collection,Not Specified
77,Other,analysis of blood samples,Not Specified
78,Diagnostic Test,Detection of anti-COVID-19 antibody level,Not Specified
79,Other,Exposure (not intervention) - SARS-CoV-2 infection,Not Specified
80,Diagnostic Test,COVID-19 antibody point of care test kit,Not Specified
81,Diagnostic Test,COVID-19 PCR and Serology,Not Specified
82,Other,Prospective observation,Not Specified
83,Device,NOWDx COVID-19 Test,Not Specified
84,Other,Social and public health measures against COVID-19,Not Specified
84,Other,Control,Not Specified
85,Device,NOWDx COVID-19 Test,Not Specified
86,Diagnostic Test,EUROIMMUN assay,Not Specified
87,Other,Assessing the impact of COVID-19,Not Specified
88,Dietary Supplement,Antioxidation Therapy,Not Specified
88,Other,Standard of Care,Not Specified
90,Biological,Moderna COVID-19 Vaccine,Not Specified
91,Procedure,"Blood collection at Day 8, Day 16, Day 24, Month 6 and Month 12 after first symptoms from SARS-CoV-2 infection",Not Specified
92,Diagnostic Test,Covid-19 Rapid Test Kit (RAPG-COV-019),Not Specified
92,Diagnostic Test,Quantitative IgG Test,Not Specified
93,Diagnostic Test,NO intervention planned due to the observational study design - only a diagnostic testing,Not Specified
94,Drug,"MCN (Methylene blue, vitamin C, N-acetyl cysteine)",Not Specified
95,Behavioral,Healthcare Providers' Communication about the COVID-19 Vaccine,Not Specified
96,Procedure,lung ultrasound (LUS),Not Specified
97,Diagnostic Test,"Serelogy testing, RT PCR",Not Specified
98,Other,Smartphone-based voice and self-reported symptom collection,Not Specified
99,Other,Biospecimen collection,Not Specified
100,Diagnostic Test,CoronaCideTM COVID-19 IgM/IgG Rapid Test and Premier Biotech COVID-19 IgM/IgG Rapid Test,Not Specified
101,Diagnostic Test,SARS-CoV-2 RT-PCR Assay for Detection of COVID-19 Infection,Not Specified
103,Diagnostic Test,Imaging by thoracic scanner,Not Specified
104,Diagnostic Test,RT PCR SARS-CoV-2,Not Specified
105,Other,Practice details,Not Specified
106,Device,Non-invasive ventilatory support,Not Specified
107,Drug,Covid-19 group,Not Specified
108,Drug,Isotretinoin Only Product in Oral Dose Form,Not Specified
109,Drug,Plasma,Not Specified
110,Diagnostic Test,CLIA of IgG and IgM against SARS-Cov-2,Not Specified
111,Other,Observational study,Not Specified
112,Drug,covid19 vaccine,Not Specified
113,Diagnostic Test,COVID 19 serology,Not Specified
113,Other,COVID 19 Self-Questionnaire,Not Specified
114,Other,Sarcopenia diagnosis,Not Specified
115,Diagnostic Test,Performance evaluation (sensitivity and specificity) for COVID-19 diagnosis of the Vocus PTR-TOF process,Not Specified
116,Procedure,Prone position,Not Specified
117,Drug,Plasma,Not Specified
117,Drug,Standard Therapy,Not Specified
118,Other,No intervention (Retrospective Cohort Observational),Not Specified
119,Behavioral,covid-19 positive pregnant women,Not Specified
120,Device,Wearable Medical Device (Empatica E4),Not Specified
120,Diagnostic Test,COVID-19 PCR Swab,Not Specified
120,Diagnostic Test,Pulse Oximeter,Not Specified
122,Biological,COVID-19 Therapeutic Biologics - Spike-GM-CSF Protein Lactated Ringer's Injection,Not Specified
124,Diagnostic Test,Anti COVID19 IgG Antibodies,Not Specified
125,Genetic,Whole Genome Analysis,Not Specified
125,Genetic,T-cell receptor (TCR) repertoire,Not Specified
125,Genetic,SARS-CoV-2 viral composition,Not Specified
126,Diagnostic Test,Optical Coherence Tomography (OCT),Not Specified
127,Drug,Oral,Not Specified
128,Diagnostic Test,COVID-19 diagnostic test,Not Specified
129,Diagnostic Test,ILI and COVID-19 detection,Not Specified
130,Biological,AG0301-COVID19,Not Specified
132,Diagnostic Test,Lung ultrasound use in patients hospitalized with COVID,Not Specified
133,Other,COVID-19 antibody test,Not Specified
134,Other,COVID-19 pandemic,Not Specified
135,Device,Spartan COVID-19 System,Not Specified
136,Other,Serial seroconversion measurements in hospital employees during the COVID-19 pandemic,Not Specified
137,Combination Product,Observational (registry),Not Specified
138,Other,Prevalence of COVID-19,Not Specified
139,Procedure,Oral care with/without aerosolization,Not Specified
141,Biological,Convalescent Plasma as Therapy for Covid-19 patients,Not Specified
142,Other,observation,Not Specified
143,Device,Lucira COVID-19 All-In-One test kit,Not Specified
144,Device,Rapid Onsite COVID-19 Detection,Not Specified
145,Diagnostic Test,CT-Scan,Not Specified
146,Drug,Standard COVID-19 care,Not Specified
146,Dietary Supplement,Quercetin Phytosome,Not Specified
147,Other,Data collection,Not Specified
148,Diagnostic Test,Serological testing for COVID-19 infection,Not Specified
149,Other,maternal SARS-CoV-2 infection,Not Specified
150,Drug,Patients with the treatment agains COVID19,Not Specified
151,Other,Patients admitted to Intensive Care Unit with SARS-CoV2,Not Specified
152,Drug,Hydroxychloroquine,Not Specified
152,Drug,Placebos,Not Specified
153,Drug,MR or M-M-R II ® vaccine,Not Specified
153,Drug,Placebo,Not Specified
155,Diagnostic Test,Spartan COVID-19 Platform,Not Specified
156,Other,Observational cohort study on the natural history of hospitalized SARS-COV-2 patients.,Not Specified
157,Other,COVID 19 impact,Not Specified
158,Diagnostic Test,Serological test for the detection of IgG anti-SARS-CoV-2,Not Specified
159,Other,COVID-19 Monitoring Using Wearable Sensors and Smartphone Technology,Not Specified
160,Device,Volatile Organic Compounds analysis,Not Specified
160,Other,Canine odor detection of Volatile Organic Compounds,Not Specified
161,Behavioral,COM-COVID anonimous survey,Not Specified
162,Other,Inflammatory cytokines and chemokines profiles of patients with dexmedetomidine administration,Not Specified
163,Biological,SARS-CoV-2 convalescent plasma,Not Specified
163,Other,Standard of care,Not Specified
164,Other,T-Detect™ SARS-CoV-2 Assay,Not Specified
165,Diagnostic Test,SARS-CoV-2 antibody immunoassays,Not Specified
166,Biological,COVID-19 convalescent plasma,Not Specified
167,Diagnostic Test,BIOZEK COVID-19 Antigen Rapid Test,Not Specified
168,Other,COVID-19,Not Specified
169,Diagnostic Test,suspected of COVID-19 infection,Not Specified
170,Biological,Serological COVID-19 vaccine immunogenicity,Not Specified
171,Other,COVID-19 patients,Not Specified
172,Other,COVID-19 FACILITY,Not Specified
174,Other,BioMedomics COVID-19 IgM-IgG Rapid Test,Not Specified
175,Drug,Suspension of heat killed (autoclaved) Mycobacterium w,Not Specified
175,Drug,Placebo,Not Specified
176,Other,Clinical interview,Not Specified
176,Biological,Blood collection,Not Specified
176,Biological,Saliva collection,Not Specified
177,Device,covid 19 on pregnancy outcomes,Not Specified
178,Other,Treatment for COVID-19,Not Specified
179,Diagnostic Test,"D-dimer,CBC.ESR,CRP,",Not Specified
179,Diagnostic Test,"Liver function tests ,serum ferritin and PCR for COVID-19 .",Not Specified
180,Diagnostic Test,COVID-19 antibodies testing,Not Specified
181,Diagnostic Test,Blood test for IgG antibodies against SARS-CoV-2,Not Specified
182,Other,Convalescent Plasma with antibody against SARS-CoV-2.,Not Specified
182,Other,Standard treatment for COVID-19,Not Specified
183,Other,hospitalized children with Covid19,Not Specified
184,Diagnostic Test,"Covid-19 PCR , IGM",Not Specified
186,Diagnostic Test,COVID-19 test,Not Specified
186,Diagnostic Test,Blood sampling,Not Specified
187,Dietary Supplement,Group A: oropharygeal spray and immunostimulant,Not Specified
187,Dietary Supplement,Group B: Placebo oropharyngeal spray + Active principle immunostimulant,Not Specified
187,Dietary Supplement,Group C:Active principle oropharyngeal spray + Placebo taken PO,Not Specified
187,Dietary Supplement,Group D:Placebo oropharyngeal spray + Placebo taken PO,Not Specified
189,Procedure,CT-scan with minimal invasive autopsy,Not Specified
191,Drug,Hydroxychloroquine,Not Specified
192,Other,Phsyiotherapy,Not Specified
193,Device,Lucira COVID-19 All-In-One test kit,Not Specified
194,Other,"Questionnaire administration,blood sampling and genetic analyses.",Not Specified
195,Biological,"SARS-CoV-2 Vaccine(Vero Cell), Inactivated",Not Specified
196,Other,COVID-19 vaccine hesitancy scale in rheumatic diseases,Not Specified
196,Other,COVID-19 vaccine hesitancy associated factors,Not Specified
197,Other,Medical follow-up,Not Specified
198,Biological,COVID-19 Vaccine,Not Specified
199,Drug,Colchicine Tablets,Not Specified
199,Drug,Standard therapy for COVID-19 according to the stablished hospital protocols.,Not Specified
200,Other,"Clinical, laboratory and imaging characteristics of pneumonia",Not Specified
201,Biological,SARS-CoV-2 Specific T Cells,Not Specified
202,Genetic,1. Characterize the immune response after infection with SARS-CoV-2,Not Specified
203,Diagnostic Test,SARS-CoV-2 serology,Not Specified
204,Drug,Melatonin,Not Specified
204,Other,Placebo (Methylcellulose) capsule,Not Specified
205,Other,No intervention,Not Specified
206,Diagnostic Test,SARS-CoV-2 PCR,Not Specified
207,Biological,Administration of Equine immunoglobulin anti SARS-CoV-2,Not Specified
208,Biological,anti-SARS-CoV-2 convalescent plasma,Not Specified
209,Diagnostic Test,COVID-19 RT-PCR,Not Specified
209,Diagnostic Test,Biosensor,Not Specified
210,Other,Blood sampling,Not Specified
211,Other,COVID-19,Not Specified
212,Diagnostic Test,Repeat SARS-CoV-2 IgG antibodies at 45-65 days,Not Specified
213,Diagnostic Test,Pilot a rapid SARS-CoV-2 testing strategy,Not Specified
213,Other,Community-driven messages to promote COVID-19 testing,Not Specified
214,Biological,Anti SARS-CoV 2 Convalescent Plasma in severe COVID-19 patients,Not Specified
214,Biological,Anti SARS-CoV 2 Convalescent Plasma in critical COVID-19 patients,Not Specified
215,Other,[TIMP-2]*[IGFBP-7],Not Specified
216,Other,questionnaire,Not Specified
217,Other,Serology test follow-up,Not Specified
218,Behavioral,Fear of Covid-19 Scale,Not Specified
219,Biological,Moderna COVID-19 Vaccine,Not Specified
219,Biological,Pfizer-BioNTech COVID-19 Vaccine,Not Specified
219,Biological,Placebo,Not Specified
220,Biological,exchange blood transfusion from normal donor,Not Specified
220,Biological,plasma from convalescent patients with COVID-19,Not Specified
220,Drug,Methylene Blue 5 MG/ML,Not Specified
221,Drug,Anti-SARS-CoV-2 convalescent plasma,Not Specified
222,Drug,Remdesivir,Not Specified
222,Drug,Cenicriviroc,Not Specified
222,Drug,Icatibant,Not Specified
222,Drug,Pulmozyme,Not Specified
222,Drug,IC14,Not Specified
222,Drug,Celecoxib Famotidine,Not Specified
222,Drug,Narsoplimab,Not Specified
223,Diagnostic Test,COVID-19 testing,Not Specified
224,Biological,AG0302-COVID19,Not Specified
225,Drug,Sirolimus,Not Specified
226,Diagnostic Test,COVID-19 diagnostic PCR,Not Specified
227,Diagnostic Test,Humoral and cellular immunity,Not Specified
228,Drug,Hydroxychloroquine Sulfate 200 milligram (mg) Tab,Not Specified
229,Drug,Transfusion of COVID-19 convalescent plasma,Not Specified
230,Biological,AV-COVID-19,Not Specified
231,Procedure,Biological samples specific to research,Not Specified
231,Procedure,Clinical examination,Not Specified
231,Procedure,Telephone follow-up,Not Specified
233,Other,Exposure,Not Specified
234,Other,convalescent plasma from recovered COVID 19 donor,Not Specified
235,Biological,COVID-19 Convalescent Plasma (CCP),Not Specified
235,Biological,Placebo,Not Specified
236,Diagnostic Test,Quantitative analysis of anti-SARS-CoV-2-antibodies,Not Specified
236,Diagnostic Test,SARS-CoV-2 diagnostic rapid test,Not Specified
237,Other,Deep Venous Disease Diagnostic,Not Specified
238,Diagnostic Test,blood test for SARS-COV2 serology,Not Specified
239,Drug,IMUNOR,Not Specified
240,Other,ELMO PROJECT AT COVID-19: STUDY IN HUMANS,Not Specified
240,Device,ELMO PROJECT AT COVID-19: PROOF OF CONCEPT AND USABILITY,Not Specified
242,Biological,COVID-19 vaccine,Not Specified
243,Drug,Daily Vitamin D3,Not Specified
243,Drug,Daily placebo,Not Specified
243,Drug,Bolus vitamin D3,Not Specified
243,Drug,Bolus placebo,Not Specified
244,Biological,BNT162b2 mRNA Covid-19 Vaccine,Not Specified
247,Diagnostic Test,Sampling,Not Specified
248,Other,treated with hyperimmune plasma,Not Specified
249,Dietary Supplement,Bovine Lactoferrin,Not Specified
249,Dietary Supplement,Maltodextrin,Not Specified
250,Procedure,Covid ICU containment measures,Not Specified
251,Drug,Hydroxychloroquine - Daily Dosing,Not Specified
251,Drug,Hydroxychloroquine - Weekly Dosing,Not Specified
251,Other,Placebo oral tablet,Not Specified
251,Diagnostic Test,Monitoring Visit - Baseline,Not Specified
251,Diagnostic Test,Monitoring Visit - Week 4,Not Specified
251,Diagnostic Test,Monitoring Visit - Week 8,Not Specified
251,Other,Weekly Assessment,Not Specified
252,Other,SARS-CoV-2 and/or MIS-C Exposure,Not Specified
253,Other,Data monitoring for 48h within the first 24 hours of admission for COVID-19,Not Specified
254,Device,CovX,Not Specified
255,Biological,Gam-COVID-Vac,Not Specified
255,Other,Placebo,Not Specified
256,Diagnostic Test,VITROS Anti-SARS-CoV-2 IgG test,Not Specified
257,Behavioral,Nurse-Community-Family Partnership Intervention,Not Specified
258,Procedure,Expanded Hemodialysis for Covid19 maintenance hemodialysis patients,Not Specified
258,Procedure,Hemodialysis by protein-leaking dialyzer for Covid19 maintenance hemodialysis patients,Not Specified
259,Genetic,Single-Nucleotide Polymorphisms (SNP) within the TCRA/D region,Not Specified
259,Biological,Blood sample,Not Specified
259,Diagnostic Test,CT Scan,Not Specified
260,Diagnostic Test,Anti-SARS-CoV2 Serology,Not Specified
261,Other,Baseline and during hospitalization blood samples,Not Specified
261,Other,Baseline blood sample,Not Specified
262,Diagnostic Test,blood draw,Not Specified
262,Diagnostic Test,fingertip tests for POC assays,Not Specified
262,Diagnostic Test,saliva collection,Not Specified
262,Diagnostic Test,collection of swabs,Not Specified
263,Biological,Adsorbed SARS-CoV-2 (inactivated) vaccine,Not Specified
264,Diagnostic Test,realtime PCR,Not Specified
265,Other,Mechanical Trombectomy,Not Specified
266,Diagnostic Test,Anti-SARS-CoV2 Serology,Not Specified
266,Other,Questionnaire,Not Specified
267,Biological,AV-COVID-19,Not Specified
268,Drug,SARS-CoV-2 plasma,Not Specified
269,Diagnostic Test,COVID-19 nasal/pharyngeal swab,Not Specified
270,Drug,Vitamin D,Not Specified
270,Diagnostic Test,ELISA,Not Specified
271,Biological,COVID-19 convalescent plasma,Not Specified
272,Biological,Adsorbed COVID-19 (inactivated) Vaccine,Not Specified
272,Biological,Placebo,Not Specified
273,Other,BRESCİA-COVİD Respiratory Severity Scale,Not Specified
274,Other,No intervention,Not Specified
275,Behavioral,Physical activity,Not Specified
276,Diagnostic Test,Blood- and saliva tests,Not Specified
277,Procedure,biopsies of subcutaneous adipose tissue,Not Specified
278,Other,intensive care unit admission ratio,Not Specified
279,Biological,COVID-19 vaccine,Not Specified
280,Biological,Group A (AG0302-COVID19),Not Specified
280,Biological,Group A (Placebo),Not Specified
280,Biological,Group B (AG0302-COVID19),Not Specified
280,Biological,Group B (Placebo),Not Specified
281,Other,COVID-19 experience surveys,Not Specified
282,Behavioral,Increasing Willingness and Uptake of COVID-19 Testing and Vaccination,Not Specified
283,Device,Bedside lung ultrasound,Not Specified
284,Drug,NO-Immunosuppressive,Not Specified
284,Drug,Immunosuppressive,Not Specified
284,Drug,Immunoglubulins,Not Specified
285,Drug,Standard Therapy Protocol (STP),Not Specified
285,Other,STP + Standard Plasma (SP),Not Specified
285,Other,STP + COVID-19 Convalescent Plasma (CP),Not Specified
286,Behavioral,"Training video on anxiety, fear and loneliness in the COVID-19 environment.",Not Specified
287,Biological,COVID-19 Convalescent Plasma,Not Specified
289,Other,Concentrated rehabilitation for patients with persistent symptoms post COVID-19,Not Specified
290,Drug,Plasma from COVID-19 convalescent patient,Not Specified
290,Drug,Human immunoglobulin,Not Specified
291,Diagnostic Test,serology,Not Specified
292,Biological,recovered covid 19 patients plasma,Not Specified
293,Dietary Supplement,Rhea Health Tone®,Not Specified
295,Drug,Peginterferon Lambda-1a,Not Specified
295,Other,Placebo,Not Specified
296,Dietary Supplement,Ketogenic diet,Not Specified
296,Other,standard of care,Not Specified
298,Diagnostic Test,Tears swab,Not Specified
299,Device,Carrageenan nasal and throat spray,Not Specified
299,Device,Saline nasal and throat spray,Not Specified
300,Diagnostic Test,Breath Test & Cheek Swab,Not Specified
301,Other,COVID-19 positive via testing,Not Specified
303,Biological,Inactivated SARS-CoV-2 vaccine (Vero cell),Not Specified
303,Biological,Placebo/Aluminum Adjuvant of Inactivated SARS-CoV-2 vaccine,Not Specified
304,Diagnostic Test,Serology test for COVID-19,Not Specified
306,Biological,SARS-CoV-2 vaccination,Not Specified
308,Behavioral,Saliva-based testing,Not Specified
309,Procedure,Collection of Biological Samples,Not Specified
309,Procedure,Symptom and Exposure Surveys,Not Specified
310,Drug,BTL-TML-COVID,Not Specified
310,Drug,Placebo,Not Specified
311,Other,Survey,Not Specified
312,Biological,COVID-19 convalescent plasma,Not Specified
312,Biological,Anti-COVID-19 human immunoglobulin,Not Specified
312,Drug,Standard (specific) therapy for COVID-19,Not Specified
313,Biological,Low Dose of KBP-COVID-19,Not Specified
313,Biological,High Dose of KBP-COVID-19,Not Specified
313,Biological,Placebo,Not Specified
314,Other,newborns from covid 19 positive mothers,Not Specified
315,Biological,COVID-19 Therapeutic Biologics - Spike-GM-CSF Protein Lactated Ringer's Injection,Not Specified
316,Other,PHQ-9 Depression Scale,Not Specified
316,Other,GAD-7 General anxiety disorder scale,Not Specified
316,Other,38-questions questionnaire,Not Specified
317,Dietary Supplement,Dietary supplementation in patients with covid disease admitted to hospital,Not Specified
318,Other,COVID-19 infection status,Not Specified
319,Diagnostic Test,Cardiac MRI,Not Specified
319,Diagnostic Test,Cardiac CT,Not Specified
319,Diagnostic Test,Electrocardiogram (ECG),Not Specified
319,Diagnostic Test,Blood samples,Not Specified
320,Biological,Infusion IV of Mesenchymal Stem cells,Not Specified
321,Biological,V-SARS,Not Specified
323,Diagnostic Test,Diagnostic test for SARS-Cov2 for patients and health staff,Not Specified
324,Biological,Adenovirus Type-5 Vectored COVID-19 Vaccine,Not Specified
325,Biological,Mesenchymal Stromal Cells infusion,Not Specified
326,Behavioral,Increasing Willingness and Uptake of COVID-19 Vaccination,Not Specified
327,Biological,Tozinameran,Not Specified
327,Biological,Oxford-AstraZeneca COVID-19 vaccine,Not Specified
327,Biological,CoronaVac,Not Specified
328,Biological,mRNA COVD19 vaccine,Not Specified
329,Biological,Adsorbed COVID-19 (inactivated) Vaccine,Not Specified
330,Drug,Cholecalciferol,Not Specified
331,Diagnostic Test,NETosis markers,Not Specified
333,Other,No intervention - quality of life measure,Not Specified
334,Diagnostic Test,COVID-19 RT-PCR,Not Specified
334,Diagnostic Test,Biosensor,Not Specified
335,Drug,Enoxaparin,Not Specified
337,Other,Antibody-Rich Plasma from COVID-19 recovered patients,Not Specified
338,Biological,CoronaVac,Not Specified
338,Biological,Placebo,Not Specified
339,Biological,Blood sample,Not Specified
339,Biological,Low or upper respiratory tract sample,Not Specified
339,Biological,Stool collection or fecal swab,Not Specified
339,Genetic,Blood sample for whole genome sequencing,Not Specified
339,Other,phone call,Not Specified
340,Diagnostic Test,Serology to determine SARS-CoV-2 infection,Not Specified
341,Drug,Measles-Mumps-Rubella Vaccine,Not Specified
341,Drug,Placebos,Not Specified
342,Biological,recombinant Ad5 vectored COVID-19 vaccine,Not Specified
342,Biological,RBD-based protein subunit vaccine (ZF2001) against COVID-19,Not Specified
342,Biological,trivalent split influenza vaccine,Not Specified
343,Diagnostic Test,Lung ultrasound,Not Specified
344,Procedure,blood sampling,Not Specified
345,Diagnostic Test,Thorax CT,Not Specified
346,Dietary Supplement,NRICM101,Not Specified
347,Behavioral,Kukaa Salama: mHealth intervention,Not Specified
347,Device,Face Mask + Soap,Not Specified
348,Diagnostic Test,Serological Assay for SARS-CoV-2,Not Specified
349,Drug,Hydroxychloroquine,Not Specified
349,Drug,Hydroxychloroquine (placebo),Not Specified
349,Drug,Zinc,Not Specified
349,Drug,Zinc (Placebo),Not Specified
351,Diagnostic Test,COVID-19 survey,Not Specified
352,Drug,Vitamin C,Not Specified
352,Drug,Vitamin E,Not Specified
352,Drug,Melatonin,Not Specified
352,Drug,N-acetyl cysteine,Not Specified
352,Drug,Pentoxifylline,Not Specified
353,Biological,COVID-19 convalescent hyperimmune plasma,Not Specified
353,Biological,Non-convalescent fresh frozen plasma (Standard plasma),Not Specified
354,Other,Observational only,Not Specified
355,Behavioral,COVID-19 self-test,Not Specified
355,Behavioral,COVID-19 test referral,Not Specified
356,Other,Questionnaire,Not Specified
357,Drug,Tramadol,Not Specified
357,Other,Standard care delivered in the isolation hospitals.,Not Specified
358,Biological,SARS-CoV-2 rS/Matrix M1-Adjuvant,Not Specified
358,Other,Placebo,Not Specified
358,Biological,Licensed seasonal influenza vaccine,Not Specified
359,Biological,SARS-CoV-2 VLP Vaccine,Not Specified
359,Biological,Placebo,Not Specified
360,Biological,COVID-19 convalescent plasma treatment,Not Specified
361,Drug,bamlanivimab,Not Specified
362,Other,"Nursing care to reduce anxiety, fear and loneliness",Not Specified
363,Other,blood sample,Not Specified
364,Diagnostic Test,SARS-CoV-2 IgG,Not Specified
367,Biological,Gam-COVID-Vac,Not Specified
368,Other,Blood donation from convalescent donor,Not Specified
370,Dietary Supplement,Ozonized oil (HOO,Not Specified
371,Biological,Gam-COVID-Vac,Not Specified
371,Other,placebo,Not Specified
372,Diagnostic Test,Antibodies testing,Not Specified
373,Other,olfactory and gustatory tests,Not Specified
374,Diagnostic Test,COVID-19 RT-PCR,Not Specified
374,Procedure,lung ultrasound,Not Specified
375,Other,Cryo lung biopsies,Not Specified
376,Device,Q-NRG Metobolic Cart Device,Not Specified
376,Device,MuscleSound Ultrasound,Not Specified
376,Device,Multifrequency Bioimpedance Spectroscopy,Not Specified
377,Biological,Gam-COVID-Vac,Not Specified
377,Biological,Placebo,Not Specified
378,Drug,Chloroquine,Not Specified
379,Other,Cohort,Not Specified
380,Drug,COVID-19 group (Group I),Not Specified
380,Drug,Type II Diabetes Mellitus and COVID-19 group (Group II),Not Specified
381,Drug,"IMP 1,000 plus SoC",Not Specified
381,Drug,"IMP 5,000 plus SoC",Not Specified
381,Drug,IMP RP2D plus SoC,Not Specified
381,Drug,SoC,Not Specified
382,Diagnostic Test,Serology test for COVID-19,Not Specified
383,Diagnostic Test,AAZ Covid-19 rapid test,Not Specified
384,Behavioral,Theory-based messages,Not Specified
384,Behavioral,General messages,Not Specified
385,Other,complication,Not Specified
386,Behavioral,Self-management booklet (SWitCh: Stay well during COVID-19),Not Specified
387,Drug,Hydroxychloroquine Sulfate 200 MG,Not Specified
387,Other,Placebo,Not Specified
388,Diagnostic Test,PT-PCR test for SARS-CoV-2,Not Specified
389,Other,Active COVID-19 disease,Not Specified
391,Biological,Anti SARS-CoV-2 equine hyperimmune serum,Not Specified
391,Biological,placebo,Not Specified
392,Diagnostic Test,Test for SARS-CoV-2,Not Specified
393,Dietary Supplement,Anatolian Propolis,Not Specified
395,Biological,SARS-CoV-2 rS/Matrix-M1 Adjuvant (Initial Vaccination Period),Not Specified
395,Other,Placebo (Initial Vaccination Period),Not Specified
395,Biological,SARS-CoV-2 rS/Matrix-M1 Adjuvant (Crossover Vaccination period),Not Specified
395,Other,Placebo (Crossover Vaccination period),Not Specified
396,Diagnostic Test,Throat swab sample for measuring current infection with SARS-CoV-2,Not Specified
396,Diagnostic Test,Blood sample for serology to measure past infection with SARS-CoV-2,Not Specified
397,Other,No intervention on patients,Not Specified
398,Other,NHANES smell and taste tests,Not Specified
399,Drug,Hydroxychloroquine,Not Specified
399,Other,Vitamin C,Not Specified
400,Diagnostic Test,Serodiagnosis of IgG and IgM,Not Specified
401,Diagnostic Test,IgG SARS CoV2,Not Specified
402,Drug,Nitric Oxide,Not Specified
403,Drug,Pirfenidone,Not Specified
403,Drug,Placebo,Not Specified
404,Diagnostic Test,SARS-CoV-2 antibody testing,Not Specified
405,Drug,Sevoflurane,Not Specified
405,Drug,Propofol,Not Specified
406,Drug,EXO 1 inhalation,Not Specified
406,Drug,EXO 2 inhalation,Not Specified
406,Drug,Placebo inhalation,Not Specified
408,Device,Viruxal Oral and Nasal Spray,Not Specified
408,Other,Placebo,Not Specified
409,Biological,Convalescent plasma transfusion,Not Specified
410,Diagnostic Test,Serologic SARS-CoV-2 screening,Not Specified
411,Diagnostic Test,Point-of-care rapid anti-SARS-CoV-2 antibody test (Orient Gene Biotech) and Dry Blood Spot collection (Euroimmun),Not Specified
412,Device,oxyhydrogen,Not Specified
412,Device,Oxygen,Not Specified
413,Biological,COVID19 vaccine,Not Specified
413,Biological,Saline,Not Specified
414,Biological,Exposure to COVID-19,Not Specified
416,Diagnostic Test,COVID-19 RT-PCR,Not Specified
416,Diagnostic Test,COVID-19 Serology,Not Specified
416,Other,Symptoms questionnare,Not Specified
418,Biological,COVID-19 Vaccine,Not Specified
420,Diagnostic Test,Serological screening for IgG and IgM antibodies against COVID-19,Not Specified
421,Other,Standardized crisis management and coping protocol plan toward Coronavirus disease 2019 (COVID-19),Not Specified
422,Diagnostic Test,IgG antibodies immunoassay,Not Specified
423,Biological,COVID-19,Not Specified
423,Biological,HIV,Not Specified
423,Drug,ART,Not Specified
424,Other,Survey,Not Specified
425,Diagnostic Test,Anti-SARS-CoV2 Serology,Not Specified
425,Other,Questionnaire,Not Specified
426,Biological,Anti-SARS-CoV-2 immunoglobulin,Not Specified
427,Other,"Training of youth, community health assistants and community health workers.",Not Specified
427,Other,Training clinicians in basic critical care and the management of severe COVID-19 cases,Not Specified
428,Biological,SARS-CoV-2 inactivated vaccine,Not Specified
429,Device,Premier Biotech COVID-19 IgG/IgM Rapid test Cassette,Not Specified
431,Other,home care monitoring,Not Specified
432,Diagnostic Test,To assess for development of IgG antibodies against SARS-CoV2,Not Specified
434,Diagnostic Test,Anti-SARS-CoV2 Serology,Not Specified
434,Behavioral,Questionnaire,Not Specified
434,Diagnostic Test,Anti-SARS-CoV2 serological controls and serum neutralization,Not Specified
435,Drug,Hydroxychloroquine Pill,Not Specified
436,Other,Biological samples,Not Specified
437,Biological,COVID-19 Convalescent Plasma,Not Specified
439,Other,Autologous stem cell transplantation,Not Specified
440,Other,Patient-Reported Online Questionnaire on Olfactory & Taste Disturbances,Not Specified
441,Procedure,Prone positioning,Not Specified
442,Other,"Clinical, functional and radiological lung involvement evolution",Not Specified
444,Diagnostic Test,SARS-CoV-2 screening by molecular biology,Not Specified
444,Diagnostic Test,Serological screening,Not Specified
445,Device,pulse oximeter,Not Specified
445,Other,COVID Watch,Not Specified
448,Device,Aeonose,Not Specified
449,Biological,COVID-19 Convalescent Plasma,Not Specified
450,Other,Observation of different courses of SARS-CoV-2 infection in different phases (acute vs. post-acute) and settings,Not Specified
451,Other,Difficulties lived by disabled children's parents in the period of COVID-19 pandemic,Not Specified
452,Diagnostic Test,Direct Antigen Tests for COVID-19,Not Specified
453,Biological,Kamada Anti-SARS-CoV-2,Not Specified
454,Other,No special intervention,Not Specified
455,Other,Laboratory test positive for SARS-CoV-2 virus,Not Specified
457,Drug,Tocilizumab 20 MG/ML Intravenous Solution [ACTEMRA],Not Specified
458,Other,COVID-19,Not Specified
459,Other,SARS-CoV2 Infection,Not Specified
461,Biological,Observational study: This registry data will provide more specific information about how people with blood cancer respond to COVID-19 virus and/or a COVID-19 vaccination.,Not Specified
462,Other,"Observation of patients with known, suspected, or at risk for COVID-19 infection",Not Specified
464,Other,hyper immunoglobulins containing anti-Corona VS2 immunoglobulin,Not Specified
465,Other,patients COVID 19,Not Specified
466,Biological,COVID-19 convalescent plasma,Not Specified
467,Diagnostic Test,"COVID-19 Antigen/Antibody Rapid Testing, mobile device image capture and telemedicine support",Not Specified
467,Other,Telemedicine,Not Specified
468,Other,blood samples,Not Specified
468,Other,feces samples (COVI-BIOME ancillary study),Not Specified
468,Other,sweat samples (COVIDOG ancillary study),Not Specified
468,Other,saliva samples,Not Specified
468,Other,6 minutes walk test,Not Specified
468,Other,Phone call,Not Specified
468,Other,Urine samples,Not Specified
469,Drug,Ivermectin nasal,Not Specified
469,Drug,Ivermectin oral,Not Specified
469,Other,standard care,Not Specified
470,Drug,Azithromycin / Ivermectin / Ribaroxaban / Paracetamol,Not Specified
470,Drug,Azithromycin / Ribaroxaban / Paracetamol,Not Specified
472,Biological,Gam-COVID-Vac Lyo,Not Specified
473,Diagnostic Test,SARS-CoV-2 IgG Antibody Testing Kit,Not Specified
474,Diagnostic Test,"SARS-CoV-2 rapid diagnostic test (COVID-PRESTO® IgM/IgG, AAZ, Boulogne-Billancourt, France)",Not Specified
475,Other,exhaled breath sampling,Not Specified
476,Diagnostic Test,Serology Test,Not Specified
477,Diagnostic Test,SARS-CoV-2 PCR and serology tests,Not Specified
478,Other,Infectious Disease and Cardiology Clinical Consultations,Not Specified
479,Drug,CHLORPROMAZINE (CPZ),Not Specified
479,Combination Product,Standard of Care (SOC),Not Specified
480,Device,Auricular percutaneous neurostimulation,Not Specified
481,Device,TCC-COVID mHealth solution,Not Specified
482,Diagnostic Test,Test PCR,Not Specified
482,Genetic,TDR,Not Specified
482,Other,Clinical Examination,Not Specified
483,Biological,convalescent plasma,Not Specified
484,Other,observation of covid 19 pneumonia,Not Specified
485,Other,Survey Group,Not Specified
486,Biological,SARS-CoV-2 convalescent plasma,Not Specified
486,Biological,Plasma from a volunteer donor,Not Specified
487,Other,observation no intervention,Not Specified
488,Other,COVID-19 pandemic,Not Specified
491,Drug,Sarilumab Prefilled Syringe,Not Specified
492,Other,Predictors adverse evolution,Not Specified
492,Other,Predictors of health care provide,Not Specified
493,Other,COVID-19 patients,Not Specified
495,Other,No intervention,Not Specified
499,Other,Hydroxychloroquine/Chloroquine,Not Specified
500,Procedure,Collection of tears and saliva.,Not Specified
501,Biological,COVID-19 Convalescent Plasma,Not Specified
502,Other,COVID Rehabilitation Program for the Elderly (CORE),Not Specified
503,Drug,Nitazoxanide and atazanavir/ritonavir,Not Specified
503,Other,Standard of Care,Not Specified
504,Diagnostic Test,mRNA in urine test,Not Specified
505,Procedure,autopsy,Not Specified
506,Diagnostic Test,PCR for COVID-19,Not Specified
507,Behavioral,Motivational Interviewing,Not Specified
507,Behavioral,COVID-19 Symptom Monitoring System,Not Specified
507,Behavioral,Motivational Interviewing and COVID-19 Symptom Monitoring System,Not Specified
507,Other,Supportive Services,Not Specified
509,Other,"Coronavirus Anxiety Scale , COVID-19 Phobia Scale",Not Specified
510,Drug,Corsodyl® Alcohol free -0.2 % Chlorhexidine digluconate,Not Specified
510,Drug,Colgate Peroxyl® -1.5% Hydrogen peroxide,Not Specified
510,Other,Oral-B® Gum & Enamel Care -Cetylpyridinium chloride,Not Specified
510,Other,No rinsing,Not Specified
511,Diagnostic Test,SARS-CoV-2 Ab,Not Specified
513,Other,severe covid-19 pneumonia with ET,Not Specified
514,Diagnostic Test,POC SARS-Cov-2 IgG Antibody test,Not Specified
515,Biological,COVID-19 convalescent plasma,Not Specified
516,Device,VivaDiag™ COVID-19 lgM/IgG Rapid Test,Not Specified
517,Biological,Convalescent Plasma (anti-SARS-CoV-2 plasma),Not Specified
517,Biological,Non-convalescent Plasma (control plasma),Not Specified
518,Biological,COVID 19 Convalescent Plasma,Not Specified
519,Other,Questionnaire,Not Specified
520,Other,Obvio-19 app,Not Specified
521,Biological,Ozone auto-hemotherapy,Not Specified
522,Diagnostic Test,SARS-CoV-2 serological assessment (IgG),Not Specified
523,Diagnostic Test,Performance of the test antigenic and test RT-PCR,Not Specified
524,Diagnostic Test,Exposure: Positive COVID-19 infection,Not Specified
524,Diagnostic Test,Exposure: Negative COVID-19 infection,Not Specified
525,Other,COVID19,Not Specified
526,Biological,Biological sampling,Not Specified
527,Drug,RhACE2 APN01,Not Specified
527,Drug,Physiological saline solution,Not Specified
528,Biological,Convalescent Plasma (anti-SARS-CoV-2 plasma),Not Specified
528,Biological,Control (albumin 5%),Not Specified
529,Drug,COVID-19 Convalscent Plasma,Not Specified
530,Diagnostic Test,Nanomix eLab® COVID-19 Rapid Antigen Panel (non-interventional),Not Specified
532,Other,pulmonary rehabilitation,Not Specified
533,Procedure,"Liver, lung, heart and kidney biopsy",Not Specified
534,Diagnostic Test,FilmArray Pneumonia,Not Specified
535,Biological,SARS-CoV-2 convalescent plasma treatment,Not Specified
535,Other,Standard care,Not Specified
536,Biological,PTX-COVID19-B,Not Specified
536,Biological,Placebo,Not Specified
537,Drug,Doxycyclin,Not Specified
538,Dietary Supplement,Bovine Plasma-Derived Immunoglobulin Concentrate,Not Specified
538,Other,Standard of care,Not Specified
539,Other,survey,Not Specified
540,Diagnostic Test,Blood group determination,Not Specified
540,Diagnostic Test,Antibody titration,Not Specified
540,Dietary Supplement,Probiotic,Not Specified
541,Drug,Favipiravir,Not Specified
542,Biological,Convalescent plasma,Not Specified
543,Biological,Convalescent Plasma,Not Specified
543,Other,Standard of Care,Not Specified
544,Other,Simulation of Repurposed Drugs for COVID-19,Not Specified
545,Device,Volatile Organic Compounds analysis (e-noses),Not Specified
545,Other,Canine odor detection of Volatile Organic Compounds,Not Specified
545,Device,Volatile Organic Compounds analysis (mass spectrometry),Not Specified
545,Device,Volatile Organic Compounds analysis in sweat (mass spectrometry),Not Specified
546,Biological,MVC-COV1901(S protein with adjuvant),Not Specified
546,Biological,MVC-COV1901(Saline),Not Specified
547,Device,Contrast-enhanced CMR,Not Specified
547,Diagnostic Test,Exercise test ECG,Not Specified
547,Biological,Blood sample,Not Specified
547,Diagnostic Test,Resting 12 lead ECG,Not Specified
547,Diagnostic Test,24 hour Holter ECG,Not Specified
548,Device,MSCT,Not Specified
549,Drug,Anakinra 149 MG/ML Prefilled Syringe [Kineret],Not Specified
550,Other,Patient Characteristics,Not Specified
550,Other,COVID-19 treatments,Not Specified
550,Other,Differences in triage,Not Specified
550,Other,Surge capacity,Not Specified
551,Drug,Hydroxychloroquine - Daily dosing,Not Specified
551,Drug,Hydroxychloroquine - Weekly Dosing,Not Specified
551,Other,Matched Placebo Hydroxychloroquine,Not Specified
554,Other,Blood and derivatives.,Not Specified
554,Drug,Standard of Care,Not Specified
555,Biological,Convalescent Plasma,Not Specified
556,Other,Virtual Care at Home,Not Specified
557,Drug,anti-SARS-CoV-2 plasma,Not Specified
557,Other,Placebo,Not Specified
558,Biological,anti-SARS-CoV-2 convalescent plasma,Not Specified
560,Drug,AZD7442,Not Specified
560,Drug,Placebo,Not Specified
561,Drug,Transfusion of SARS-CoV-2 Convalescent Plasma.,Not Specified
561,Drug,Transfusion of standard Plasma.,Not Specified
563,Other,Convalescent SARS COVID-19 plasma,Not Specified
563,Other,Placebo,Not Specified
564,Other,survey,Not Specified
565,Diagnostic Test,Scanning Chest X-rays and performing AI algorithms on images,Not Specified
566,Diagnostic Test,Serology for Covid-19,Not Specified
567,Drug,Ethanol with Asprin,Not Specified
568,Other,Patients received standard of care treatment during hospitalization,Not Specified
569,Biological,COVID-19 Vaccination,Not Specified
569,Other,Usual care,Not Specified
570,Other,0.07% cetylpyridinium chloride (CPC) in mouthwash,Not Specified
570,Other,Distilled water with the same colorant as the experimental product,Not Specified
571,Drug,Dexamethasone 2 MG/ML,Not Specified
571,Drug,Methylprednisolone Injection,Not Specified
572,Diagnostic Test,KnowNow SARS-CoV-2 Rapid Antigen Test,Not Specified
574,Diagnostic Test,RT-PCR and antibody testing,Not Specified
575,Diagnostic Test,Conjunctival swab and nasopharyngeal swab,Not Specified
578,Other,Cash transfer,Not Specified
579,Procedure,Blood sample,Not Specified
580,Dietary Supplement,Quercetin Prophylaxis,Not Specified
580,Dietary Supplement,Quercetin Treatment,Not Specified
583,Drug,Hydroxychloroquine,Not Specified
583,Drug,Indomethacin,Not Specified
583,Drug,Zithromax Oral Product,Not Specified
584,Other,Additional and minimal collection of products of the human body carried out during a sample for standard of care,Not Specified
585,Drug,Brensocatib,Not Specified
585,Drug,Placebo,Not Specified
586,Drug,Hydroxychloroquine plus standard preventive measures,Not Specified
586,Drug,Placebo plus standard preventive measures,Not Specified
587,Drug,Silmitasertib,Not Specified
587,Drug,SOC,Not Specified
588,Other,PHQ-9 (Patient Health Questionnaire) Depression Scale,Not Specified
588,Other,GAD-7 (General Anxiety Disorder) scale,Not Specified
588,Other,38 questions questionnaire,Not Specified
588,Other,EPDS (Edinburgh Postnatal Depression Scale),Not Specified
589,Biological,COVID-19 Convalescent Plasma,Not Specified
590,Other,Questionnaire,Not Specified
591,Behavioral,Patient MyChart Scheduling Link,Not Specified
591,Behavioral,Patient Educational Video,Not Specified
591,Behavioral,Enhanced Follow through Message,Not Specified
592,Diagnostic Test,Covid19 RT-PCR,Not Specified
592,Other,lung ultrasound,Not Specified
593,Drug,Apixaban,Not Specified
593,Drug,Atorvastatin,Not Specified
594,Drug,Retrospective case-control analysis,Not Specified
595,Diagnostic Test,Lung Function Test,Not Specified
596,Other,COVID-19+ observational,Not Specified
597,Device,KELEA Excellerated Water,Not Specified
597,Device,Water Without an Elevated Level of KELEA,Not Specified
598,Diagnostic Test,ELISA,Not Specified
598,Diagnostic Test,RT-PCR,Not Specified
599,Diagnostic Test,Diagnostic Test: serology test for COVID-19,Not Specified
600,Diagnostic Test,Rt PCR,Not Specified
601,Other,Physiology,Not Specified
602,Radiation,99mTc-pertechnetate,Not Specified
602,Radiation,99mTc-pertechnetate aerosol,Not Specified
602,Drug,99mTc-pertechnetate aerosol,Not Specified
604,Other,Questionnaire,Not Specified
605,Other,No intervention,Not Specified
606,Diagnostic Test,IgG neutralising antibody titers to S1 and S2 proteins of SARS-COV-2 virus,Not Specified
607,Other,Exposure to the SARS-CoV-2 and its consequences,Not Specified
608,Other,"hospitalisation, necessity of ICU, mortality rate, lung involvement",Not Specified
609,Drug,CD24Fc,Not Specified
609,Drug,Placebo,Not Specified
610,Other,Cardiorespiratory Exercise,Not Specified
610,Other,Modified Bai He Gu Jin Tang,Not Specified
611,Other,Cross Sectional study using scientifically validated psychometric Scales,Not Specified
613,Drug,COVID-19 treatment,Not Specified
614,Drug,CNM-ZnAg,Not Specified
614,Drug,Placebo,Not Specified
615,Biological,BCG vaccine,Not Specified
616,Device,Aeonose,Not Specified
617,Drug,Hydroxychloroquine,Not Specified
618,Diagnostic Test,Chest CT,Not Specified
618,Diagnostic Test,Chest CTA,Not Specified
619,Biological,Recombinant COVID-19 vaccine (Sf9 cells),Not Specified
619,Biological,Placebo,Not Specified
620,Biological,"Comirnaty (COVID-19, mRNA vaccine)",Not Specified
622,Other,biological sample,Not Specified
623,Drug,Dexamethasone,Not Specified
624,Other,Social Network Strategy + COVID-19 messaging,Not Specified
625,Other,Serological analyses to be lead on a pre-existing biobank,Not Specified
626,Other,Machine learning,Not Specified
626,Other,Machine based evaluation,Not Specified
627,Biological,Convalescent Plasma,Not Specified
628,Device,noninvasive ventilation,Not Specified
629,Biological,MF59 adjuvanted SARS-CoV-2 Sclamp vaccine 5mcg,Not Specified
629,Biological,MF59 adjuvanted SARS-CoV-2 Sclamp vaccine 15mcg,Not Specified
629,Biological,MF59 adjuvanted SARS-CoV-2 Sclamp vaccine 45mcg,Not Specified
629,Other,Placebo,Not Specified
630,Device,Elecsys semi-quantitative Anti-SARS-CoV-2 antibody test,Not Specified
631,Procedure,Systematic offer of nurse-driven SARS-CoV-2 screening combined with usual practice,Not Specified
631,Other,Usual emergency department practice with physician-directed diagnostic testing,Not Specified
632,Diagnostic Test,RT-PCR Covid-19,Not Specified
633,Biological,AZD1222,Not Specified
633,Biological,rAd26-S,Not Specified
634,Other,severity of lung involvement with COVID-19.,Not Specified
636,Drug,Ruxolitinib Oral Tablet,Not Specified
637,Drug,Imatinib tablets,Not Specified
637,Drug,Baricitinib Oral Tablet,Not Specified
637,Other,Supportive tratment,Not Specified
638,Drug,Immunosuppressive Agents,Not Specified
639,Genetic,COVID-19 Androgen Sensitivity Test (CoVAST),Not Specified
640,Device,CoV-SCAN rapid COVID-19 antigen test,Not Specified
641,Drug,thromboprophylaxis with low-molecular-weight heparin or fondaparinux,Not Specified
642,Drug,Fluvoxamine,Not Specified
642,Drug,Placebo,Not Specified
643,Drug,"Analogs, Prostaglandin E1",Not Specified
643,Drug,Standard therapeutic protocol,Not Specified
644,Genetic,Whole exome sequencing,Not Specified
646,Drug,Colchicine,Not Specified
646,Drug,Standard COVID-19 care,Not Specified
647,Diagnostic Test,Presence of specific anti-SARS-CoV-2 antibodies,Not Specified
648,Drug,Suspension of heat killed (autoclaved) Mycobacterium w,Not Specified
648,Other,Placebo,Not Specified
649,Drug,Povidone-iodine,Not Specified
649,Drug,Placebo,Not Specified
650,Biological,SARS-CoV-2 Antigen-specific Cytotoxic T-lymphocytes,Not Specified
651,Diagnostic Test,Echocardiography,Not Specified
652,Drug,"Cerebrospinal fluid sampling, meningeal and brain parenchyma biopsies",Not Specified
653,Other,Airway pressure release ventilation,Not Specified
654,Drug,Hydroxychloroquine Sulfate,Not Specified
655,Device,Home Pulse Oximetry Monitoring,Not Specified
656,Other,Sampling by venipuncture (and eventually by nasopharyngeal swab),Not Specified
657,Diagnostic Test,SARS-CoV-2,Not Specified
659,Diagnostic Test,Neuroimaging Findings in Patients With COVID-19,Not Specified
660,Drug,Tafenoquine Oral Tablet,Not Specified
660,Drug,Placebo,Not Specified
661,Other,Enduring Happiness and Continued Self-Enhancement (ENHANCE) for COVID-19,Not Specified
662,Diagnostic Test,COVID-19 Antibody testing,Not Specified
663,Biological,serological surveillance,Not Specified
664,Diagnostic Test,Testing for SARS-CoV-2,Not Specified
665,Diagnostic Test,"spirometry, thoracic CT, CPET, 6 minute walking test, SF-36 questionnaire",Not Specified
666,Other,Vaccine coverage assessment,Not Specified
667,Drug,HCQ & AZ vs HCQ+SIR,Not Specified
668,Drug,EXO 1 inhalation,Not Specified
668,Drug,EXO 2 inhalation,Not Specified
668,Drug,Placebo inhalation,Not Specified
669,Other,Sampling of tissue,Not Specified
670,Diagnostic Test,SARS-CoV-2-test,Not Specified
670,Other,SARS-CoV-2 questionnaire survey,Not Specified
671,Behavioral,Self-benefit,Not Specified
671,Behavioral,Prosocial-benefit,Not Specified
671,Behavioral,Early access,Not Specified
671,Behavioral,Fresh start,Not Specified
673,Drug,Nasal Spray,Not Specified
674,Diagnostic Test,Sample Collection/Performance Evaluation (A),Not Specified
674,Diagnostic Test,Sample Collection/Performance Evaluation (B),Not Specified
675,Device,Volatile Organic Compounds analysis,Not Specified
676,Other,Non-interventional,Not Specified
677,Combination Product,Hydroxychloroquine plus Nitazoxanide,Not Specified
677,Other,Standard care,Not Specified
678,Other,No interventions planned,Not Specified
681,Drug,Metformin,Not Specified
681,Drug,Naltrexone,Not Specified
682,Other,blood sample,Not Specified
683,Other,questionnaire,Not Specified
685,Diagnostic Test,Blood tests,Not Specified
686,Drug,3-dayIVM 200 mcg/kg/day/14-day 75mgASA/day + standard of care (intervention 1),Not Specified
687,Other,management strategy of outpatient with mild to moderate SARS-CoV-2 pneumonia,Not Specified
688,Drug,Aspirin 81 mg,Not Specified
688,Dietary Supplement,Vitamin D,Not Specified
689,Biological,SARS-CoV-2 convalescent plasma,Not Specified
691,Diagnostic Test,SARS-CoV-2 diagnostic rapid test,Not Specified
691,Diagnostic Test,Quantitative analysis of SARS-CoV-2 antibodies,Not Specified
693,Drug,Iloprost,Not Specified
693,Drug,Isotonic saline,Not Specified
694,Drug,Sodium Pyruvate,Not Specified
694,Other,Saline,Not Specified
696,Other,no intervention,Not Specified
697,Drug,Colchicine 0.5 MG,Not Specified
697,Other,the standard protocol only,Not Specified
698,Procedure,Vascular surgery,Not Specified
699,Diagnostic Test,Serologic test,Not Specified
699,Diagnostic Test,Respiratory swabs,Not Specified
700,Biological,Vaccine anti-Covid19,Not Specified
701,Other,Electronic survey,Not Specified
704,Diagnostic Test,SARS-CoV2 Autoantibody detection,Not Specified
706,Biological,viral vector vaccine,Not Specified
707,Diagnostic Test,Serologic immunoassays to SARS-CoV-2 antibodies,Not Specified
708,Drug,Bamlanivimab,Not Specified
709,Other,Systemic indirect endovenous ozone therapy,Not Specified
710,Other,"Cartography of air contamination, environment contamination and biological fluid by Sars-Cov2 during visceral surgery in COVID19 patients.",Not Specified
711,Other,Autopsy,Not Specified
712,Drug,Dalcetrapib,Not Specified
712,Other,Placebo,Not Specified
713,Drug,Naltrexone,Not Specified
713,Dietary Supplement,NAD+,Not Specified
713,Other,Placebo,Not Specified
715,Procedure,prone position,Not Specified
716,Biological,SARS-CoV-2 rS/Matrix-M1 Adjuvant,Not Specified
716,Other,Placebo,Not Specified
717,Biological,Injection of Secretome-MSCs,Not Specified
717,Drug,Standard treatment of Covid-19,Not Specified
718,Device,Non-contact ECG,Not Specified
719,Biological,Biological collection (patients co infected HIV Sras-CoV-2),Not Specified
719,Other,Auto-questionnaires (patients co infected HIV Sras-CoV-2),Not Specified
719,Other,Qualitative interviews (in 40 patients : 20 with COVID-19 and 20 without COVID-19),Not Specified
720,Drug,Ivermectin Tablets,Not Specified
720,Drug,Doxycycline Tablets,Not Specified
720,Drug,Placebo,Not Specified
721,Biological,Convalescent anti-SARS-CoV-2 MBT plasma,Not Specified
721,Other,Control Group,Not Specified
722,Biological,Covid vaccines,Not Specified
723,Diagnostic Test,ENT exam,Not Specified
723,Diagnostic Test,Olfactometry,Not Specified
723,Diagnostic Test,Brain MRI,Not Specified
724,Behavioral,Opt-out Recruitment Email,Not Specified
724,Behavioral,Opt-in Recruitment Email,Not Specified
725,Drug,Naltrexone,Not Specified
725,Drug,Ketamine,Not Specified
725,Other,Placebo,Not Specified
726,Other,LongCOVIDkidsDK,Not Specified
727,Other,COVID-19 infection,Not Specified
728,Biological,Inactivated SARS-CoV-2 Vaccine (Vero cell),Not Specified
728,Biological,Placebo,Not Specified
729,Biological,SARS-CoV-2 convalescent plasma,Not Specified
730,Biological,COVID-19 convalescent plasma,Not Specified
732,Biological,anti-SARS-CoV-2 convalescent plasma,Not Specified
733,Other,No intervention,Not Specified
734,Biological,AZD1222,Not Specified
734,Biological,Placebo,Not Specified
735,Diagnostic Test,Sperm test,Not Specified
735,Diagnostic Test,"hormone levels (testosterone, FSH, LH, prolactin)",Not Specified
735,Diagnostic Test,SARS-CoV-2 Ig G levels,Not Specified
735,Other,Testis pathology samples,Not Specified
736,Diagnostic Test,Hyperpolarized Xenon-129 MRI of the lungs,Not Specified
736,Diagnostic Test,Computed Tomography (CT),Not Specified
736,Diagnostic Test,Pulmonary Function Tests (PFT),Not Specified
736,Diagnostic Test,Six Minute Walk Test (6MWT),Not Specified
736,Diagnostic Test,Sputum analysis,Not Specified
736,Diagnostic Test,Blood analysis,Not Specified
736,Other,Questionnaires,Not Specified
737,Drug,Favipiravir,Not Specified
737,Drug,Favipiravir Placebo,Not Specified
739,Behavioral,Examine the impact of COVID-19 during pregnancy,Not Specified
740,Drug,MANAGEMENT OF COVID-19,Not Specified
741,Biological,High-titer Convalescent COVID-19 Plasma (CCP1),Not Specified
741,Biological,Standard-titer Convalescent COVID-19 plasma (CCP2),Not Specified
743,Drug,Estrogen Therapy,Not Specified
744,Behavioral,Hospital: DD-CA,Not Specified
744,Behavioral,Hospital: Usual Care (UC),Not Specified
746,Other,draw blood,Not Specified
747,Other,To determine the prevalence of renal dysfunction in hospitalized children with COVID19 in Qatar.,Not Specified
748,Other,Nutritional assessment,Not Specified
749,Biological,Ex vivo expanded Wharton's Jelly Mesenchymal Stem Cells,Not Specified
749,Biological,Placebo,Not Specified
750,Behavioral,Psychiatric counseling,Not Specified
751,Other,Electronic Survey questionnaire,Not Specified
752,Other,"35 ml blood, 5 tubes LITHIUM HEPARINATE at each time (hospitalized Patients )",Not Specified
752,Other,"35 ml blood, 5 tubes LITHIUM HEPARINATE at each time (cured Patients)",Not Specified
753,Other,Severe Acute Respiratory Syndrome CoronaVirus 2 detection,Not Specified
754,Drug,Cholecalciferol,Not Specified
756,Drug,Traditional antirheumatic drugs,Not Specified
758,Diagnostic Test,Lung impedance technique,Not Specified
759,Diagnostic Test,"COVID-19 IgG/IgM Rapid Test Cassette test (Healgen Scientific, Houston, Texas, USA)",Not Specified
760,Diagnostic Test,Point-of-care test for SARS-CoV-2,Not Specified
761,Dietary Supplement,Vitamin C,Not Specified
762,Biological,Anti- SARS-CoV-2 Plasma,Not Specified
762,Biological,SARS-CoV-2 non-immune Plasma,Not Specified
763,Diagnostic Test,"Evaluation of clinical, instrumental and laboratory diagnostics tests",Not Specified
764,Drug,Adalimumab,Not Specified
764,Drug,Placebo,Not Specified
765,Drug,Tetracycline hydrochloride 3%,Not Specified
765,Drug,Placebo,Not Specified
766,Drug,HCQ,Not Specified
767,Other,Observational,Not Specified
769,Diagnostic Test,Tear Collection,Not Specified
771,Diagnostic Test,SARS-CoV2 serum antibody testing,Not Specified
772,Drug,Emtricitabine/Tenofovir Alafenamide 200 MG-25 MG Oral Tablet,Not Specified
772,Drug,Placebo,Not Specified
773,Other,Blood test,Not Specified
773,Other,Standardised questionnaires,Not Specified
774,Biological,EpiVacCorona (EpiVacCorona vaccine based on peptide antigens for the prevention of COVID-19),Not Specified
774,Other,"Placebo (sodium chloride bufus, solvent for the preparation of dosage forms for injection 0.9%)",Not Specified
775,Behavioral,Registery Data Collection,Not Specified
777,Other,Serum protein level analysis,Not Specified
779,Diagnostic Test,Lung Ultrasound,Not Specified
780,Drug,Hyperbaric oxygen,Not Specified
781,Other,Use of virus (Covid-19) genome sequence report to inform infection prevention control procedures,Not Specified
782,Drug,Ivermectin Pill,Not Specified
782,Drug,Combined ART/hydroxychloroquine,Not Specified
784,Biological,SARS-CoV-2 antibody based IVIG therapy,Not Specified
785,Drug,Colchicine,Not Specified
785,Drug,Placebo oral tablet,Not Specified
786,Other,Certified cloth face mask plus preventive information,Not Specified
786,Behavioral,Preventive information,Not Specified
787,Diagnostic Test,Blood sample for serological test,Not Specified
788,Drug,Baricitinib or Anakinra,Not Specified
789,Drug,Prednisone,Not Specified
789,Device,Point of Care testing device for C-reactive protein,Not Specified
790,Other,Survey,Not Specified
792,Drug,Lopinavir/ritonavir,Not Specified
793,Biological,Saliva collection,Not Specified
793,Other,Clinical assessment,Not Specified
794,Drug,Cyclosporin A,Not Specified
795,Diagnostic Test,Soluble Urokinase Plasminogen Activator Receptor,Not Specified
798,Drug,Hospital standard of care for COVID-19,Not Specified
798,Drug,Isoquercetin,Not Specified
799,Diagnostic Test,Functional MRI,Not Specified
800,Other,Exposure,Not Specified
802,Drug,Enoxaparin 40 Mg/0.4 mL Injectable Solution,Not Specified
802,Drug,Enoxaparin,Not Specified
803,Other,"none, this study is observational",Not Specified
804,Drug,Emtricitabine/tenofovir,Not Specified
804,Drug,Colchicine Pill,Not Specified
804,Drug,Rosuvastatin,Not Specified
804,Other,Standard treatment,Not Specified
805,Biological,Biological,Not Specified
806,Drug,Honey,Not Specified
806,Drug,Nigella sativa seed,Not Specified
806,Other,Placebo,Not Specified
807,Drug,Suspension of heat killed (autoclaved) Mycobacterium w,Not Specified
807,Other,Placebo,Not Specified
808,Other,No intervention,Not Specified
809,Diagnostic Test,serum NGAL and cystatin c,Not Specified
810,Other,Telerehabilitation,Not Specified
811,Other,no intervention,Not Specified
812,Other,Human biological samples,Not Specified
813,Other,convalescent plasma application to SARS-CoV-2 infected patients,Not Specified
814,Drug,Ribavirin Capsules,Not Specified
814,Drug,Favipiravir,Not Specified
816,Behavioral,Data registry,Not Specified
818,Drug,"Human fecal microbiota, MBiotix HBI",Not Specified
818,Drug,Placebo,Not Specified
818,Drug,SOC,Not Specified
820,Dietary Supplement,Inflammation (I),Not Specified
820,Dietary Supplement,Inflammation (II),Not Specified
820,Dietary Supplement,Inflammation (III),Not Specified
820,Drug,Standard of care,Not Specified
821,Drug,Renin-angiotensin system inhibitors,Not Specified
822,Other,vaccine,Not Specified
823,Other,Patient-Reported Online Questionnaire on Olfactory & Taste Disturbances,Not Specified
824,Biological,Convalescent Plasma,Not Specified
826,Diagnostic Test,Diagnostic tests,Not Specified
827,Biological,Biological: COVID-19 convalescent plasma,Not Specified
828,Behavioral,Views and experiences of health care professionals working in intensive care units during the COVID-19 pandemic,Not Specified
829,Drug,Recommended treatment schedule,Not Specified
829,Drug,Control treatment schedule,Not Specified
830,Diagnostic Test,RT-PCR SARS-Cov2,Not Specified
830,Diagnostic Test,Sars-Cov2 serology,Not Specified
831,Diagnostic Test,Serological test for COVID-19.,Not Specified
832,Other,plasma hyperimmune,Not Specified
832,Drug,standard therapy,Not Specified
833,Other,"predict admission of covid-19 patients to ICU and death with routine and quickly avalaible clinical, biological and radiological variables?",Not Specified
834,Diagnostic Test,Serological tests for SARS Cov-2,Not Specified
835,Diagnostic Test,Cardiac Magnetic resonance imaging,Not Specified
836,Drug,Favipiravir,Not Specified
836,Drug,Standard of Care,Not Specified
837,Drug,Ivermectin and Doxycycline,Not Specified
837,Drug,Standard of care,Not Specified
838,Diagnostic Test,COVID-19 Swab,Not Specified
839,Drug,Defibrotide,Not Specified
840,Biological,Plasma,Not Specified
840,Other,Best Available Therapy,Not Specified
841,Device,BIOVITALS,Not Specified
842,Procedure,Blood sample,Not Specified
844,Genetic,Complete thrombophilic profile testing by multiplex PCR,Not Specified
845,Diagnostic Test,Study of immune-mediated mechanisms in patients tested positive for SARS-CoV-2,Not Specified
846,Dietary Supplement,Probiotics (2 strains 10x10^9 UFC),Not Specified
846,Dietary Supplement,Placebo (potato starch and magnesium stearate),Not Specified
847,Drug,1: ILT101,Not Specified
847,Drug,2: Placebo Comparator,Not Specified
848,Other,Survey,Not Specified
851,Biological,Convalescent Plasma,Not Specified
852,Other,Shanshamani Vati Plus,Not Specified
853,Drug,AZD7442,Not Specified
853,Drug,Placebo,Not Specified
854,Other,No intervention,Not Specified
855,Other,Swab,Not Specified
856,Biological,Pathogen-specific aAPC,Not Specified
858,Biological,BCG GROUP,Not Specified
858,Other,PLACEBO GROUP,Not Specified
859,Diagnostic Test,Thoracic CT Scan,Not Specified
861,Drug,Sulodexide,Not Specified
861,Drug,Placebo,Not Specified
862,Diagnostic Test,Resp-Aer-Meter,Not Specified
862,Diagnostic Test,Spirometry,Not Specified
862,Diagnostic Test,Qualitative and quantitative virus PCR of respiratory secretions in patients with high aerosol concentrations,Not Specified
864,Other,"hypoxia : 14.3 and 12.7% FIO2, hypercapnia 7% CO2, inspiratory mechanical constraint",Not Specified
865,Biological,Specific anti-SARS-CoV-2 antibodies,Not Specified
866,Other,no intervention,Not Specified
867,Device,Observational Study - no intervention,Not Specified
868,Biological,COVID19 convalescent plasma infusion,Not Specified
869,Other,Risk factors,Not Specified
870,Drug,Hydroxychloroquine,Not Specified
870,Drug,Azithromycin,Not Specified
870,Drug,Telmisartan,Not Specified
871,Other,Hospital treatment of COVID disease,Not Specified
872,Other,Chest physiotherapy post-covid19,Not Specified
873,Drug,Dietary Supplement containing resistant starch,Not Specified
873,Dietary Supplement,Placebo Starch,Not Specified
874,Other,No intervention,Not Specified
875,Diagnostic Test,Diagnostic test for detection of SARS-CoV-2,Not Specified
876,Drug,Iota-Carrageenan,Not Specified
877,Device,18F-FDG PET-CT,Not Specified
878,Biological,blood test,Not Specified
879,Procedure,blood sampling,Not Specified
880,Biological,COMIRNATY - BioNTech Manufacturing GmbH,Not Specified
880,Biological,COVID-19 Vaccine Moderna dispersion for injection - MODERNA BIOTECH,Not Specified
880,Biological,COVID-19 Vaccine AstraZeneca suspension for injection,Not Specified
881,Other,Respiratory physiotherapy,Not Specified
882,Behavioral,Current clinical practices of participating physicians,Not Specified
883,Genetic,COVID-19 Diagnostic and Assessment Tests,Not Specified
885,Other,modification of the planned therapeutic management,Not Specified
886,Other,this study is non- interventional,Not Specified
887,Other,Probiorinse,Not Specified
887,Other,Saline solution,Not Specified
888,Device,Vascular occlusion test,Not Specified
889,Other,non,Not Specified
890,Biological,COVID-19 Specific T Cell derived exosomes (CSTC-Exo),Not Specified
891,Drug,AZD7442,Not Specified
891,Drug,Placebo,Not Specified
892,Procedure,Biospecimen Collection,Not Specified
892,Other,Data Collection,Not Specified
892,Other,Quality-of-Life Assessment,Not Specified
892,Other,Questionnaire Administration,Not Specified
893,Drug,[18F]F-AraG (2'-deoxy-2'-fluoro-9-β-D-arabinofuranosylguanine),Not Specified
895,Diagnostic Test,Dräger Antigen Test SARS-CoV-2,Not Specified
896,Diagnostic Test,Serological test and phone interview,Not Specified
897,Biological,Inactivated SARS CoV 2 vaccine (Vero cell). Wuhan,Not Specified
898,Drug,Hydroxychloroquine and Azithromycin,Not Specified
898,Dietary Supplement,Azinc,Not Specified
899,Drug,Hydroxychloroquine Sulfate 200 MG,Not Specified
900,Biological,Koçak-19 Inaktif Adjuvanlı COVID-19 Vaccine 4 µg/0.5 ml Vaccine,Not Specified
900,Biological,Koçak-19 Inaktif Adjuvanlı COVID-19 Vaccine 6 µg/0.5 ml Vaccine,Not Specified
900,Biological,Placebo,Not Specified
901,Drug,CPI-006,Not Specified
901,Other,Standard of Care,Not Specified
902,Other,care modalities,Not Specified
902,Other,Teleconsultation either by phone or by computer consultation,Not Specified
903,Drug,Clevudine,Not Specified
903,Drug,Placebo,Not Specified
904,Biological,pathogen reduced SARS-CoV-2 convalescent plasma,Not Specified
904,Biological,Placebo,Not Specified
905,Other,Post COVID-19 Functional Satus Scale,Not Specified
906,Other,Questionnaire,Not Specified
906,Other,medical consultation,Not Specified
907,Biological,Sample,Not Specified
908,Biological,Convalescent Plasma,Not Specified
908,Drug,Standard of Care,Not Specified
910,Drug,Infliximab,Not Specified
910,Drug,Abatacept,Not Specified
910,Drug,Remdesivir,Not Specified
910,Drug,cenicriviroc,Not Specified
911,Other,Survey,Not Specified
912,Other,Exposure to the SARS-CoV-2,Not Specified
913,Dietary Supplement,Vitamin D3,Not Specified
917,Drug,Toremifene,Not Specified
917,Drug,Melatonin,Not Specified
917,Other,Placebo,Not Specified
918,Other,Quality of Life,Not Specified
918,Other,Impact Event Score,Not Specified
918,Other,Hospital anxiety and depression scale,Not Specified
919,Drug,IVERMECTIN (IVER P®) arm will receive IVM 600 µg / kg once daily plus standard care. CONTROL arm will receive standard care.,Not Specified
920,Other,Seroprevalence of SARS-CoV-2 infection in patients with HIV infection,Not Specified
921,Other,intervention group,Not Specified
922,Other,Observational Study,Not Specified
923,Biological,COVID-19 exposure,Not Specified
924,Biological,BCG vaccine (Freeze-dried),Not Specified
925,Drug,Oral 25-Hydroxyvitamin D3,Not Specified
926,Drug,NIVOLUMAB,Not Specified
926,Other,Routine standard of care,Not Specified
927,Other,blood sample analyses,Not Specified
928,Genetic,Expression of receptors and activating proteases,Not Specified
928,Genetic,Polymorphism of the HSD3B1,Not Specified
929,Combination Product,Ivermectin plus Nitazoxanide,Not Specified
929,Other,Standard Care,Not Specified
930,Behavioral,Blended Gaming COVID-19 Training System (BGCTS),Not Specified
930,Behavioral,"Usual care, infection control briefing",Not Specified
931,Drug,Pegylated interferon lambda,Not Specified
932,Drug,Ravulizumab,Not Specified
933,Other,Coronavirus Disease 2019,Not Specified
934,Drug,Rivaroxaban,Not Specified
934,Other,Standard Of Care (SOC),Not Specified
938,Biological,Covax-19™,Not Specified
940,Biological,AV-COVID-19,Not Specified
940,Other,GM-CSF,Not Specified
941,Drug,SARS-COV-2 mRNA Vaccine,Not Specified
942,Diagnostic Test,Nasal swab,Not Specified
942,Diagnostic Test,Serum testing,Not Specified
943,Other,Covid-19 + patients,Not Specified
945,Biological,Convalescent Plasma (CP),Not Specified
945,Drug,Standard COVID-19 therapies,Not Specified
946,Drug,Sargramostim,Not Specified
946,Drug,Placebo,Not Specified
947,Biological,DB-001,Not Specified
948,Biological,Mesenchymal Stromal Cells,Not Specified
948,Other,Placebo,Not Specified
949,Biological,Anti-SARS-CoV-2 IgT seropositivity,Not Specified
950,Other,Questionnaire and interview,Not Specified
951,Drug,Nicotine patch,Not Specified
951,Drug,Placebo patch,Not Specified
952,Drug,Extract Psidii guava,Not Specified
952,Combination Product,Standard therapy for Covid-19 patient,Not Specified
953,Other,Interview,Not Specified
954,Drug,HMW-HA,Not Specified
956,Device,CBC-Diff Monocyte Volume Width Distribution,Not Specified
958,Behavioral,Positive COVID Test Result - Hypothetical Scenario,Not Specified
958,Behavioral,Negative COVID Test Result - Hypothetical Scenario,Not Specified
958,Behavioral,Unavailable COVID Test Result - Hypothetical Scenario,Not Specified
959,Other,No intervention,Not Specified
960,Diagnostic Test,"N terminal pro B type natriuretic peptide (NTproBNP), D-Dimer, and serum Tropinin - I",Not Specified
961,Drug,Pyronaridine-Artesunate,Not Specified
961,Drug,Placebo,Not Specified
962,Drug,Brazilian Green Propolis Extract (EPP-AF),Not Specified
962,Other,Standard care,Not Specified
963,Drug,Placebo,Not Specified
963,Drug,Ivermectin,Not Specified
963,Drug,Losartan,Not Specified
964,Behavioral,COVID-surgRES questionaire,Not Specified
966,Biological,EpiVacCorona (EpiVacCorona vaccine based on peptide antigens for the prevention of COVID-19),Not Specified
966,Other,"Placebo (sodium chloride, a 0.9% solution for the preparation of dosage forms for injections)",Not Specified
967,Drug,Placebos,Not Specified
967,Drug,Leronlimab (700mg),Not Specified
968,Drug,Sofosbuvir 400 MG plus Daclatasvir 200mg,Not Specified
969,Other,No intervention,Not Specified
970,Other,Antithrombotic Therapy (anticoagulant and/or antiplatelet) before admission for Covid19,Not Specified
971,Other,"Pro BNP , Vitamin D",Not Specified
972,Other,Follow-up of patients with COVID-19,Not Specified
973,Device,miniprobe Alveoflex,Not Specified
974,Drug,Tocilizumab,Not Specified
974,Drug,Methylprednisolone,Not Specified
975,Drug,Canakinumab,Not Specified
975,Drug,Placebo,Not Specified
977,Drug,"Treatment group: will receive a combination of Nitazoxanide, Ribavirin and Ivermectin for a duration of seven days :",Not Specified
978,Drug,Coromec Registry with ECL-19,Not Specified
980,Biological,Thawed plasma,Not Specified
981,Drug,Ivermectin,Not Specified
981,Drug,ASP,Not Specified
981,Drug,Placebo,Not Specified
983,Behavioral,Navigation Services,Not Specified
983,Behavioral,Critical Dialogue,Not Specified
983,Behavioral,Brief Counseling,Not Specified
983,Behavioral,Referral and Digital Brochure,Not Specified
986,Diagnostic Test,"Platelet count, platelet, mean platelet volume and platelet distribution Width in COVID-19",Not Specified
987,Other,data collection,Not Specified
988,Dietary Supplement,Lactoferrin (Apolactoferrin),Not Specified
988,Drug,Placebo of excipient(s) will be administered,Not Specified
989,Biological,RAPA-501-Allo off-the-shelf Therapy of COVID-19,Not Specified
989,Other,Placebo,Not Specified
990,Device,TOF protocol,Not Specified
991,Biological,Allocetra-OTS,Not Specified
993,Behavioral,Digital social activity video intervention,Not Specified
993,Behavioral,Informational sheet,Not Specified
993,Behavioral,Stigma awareness video intervention,Not Specified
994,Dietary Supplement,Oral supplement enriched in antioxidants,Not Specified
994,Dietary Supplement,cellulose-containing placebo capsules,Not Specified
995,Biological,serology testing profiles description,Not Specified
995,Biological,immune response characterization,Not Specified
995,Other,in vivo brain PET-TSPO acquisitions,Not Specified
995,Other,brain MRI assessment,Not Specified
995,Behavioral,neurocognitive assessment,Not Specified
996,Drug,Cetirizine and Famotidine,Not Specified
996,Drug,Placebo,Not Specified
997,Diagnostic Test,IgM and IgG antibodies assay,Not Specified
998,Device,"Use of the pinpointIQ solution (physIQ, Inc.)",Not Specified
999,Diagnostic Test,Antigen detection test,Not Specified
1000,Other,Clinical assessment,Not Specified
1001,Drug,Hydroxychloroquine,Not Specified
1001,Drug,Azithromycin,Not Specified
1002,Diagnostic Test,PCR Value,Not Specified
1004,Biological,serology,Not Specified
1005,Drug,Colchicine 0.6 mg,Not Specified
1005,Drug,Naltrexone,Not Specified
1006,Device,"Taking blood samples (capillary and venous), saliva sampling and nasopharyngeal sampling.",Not Specified
1006,Device,Capillary and salivary sampling,Not Specified
1007,Drug,High-Titer Anti-SARS-CoV-2 (COVID 19) Convalescent Plasma,Not Specified
1009,Other,ARBs and/or ACE inhibitors,Not Specified
1009,Other,Usual Care,Not Specified
1010,Diagnostic Test,"The demographic, clinical, laboratory, and instrumental data",Not Specified
1011,Behavioral,Edinburgh Postnatal Depression Scale,Not Specified
1011,Behavioral,Breast Feeding Adherence,Not Specified
1011,Behavioral,Fear of Covid-19 Scale,Not Specified
1012,Other,Clinical Observation,Not Specified
1013,Drug,Darunavir and Cobicistat,Not Specified
1014,Diagnostic Test,Ejaculated semen sample,Not Specified
1016,Other,convalescent plasma,Not Specified
1018,Drug,Hydroxychloroquine,Not Specified
1018,Drug,Placebo,Not Specified
1020,Device,High flow nasal cannula (HFNC),Not Specified
1020,Device,Helmet NIV,Not Specified
1020,Device,Face-mask NIV,Not Specified
1022,Other,electrolytes,Not Specified
1024,Drug,tenofovir disoproxil and emtricitabine,Not Specified
1025,Diagnostic Test,BD Veritor Plus System for Rapid Detection of SARS CoV-2,Not Specified
1025,Diagnostic Test,rt-PCR,Not Specified
1025,Diagnostic Test,viral culture,Not Specified
1026,Drug,Hydroxychloroquine,Not Specified
1028,Diagnostic Test,Stimulation test with arginine infusion in order to verify the possible existence of damage to the beta cell function induced by COVID-19 infection,Not Specified
1029,Other,questionnaire,Not Specified
1030,Biological,serology test,Not Specified
1030,Biological,nasopharyngeal swab,Not Specified
1030,Biological,rectal swab,Not Specified
1030,Biological,saliva sample,Not Specified
1031,Device,olfactory device,Not Specified
1032,Other,pulmonary ultrasound,Not Specified
1033,Other,Exercise,Not Specified
1034,Diagnostic Test,conjunctival swab,Not Specified
1035,Device,ensoETM device,Not Specified
1036,Biological,Allocetra-OTS,Not Specified
1037,Biological,Blood draw,Not Specified
1038,Device,Breath Biopsy face masks with removable filters and fitted PVA strip,Not Specified
1038,Diagnostic Test,Nasopharyngeal swab,Not Specified
1038,Diagnostic Test,oropharyngeal swabs,Not Specified
1039,Drug,Ciclesonide Metered Dose Inhaler [Alvesco],Not Specified
1041,Diagnostic Test,conjunctival swab,Not Specified
1042,Drug,Enoxaparin,Not Specified
1043,Drug,Methotrexate-LDE phase 1,Not Specified
1043,Drug,Methotrexate-LDE phase 2,Not Specified
1043,Drug,Placebo-LDE phase 2,Not Specified
1044,Other,"biological samples, questionnaires and interviews",Not Specified
1046,Drug,Thymalfasin,Not Specified
1047,Drug,Placebo,Not Specified
1047,Drug,Anti-SARS-CoV-2 equine immunoglobulin fragments (INOSARS),Not Specified
1048,Procedure,Auricular neuromodulation,Not Specified
1048,Procedure,Control,Not Specified
1049,Other,venipuncture in peripheral vein,Not Specified
1050,Drug,Hydroxychloroquine,Not Specified
1051,Dietary Supplement,Nicotinamide riboside,Not Specified
1051,Dietary Supplement,Placebo,Not Specified
1052,Drug,PUL-042 Inhalation Solution,Not Specified
1052,Drug,Placebo,Not Specified
1054,Diagnostic Test,Tuberculin test,Not Specified
1055,Diagnostic Test,Lung ultrasound,Not Specified
1056,Drug,Povidone-Iodine 0.4% NI,Not Specified
1056,Drug,Povidone-Iodine 0.5% NI,Not Specified
1056,Drug,Povidone-Iodine 0.6% NI,Not Specified
1056,Drug,Povidone-Iodine 0.5% NS,Not Specified
1056,Drug,Povidone-Iodine 0.6% NS,Not Specified
1056,Other,Placebo comparator: DW-NI,Not Specified
1056,Other,Placebo comparator: DW-NS,Not Specified
1057,Procedure,Blood sample,Not Specified
1059,Drug,Interferon alfa,Not Specified
1059,Drug,Selinexor,Not Specified
1059,Drug,Lenzilumab,Not Specified
1060,Biological,Dose Finding Phase (MTD),Not Specified
1060,Biological,Partially HLA-matched SARS-CoVSTs,Not Specified
1060,Other,Routine care (no SARS-CoVSTs),Not Specified
1061,Diagnostic Test,Questionnaires,Not Specified
1062,Device,Withings ScanWatch,Not Specified
1063,Diagnostic Test,Sars-Cov-2 serology,Not Specified
1064,Other,Clinical assessment,Not Specified
1065,Other,COVID-19,Not Specified
1067,Device,vv-ECMO,Not Specified
1068,Diagnostic Test,SARS-CoV2 nasal swab,Not Specified
1069,Other,Observational study only,Not Specified
1070,Drug,Hydroxychloroquine,Not Specified
1071,Biological,TY027,Not Specified
1071,Other,0.9% saline,Not Specified
1073,Diagnostic Test,Phlebotomy,Not Specified
1074,Radiation,Low dose whole lung radiotherapy for older patients with COVID-19 pneumonitis,Not Specified
1075,Biological,Gam-COVID-Vac,Not Specified
1075,Other,placebo,Not Specified
1076,Diagnostic Test,Single passive leg movement,Not Specified
1077,Diagnostic Test,TestNPass,Not Specified
1078,Drug,Colchicine,Not Specified
1078,Drug,Prednisone tablet,Not Specified
1078,Drug,standard of care,Not Specified
1079,Drug,HCQ,Not Specified
1079,Other,Standard therapy,Not Specified
1080,Drug,ACEIs,Not Specified
1080,Drug,Conventional treatment,Not Specified
1081,Biological,COVID-19 Vaccines,Not Specified
1083,Other,Patients admitted in Intensive Care Units,Not Specified
1084,Biological,COVID Convalescent Plasma,Not Specified
1085,Biological,Convalescent Plasma,Not Specified
1085,Other,Best Supportive Care,Not Specified
1086,Device,"ILR, PMK, ICD",Not Specified
1087,Drug,Molgramostim nebuliser solution,Not Specified
1087,Other,Placebo nebuliser solution,Not Specified
1089,Other,Pulmonary and Motor Rehabilitation,Not Specified
1090,Drug,chlorine dioxide 3000 ppm,Not Specified
1091,Drug,DAAD Compound,Not Specified
1092,Diagnostic Test,Flow cytometric analysis,Not Specified
1093,Procedure,Therapeutic Plasma Exchange (TPE),Not Specified
1094,Diagnostic Test,serum inflammatory biomarkers,Not Specified
1095,Other,all treatment about COVID-2019,Not Specified
1096,Behavioral,turkish physicians,Not Specified
1097,Device,COVID-19 barrier box,Not Specified
1098,Behavioral,"Change in knowledge, motivation, skills, resources",Not Specified
1099,Diagnostic Test,Nasopharyngeal and throat/oropharyngeal swabs analyses by RT-PCR and ddPCR,Not Specified
1100,Diagnostic Test,Breath test,Not Specified
1101,Drug,Ivermectin,Not Specified
1101,Drug,Hydroxychloroquine,Not Specified
1101,Behavioral,personal protective Measures,Not Specified
1102,Drug,"ACE inhibitor, angiotensin receptor blocker",Not Specified
1103,Procedure,Convalescent Plasma,Not Specified
1104,Other,ePROMs assessment,Not Specified
1105,Drug,Standard Treatment,Not Specified
1105,Drug,Oral administration of Colchicine plus Herbal Phenolic Monoterpene Fractions,Not Specified
1106,Diagnostic Test,identify SARS-CoV-2 infection by serology,Not Specified
1106,Biological,collection of biological samples,Not Specified
1108,Other,Indicators of central sensitisation,Not Specified
1109,Drug,Hydroxychloroquine,Not Specified
1109,Drug,Ivermectin,Not Specified
1109,Drug,Placebo,Not Specified
1111,Diagnostic Test,Serologic assays for antibodies to SARS-CoV-2,Not Specified
1112,Other,Analysis of cell-mediated and antibody-mediated immunity to SARS-CoV-2 virus,Not Specified
1115,Other,No intervention,Not Specified
1116,Drug,Lianhua Qingwen,Not Specified
1116,Drug,Placebo,Not Specified
1117,Diagnostic Test,COPAN swabbing and blood sample collection,Not Specified
1118,Dietary Supplement,Probiotic,Not Specified
1118,Dietary Supplement,Control,Not Specified
1119,Other,Indicators of central sensitisation,Not Specified
1120,Diagnostic Test,interleuken 6 level measurment,Not Specified
1120,Diagnostic Test,Interleukin-6 Gene-174C detection,Not Specified
1121,Other,plasma therapy using convalescent plasma with antibody against SARS-CoV-2,Not Specified
1121,Other,Routine care for COVID-19 patients,Not Specified
1122,Other,"Educational, culturally appropriate COVID-19 messages",Not Specified
1123,Other,PROTECTIVE VENTILATION,Not Specified
1123,Other,ULTRAPROTECTIVE VENTILATION,Not Specified
1125,Other,self-administered questionnaire,Not Specified
1125,Diagnostic Test,SARS-Cov2 testing,Not Specified
1126,Procedure,airway management during sedation or general anesthesia,Not Specified
1127,Other,Dysautonomia,Not Specified
1128,Biological,immune plasma,Not Specified
1129,Other,COVID-19 Serology,Not Specified
1129,Behavioral,Health Care Worker Survey,Not Specified
1131,Drug,Dialyzable Leukocyte Extract,Not Specified
1131,Drug,Placebo oral,Not Specified
1132,Other,"Raman analysis of saliva, characterization of the Raman database and building of the classification model",Not Specified
1133,Biological,Blood samples,Not Specified
1134,Device,Apple Watch Series 5,Not Specified
1136,Drug,Hydroxychloroquine,Not Specified
1136,Drug,Favipiravir,Not Specified
1136,Other,Routine care for COVID-19 patients,Not Specified
1137,Diagnostic Test,COVID19 immunization testing,Not Specified
1140,Other,No intervention / Evaluation of the ferritin and glycosylated ferritin by standard approved serological tests,Not Specified
1142,Drug,INC424 / Ruxolitinib,Not Specified
1143,Drug,Tranexamic acid,Not Specified
1143,Drug,Placebo,Not Specified
1144,Other,"SF12, EQ-5D-5L and work status standardized quantitative assessments",Not Specified
1145,Drug,Ivermectin,Not Specified
1145,Other,Standard treatment for COVID-19,Not Specified
1147,Other,Home-use Test and Follow-up Questionnaire,Not Specified
1148,Biological,Convalescent Plasma,Not Specified
1149,Drug,Povidone-Iodine Nasal Spray and Gargle,Not Specified
1152,Biological,Convalescent plasma,Not Specified
1153,Diagnostic Test,Nasopharyngeal sampling,Not Specified
1153,Diagnostic Test,Saliva sampling,Not Specified
1155,Other,Admission to ICU for COVID-19,Not Specified
1156,Drug,Favipiravir,Not Specified
1156,Drug,Hydroxychloroquine,Not Specified
1157,Diagnostic Test,SARS-CoV-2 PCR,Not Specified
1158,Device,Electrical Stimulation,Not Specified
1158,Device,Electrical Stimulation - Sham,Not Specified
1159,Procedure,Evaluation of changes in the diagnostic-therapeutic pathway for patients affected by pancreatic cancer,Not Specified
1160,Drug,Inhaled nitric oxide gas,Not Specified
1161,Drug,COVID-globulin,Not Specified
1161,Drug,Placebo,Not Specified
1163,Other,blood sample,Not Specified
1164,Drug,Hydroxychloroquine,Not Specified
1164,Drug,Azithromycin,Not Specified
1166,Drug,HCQ01,Not Specified
1166,Drug,standard of care (SOC) for COVID-19,Not Specified
1169,Diagnostic Test,Clungene rapid test cassette,Not Specified
1171,Other,Questionaire,Not Specified
1173,Biological,UCMSCs,Not Specified
1173,Other,Placebo,Not Specified
1174,Drug,Iodine Complex,Not Specified
1174,Drug,Placebo,Not Specified
1174,Drug,Idoine Complex,Not Specified
1175,Drug,Emtricitabine/tenofovir disoproxil,Not Specified
1175,Drug,Hydroxychloroquine,Not Specified
1175,Drug,Placebo: Emtricitabine/tenofovir disoproxil Placebo,Not Specified
1175,Drug,Placebo: Hydroxychloroquine,Not Specified
1177,Drug,Hydroxychloroquine (HCQ),Not Specified
1177,Drug,Placebo oral tablet,Not Specified
1178,Drug,Hydroxychloroquine 200 Mg Oral Tablet,Not Specified
1178,Drug,Azithromycin 500Mg Oral Tablet,Not Specified
1178,Dietary Supplement,Glucose tablets,Not Specified
1179,Diagnostic Test,Immunfluorescence,Not Specified
1180,Biological,Low-dose Recombinant COVID-19 vaccine (Sf9 cells) (18-59 years) & Two dose regimen,Not Specified
1180,Biological,Low-dose Recombinant COVID-19 vaccine (Sf9 cells) (18-59 years) & Three dose regimen,Not Specified
1180,Biological,High-dose Recombinant COVID-19 vaccine (Sf9 cells) (18-59 years) & Two dose regimen,Not Specified
1180,Biological,High-dose Recombinant COVID-19 vaccine (Sf9 cells) (18-59 years) & Three dose regimen,Not Specified
1180,Biological,Low-dose Recombinant COVID-19 vaccine (Sf9 cells) (60-85 years) & Two dose regimen,Not Specified
1180,Biological,Low-dose Recombinant COVID-19 vaccine (Sf9 cells) (60-85 years) & Three dose regimen,Not Specified
1180,Biological,High-dose Recombinant COVID-19 vaccine (Sf9 cells) (60-85 years) & Two dose regimen,Not Specified
1180,Biological,High-dose Recombinant COVID-19 vaccine (Sf9 cells) (60-85 years) & Three dose regimen,Not Specified
1180,Biological,Low-dose placebo (18-59 years) & Two dose regimen,Not Specified
1180,Biological,Low-dose placebo (18-59 years) & Three dose regimen,Not Specified
1180,Biological,High-dose placebo (18-59 years) & Two dose regimen,Not Specified
1180,Biological,High-dose placebo (18-59 years) & Three dose regimen,Not Specified
1180,Biological,Low-dose placebo (60-85 years) & Two dose regimen,Not Specified
1180,Biological,Low-dose placebo (60-85 years) & Three dose regimen,Not Specified
1180,Biological,High-dose placebo (60-85 years) & Two dose regimen,Not Specified
1180,Biological,High-dose placebo (60-85 years) & Three dose regimen,Not Specified
1181,Behavioral,Contain COVID Anxiety SSI,Not Specified
1181,Behavioral,Remain COVID Free SSI,Not Specified
1182,Other,Hypertension,Not Specified
1182,Other,Diabetes type 2,Not Specified
1182,Other,Obesity,Not Specified
1182,Drug,Antihypertensive Agents,Not Specified
1182,Drug,Statins (Cardiovascular Agents),Not Specified
1183,Other,No intervention,Not Specified
1185,Biological,Hyperimmune plasma,Not Specified
1185,Drug,Standard of care for SARS-CoV-2 infection,Not Specified
1187,Diagnostic Test,Rapid Antigen Test,Not Specified
1188,Other,no intervention,Not Specified
1189,Drug,BRII-196 and BRII-198,Not Specified
1189,Drug,Placebo,Not Specified
1192,Drug,Prednisone,Not Specified
1192,Other,Control group,Not Specified
1193,Diagnostic Test,PCL COV05 - COVID 19 Ag Rapid FIA test (Rapid Antigen Test),Not Specified
1194,Drug,Tocilizumab,Not Specified
1195,Genetic,GENETIC,Not Specified
1196,Other,no intervention as it is an observational study,Not Specified
1197,Diagnostic Test,TEM-tPA,Not Specified
1198,Diagnostic Test,Spartan Cube Point-of Care Covid-19 test,Not Specified
1199,Diagnostic Test,PCR,Not Specified
1200,Diagnostic Test,Ultrasound lung imaging as part of FAST+ evaluation,Not Specified
1202,Biological,Anti-SARS-CoV-2 Human Convalescent Plasma,Not Specified
1203,Dietary Supplement,Lactobaciltus rhamnosus GG,Not Specified
1203,Dietary Supplement,Lactobaciltus rhamnosus GG Placebo,Not Specified
1205,Drug,Hydroxychloroquine,Not Specified
1205,Dietary Supplement,Vitamins and Minerals,Not Specified
1205,Drug,Azithromycin,Not Specified
1206,Diagnostic Test,LYMPHOCYTE MONOCYTE RATIO,Not Specified
1208,Other,oropharyngeal and intestinal microbiota,Not Specified
1208,Other,host genotype,Not Specified
1208,Other,host immune factors,Not Specified
1208,Other,viral sequence,Not Specified
1209,Biological,Recombinant Human Anti-SARS-CoV-2 Monoclonal Antibody(25mg/kg;50mg/kg;100mg/kg),Not Specified
1209,Drug,Placebo,Not Specified
1210,Drug,"Mixture 3,6% H2 in N2 (96.4%)",Not Specified
1211,Diagnostic Test,pulmonary anomalies 4 months after documented COVID-19 pneumonia,Not Specified
1212,Drug,DAS181,Not Specified
1212,Drug,Placebo,Not Specified
1213,Drug,Ivermectin,Not Specified
1214,Other,acute kidney injury,Not Specified
1215,Drug,BCG Vaccine,Not Specified
1215,Other,Placebo,Not Specified
1216,Drug,Hydroxychloroquine and azithromycin treatment,Not Specified
1216,Other,conventional management of patients,Not Specified
1217,Other,SePaRIC-Covid19 cohort,Not Specified
1218,Other,COVID-19 Pneumonia,Not Specified
1219,Device,uEXPLORER/mCT,Not Specified
1220,Drug,Maraviroc experimental group,Not Specified
1220,Other,Standard treatment,Not Specified
1221,Diagnostic Test,NG test,Not Specified
1221,Diagnostic Test,Blood test,Not Specified
1221,Behavioral,Self-questionnary,Not Specified
1222,Dietary Supplement,5-ALA-Phosphate + SFC (5-ALA + SFC),Not Specified
1223,Drug,Hydroxychloroquine,Not Specified
1223,Other,Placebo,Not Specified
1223,Radiation,Radiation therapy,Not Specified
1225,Diagnostic Test,Positive for SARS-CoV-2 infection,Not Specified
1226,Biological,Convalescent plasma,Not Specified
1226,Drug,Camostat Mesilate,Not Specified
1226,Drug,Placebo for Camostat Mesilate,Not Specified
1226,Other,Standard of Care (SoC),Not Specified
1227,Drug,Previfenon®,Not Specified
1227,Drug,Placebo,Not Specified
1228,Diagnostic Test,Respiratory monitoring,Not Specified
1228,Diagnostic Test,Respiratory muscles ultrasound,Not Specified
1228,Diagnostic Test,Electro impedance tomography,Not Specified
1228,Diagnostic Test,Capnography,Not Specified
1228,Diagnostic Test,Arterial blood gas,Not Specified
1228,Diagnostic Test,Quasistatic pressure-volume curve,Not Specified
1229,Dietary Supplement,Placebo,Not Specified
1229,Dietary Supplement,Vitamin D,Not Specified
1230,Diagnostic Test,Online Questionnaire,Not Specified
1231,Biological,COVID-19 convalescent plasma (CCP) plus standard of care (SOC),Not Specified
1231,Biological,Standard of care (SOC) plus placebo,Not Specified
1233,Drug,Nitazoxanide,Not Specified
1233,Drug,Sofosbuvir/Daclatasvir,Not Specified
1234,Drug,Nitazoxanide,Not Specified
1234,Drug,Placebo,Not Specified
1235,Device,Carragelose,Not Specified
1235,Device,NaCl,Not Specified
1236,Other,Observation,Not Specified
1237,Behavioral,Unified Protocol for COVID-19 Parenting Stress (UP-COVID),Not Specified
1237,Behavioral,SHG,Not Specified
1238,Diagnostic Test,Differential Leucocyte Count (CLDC) device and algorithm,Not Specified
1240,Biological,COVI-AMG,Not Specified
1240,Drug,Placebo,Not Specified
1241,Drug,NORS (Nitric Oxide Releasing Solution),Not Specified
1242,Diagnostic Test,Sequence of testing.,Not Specified
1243,Drug,Chloroquine phosphate,Not Specified
1243,Other,Telemedicine,Not Specified
1244,Radiation,chest radiography,Not Specified
1244,Radiation,thoracic computed tomography scan,Not Specified
1244,Diagnostic Test,spirometry,Not Specified
1244,Diagnostic Test,Diffusing capacity of carbon monoxide,Not Specified
1244,Diagnostic Test,6 minute walk test,Not Specified
1244,Diagnostic Test,saint george respiratory questionnaire,Not Specified
1245,Biological,Convalescent anti-SARS-CoV-2 MBT Plasma,Not Specified
1245,Drug,Standard Medical Treatment,Not Specified
1246,Drug,Remdesivir,Not Specified
1247,Other,Patient with SAR-CoV-2 infection,Not Specified
1248,Drug,DAS181,Not Specified
1249,Biological,ERUCOV-VAC,Not Specified
1249,Other,Placebo Vaccine,Not Specified
1250,Other,6 minute walk test,Not Specified
1250,Other,1 minute Sit to Stand Test,Not Specified
1250,Other,Fatigue Severity Scale,Not Specified
1250,Other,Medical Research Council (MRC) dyspnea scale,Not Specified
1250,Other,SF-12,Not Specified
1250,Other,Beck Depression Inventory,Not Specified
1250,Other,Beck Anxiety Inventory,Not Specified
1250,Other,5 times sit to stand test,Not Specified
1250,Other,6 point Likert Scale,Not Specified
1251,Drug,Nafamostat Mesilate,Not Specified
1251,Drug,TD139,Not Specified
1251,Other,Standard care,Not Specified
1252,Diagnostic Test,Diagnostic test Covid-19,Not Specified
1253,Diagnostic Test,"Electrocardiogram, transthoracic echocardiography and clinico-biological parameters in routine care",Not Specified
1254,Diagnostic Test,Testing of SARS-CoV-2 antibodies,Not Specified
1255,Other,Questionnaire,Not Specified
1257,Drug,Angiotensin converting enzyme inhibitor,Not Specified
1258,Drug,Dexamethasone,Not Specified
1259,Biological,"a middle-dose recombinant COVID-19 vaccine (CHO Cell) (18-59 years) at the schedule of day 0, 28, 56",Not Specified
1259,Biological,"a high-dose recombinant COVID-19 vaccine (CHO Cell) (18-59 years) at the schedule of day 0, 28, 56",Not Specified
1259,Biological,"a middle-dose recombinant COVID-19 vaccine (CHO Cell) (60-85 years) at the schedule of day 0, 28, 56",Not Specified
1259,Biological,"a high-dose recombinant COVID-19 vaccine (CHO Cell) (60-85 years) at the schedule of day 0, 28, 56",Not Specified
1259,Biological,"a middle-dose placebo (18-59 years) at the schedule of day 0, 28, 56",Not Specified
1259,Biological,"a high-dose placebo (18-59 years) at the schedule of day 0, 28, 56",Not Specified
1259,Biological,"a middle-dose placebo (60-85 years) at the schedule of day 0, 28, 56",Not Specified
1259,Biological,"a high-dose placebo (60-85 years) at the schedule of day 0, 28, 56",Not Specified
1260,Drug,Convalesscent Plasma,Not Specified
1261,Drug,Convalescent Plasma,Not Specified
1262,Other,self-administered questionnaire,Not Specified
1262,Diagnostic Test,SARS-Cov2 testing,Not Specified
1263,Biological,Gam-COVID-Vac,Not Specified
1264,Behavioral,Doctorgram Patient Kit,Not Specified
1265,Other,questionnaire,Not Specified
1266,Biological,Bacille Calmette-Guérin (BCG),Not Specified
1266,Other,Placebo Comparator,Not Specified
1267,Dietary Supplement,MOLECULAR HYDROGEN,Not Specified
1267,Dietary Supplement,PLACEBO MAGNESIUM,Not Specified
1268,Drug,Linagliptin tablet,Not Specified
1268,Drug,Insulin,Not Specified
1269,Diagnostic Test,"Standard Q COVID-19 Ag - test, produced by SD Biosensor INC.",Not Specified
1270,Procedure,"The study evaluates all surgical patients operated, both elective scheduled and emergent cases",Not Specified
1272,Biological,SAB-185,Not Specified
1272,Other,Normal Saline,Not Specified
1273,Behavioral,Survey,Not Specified
1274,Drug,Disulfiram,Not Specified
1274,Drug,Placebo,Not Specified
1275,Other,Telehealth,Not Specified
1276,Device,Life2000® Ventilator,Not Specified
1277,Biological,Convalescent plasma,Not Specified
1278,Combination Product,autologous activated platelet-rich plasma,Not Specified
1278,Drug,Avigan,Not Specified
1279,Drug,Camostat Mesylate,Not Specified
1279,Drug,Placebo,Not Specified
1280,Device,Face mask,Not Specified
1280,Behavioral,Face mask awareness,Not Specified
1281,Biological,Lenzilumab,Not Specified
1281,Other,Placebo,Not Specified
1281,Drug,Remdesivir,Not Specified
1282,Biological,Convalescent Plasma (CP),Not Specified
1282,Other,Drugs and supportive care,Not Specified
1283,Biological,lanadelumab,Not Specified
1283,Other,regular care,Not Specified
1284,Other,Comparative Observational Cohort Study,Not Specified
1285,Drug,Hydroxychloroquine,Not Specified
1285,Drug,Placebo of Hydroxychloroquine,Not Specified
1285,Drug,Lopinavir and ritonavir,Not Specified
1285,Drug,Placebo of LPV/r Tablets,Not Specified
1286,Dietary Supplement,vitamin D,Not Specified
1286,Dietary Supplement,Placebo,Not Specified
1287,Device,Extracorporeal blood purification using the oXiris® (AN69ST) hemofilter,Not Specified
1288,Diagnostic Test,Sampling of SARS-CoV-2 RNA from nasopharyngeal swab specimen or saliva collected via Salivette Cortisol,Not Specified
1289,Diagnostic Test,Nasopharyngeal swab,Not Specified
1289,Diagnostic Test,Saliva sample,Not Specified
1289,Diagnostic Test,axillary sweat sample,Not Specified
1289,Other,Data collection,Not Specified
1291,Diagnostic Test,"Sampling (EDTA blood, pharyngeal and nose swabs, bronchoalveolar lavage ,urine)",Not Specified
1293,Device,ADAM Sensor,Not Specified
1294,Other,Plasma Donation,Not Specified
1298,Drug,DWJ1248,Not Specified
1298,Drug,Placebo,Not Specified
1300,Drug,Double-Blind NT-I7,Not Specified
1300,Drug,Double-Blind Placebo,Not Specified
1301,Other,Questionnaires,Not Specified
1301,Other,Phone interviews,Not Specified
1302,Drug,Hydroxychloroquine,Not Specified
1302,Drug,Placebo oral tablet,Not Specified
1303,Device,"Masimo, LidCO",Not Specified
1304,Drug,Cholecalciferol,Not Specified
1305,Procedure,Steam inhalations,Not Specified
1306,Drug,Hydroxychloroquine,Not Specified
1306,Drug,Placebo,Not Specified
1307,Drug,Hydroxychloroquine Sulfate 200 MG [Plaquenil],Not Specified
1310,Drug,Famotidine,Not Specified
1311,Drug,Hyperpolarized Xe129,Not Specified
1312,Biological,Blood samples collection,Not Specified
1312,Other,Saliva collection,Not Specified
1313,Other,Aerobic Exercise Training,Not Specified
1313,Other,Education,Not Specified
1314,Other,Brain MRI scan,Not Specified
1316,Diagnostic Test,not required,Not Specified
1318,Device,CT of the chest,Not Specified
1319,Drug,Almitrine,Not Specified
1319,Drug,Placebo,Not Specified
1320,Drug,AZVUDINE,Not Specified
1320,Drug,AZVUDINE placebo,Not Specified
1321,Diagnostic Test,RT-PCR,Not Specified
1321,Diagnostic Test,LAMP,Not Specified
1321,Diagnostic Test,POOL RT-PCR,Not Specified
1321,Diagnostic Test,POOL LAMP,Not Specified
1324,Other,Control message,Not Specified
1324,Other,Baseline message,Not Specified
1324,Other,Personal freedom message,Not Specified
1324,Other,Economic freedom message,Not Specified
1324,Other,Self-interest message,Not Specified
1324,Other,Community interest message,Not Specified
1324,Other,Economic benefit message,Not Specified
1324,Other,Guilt message,Not Specified
1324,Other,Embarrassment message,Not Specified
1324,Other,Anger message,Not Specified
1324,Other,Trust in science message,Not Specified
1324,Other,Not bravery message,Not Specified
1325,Drug,AZD1222,Not Specified
1325,Drug,0.9% (w/v) saline,Not Specified
1326,Drug,HCQ & AZ,Not Specified
1327,Drug,Ciclesonide,Not Specified
1327,Drug,Placebo,Not Specified
1328,Drug,Fisetin,Not Specified
1328,Drug,Placebo,Not Specified
1329,Other,Survey to assess Post traumatic stress and anxiety at inclusion and 6 months later,Not Specified
1330,Behavioral,Internet-delivered cognitive behavior therapy (ICBT) for dysfunctional worry related to the Covid-19 pandemic,Not Specified
1332,Drug,Bromhexine and Spironolactone,Not Specified
1332,Drug,Base therapy,Not Specified
1333,Other,Hospitalisation for SARS-COV2 infection,Not Specified
1334,Drug,Chloroquine or Hydroxychloroquine,Not Specified
1334,Drug,Placebo,Not Specified
1336,Behavioral,EMDR,Not Specified
1337,Diagnostic Test,IgG test,Not Specified
1338,Other,No intervention,Not Specified
1339,Drug,Hydroxychloroquine,Not Specified
1339,Drug,Placebo,Not Specified
1340,Drug,Fluvoxamine Maleate 100 MG [Luvox],Not Specified
1340,Drug,Metformin Extended Release Oral Tablet,Not Specified
1340,Drug,Ivermectin oral tablets or sublingual waffles,Not Specified
1340,Drug,Placebo,Not Specified
1341,Drug,Famotidine 20 MG,Not Specified
1342,Other,Blood D-dimer assay,Not Specified
1343,Drug,Sirolimus 1 MG/ML,Not Specified
1343,Drug,Placebo,Not Specified
1344,Procedure,Prone position ventilation,Not Specified
1345,Device,C3+ Holter Monitor,Not Specified
1346,Other,Optimized Management of Covid-19 Positive Kidney Transplant Recipients: Single Center Experience from the Middle East,Not Specified
1347,Biological,SARS-CoV-2 recombinant protein vaccine Formulation 1,Not Specified
1347,Biological,SARS-CoV-2 recombinant protein vaccine Formulation 2,Not Specified
1347,Biological,SARS-CoV-2 recombinant protein vaccine Formulation 3,Not Specified
1348,Other,Ayurveda,Not Specified
1350,Other,Placebo,Not Specified
1350,Drug,Remdesivir,Not Specified
1350,Biological,Risankizumab,Not Specified
1351,Other,Exposure: Covid-19 infection,Not Specified
1352,Behavioral,Online Intervention Grief COVID-19,Not Specified
1354,Other,survey,Not Specified
1355,Drug,Nafamostat Mesilate,Not Specified
1356,Drug,Ruxolitinib,Not Specified
1357,Biological,autologous adipose-derived stem cells,Not Specified
1358,Behavioral,Observation of behavior and COVID-19 infection will be conducted.,Not Specified
1360,Drug,Enoxaparin,Not Specified
1361,Other,COVID-19 pandemic,Not Specified
1363,Drug,PUL-042 Inhalation Solution,Not Specified
1363,Drug,Placebo,Not Specified
1365,Biological,Anti-coronavirus antibodies (immunoglobulins)obtained with DFPP from convalescent patients,Not Specified
1366,Drug,LY3819253,Not Specified
1366,Drug,Placebo,Not Specified
1366,Drug,LY3832479,Not Specified
1367,Drug,ATI-450,Not Specified
1367,Drug,Placebo,Not Specified
1368,Drug,Hydroxychloroquine,Not Specified
1368,Drug,Azithromycin,Not Specified
1370,Drug,Ivermectin 3 MG,Not Specified
1370,Drug,Placebo,Not Specified
1371,Biological,Biological data,Not Specified
1371,Other,Clinical data,Not Specified
1372,Biological,VIR-7831,Not Specified
1372,Drug,Placebo,Not Specified
1373,Diagnostic Test,Rapid antigen test for SARS CoV2,Not Specified
1374,Other,consultation,Not Specified
1374,Drug,Azithromycin,Not Specified
1375,Device,geko T3,Not Specified
1376,Drug,Convalescent Plasma,Not Specified
1376,Other,Standard Care Therapy,Not Specified
1377,Other,Closed face shield with Surgical face mask use,Not Specified
1377,Other,Surgical face mask use only,Not Specified
1378,Biological,COVID-19 vaccine,Not Specified
1379,Drug,Interferon Beta-1A,Not Specified
1379,Drug,Lopinavir / Ritonavir,Not Specified
1379,Drug,Single Dose of Hydroxychloroquine,Not Specified
1380,Other,Saliva collection,Not Specified
1381,Device,gammaCore® Sapphire (non-invasive vagus nerve stimulator),Not Specified
1381,Other,Standard of care therapies,Not Specified
1382,Drug,MAS825,Not Specified
1382,Drug,Matching placebo,Not Specified
1383,Diagnostic Test,SARS-CoV-2,Not Specified
1384,Diagnostic Test,Simple chest tomography,Not Specified
1385,Biological,convalescent plasma,Not Specified
1387,Other,questionnaire assesment,Not Specified
1388,Biological,QazCovid-in®-vaccine against COVID-19,Not Specified
1388,Other,Placebo,Not Specified
1389,Diagnostic Test,Antibody testing for SARS-CoV-2 IgG,Not Specified
1389,Diagnostic Test,Testing for SARS-CoV-2 RNA,Not Specified
1389,Diagnostic Test,Testing for SARS-CoV-2 IgM/IgG,Not Specified
1391,Drug,Zanubrutinib,Not Specified
1391,Drug,Supportive Care,Not Specified
1391,Drug,Placebo,Not Specified
1392,Biological,Blood plasma,Not Specified
1394,Other,Hospitalization,Not Specified
1395,Other,questionnaire,Not Specified
1396,Other,Temporarily holding the RAAS inhibitor [intervention],Not Specified
1396,Other,RAAS inhibitor [continued standard of care],Not Specified
1397,Other,"Maternal attachment, Edinburgh depression scoring and postpartum anxiety scale scores",Not Specified
1398,Drug,Bicalutamide 150 Mg Oral Tablet,Not Specified
1398,Drug,Placebo,Not Specified
1399,Other,CHX0.12+CPC0.05 oral rinse (PerioAidActive Control),Not Specified
1399,Other,placebo rinse,Not Specified
1400,Biological,BAMLANIVIMAB,Not Specified
1400,Biological,CASIRIVIMAB,Not Specified
1400,Biological,IMDEVIMAB,Not Specified
1401,Device,Web application users,Not Specified
1404,Diagnostic Test,qRT-PCR and serology,Not Specified
1408,Drug,"Methylprednisolone, Placebo",Not Specified
1409,Drug,Favipiravir,Not Specified
1409,Drug,Standard of care (SOC),Not Specified
1409,Drug,standard concomitant therapy,Not Specified
1410,Drug,Decitabine,Not Specified
1410,Other,Placebo Saline,Not Specified
1411,Drug,Hyperpolarized 129Xenon gas,Not Specified
1412,Diagnostic Test,ELISPOT,Not Specified
1412,Diagnostic Test,QUANTIFERON,Not Specified
1413,Other,COVID-19 Pandemic,Not Specified
1415,Drug,Nitazoxanide,Not Specified
1415,Drug,Placebo,Not Specified
1415,Dietary Supplement,Vitamin Super B-Complex,Not Specified
1418,Device,nasal spray,Not Specified
1419,Other,labs,Not Specified
1420,Diagnostic Test,Antibody test (SARS-CoV2),Not Specified
1421,Device,Seraph 100,Not Specified
1422,Procedure,Microcannula Harvest Adipose Derived tissue stromal vascular fraction (tSVF),Not Specified
1422,Device,Centricyte 1000,Not Specified
1422,Procedure,IV Deployment Of cSVF In Sterile Normal Saline IV Solution,Not Specified
1422,Drug,Liberase Enzyme (Roche),Not Specified
1422,Drug,Sterile Normal Saline for Intravenous Use,Not Specified
1423,Drug,Hydroxychloroquine,Not Specified
1423,Drug,Placebo,Not Specified
1424,Biological,SOC plus 15mg/kg EB05 IV,Not Specified
1424,Other,SOC plus Placebo IV,Not Specified
1426,Biological,COVI-AMG,Not Specified
1426,Drug,Placebo,Not Specified
1427,Drug,Ozanimod,Not Specified
1427,Other,Standard of care,Not Specified
1428,Other,No Intervention,Not Specified
1430,Other,Individualized-Chinese herbal medicine,Not Specified
1432,Drug,Lambda 180 mcg S.C,Not Specified
1433,Diagnostic Test,Blood sample,Not Specified
1434,Biological,Ad26.COV2.S,Not Specified
1434,Other,Placebo,Not Specified
1435,Other,Survey,Not Specified
1436,Dietary Supplement,Placebo,Not Specified
1436,Dietary Supplement,Lactobacillus,Not Specified
1437,Drug,Colchicine,Not Specified
1437,Other,Covid-19 Standard of Care,Not Specified
1439,Behavioral,Tailored recommendations,Not Specified
1439,Behavioral,General recommendation,Not Specified
1440,Biological,COVI-AMG,Not Specified
1440,Drug,Placebo,Not Specified
1441,Biological,anti-CD14,Not Specified
1441,Other,Placebo,Not Specified
1441,Drug,remdesivir,Not Specified
1442,Biological,Ad5-nCoV,Not Specified
1443,Drug,Silymarin,Not Specified
1444,Biological,blood samples,Not Specified
1447,Biological,BNT162b2,Not Specified
1447,Biological,Other vaccine against SARS-Cov-2,Not Specified
1448,Biological,VPM1002,Not Specified
1448,Other,Placebo,Not Specified
1449,Device,High Flow Nasal Therapy,Not Specified
1449,Device,Conventional Oxygen Therapy,Not Specified
1450,Biological,BCG vaccine,Not Specified
1450,Biological,Placebo,Not Specified
1451,Drug,RTB101,Not Specified
1451,Drug,Placebo,Not Specified
1452,Device,Current Health,Not Specified
1454,Drug,Placebo,Not Specified
1454,Drug,Fluvoxamine,Not Specified
1455,Procedure,Human biological samples,Not Specified
1456,Other,Serologic testing,Not Specified
1457,Biological,COVID-eVax,Not Specified
1457,Device,Cliniporator® and EPSGun,Not Specified
1458,Other,Data collection from medical files,Not Specified
1459,Drug,Aviptadil by intravenous infusion + standard of care,Not Specified
1459,Drug,Normal Saline Infusion + standard of care,Not Specified
1460,Other,Nil intervention,Not Specified
1462,Biological,COVID-19 vaccine,Not Specified
1464,Drug,Colchicine,Not Specified
1464,Drug,Ruxolitinib 5 MG,Not Specified
1464,Drug,Secukinumab 150 MG/ML Subcutaneous Solution [COSENTYX],Not Specified
1464,Other,standard therapy,Not Specified
1466,Drug,ensovibep,Not Specified
1466,Drug,Placebo,Not Specified
1467,Other,chlorine dioxide,Not Specified
1467,Dietary Supplement,zinc acetate,Not Specified
1467,Drug,Famotidine,Not Specified
1467,Other,placebo,Not Specified
1467,Dietary Supplement,"lactoferrin, green tea extract",Not Specified
1468,Drug,Silymarin,Not Specified
1468,Drug,Placebo,Not Specified
1469,Biological,Low dosage Inactivated SARS-CoV-2 Vaccine on a 0- and 28-day schedule,Not Specified
1469,Biological,Medium dosage Inactivated SARS-CoV-2 Vaccine on a 0- and 28-day schedule,Not Specified
1469,Biological,High dosage Inactivated SARS-CoV-2 Vaccine on a 0- and 28-day schedule,Not Specified
1469,Biological,Placebo on a 0- and 28-day schedule,Not Specified
1470,Drug,10% Povidone-iodine nasal decolonization swab plus 0.12% CHG oral rinse,Not Specified
1471,Biological,WJ-MSCs,Not Specified
1472,Drug,Sargramostim,Not Specified
1472,Drug,Standard of care,Not Specified
1473,Drug,HB-adMSCs,Not Specified
1473,Drug,Placebos,Not Specified
1474,Procedure,Biological sample collection,Not Specified
1474,Procedure,Data Collection: Clinical Care Assessments,Not Specified
1476,Other,COVID visitation restrictions,Not Specified
1477,Other,Endotracheal intubation,Not Specified
1478,Drug,Hydroxychloroquine,Not Specified
1478,Drug,Placebo oral tablet,Not Specified
1480,Other,serological test,Not Specified
1480,Other,Rapid molecular test,Not Specified
1480,Genetic,Next generation Sequencing (NGS) analysis,Not Specified
1480,Other,serum chemistry analysis,Not Specified
1481,Drug,VentaProst (inhaled epoprostenol delivered via a dedicated delivery system),Not Specified
1482,Other,Equipment with smartwatch throughout hospital stay on the general ward,Not Specified
1483,Drug,P2Et (Caesalpinia spinosa extract),Not Specified
1483,Other,Placebo,Not Specified
1484,Other,Quality-of-Life Assessment,Not Specified
1484,Other,Survey Administration,Not Specified
1485,Behavioral,Co-mestring (co-coping),Not Specified
1486,Other,other,Not Specified
1488,Drug,Adjuvanted SARS-CoV-2 Subunit vaccine (aCoV2),Not Specified
1488,Drug,Comparator,Not Specified
1490,Behavioral,Telephonic medical visit,Not Specified
1490,Procedure,Gastrointestinal endoscopy,Not Specified
1490,Procedure,Abdominal ultrasound,Not Specified
1491,Drug,Naltrexone Hydrochloride,Not Specified
1492,Combination Product,cardiovascular and respiratory systems monitoring,Not Specified
1493,Drug,Peginterferon lambda alfa-1a subcutaneous injection,Not Specified
1493,Other,Saline,Not Specified
1494,Drug,Oxygen,Not Specified
1495,Diagnostic Test,Prognostic score,Not Specified
1496,Diagnostic Test,Blood sampling (venesection),Not Specified
1497,Drug,Tice® BCG (for intravesical use) BCG LIVE strain of the BCG (Merck) vaccine,Not Specified
1497,Drug,Preservative-free saline,Not Specified
1498,Biological,convalescent plasma,Not Specified
1500,Biological,Blood collection on admission and longitudinally,Not Specified
1500,Biological,Blood collection on their first consultation and 10 to 14 days later,Not Specified
1501,Behavioral,Assessment of work-related stress,Not Specified
1501,Biological,Saliva sample collection,Not Specified
1501,Device,Cardiac and electrodermal recordings,Not Specified
1501,Behavioral,Assessment of behavioral response to emotional stimulation,Not Specified
1502,Drug,Ivermectin Injectable Solution,Not Specified
1502,Other,Injectable Placebo,Not Specified
1502,Drug,Zinc,Not Specified
1502,Drug,Placebo empty capsule,Not Specified
1502,Drug,Oral Ivermectin,Not Specified
1503,Biological,Convalescent Plasma,Not Specified
1504,Drug,Convalescent Plasma,Not Specified
1505,Other,integrated clinical evaluation,Not Specified
1506,Biological,AZD1222,Not Specified
1506,Biological,rAd26-S,Not Specified
1507,Drug,Remdesivir,Not Specified
1507,Other,Standard of Care,Not Specified
1508,Other,Respiratory functions,Not Specified
1509,Other,Therapeutic plasma exchange,Not Specified
1510,Drug,Sodium Bicarbonate,Not Specified
1511,Drug,Emricasan,Not Specified
1511,Other,Placebo,Not Specified
1512,Diagnostic Test,COVID-19 PCR,Not Specified
1514,Device,Connected devices measurements,Not Specified
1515,Dietary Supplement,Cretan IAMA,Not Specified
1516,Other,Let It Out (LIO)-C,Not Specified
1516,Other,Neutral writing control,Not Specified
1517,Behavioral,questionnaire,Not Specified
1519,Other,Infrared Energy and Dietary Supplement,Not Specified
1520,Other,General Public cohort,Not Specified
1522,Drug,Tocilizumab,Not Specified
1523,Biological,Biological/Vaccine: Angiotensin peptide (1-7) derived plasma,Not Specified
1524,Diagnostic Test,Serological Assay or IgG for SARS-CoV-2,Not Specified
1525,Other,Adjunctive therapies,Not Specified
1526,Biological,To monitor the effectiveness of the single dose Ad26.COV2.S COVID-19 vaccine,Not Specified
1527,Device,Continuous vital sign monitoring - Isansys Patient Status Engine,Not Specified
1527,Other,Machine Learning/AI Algorithm,Not Specified
1529,Drug,Umifenovir,Not Specified
1529,Drug,Interferon-β 1a,Not Specified
1529,Drug,Lopinavir / Ritonavir,Not Specified
1529,Drug,Single Dose of Hydroxychloroquine,Not Specified
1529,Drug,Standards of Care,Not Specified
1531,Drug,Remdesivir,Not Specified
1532,Diagnostic Test,mailer-based finger-prick,Not Specified
1533,Other,mortality,Not Specified
1534,Device,Helmet CPAP,Not Specified
1534,Device,HFNC,Not Specified
1535,Diagnostic Test,Physical examination,Not Specified
1536,Drug,open label BSS (pepto Bismol),Not Specified
1537,Other,Physical Activity Level,Not Specified
1537,Other,Anxiety and Depression Assessment,Not Specified
1537,Diagnostic Test,Exercise Capacity,Not Specified
1537,Diagnostic Test,Pulmonary Function Test,Not Specified
1537,Diagnostic Test,Cardiopulmonary Fitness Level,Not Specified
1538,Diagnostic Test,Covid-19 Antibody testing (IgG and IgM),Not Specified
1539,Drug,Standard of care,Not Specified
1539,Drug,Apremilast,Not Specified
1539,Drug,Apremilast placebo,Not Specified
1539,Drug,Lanadelumab,Not Specified
1539,Drug,Lanadelumab placebo,Not Specified
1539,Drug,Zilucoplan,Not Specified
1539,Drug,Zilucoplan placebo,Not Specified
1540,Diagnostic Test,Immunoglobulin G detection,Not Specified
1541,Other,No intervention,Not Specified
1543,Drug,Yu-Ping-Feng formula,Not Specified
1543,Drug,Xiang-Sha-Liu-Jun formula,Not Specified
1543,Drug,Liu-Wei-Di-Huang formula,Not Specified
1543,Drug,"Placebo for ""Deficiency of Qi and Yang""",Not Specified
1543,Drug,"Placebo for ""Deficiency of Qi and Yin""",Not Specified
1544,Drug,"Alpha-interferon alpha, abidol, ribavirin, Buzhong Yiqi plus and minus formula, Huhuang Detoxicity Paste, Baimu Qingre Jiedu Paste, fumigation/inhalation of vitamin C",Not Specified
1544,Drug,"Alpha-interferon, abidol, ribavirin, Buzhong Yiqi plus and minus formula, Huhuang Detoxicity Paste, Baimu Qingre Jiedu Paste and 5% glucose",Not Specified
1544,Drug,"Alpha-interferon, abidol, ribavirin, Buzhong Yiqi plus and minus formula, Huhuang Detoxicity Paste, Baimu Qingre Jiedu Paste and high-dose vitamin C treatment",Not Specified
1545,Diagnostic Test,Serological test,Not Specified
1545,Diagnostic Test,Nasopharyngeal Swab,Not Specified
1545,Diagnostic Test,Oropharyngeal Swab,Not Specified
1546,Drug,Camostat Mesilate,Not Specified
1546,Other,Placebo,Not Specified
1549,Drug,Betadine© bucal 100 mg/ml,Not Specified
1549,Drug,Oximen® 3%,Not Specified
1549,Drug,Clorhexidine Dental PHB©,Not Specified
1549,Drug,Vitis Xtra Forte©,Not Specified
1549,Drug,Distilled Water,Not Specified
1550,Drug,Methylprednisolone Injectable Product,Not Specified
1551,Other,Invasive mechanical ventilation,Not Specified
1553,Drug,Camostat Mesilate,Not Specified
1553,Drug,Placebo,Not Specified
1553,Other,Standard of Care Treatment,Not Specified
1555,Other,thoracic lung ultrasound,Not Specified
1556,Diagnostic Test,"Test At Home's Proprietary ""Lollipop"" Buccal Cavity Swab",Not Specified
1559,Procedure,AN69-Oxiris,Not Specified
1559,Procedure,AN69-Standard,Not Specified
1560,Diagnostic Test,Optical coherence tomography angiography,Not Specified
1561,Other,COVID-19 e-package: Psychological wellbeing for healthcare workers,Not Specified
1562,Drug,Antithrombin III,Not Specified
1564,Diagnostic Test,molecular testing for virus RNA using RT-PCR,Not Specified
1565,Behavioral,Crisis management coaching,Not Specified
1566,Drug,Sofosbuvir and Ledipasvir,Not Specified
1566,Drug,Nitazoxanide,Not Specified
1567,Diagnostic Test,Passive Microwave Radiometry,Not Specified
1568,Device,Seraph®-100 Microbind® Affinity Blood Filter,Not Specified
1569,Other,survey,Not Specified
1570,Diagnostic Test,COVID Detect,Not Specified
1571,Diagnostic Test,NO intervention planned due to the observational study design only a diagnostic testing,Not Specified
1573,Other,Blood sample,Not Specified
1574,Drug,Losartan,Not Specified
1575,Other,Saline Nasal Irrigation,Not Specified
1575,Other,Saline with Baby Shampoo Nasal Irrigation,Not Specified
1576,Biological,Convalescent plasma,Not Specified
1576,Biological,Placebo,Not Specified
1577,Diagnostic Test,Biological Sample Collection,Not Specified
1578,Other,- Synthetic anti-malarial drugs,Not Specified
1580,Biological,vaccine BCG,Not Specified
1580,Other,Placebo,Not Specified
1581,Diagnostic Test,"COVID-19 IgG / IgM rapid test (whole blood, serum, plasma)",Not Specified
1582,Other,Liver injury,Not Specified
1583,Drug,Hydroxychloroquine,Not Specified
1583,Drug,Azithromycin,Not Specified
1586,Other,Patients recovering from COVID19 receive usual care by allied health professionals,Not Specified
1587,Diagnostic Test,Swallowing evaluation with the EAT-10 and the volume-viscosity swallowing test (V-VST),Not Specified
1588,Diagnostic Test,Transpulmonary pressure measurements,Not Specified
1589,Other,During COVID-19 Pandemic,Not Specified
1589,Other,After COVID-19 Pandemic,Not Specified
1590,Drug,Remdesivir,Not Specified
1590,Drug,Baricitinib,Not Specified
1590,Drug,Tocilizumab,Not Specified
1591,Drug,Omega 3/Nigella Sativa Oil,Not Specified
1591,Drug,Omega 3/Nigella Sativa Oil/Indian Costus,Not Specified
1591,Drug,Omega 3/Nigella Sativa Oil/Quinine pills,Not Specified
1591,Drug,Omega 3/Nigella Sativa Oil/Anise seed capsule,Not Specified
1591,Drug,Omega 3/Nigella Sativa Oil/Deglycyrrhizinated Licorice,Not Specified
1591,Drug,Active Comparator,Not Specified
1592,Drug,LY3819253,Not Specified
1592,Drug,LY3832479,Not Specified
1592,Drug,Placebo,Not Specified
1592,Drug,VIR-7831,Not Specified
1593,Drug,EG-HPCP-03a,Not Specified
1593,Drug,EG-HPCP-03a Placebo,Not Specified
1593,Drug,Standard of Care,Not Specified
1593,Drug,Dexamethasone,Not Specified
1596,Other,prone position,Not Specified
1597,Drug,Cenicriviroc (CVC),Not Specified
1597,Drug,Placebo,Not Specified
1598,Biological,Recombinant two-component COVID-19 vaccine (CHO cell),Not Specified
1598,Other,Placebo,Not Specified
1599,Diagnostic Test,"SARS-CoV-2 research in nasopharyngeal swab, sperm and serologics",Not Specified
1600,Other,mobile internet survey on self-test,Not Specified
1601,Drug,Sofosbuvir,Not Specified
1601,Drug,Daclatasvir,Not Specified
1602,Diagnostic Test,Plasma IgG levels,Not Specified
1604,Drug,DWJ1248,Not Specified
1604,Drug,Placebo,Not Specified
1605,Biological,CAP-1002,Not Specified
1605,Biological,Placebo,Not Specified
1606,Device,Continuous Positive Airway Pressure,Not Specified
1607,Other,Adipose tissue,Not Specified
1608,Other,Data Collection,Not Specified
1609,Drug,SOC + Intravenous Famotidine,Not Specified
1609,Drug,SOC + Placebo,Not Specified
1610,Drug,Bromhexine Hydrochloride,Not Specified
1611,Other,ivermectin impregnated mask,Not Specified
1613,Other,Hyperbaric Oxygen Therapy,Not Specified
1614,Drug,Melatonin,Not Specified
1614,Drug,Placebo,Not Specified
1615,Other,retrospective analysis,Not Specified
1616,Drug,Xuanfei Baidu Granules,Not Specified
1616,Other,Placebo,Not Specified
1617,Drug,Enoxaparin,Not Specified
1617,Drug,Apixaban,Not Specified
1618,Drug,AT-527,Not Specified
1618,Drug,Placebo,Not Specified
1619,Drug,Dutasteride 0.5 mg,Not Specified
1619,Drug,Azithromycin,Not Specified
1619,Drug,Nitazoxanide,Not Specified
1619,Drug,Placebo,Not Specified
1621,Dietary Supplement,Vitamin D supplementation in pregnant women,Not Specified
1622,Biological,blood sampling,Not Specified
1624,Drug,Tocilizumab,Not Specified
1625,Diagnostic Test,Roth´s Test,Not Specified
1626,Behavioral,"Knowledge, Attitude, Practice, Awareness, Preference",Not Specified
1627,Biological,Ad26.COV2.S,Not Specified
1627,Other,Placebo,Not Specified
1628,Drug,OT-101,Not Specified
1628,Drug,Artemisinin,Not Specified
1628,Drug,Placebo,Not Specified
1629,Behavioral,Semi-directive interview,Not Specified
1629,Behavioral,Questionnaire : Preparedness for Caregiving Scale,Not Specified
1630,Drug,Convalescent Plasma Transfusion,Not Specified
1630,Drug,Hydroxychloroquine,Not Specified
1630,Drug,DAS181,Not Specified
1630,Drug,Ivermectin,Not Specified
1630,Drug,Interferon Beta-1A,Not Specified
1632,Other,COVID positive via testing,Not Specified
1633,Drug,Enoxaparin sodium,Not Specified
1633,Drug,Unfractionated heparin,Not Specified
1633,Drug,Fondapariniux,Not Specified
1633,Drug,Argatroban,Not Specified
1634,Other,File inquiry,Not Specified
1635,Drug,Ivermectin 6 Mg Oral Tablet,Not Specified
1636,Dietary Supplement,Vitamin D,Not Specified
1636,Dietary Supplement,Omega DHA / EPA,Not Specified
1636,Dietary Supplement,"Vitamin C, Vitamin B complex and Zinc Acetate",Not Specified
1637,Drug,prophylactic lactoferrin daily,Not Specified
1638,Biological,Lilly Bamlanivimab,Not Specified
1638,Biological,Regeneron Casirivimab + Imdevimab,Not Specified
1638,Biological,Lilly Bamlanivimab + Etesevimab,Not Specified
1639,Drug,"Tinzaparin, Low dose prophylactic anticoagulation",Not Specified
1639,Drug,"Tinzaparin, High dose prophylactic anticoagulation",Not Specified
1639,Drug,"Tinzaparin,Therapeutic anticoagulation",Not Specified
1640,Drug,Favipiravir,Not Specified
1640,Drug,Standard of care,Not Specified
1641,Device,Control swab,Not Specified
1641,Device,Prototype swab,Not Specified
1642,Other,No intervention. Method study. Psychometric testing,Not Specified
1643,Drug,Hydroxychloroquine + Metabolic cofactor supplementation,Not Specified
1643,Drug,Hydroxychloroquine + Sorbitol,Not Specified
1644,Behavioral,CoVax Facts,Not Specified
1646,Other,observation,Not Specified
1647,Diagnostic Test,Multicapillary column coupled ion mobility spectrometry,Not Specified
1648,Device,Clinical decision support system based on non-invasive multimodal monitoring,Not Specified
1649,Other,Questionnaire,Not Specified
1650,Biological,blood sample,Not Specified
1651,Drug,Losmapimod oral tablet,Not Specified
1651,Drug,Placebo oral tablet,Not Specified
1653,Diagnostic Test,Fungal rhinosinusitis,Not Specified
1654,Drug,Chloroquine phosphate,Not Specified
1655,Diagnostic Test,IgM and IgG diagnostic kits to SARS-CoV-2,Not Specified
1655,Diagnostic Test,Elisa-test for IgM and IgG to SARS-CoV-2,Not Specified
1656,Dietary Supplement,Investigational Product - ViraCide,Not Specified
1656,Other,Placebo - Starch Powder Soft gels,Not Specified
1657,Drug,Hydroxychloroquine Sulfate,Not Specified
1657,Drug,Ascorbic Acid,Not Specified
1658,Other,mHealth Assessments,Not Specified
1659,Other,The Effects of Covid 19 Pandemic on the Cardiovascular Heath of Children With Autism Spectrum Disorder,Not Specified
1660,Drug,Ivermectin,Not Specified
1661,Drug,Rivaroxaban 10 mg,Not Specified
1662,Drug,Cytotoxic T Lymphocytes,Not Specified
1663,Diagnostic Test,duplex sonography,Not Specified
1664,Drug,Hydroxychloroquine,Not Specified
1664,Drug,Placebo,Not Specified
1665,Drug,Icosapent ethyl (IPE),Not Specified
1665,Drug,Placebo,Not Specified
1666,Behavioral,Online Social Network and Collective Intelligence Intervention,Not Specified
1666,Behavioral,Independent Control,Not Specified
1667,Diagnostic Test,Flow cytometric analysis,Not Specified
1668,Biological,BACMUNE (MV130),Not Specified
1668,Other,Placebo,Not Specified
1669,Drug,Canakinumab 150 MG/ML [Ilaris],Not Specified
1670,Drug,Angiotensin-Converting Enzyme Inhibitors (ACE-I) and Angiotensin II Receptor Blockers (ARB),Not Specified
1671,Procedure,Endoscopic procedure,Not Specified
1672,Drug,Melatonin,Not Specified
1672,Drug,The usual treatment,Not Specified
1673,Other,Questionnaire,Not Specified
1676,Drug,Brequinar,Not Specified
1676,Other,Standard of Care,Not Specified
1677,Biological,allogeneic human dental pulp stem cells (BSH BTC & Utooth BTC),Not Specified
1677,Other,Intravenous saline injection (Placebo),Not Specified
1678,Drug,Remdesivir (RDV),Not Specified
1678,Drug,Placebo,Not Specified
1679,Behavioral,decisions of limitations and stop processing,Not Specified
1681,Biological,"Two doses of middle-dose recombinant SARS-CoV-2 vaccine (CHO Cell) at the schedule of day 0, 14",Not Specified
1681,Biological,"Three doses of middle-dose recombinant SARS-CoV-2 vaccine (CHO Cell) at the schedule of day 0, 14, 28",Not Specified
1681,Biological,"Two doses of high-dose recombinant SARS-CoV-2 vaccine (CHO Cell) at the schedule of day 0, 14",Not Specified
1681,Biological,"Three doses of high-dose recombinant SARS-CoV-2 vaccine (CHO Cell) at the schedule of day 0, 14, 28",Not Specified
1681,Biological,"Two doses of placebo at the schedule of day 0, 14 #middle-dose group#",Not Specified
1681,Biological,"Three doses of placebo at the schedule of day 0, 14, 28 #middle-dose group#",Not Specified
1681,Biological,"Two doses of placebo at the schedule of day 0, 14 #High-dose group#",Not Specified
1681,Biological,"Three doses of placebo at the schedule of day 0, 14, 28 #High-dose group#",Not Specified
1682,Drug,Hydrocortisone,Not Specified
1682,Drug,Sodium Chloride 9mg/mL,Not Specified
1683,Biological,multipeptide cocktail,Not Specified
1684,Drug,Hydroxychloroquine,Not Specified
1684,Dietary Supplement,Vitamin D,Not Specified
1686,Biological,CSL760,Not Specified
1687,Other,Prospective Chart Review,Not Specified
1688,Drug,Unfractionated Heparin IV,Not Specified
1688,Drug,Enoxaparin 1 mg/kg,Not Specified
1688,Drug,Clopidogrel,Not Specified
1688,Drug,Unfractionated heparin SC,Not Specified
1688,Drug,Enoxaparin 40 Mg/0.4 mL Injectable Solution,Not Specified
1689,Drug,Traditional Chinese Medicine Prescription,Not Specified
1690,Drug,Dipyridamole ER 200mg/ Aspirin 25mg orally/enterally AND Standard of care,Not Specified
1690,Other,Standard of care,Not Specified
1692,Drug,Chloroquine phosphate,Not Specified
1693,Diagnostic Test,"Xiamen Wiz Biotech Co., Ltd. SARS-CoV-2 Antigen Rapid Test",Not Specified
1694,Diagnostic Test,MRI,Not Specified
1694,Diagnostic Test,Neuropsychological assessment,Not Specified
1694,Diagnostic Test,Questionnaires Patient,Not Specified
1694,Diagnostic Test,Questionnaires Family,Not Specified
1695,Biological,hAd5-S-Fusion+N-ETSD vaccine,Not Specified
1696,Drug,Lactoferrin,Not Specified
1697,Device,CytoSorb-Therapy,Not Specified
1700,Drug,Atovaquone/Azithromycin,Not Specified
1701,Diagnostic Test,Blood sample,Not Specified
1703,Biological,Convalescent plasma,Not Specified
1705,Diagnostic Test,Whole Exome Sequencing,Not Specified
1706,Other,COVID-19 infection,Not Specified
1707,Drug,RBT-9 (90 mg),Not Specified
1707,Drug,0.9% sodium chloride (normal saline),Not Specified
1708,Drug,Tocilizumab,Not Specified
1709,Drug,Convalescent Plasma Transfusion,Not Specified
1709,Other,Supportive Care,Not Specified
1709,Drug,Random Donor Plasma,Not Specified
1710,Procedure,Questionnaire,Not Specified
1710,Other,Data collection up to 1 year,Not Specified
1711,Drug,Angiotensin-(1-7),Not Specified
1711,Drug,Placebo,Not Specified
1712,Other,Kaplan Meier analysis,Not Specified
1713,Biological,"Two doses of inactivated SARS-CoV-2 vaccine at the schedule of day 0,28 and one dose Quadrivalent Influenza Vaccine on day 0 or day 28.",Not Specified
1713,Biological,"Two doses of inactivated SARS-CoV-2 vaccine at the schedule of day 0,28 and one dose Quadrivalent Influenza Vaccine on day 14.",Not Specified
1714,Diagnostic Test,Non-invasive cardiac imaging,Not Specified
1715,Drug,ensovibep,Not Specified
1716,Other,NOT APPLICABLE (NA),Not Specified
1718,Other,Chelsea Critical Care Physical Assessment Tool,Not Specified
1720,Other,anti-SARS-CoV-2 antibody testing,Not Specified
1721,Biological,Biological test,Not Specified
1722,Other,further processing of health data,Not Specified
1723,Drug,Quercetin,Not Specified
1723,Dietary Supplement,bromelain,Not Specified
1723,Drug,Zinc,Not Specified
1723,Drug,Vitamin C,Not Specified
1724,Biological,hAd5-S-Fusion+N-ETSD vaccine,Not Specified
1727,Other,Observational,Not Specified
1728,Other,Cardiopulmonary resuscitation,Not Specified
1728,Other,Modified Rankin score,Not Specified
1729,Drug,Hidroxicloroquina,Not Specified
1729,Drug,Control group,Not Specified
1730,Combination Product,Aerosolized 13 cis retinoic acid plus Inhalation Inhaled testosterone,Not Specified
1730,Drug,The standard therapy,Not Specified
1731,Behavioral,Collection of odour samples,Not Specified
1732,Other,Surgical facial mask,Not Specified
1735,Other,ARDS and COVID19 treatments,Not Specified
1736,Device,Helmet non-invasive ventilation,Not Specified
1737,Drug,Nitazoxanide,Not Specified
1737,Drug,Placebo,Not Specified
1738,Behavioral,Maslach Burnout Inventory (MBI),Not Specified
1739,Diagnostic Test,Audio-Vestibular evaluation,Not Specified
1740,Drug,Duvelisib,Not Specified
1740,Procedure,Peripheral blood draw,Not Specified
1740,Drug,Placebo,Not Specified
1741,Other,Mindfulness based intervention,Not Specified
1742,Drug,OCTAPLAS,Not Specified
1743,Drug,intranasal ivermectin spray,Not Specified
1744,Drug,Hydroxychloroquine Sulfate 400 mg twice a day,Not Specified
1744,Drug,Hydroxychloroquine Sulfate 600 mg twice a day,Not Specified
1744,Drug,Hydroxychloroquine Sulfate 600 mg once a day,Not Specified
1744,Drug,Placebo oral tablet,Not Specified
1745,Diagnostic Test,SARS-CoV-2 S1/S2 IgG,Not Specified
1746,Drug,Cyclosporine,Not Specified
1746,Drug,Standard treatment,Not Specified
1748,Other,Survey,Not Specified
1749,Drug,Colchicine,Not Specified
1749,Drug,Placebo,Not Specified
1752,Other,Vitamin D,Not Specified
1753,Other,No intervention (only interview),Not Specified
1754,Biological,AZD1222,Not Specified
1755,Other,2 post-mortem transcutaneous lung biopsies (1 anterior ; 1 posterior) using anatomical landmarks,Not Specified
1756,Radiation,Single fraction whole lung radiotherapy,Not Specified
1759,Drug,Antithrombin + best available treatment,Not Specified
1759,Drug,Best available treatment,Not Specified
1760,Drug,Sarilumab,Not Specified
1760,Drug,Placebo,Not Specified
1761,Drug,Favipiravir,Not Specified
1761,Drug,Placebo,Not Specified
1761,Drug,Remdesivir,Not Specified
1762,Drug,Ivermectin + Doxycycline,Not Specified
1762,Drug,Hydroxychloroquine + Azithromycin,Not Specified
1764,Drug,NT-I7,Not Specified
1764,Drug,Placebo,Not Specified
1764,Procedure,Blood for research purposes,Not Specified
1764,Procedure,Blood for pharmacokinetic samples,Not Specified
1764,Procedure,"Nasopharyngeal, oropharyngeal, or saliva swab",Not Specified
1764,Procedure,Blood for anti-drug antibody (ADA),Not Specified
1765,Drug,Dapagliflozin 10 MG,Not Specified
1765,Drug,Placebo,Not Specified
1766,Drug,Fluoxetine,Not Specified
1767,Drug,RDV,Not Specified
1767,Drug,Placebo to Match RDV,Not Specified
1768,Diagnostic Test,semen analysis,Not Specified
1769,Drug,Montelukast,Not Specified
1769,Drug,Hydroxychloroquine,Not Specified
1769,Drug,Ivermectin,Not Specified
1770,Biological,RPH-104 80 mg,Not Specified
1770,Drug,Olokizumab 64 mg,Not Specified
1770,Drug,Placebo,Not Specified
1771,Diagnostic Test,COVIDSeq Test,Not Specified
1772,Drug,Infliximab,Not Specified
1773,Behavioral,morning Yoga-based breathing support,Not Specified
1773,Behavioral,pre_lunch Yoga-based breathing support,Not Specified
1773,Behavioral,pre_dinner Yoga-based breathing support,Not Specified
1774,Drug,Aspirin 75mg,Not Specified
1774,Drug,Clopidogrel 75mg,Not Specified
1774,Drug,Rivaroxaban 2.5 MG,Not Specified
1774,Drug,Atorvastatin 40mg,Not Specified
1774,Drug,Omeprazole 20mg,Not Specified
1775,Drug,Hydroxychloroquine Pre-Exposure Prophylaxis,Not Specified
1775,Drug,Placebo oral tablet,Not Specified
1776,Other,Patient sampling,Not Specified
1777,Drug,IMU-838,Not Specified
1777,Drug,Oseltamivir,Not Specified
1778,Device,Electric pad for human external pain therapy,Not Specified
1779,Other,Questionnary,Not Specified
1780,Drug,STI-5656,Not Specified
1780,Drug,Placebo,Not Specified
1782,Drug,Enoxaparin,Not Specified
1783,Other,global survey,Not Specified
1784,Drug,FOY-305,Not Specified
1784,Drug,Placebo,Not Specified
1785,Drug,AT-001,Not Specified
1786,Combination Product,Azithromycin with amoxicillin/clavulanate,Not Specified
1786,Drug,amoxicillin/clavulanate,Not Specified
1787,Drug,hydroxychloroquine sulfate 200 MG,Not Specified
1787,Drug,Placebo oral tablet,Not Specified
1789,Diagnostic Test,Rapid Diagnostic Test vs PCR,Not Specified
1792,Other,demographic and clinical data obtained from hospital's electronic medical record.,Not Specified
1794,Other,Steroid Taper (Prednisone),Not Specified
1795,Device,Device used to record voice for screening,Not Specified
1796,Other,physiological effects of awake prone position in COVID 19 patients,Not Specified
1797,Other,blood test,Not Specified
1798,Procedure,Elective Cancer Surgery,Not Specified
1799,Drug,Hesperidin,Not Specified
1799,Drug,Placebo,Not Specified
1800,Dietary Supplement,L. reuteri DSM 17938 + vitamin D,Not Specified
1800,Dietary Supplement,Placebo + vitamin D,Not Specified
1801,Drug,Favipiravir,Not Specified
1801,Drug,Placebo,Not Specified
1801,Other,Standard of care treatment,Not Specified
1802,Procedure,laparoscopic appendectomy,Not Specified
1803,Diagnostic Test,chest x-ray,Not Specified
1804,Other,Exposure to the Dutch measures due to the Covid-19 pandemic.,Not Specified
1805,Other,Hospitalized Patients for COVID-19 Infection,Not Specified
1806,Biological,Serology SARS-CoV2,Not Specified
1806,Behavioral,Data collection,Not Specified
1807,Drug,Imatinib Mesylate intravenous solution,Not Specified
1807,Drug,Placebo,Not Specified
1808,Drug,Honey,Not Specified
1808,Drug,Nigella Sativa / Black Cumin,Not Specified
1808,Drug,Placebos,Not Specified
1809,Biological,COVID-HIGIV,Not Specified
1809,Other,Placebo (saline),Not Specified
1810,Other,The study does not required,Not Specified
1811,Drug,Imatinib Mesylate,Not Specified
1811,Drug,Standard of Care,Not Specified
1812,Diagnostic Test,Nasopharyngeal swab,Not Specified
1812,Diagnostic Test,Serum testing,Not Specified
1813,Biological,Blood collection on admission and longitudinally,Not Specified
1813,Biological,Blood collection on their first consultation and 10 to 14 days later,Not Specified
1814,Drug,Favipiravir,Not Specified
1814,Other,Placebo,Not Specified
1815,Drug,Maraviroc + Currently used therapy,Not Specified
1815,Procedure,Curently used therapy for COVID-19 non-critical patients,Not Specified
1815,Drug,Favipiravir + Currently used therapy,Not Specified
1815,Drug,Maraviroc+Favipiravir+CT,Not Specified
1816,Behavioral,Participate in a massive musical event,Not Specified
1819,Device,Seraph 100,Not Specified
1820,Diagnostic Test,Nasopharyngeal swab,Not Specified
1821,Diagnostic Test,SARS-CoV 2 RNA PCR Urine,Not Specified
1821,Diagnostic Test,SARS-CoV 2 RNA PCR Semen,Not Specified
1821,Diagnostic Test,Semen Qualitative Analysis,Not Specified
1821,Diagnostic Test,IIEF-5 questionnaire,Not Specified
1821,Diagnostic Test,Male Sexual Health Questionnaire (MSHQ),Not Specified
1821,Diagnostic Test,IPSS questionnaire,Not Specified
1821,Diagnostic Test,SECRET questionnaire,Not Specified
1821,Diagnostic Test,Interleukin assessment in semen,Not Specified
1822,Diagnostic Test,nasal pharyngeal (NP) swab samples,Not Specified
1822,Diagnostic Test,peripheral blood draw,Not Specified
1825,Diagnostic Test,AI model,Not Specified
1827,Drug,Hydroxychloroquine,Not Specified
1827,Drug,Placebo,Not Specified
1830,Diagnostic Test,Identification by PCR of the SARS-COV-2 virus in samples taken from the fetus,Not Specified
1831,Combination Product,"Jinhua Qinggan (JHQG) Granules, Traditional Chinese Medicine",Not Specified
1831,Other,Placebo Comparator,Not Specified
1832,Other,Observation only,Not Specified
1834,Drug,Ivermectin,Not Specified
1835,Drug,anti-SARS-CoV-2 IgY,Not Specified
1835,Drug,Placebo,Not Specified
1836,Other,Blood sampling,Not Specified
1837,Other,web based survey,Not Specified
1838,Diagnostic Test,Flavor test,Not Specified
1838,Other,Self-assesment questionnaire,Not Specified
1839,Drug,Hydroxychloroquine,Not Specified
1839,Drug,Lopinavir / Ritonavir,Not Specified
1839,Drug,Interferon Beta-1A,Not Specified
1839,Drug,Interferon Beta-1B,Not Specified
1840,Drug,Tofacitinib,Not Specified
1840,Other,Placebo,Not Specified
1841,Drug,SNG001,Not Specified
1841,Drug,Placebo,Not Specified
1842,Device,DiaNose,Not Specified
1843,Device,POC CoviDx™ Rapid Antigen Test,Not Specified
1844,Other,Questionnaire,Not Specified
1845,Other,Observational study,Not Specified
1848,Drug,Chloroquine or hydroxychloroquine,Not Specified
1850,Other,Prospective oberservational registry,Not Specified
1851,Drug,BCG Vaccine,Not Specified
1851,Drug,0.9%NaCl,Not Specified
1852,Biological,BBV152,Not Specified
1852,Biological,Placebo,Not Specified
1853,Combination Product,Aerosolized All-Trans Retinoic acid plus oral Tamoxifen,Not Specified
1853,Other,Standard treatment,Not Specified
1854,Biological,BNT162b2,Not Specified
1854,Biological,mRNA-1273,Not Specified
1854,Biological,AZD1222,Not Specified
1854,Biological,CoronaVac,Not Specified
1854,Biological,Sinopharm,Not Specified
1854,Biological,Gam-COVID-Vac,Not Specified
1854,Biological,JNJ-78436735,Not Specified
1854,Biological,CVnCoV,Not Specified
1854,Biological,NVX-CoV2373,Not Specified
1854,Biological,BBV152,Not Specified
1855,Other,biological samples collection,Not Specified
1856,Other,Project ECHO,Not Specified
1857,Drug,Acalabrutinib,Not Specified
1858,Drug,RTB101,Not Specified
1858,Drug,Placebo,Not Specified
1859,Drug,Povidone-Iodine 2%,Not Specified
1859,Drug,Povidone-Iodine 0.5%,Not Specified
1859,Drug,Isotonic saline 0.9%,Not Specified
1861,Drug,INO-4800,Not Specified
1861,Device,CELLECTRA® 2000,Not Specified
1861,Drug,Placebo,Not Specified
1862,Drug,Anakinra plus oSOC,Not Specified
1862,Drug,oSOC,Not Specified
1864,Other,online survey,Not Specified
1865,Drug,Resveratrol,Not Specified
1865,Drug,Placebo capsules,Not Specified
1866,Dietary Supplement,ADAPT-232 oral solution,Not Specified
1866,Other,Placebo oral solution,Not Specified
1867,Combination Product,MW33 injection,Not Specified
1867,Combination Product,MW33 injection placebo,Not Specified
1868,Other,Online survey,Not Specified
1869,Biological,Convalescent Plasma,Not Specified
1869,Biological,Saline,Not Specified
1870,Device,High flow nasal cannula HFNC,Not Specified
1871,Other,Data extraction from medical files,Not Specified
1872,Biological,Convalescent plasma,Not Specified
1873,Device,CPAP treatment,Not Specified
1875,Other,Observation to monitor patients for these infections,Not Specified
1876,Drug,Hydroxychloroquine Sulfate Tablets,Not Specified
1876,Drug,Ivermectin 3mg Tab,Not Specified
1876,Drug,Zinc,Not Specified
1876,Drug,Povidone-Iodine,Not Specified
1876,Dietary Supplement,Vitamin C,Not Specified
1877,Drug,FT516,Not Specified
1878,Procedure,Surgical procedures performed under general anesthesia,Not Specified
1879,Drug,Hydroxychloroquine as post exposure prophylaxis,Not Specified
1879,Other,Others(No intervention),Not Specified
1880,Drug,Vitamin C 500 MG Oral Tablet,Not Specified
1880,Drug,Tenofovir disoproxyl fumarate 300 MG Oral Tablet,Not Specified
1880,Drug,Tenofovir disoproxyl fumarate 300 MG plus emtricitabine 200 MG Oral Tablet,Not Specified
1881,Biological,KDS-1000,Not Specified
1881,Other,Placebo,Not Specified
1882,Drug,Povidone-Iodine Solution 1.25% w/w [0.125% available iodine] USP,Not Specified
1883,Diagnostic Test,Reverse transcription polymerase chain reaction,Not Specified
1884,Combination Product,Immunofree tablets and Reginmune capsule,Not Specified
1885,Drug,Levamisole,Not Specified
1885,Drug,Isoprinosine,Not Specified
1885,Drug,Levamisole and Isoprinosine,Not Specified
1886,Other,Cross sectional e-Survey on surgeons exposed to any educational intervention,Not Specified
1887,Biological,Convalescent Plasma of patients with COVID-19,Not Specified
1887,Other,placebo (hartmann plus albumine),Not Specified
1888,Drug,Interleukin-7,Not Specified
1888,Drug,Placebo,Not Specified
1889,Drug,Interleukin-7,Not Specified
1889,Drug,Placebos,Not Specified
1890,Drug,Baricitinib,Not Specified
1891,Drug,Ruxolitinib,Not Specified
1893,Diagnostic Test,"PCR, lung ultrasound",Not Specified
1894,Drug,hydroxychloroquine,Not Specified
1894,Drug,azithromycin,Not Specified
1894,Drug,hydroxychloroquine placebo,Not Specified
1895,Other,questionnaire,Not Specified
1896,Diagnostic Test,Determination of SARS-CoV2 presence in CNS,Not Specified
1897,Drug,Budesonide dry powder inhaler,Not Specified
1898,Procedure,blood sample for seroepidemiological investigation,Not Specified
1899,Drug,observational,Not Specified
1901,Drug,Brilacidin,Not Specified
1901,Drug,Placebo,Not Specified
1901,Drug,Standard of Care (SoC),Not Specified
1902,Diagnostic Test,Covid-19 positive,Not Specified
1903,Other,No intervention,Not Specified
1904,Drug,Fluoxetine,Not Specified
1904,Drug,Placebo,Not Specified
1905,Drug,Ulinastatin,Not Specified
1905,Drug,Placebo,Not Specified
1907,Drug,Hydroxychloroquine,Not Specified
1907,Other,Placebo,Not Specified
1909,Procedure,Emergency Laparotomy,Not Specified
1910,Drug,Pulmozyme,Not Specified
1911,Procedure,Cuff application with inflation,Not Specified
1911,Other,Sham inflation,Not Specified
1912,Behavioral,Prone position,Not Specified
1913,Drug,Tenofovir/ Emtricitabine ( 300 mg / 200 mg daily during 60 days) + Personal Protective Equipment (PPE),Not Specified
1913,Other,Placebo (1 tablet daily during 60 days) + Personal Protective Equipment (PPE),Not Specified
1914,Device,"IB10 sphingotest® bio-ADM® apparatus (Sphingotec GmbH, Hennigsdorf, Germany)",Not Specified
1915,Biological,Convalescent plasma,Not Specified
1916,Drug,Antroquinonol,Not Specified
1916,Drug,Placebo,Not Specified
1917,Drug,Treatment and prophylaxis,Not Specified
1917,Other,Standard Public Health measures,Not Specified
1918,Device,Vielight RX Plus,Not Specified
1919,Drug,Aerosolized 13 cis retinoic acid,Not Specified
1919,Drug,Aerosolized All trans retinoic acid,Not Specified
1919,Other,Placebo,Not Specified
1920,Biological,Bamlanivimab,Not Specified
1920,Other,Standard of Care,Not Specified
1921,Drug,Standard of Care (SOC) and Colchicine+Rosuvastatin,Not Specified
1922,Radiation,Low dose Radiotherapy,Not Specified
1923,Device,mouthrinse with bêta-cyclodextrin and citrox,Not Specified
1923,Device,mouthrinse without bêta-cyclodextrin and citrox,Not Specified
1924,Drug,Telmisartan,Not Specified
1925,Drug,Ruxolitinib,Not Specified
1926,Diagnostic Test,rapid salivary test,Not Specified
1928,Other,Essence oils,Not Specified
1929,Behavioral,"Coaching, Cleaning, Communication, Collaboration",Not Specified
1930,Drug,LMWH,Not Specified
1931,Drug,ACE inhibitor,Not Specified
1931,Drug,ARB,Not Specified
1932,Drug,Proxalutamide,Not Specified
1932,Drug,Standard of Care,Not Specified
1933,Drug,Hydroxychloroquine Sulfate,Not Specified
1933,Drug,Bromhexine 8 MG,Not Specified
1936,Drug,Colchicine plus symptomatic treatment (paracetamol),Not Specified
1936,Drug,Symptomatic treatment (paracetamol or best symptomatic treatment based on doctor recommendations),Not Specified
1937,Diagnostic Test,STC-19 score,Not Specified
1938,Other,ORAL INTERVENTION WITH CETYLPYRIDINIUM CHLORIDE,Not Specified
1938,Other,PLACEBO,Not Specified
1939,Biological,BCG,Not Specified
1939,Biological,Placebo,Not Specified
1941,Drug,CYT107,Not Specified
1941,Drug,Placebo,Not Specified
1942,Biological,DelNS1-nCoV-RBD LAIV,Not Specified
1942,Biological,Matching placebo,Not Specified
1943,Drug,Hydroxychloroquine (HCQ),Not Specified
1945,Dietary Supplement,QuadraMune(TM),Not Specified
1946,Drug,CYT107,Not Specified
1946,Drug,Placebo,Not Specified
1947,Biological,COVI-AMG,Not Specified
1947,Drug,Placebo,Not Specified
1948,Diagnostic Test,COVID-19 serology IgG,Not Specified
1949,Procedure,Colorectal resections,Not Specified
1950,Drug,Hydroxychloroquine,Not Specified
1950,Drug,Placebo oral tablet,Not Specified
1951,Diagnostic Test,Lung biopsy,Not Specified
1952,Biological,two doses of BNT162b2 vaccine,Not Specified
1952,Biological,one dose of BNT162b2 vaccine,Not Specified
1953,Biological,Antibody testing,Not Specified
1954,Biological,QazCovid-in® - COVID-19 inactivated vaccine,Not Specified
1954,Other,Placebo,Not Specified
1955,Other,PSG,Not Specified
1958,Drug,Stabilized hypochlorous acid,Not Specified
1958,Drug,Placebo,Not Specified
1959,Other,"ıt will be compared pain, sleep, fatigue, physical activity level and quality of life and questioning exercise habits before and after the covid-19 outbreak in patients with Behçet and FMF.",Not Specified
1960,Biological,PrimePro,Not Specified
1960,Other,Placebo,Not Specified
1961,Drug,Deferoxamine,Not Specified
1962,Behavioral,Choices and judgements,Not Specified
1964,Drug,Nitazoxanide,Not Specified
1964,Drug,Placebo,Not Specified
1965,Other,KB109 + Self Supportive Care,Not Specified
1965,Other,Self Supportive Care (SSC) Alone,Not Specified
1966,Biological,Vaccinated with polio vaccine (IPV),Not Specified
1969,Drug,C21,Not Specified
1969,Drug,Placebo,Not Specified
1970,Biological,ChAdOx1 nCoV-19,Not Specified
1970,Biological,MenACWY,Not Specified
1970,Biological,ChAdOx1 nCoV-19 full boost,Not Specified
1970,Biological,ChAdOx1 nCoV-19 half boost,Not Specified
1970,Biological,MenACWY boost,Not Specified
1970,Drug,Paracetamol,Not Specified
1970,Biological,ChAdOx1 nCoV-19 0.5mL boost,Not Specified
1970,Biological,ChAdOx1 nCoV-19 0.5mL (3.5-6.5x10^10vp) late vaccine (LV),Not Specified
1970,Biological,ChAdOx1 nCoV-19 0.5mL (3.5-6.5x10^10vp) late vaccine two (LVT),Not Specified
1972,Diagnostic Test,Laboratory tests,Not Specified
1973,Drug,Resveratrol,Not Specified
1973,Dietary Supplement,Vitamin D3,Not Specified
1974,Diagnostic Test,nasopharyngeal swab,Not Specified
1977,Radiation,cardiac magnetic resonance,Not Specified
1979,Drug,Colchicine,Not Specified
1980,Other,Cardiac surgery,Not Specified
1981,Drug,Mesenchymal stem cells,Not Specified
1981,Other,Placebo,Not Specified
1982,Drug,Clarithromycin 500mg,Not Specified
1982,Drug,Azithromycin,Not Specified
1982,Drug,Placebo,Not Specified
1983,Drug,Bacille Calmette-Guérin (BCG),Not Specified
1983,Drug,Placebo,Not Specified
1984,Drug,S-1226,Not Specified
1985,Biological,Moderna COVID-19 vaccine,Not Specified
1986,Drug,Piclidenoson,Not Specified
1986,Drug,Placebo,Not Specified
1988,Drug,Nafamostat Mesilate,Not Specified
1989,Drug,Pulmozyme/ Recombinant human deoxyribonuclease (rh-DNase),Not Specified
1989,Drug,0.9%sodium chloride,Not Specified
1990,Drug,Nitric Oxide,Not Specified
1991,Drug,Hydroxychloroquine Sulfate Tablets,Not Specified
1991,Drug,Lopinavir/ Ritonavir Oral Tablet,Not Specified
1991,Drug,Hydroxychloroquine Sulfate Tablets plus Lopinavir/ Ritonavir Oral Tablets,Not Specified
1991,Drug,Placebo,Not Specified
1992,Biological,C144-LS and C-135-LS,Not Specified
1993,Drug,FSD201,Not Specified
1993,Drug,Placebo,Not Specified
1994,Drug,Nitazoxanide,Not Specified
1994,Drug,Placebo,Not Specified
1994,Dietary Supplement,Vitamin Super B-Complex,Not Specified
1997,Biological,BCG Vaccine,Not Specified
1997,Biological,Placebo Vaccine,Not Specified
2000,Diagnostic Test,Laboratory Samples,Not Specified
2001,Biological,BNT162b1,Not Specified
2001,Biological,BNT162b2,Not Specified
2001,Other,Placebo,Not Specified
2001,Biological,BNT162b2SA,Not Specified
2002,Drug,Janus Kinase Inhibitor (ruxolitinib),Not Specified
2002,Other,Placebo,Not Specified
2004,Drug,Ascorbic Acid,Not Specified
2004,Drug,Hydroxychloroquine Sulfate,Not Specified
2004,Drug,Azithromycin,Not Specified
2004,Drug,Folic Acid,Not Specified
2004,Drug,Lopinavir 200 MG / Ritonavir 50 MG [Kaletra],Not Specified
2005,Other,"Blood tests sputum, nasal lavage and brushing",Not Specified
2006,Biological,medium dosage inactivated SARS-CoV-2 vaccine,Not Specified
2006,Biological,high dosage inactivated SARS-CoV-2 vaccine,Not Specified
2006,Biological,Placebo,Not Specified
2007,Drug,Ivermectin 0.6mg/kg/day,Not Specified
2007,Drug,Ivermectin 1.0mg/kg/day,Not Specified
2007,Drug,Placebo,Not Specified
2007,Drug,Hydroxychloroquine,Not Specified
2010,Behavioral,Exercise training,Not Specified
2011,Other,Measurement of sublingual microcirculation,Not Specified
2011,Other,Plasma sampling,Not Specified
2012,Other,RECOP unit patient,Not Specified
2013,Drug,Nitazoxanide,Not Specified
2013,Drug,Placebo,Not Specified
2014,Biological,Mesenchymal stem cell,Not Specified
2015,Drug,Favipiravir,Not Specified
2015,Drug,Placebo,Not Specified
2017,Other,Investigation of the prevalence of test positivity,Not Specified
2019,Drug,Losartan 50 mg and Spironolactone 25 mg pillules oral use,Not Specified
2020,Diagnostic Test,Asynchronies detection,Not Specified
2021,Drug,N-acetylcysteine,Not Specified
2021,Other,Peripheral Blood,Not Specified
2022,Biological,VLA2001,Not Specified
2024,Biological,COVID-19 vaccine,Not Specified
2025,Drug,Nitazoxanide,Not Specified
2025,Drug,Placebo,Not Specified
2025,Dietary Supplement,Vitamin Super B-Complex,Not Specified
2026,Biological,Allogeneic NK transfer,Not Specified
2027,Drug,Hydroxychloroquine,Not Specified
2027,Dietary Supplement,Vitamin C,Not Specified
2027,Dietary Supplement,Vitamin D,Not Specified
2027,Dietary Supplement,Zinc,Not Specified
2028,Drug,Tocilizumab 180 MG/ML,Not Specified
2028,Drug,Methylprednisolone Sodium Succinate,Not Specified
2029,Device,Invasive mechanical ventilation using the Unisabana-Herons Ventilator during 24 hours,Not Specified
2030,Diagnostic Test,Immune response study,Not Specified
2031,Biological,Convalescent Plasma,Not Specified
2033,Biological,"Two doses of middle-dose recombinant SARS-CoV-2 vaccine (Sf9 Cell) at the schedule of day 0, 28",Not Specified
2033,Biological,"Two doses of high-dose recombinant SARS-CoV-2 vaccine (Sf9 Cell) at the schedule of day 0, 28",Not Specified
2033,Biological,"Three doses of high-dose recombinant SARS-CoV-2 vaccine (Sf9 Cell) at the schedule of day 0, 14, 28",Not Specified
2033,Biological,"Two doses of placebo at the schedule of day 0, 28（middle-dose group）",Not Specified
2033,Biological,"Two doses of placebo at the schedule of day 0, 28（high-dose group）",Not Specified
2033,Biological,"Three doses of placebo at the schedule of day 0, 14, 28（high-dose group）",Not Specified
2035,Dietary Supplement,MAF capsules 148 mg,Not Specified
2035,Dietary Supplement,M capsules 148 mg,Not Specified
2035,Other,Standard of care,Not Specified
2037,Behavioral,Trier Social Stress Test,Not Specified
2038,Diagnostic Test,Flow cytometry,Not Specified
2039,Biological,ERUCOV-VAC 3 µg/0.5 ml Vaccine,Not Specified
2039,Biological,ERUCOV-VAC 6 µg/0.5 ml Vaccine,Not Specified
2039,Other,Placebo,Not Specified
2040,Drug,INM005,Not Specified
2040,Drug,Placebo,Not Specified
2041,Diagnostic Test,Lung ultrasound,Not Specified
2042,Behavioral,Early rehabilitation,Not Specified
2042,Behavioral,Subacute rehabilitation,Not Specified
2042,Behavioral,Mindfulness training,Not Specified
2042,Behavioral,Personalized ambulatory training,Not Specified
2043,Other,"nCapp, a cell phone-based auto-diagnosis system",Not Specified
2044,Drug,GX-19,Not Specified
2044,Drug,Saline,Not Specified
2045,Device,Hyperbaric Oxygen Therapy (HBOT),Not Specified
2047,Dietary Supplement,Vitamin C,Not Specified
2047,Drug,Hydroxychloroquine,Not Specified
2047,Drug,Azithromycin,Not Specified
2047,Dietary Supplement,Zinc Citrate,Not Specified
2047,Dietary Supplement,Vitamin D3,Not Specified
2047,Dietary Supplement,Vitamin B12,Not Specified
2048,Diagnostic Test,anti-spike SARS-CoV-2 IgG,Not Specified
2049,Drug,Angiotensin Receptor Blockers,Not Specified
2049,Other,Placebo,Not Specified
2050,Other,retrospective analysis,Not Specified
2053,Drug,Fluvoxamine,Not Specified
2053,Drug,Placebo,Not Specified
2054,Behavioral,Behavioral economics,Not Specified
2055,Drug,Cannabidiol,Not Specified
2055,Other,PLACEBO,Not Specified
2056,Biological,GC5131,Not Specified
2056,Other,Placebo,Not Specified
2057,Other,Survey,Not Specified
2058,Other,Ayurveda,Not Specified
2059,Biological,"Garadacimab, Factor XIIa Antagonist Monoclonal Antibody",Not Specified
2059,Drug,Placebo,Not Specified
2060,Procedure,photobiomodulation and photodynamic therapy,Not Specified
2061,Drug,High dose Interferon-beta 1a,Not Specified
2061,Drug,Lopinavir/Ritonavir,Not Specified
2061,Drug,Low dose Interferon-beta 1a,Not Specified
2062,Biological,mRNA-1273,Not Specified
2062,Biological,mRNA-1273.351,Not Specified
2063,Drug,Sargramostim,Not Specified
2063,Other,Control,Not Specified
2064,Biological,Specific antibody and cellular immune response after anti-SARS-CoV-2 vaccine administration,Not Specified
2065,Device,Extracorporeal membrane oxygenation,Not Specified
2067,Other,Web-based REDCap survey,Not Specified
2068,Other,Survey,Not Specified
2069,Other,Prone positioning,Not Specified
2070,Other,Magnetic Resonance Spectroscopy (MRS).,Not Specified
2071,Drug,Apilimod Dimesylate Capsule,Not Specified
2071,Other,Placebo,Not Specified
2072,Behavioral,Sm-EMA,Not Specified
2073,Biological,intradermal injection of BCG Vaccine,Not Specified
2073,Other,placebo,Not Specified
2074,Biological,DS-5670a,Not Specified
2074,Biological,Placebo,Not Specified
2075,Behavioral,Intervention for COVID-19 preventive protocols,Not Specified
2076,Drug,Doxycycline Tablets,Not Specified
2076,Drug,Rivaroxaban 15Mg Tab,Not Specified
2076,Combination Product,Hydroxychloroquine and Azithromycin,Not Specified
2078,Dietary Supplement,Zinc Picolinate,Not Specified
2078,Dietary Supplement,Resveratrol,Not Specified
2078,Dietary Supplement,Zinc Picolinate Placebo,Not Specified
2078,Dietary Supplement,Resveratrol Placebo,Not Specified
2081,Other,No intervetion will be used,Not Specified
2082,Other,Specimens specific for the study,Not Specified
2083,Other,hyperimmune plasma,Not Specified
2084,Drug,aerosolized DNase,Not Specified
2084,Drug,NaCl,Not Specified
2085,Drug,GC4419,Not Specified
2085,Drug,Placebo,Not Specified
2087,Other,File Scanning,Not Specified
2088,Behavioral,Post-intensive Care unit syndrome,Not Specified
2089,Drug,Remdesivir,Not Specified
2090,Device,CytoSorb 300 mL device,Not Specified
2091,Drug,metenkefalin + tridecactide,Not Specified
2091,Drug,The standard of care,Not Specified
2092,Other,No intervention,Not Specified
2093,Diagnostic Test,Respiratory mechanics measurement,Not Specified
2093,Diagnostic Test,Gas exchange measurement,Not Specified
2094,Dietary Supplement,CBDRA60 supplement,Not Specified
2094,Dietary Supplement,Placebo,Not Specified
2095,Drug,Famotidine,Not Specified
2095,Drug,Placebo,Not Specified
2096,Drug,Baricitinib,Not Specified
2097,Diagnostic Test,Q16 testing,Not Specified
2097,Diagnostic Test,Nasopharyngeal swab and main laboratory,Not Specified
2098,Drug,Chemotherapy,Not Specified
2101,Drug,Hydroxychloroquine,Not Specified
2101,Drug,Placebo,Not Specified
2102,Diagnostic Test,Cardiopulmonary exercise test,Not Specified
2104,Drug,Inactivated convalescent plasma,Not Specified
2104,Drug,Support treatment,Not Specified
2105,Other,No Intervention,Not Specified
2107,Dietary Supplement,N-acetyl glucosamine (NAG),Not Specified
2109,Drug,"RESP301, a Nitric Oxide generating solution",Not Specified
2109,Other,Standard of Care,Not Specified
2112,Diagnostic Test,diagnostic,Not Specified
2113,Other,No Intervention,Not Specified
2114,Drug,unfractionated Heparin,Not Specified
2114,Drug,Unfractionated heparin nebulized,Not Specified
2114,Drug,acetylsalicylic acid,Not Specified
2114,Drug,Enoxaparin,Not Specified
2115,Drug,REGN10933+REGN10987 combination therapy,Not Specified
2115,Drug,Placebo,Not Specified
2116,Other,Aerobic Exercise Therapy,Not Specified
2118,Other,Standard of care (Paracetamol),Not Specified
2118,Drug,Artesunate-amodiaquine,Not Specified
2118,Drug,Pyronaridine-artesunate,Not Specified
2118,Drug,Favipiravir plus Nitazoxanide,Not Specified
2118,Drug,Sofosbuvir/daclatasvir,Not Specified
2119,Other,Rehabilitation-focused program,Not Specified
2120,Dietary Supplement,Licorice extract,Not Specified
2121,Biological,"NK cells,IL15-NK cells,NKG2D CAR-NK cells,ACE2 CAR-NK cells,NKG2D-ACE2 CAR-NK cells",Not Specified
2123,Other,State-trait anxiety inventory scale,Not Specified
2123,Other,Edinburgh Postnatal Depression Scale (EDPS),Not Specified
2124,Other,Data collection from lumbar puncture,Not Specified
2124,Other,Data collection from blood draw,Not Specified
2124,Other,CNS magnetic resonance imaging (MRI) imaging,Not Specified
2124,Other,Microscopy of defined brain regions on autopsy specimens,Not Specified
2126,Combination Product,Iota carrageenan nasal spray and Ivermectin oral drops (used as buccal drops),Not Specified
2127,Dietary Supplement,Cod liver oil,Not Specified
2127,Dietary Supplement,Corn oil (placebo),Not Specified
2130,Diagnostic Test,Chest Computed Tomography,Not Specified
2130,Diagnostic Test,Pulmonary Function Tests,Not Specified
2130,Other,Six Minutes Walk Test,Not Specified
2130,Other,Quality of Life,Not Specified
2132,Drug,Disease-modifying antirheumatic drugs (DMARDs),Not Specified
2133,Other,No intervention (Retrospective Cohort Observational),Not Specified
2134,Drug,Ivermectin Pill,Not Specified
2134,Drug,Placebo,Not Specified
2135,Drug,Favipiravir,Not Specified
2135,Drug,Placebo,Not Specified
2137,Drug,Lopinavir/Ritonavir 400 mg/100 mg,Not Specified
2137,Other,Placebo,Not Specified
2138,Biological,Natural Killer Cells infusion,Not Specified
2139,Diagnostic Test,Breath test,Not Specified
2140,Other,Echocardiography,Not Specified
2141,Other,SingStrong: Strong lungs through Song,Not Specified
2142,Drug,Tocilizumab,Not Specified
2143,Drug,Proxalutamide,Not Specified
2143,Other,Standard of Care,Not Specified
2144,Drug,Favipiravir (3200 mg + 1200 mg),Not Specified
2144,Drug,Favipiravir (3600 mg + 1600 mg),Not Specified
2144,Drug,Favipiravir (3200 mg + 1200 mg) combined with Hydroxychloroquine,Not Specified
2144,Drug,Favipiravir (3200 mg + 1200 mg) combined with Azithromycin,Not Specified
2144,Drug,Hydroxychloroquine,Not Specified
2144,Drug,Hydroxychloroquine combined with Azithromycin,Not Specified
2145,Biological,Convalescent plasma,Not Specified
2146,Other,hyperimmune plasma,Not Specified
2147,Biological,"IIBR-100, low dose (prime)",Not Specified
2147,Biological,IIBR-100 medium dose (prime),Not Specified
2147,Biological,IIBR-100 high-dose (prime),Not Specified
2147,Biological,IIBR-100 low-dose (prime-boost),Not Specified
2147,Other,Saline Placebo,Not Specified
2148,Other,stress and anxiety questionnaire,Not Specified
2149,Behavioral,self-administered structured questionnaire,Not Specified
2150,Drug,Cholecalciferol,Not Specified
2150,Other,Placebo,Not Specified
2153,Procedure,Biospecimen Collection,Not Specified
2153,Other,Diagnostic Laboratory Biomarker Analysis,Not Specified
2153,Other,Electronic Health Record Review,Not Specified
2153,Other,Questionnaire Administration,Not Specified
2154,Drug,Cerebrolysin,Not Specified
2155,Other,Chart review,Not Specified
2156,Drug,Degarelix,Not Specified
2156,Other,Saline,Not Specified
2157,Drug,Ivermectin Powder,Not Specified
2158,Combination Product,Aerosolized 13 cis retinoic acid plus Inhalation administration by nebulization captopril 25mg,Not Specified
2158,Drug,Drug: Standard treatment Standard treatment,Not Specified
2159,Drug,Hydroxychloroquine,Not Specified
2159,Drug,Placebo,Not Specified
2160,Other,"Analysis of cytokine response, innate and adaptive immune response, complement activation, and serum neurofilaments as a marker of neurological damage.",Not Specified
2161,Device,Performing of lung ultrasound,Not Specified
2162,Other,Brief Psychiatric Rating Scale,Not Specified
2162,Other,"Depression, Anxiety and Stress Scale",Not Specified
2162,Other,Impact of Event Scale-Revised,Not Specified
2162,Other,Connor-Davidson Resilience Scale 10 items (CD-RISC 10),Not Specified
2163,Device,gammaCore® (Vagus nerve stimulation),Not Specified
2165,Diagnostic Test,Biomarkers expression,Not Specified
2166,Drug,Oxytocin,Not Specified
2166,Drug,Standard of Care,Not Specified
2169,Other,TR,Not Specified
2169,Other,TSu,Not Specified
2170,Other,Other,Not Specified
2171,Drug,Normal Saline intranasal,Not Specified
2172,Drug,Drug Isotretinoin (13 cis retinoic acid ) capsules+standard treatment,Not Specified
2172,Drug,Isotretinoin(Aerosolized 13 cis retinoic acid) +standard treatment,Not Specified
2172,Drug,Isotretinoin (13 cis retinoic acid ) capsules,Not Specified
2172,Drug,Aerosolized 13 cis retinoic acid,Not Specified
2172,Drug,Standard treatment,Not Specified
2173,Drug,Lopinavir-Ritonavir,Not Specified
2173,Drug,Hydroxychloroquine,Not Specified
2174,Drug,Atazanavir,Not Specified
2174,Drug,Daclatasvir 60 mg,Not Specified
2174,Drug,Sofusbuvir + Daclastavir 60 mg,Not Specified
2174,Drug,Placebo Atazanavir,Not Specified
2174,Drug,Placebo Daclatasvir 60 mg,Not Specified
2174,Drug,Placebo Sofusbuvir + Daclatasvir 60 mg,Not Specified
2175,Diagnostic Test,Saliva and NPS test,Not Specified
2176,Drug,Hydroxychloroquine Sulfate,Not Specified
2176,Drug,Placebo,Not Specified
2177,Other,Saliva based assay: crude RNA extraction,Not Specified
2177,Other,Validation of the NGS method,Not Specified
2177,Other,Validation of the LAMP assays,Not Specified
2177,Other,Validation of the POCT Antigen and Antibody tests,Not Specified
2178,Other,Observational,Not Specified
2179,Drug,Tocilizumab,Not Specified
2179,Other,Standard of Care,Not Specified
2180,Other,Evaluation of the epidemiological characteristics of coronavirus infection (SARS-CoV-2),Not Specified
2181,Procedure,Pulmonary rehabilitation,Not Specified
2183,Drug,Aprepitant injectable emulsion,Not Specified
2183,Drug,Saline Placebo,Not Specified
2184,Drug,FP-025 100 mg,Not Specified
2184,Drug,FP-025 300 mg,Not Specified
2184,Drug,Placebo,Not Specified
2186,Biological,"Two doses of low dosage inactivated SARS-CoV-2 vaccine at the schedule of day 0,28",Not Specified
2186,Biological,"Two doses of medium dosage inactivated SARS-CoV-2 vaccine at the schedule of day 0,28",Not Specified
2186,Other,"Two doses of placebo at the schedule of day 0,28",Not Specified
2187,Device,COViage,Not Specified
2188,Other,Retrospective data collection,Not Specified
2189,Drug,T89 capsule,Not Specified
2190,Other,decision science-based design,Not Specified
2191,Other,SCH Intervention,Not Specified
2192,Drug,Alisporivir,Not Specified
2192,Other,Standard of care (SOC),Not Specified
2193,Biological,Ixekizumab,Not Specified
2193,Biological,Aldesleukin,Not Specified
2193,Drug,Colchicine,Not Specified
2193,Drug,Standard of care (SOC),Not Specified
2195,Combination Product,acupuncture and standard care,Not Specified
2195,Drug,standard care,Not Specified
2196,Drug,TCM prescriptions,Not Specified
2198,Other,Practice details,Not Specified
2199,Drug,Nitric Oxide Gas,Not Specified
2199,Other,Inhaled Supplemental Oxygen,Not Specified
2200,Drug,Placebo,Not Specified
2200,Drug,Ruxolitinib,Not Specified
2202,Drug,Dexamethasone high dose,Not Specified
2202,Drug,Dexamethasone low dose,Not Specified
2203,Other,Respiratory rehabilitation program (RR).,Not Specified
2203,Other,Respiratory tele-rehabilitation program (TRR).,Not Specified
2204,Diagnostic Test,Neurology test,Not Specified
2205,Drug,Clazakizumab,Not Specified
2206,Behavioral,Surgical Mask,Not Specified
2207,Other,No active intervention (observational only),Not Specified
2208,Other,Transplant patient,Not Specified
2209,Biological,Human Amniotic Fluid,Not Specified
2210,Drug,N-acetylcysteine,Not Specified
2212,Drug,Methylene Blue,Not Specified
2212,Drug,Control Test,Not Specified
2213,Other,Cost,Not Specified
2214,Behavioral,Acknowledgement Racial Injustice AMA,Not Specified
2214,Behavioral,African American Sender Acknowledgement,Not Specified
2214,Behavioral,African American Sender in Informational Videos.,Not Specified
2214,Behavioral,Racial Inequality Highlighted,Not Specified
2214,Behavioral,AMA Acknowledgement Drug Pricing,Not Specified
2214,Behavioral,White Sender in Acknowledgement,Not Specified
2214,Behavioral,White Sender in Informational Videos,Not Specified
2214,Behavioral,No Racial Inequality Highlighting,Not Specified
2214,Behavioral,Placebo videos,Not Specified
2216,Device,Virtual Reality,Not Specified
2217,Behavioral,Physical therapy that include a standardized cycling training with functional electrical stimulation,Not Specified
2217,Behavioral,Physical therapy that include a standardized cycling training with no additional functional electrical stimulation,Not Specified
2218,Drug,Amiodarone,Not Specified
2218,Drug,Verapamil,Not Specified
2220,Drug,Huaier Granule,Not Specified
2222,Drug,Sildenafil,Not Specified
2222,Drug,Placebo,Not Specified
2223,Drug,20 Mg Prednisone for 14 days,Not Specified
2223,Drug,control,Not Specified
2224,Other,Biological sample and clinical data collection,Not Specified
2225,Other,survey,Not Specified
2226,Drug,Heparin sodium,Not Specified
2226,Drug,Enoxaparin,Not Specified
2227,Drug,dapansutrile capsules,Not Specified
2227,Drug,placebo capsules,Not Specified
2228,Other,Survey,Not Specified
2228,Diagnostic Test,SARS-CoV-2 antibody test,Not Specified
2229,Other,Rehabilitation protocol through a digital platform,Not Specified
2230,Drug,Atorvastatin + L-arginine + Folic acid + Nicorandil + Nebivolol,Not Specified
2230,Drug,Placebo,Not Specified
2232,Drug,Bivalirudin Injection,Not Specified
2232,Drug,Standard treatment,Not Specified
2233,Drug,Fisetin,Not Specified
2234,Drug,Vitamin C,Not Specified
2234,Drug,Control,Not Specified
2235,Drug,Sofosbuvir plus Ledipasvir,Not Specified
2236,Drug,Enisamium Iodide,Not Specified
2236,Drug,Placebo,Not Specified
2237,Procedure,Blood sampling,Not Specified
2237,Procedure,Throat swab,Not Specified
2240,Other,questionnaire,Not Specified
2241,Drug,Ivermectin,Not Specified
2241,Drug,Placebo,Not Specified
2243,Drug,FX06,Not Specified
2243,Drug,Placebo of FX06,Not Specified
2244,Drug,Azithromycin Capsule,Not Specified
2245,Diagnostic Test,PCR,Not Specified
2246,Drug,Plitidepsin 1.5 mg/day,Not Specified
2246,Drug,Plitidepsin 2.0 mg/day,Not Specified
2246,Drug,Plitidepsin 2.5 mg/day,Not Specified
2247,Other,Standard Physiotherapy program,Not Specified
2247,Other,Telerehabilitation,Not Specified
2248,Diagnostic Test,Lung ultrasound,Not Specified
2249,Drug,Tocilizumab,Not Specified
2249,Drug,Placebos,Not Specified
2251,Drug,Baricitinib (janus kinase inhibitor),Not Specified
2252,Other,Questionnaires,Not Specified
2253,Biological,Convalescent plasma,Not Specified
2254,Biological,bacTRL-Spike,Not Specified
2255,Drug,VB-201 + Standard of care,Not Specified
2255,Drug,Standard of care,Not Specified
2256,Other,rapid serological test,Not Specified
2257,Drug,Hydroxychloroquine,Not Specified
2257,Other,Placebo,Not Specified
2258,Drug,iv Tocillizumab (TCZ),Not Specified
2260,Other,Bacterial species isolated,Not Specified
2261,Diagnostic Test,Diagnostic examination for venous thromboembolism,Not Specified
2262,Behavioral,High touch multi-pronged behavioral intervention,Not Specified
2263,Other,Prone decubitus,Not Specified
2264,Behavioral,Informational videos and social media campaigns encouraging cancer screening.,Not Specified
2265,Drug,"Lenalidomide as a 5 mg capsule PO daily, days 1, 3, and 5.",Not Specified
2265,Drug,Placebo,Not Specified
2266,Drug,GLS-1200,Not Specified
2266,Drug,Placebo,Not Specified
2267,Drug,Losartan,Not Specified
2267,Drug,Placebo,Not Specified
2269,Procedure,Conventional oxygen therapy,Not Specified
2269,Procedure,High flow nasal cannula,Not Specified
2270,Drug,Cefditoren pivoxil 400mg,Not Specified
2271,Drug,Hydroxychloroquine (HCQ),Not Specified
2272,Other,blood sample,Not Specified
2273,Other,Cognitive Behavioural Group Therapy for Perinatal Anxiety,Not Specified
2274,Drug,Remdesivir,Not Specified
2275,Diagnostic Test,Blood count,Not Specified
2275,Diagnostic Test,Blood collection,Not Specified
2275,Diagnostic Test,Nasopharyngeal swab,Not Specified
2275,Diagnostic Test,Saliva samples,Not Specified
2275,Diagnostic Test,Faeces samples,Not Specified
2275,Genetic,Genetic blood collection,Not Specified
2275,Other,Data collection,Not Specified
2278,Drug,Zavegepant (BHV-3500),Not Specified
2278,Drug,Placebo,Not Specified
2279,Biological,Convalescent plasma,Not Specified
2280,Drug,Dexamethasone,Not Specified
2280,Drug,Methylprednisolone,Not Specified
2281,Other,Surge Index,Not Specified
2282,Biological,UC-MSCs,Not Specified
2282,Other,Placebo,Not Specified
2283,Biological,AKS-452,Not Specified
2285,Diagnostic Test,Saliva collection,Not Specified
2286,Biological,BNT162b2,Not Specified
2286,Biological,CoronaVac,Not Specified
2286,Biological,AZD1222,Not Specified
2287,Diagnostic Test,C-reactive protein,Not Specified
2291,Other,Taking biological samples,Not Specified
2292,Biological,"Investigational vaccine against SARS-CoV-2 [MV-014-212] Dosage 1, Single Dose, Intranasal Drops",Not Specified
2292,Biological,"Investigational vaccine against SARS-CoV-2 [MV-014-212] Dosage 2, Single Dose, Intranasal Drops",Not Specified
2292,Biological,"Investigational vaccine against SARS-CoV-2 [MV-014-212] Dosage 3, Single Dose, Intranasal Drops",Not Specified
2292,Biological,"Investigational vaccine against SARS-CoV-2 [MV-014-212] Dosage 3, Two Doses, Intranasal Drops",Not Specified
2292,Biological,"Investigational vaccine against SARS-CoV-2 [MV-014-212] Dosage 3, Single Dose, Intranasal Spray",Not Specified
2295,Diagnostic Test,ABPM,Not Specified
2295,Diagnostic Test,ECG,Not Specified
2295,Diagnostic Test,FMD,Not Specified
2295,Diagnostic Test,PWV,Not Specified
2295,Diagnostic Test,Rarefaction,Not Specified
2296,Diagnostic Test,Testing procedure for Binding antibodies,Not Specified
2296,Diagnostic Test,Neutralizing antibodies,Not Specified
2297,Other,self-administered questionnaire,Not Specified
2298,Procedure,Ophthalmologic exam,Not Specified
2299,Drug,Tocilizumab,Not Specified
2299,Drug,Infliximab,Not Specified
2300,Device,Core Warming,Not Specified
2300,Other,Standard of Care,Not Specified
2301,Dietary Supplement,Vitamin D3,Not Specified
2302,Other,Maternal stress,Not Specified
2303,Behavioral,Digital Health Online Platform,Not Specified
2304,Other,Prediction Market,Not Specified
2306,Other,Experience of pandemic,Not Specified
2307,Biological,CSL324,Not Specified
2307,Drug,Placebo,Not Specified
2308,Biological,SARS-CoV-2 mRNA vaccine formulation 1,Not Specified
2308,Biological,SARS-CoV-2 mRNA vaccine formulation 2,Not Specified
2308,Biological,SARS-CoV-2 mRNA vaccine formulation 3,Not Specified
2308,Biological,Placebo (0.9% normal saline),Not Specified
2309,Other,Encephalography measurement,Not Specified
2310,Other,Survey,Not Specified
2311,Combination Product,Tomeka®,Not Specified
2311,Drug,"""Vernonia amygdalina""",Not Specified
2313,Diagnostic Test,VitalConnect Vital Sign Patch,Not Specified
2316,Drug,Voclosporin,Not Specified
2316,Drug,Tacrolimus,Not Specified
2317,Biological,Therapeutic plasma exchange (TPE),Not Specified
2317,Other,Standard of care,Not Specified
2318,Biological,Convalescent plasma,Not Specified
2319,Procedure,Blood test,Not Specified
2320,Biological,Gam-COVID-Vac,Not Specified
2320,Other,Placebo,Not Specified
2321,Drug,Stem Cell Product,Not Specified
2322,Other,Survey,Not Specified
2323,Drug,Niclosamide suspension,Not Specified
2323,Other,Placebo,Not Specified
2324,Other,Physiotherapy,Not Specified
2325,Biological,COVI-VAC,Not Specified
2325,Other,Placebo,Not Specified
2326,Drug,Prednisone,Not Specified
2326,Drug,Hydrocortisone,Not Specified
2327,Other,Questionnaire,Not Specified
2328,Biological,Mesenchymal stromal cells,Not Specified
2329,Drug,Remdesivir,Not Specified
2329,Drug,Hydroxychloroquine,Not Specified
2329,Drug,Tocilizumab,Not Specified
2329,Drug,Lopinavir/ Ritonavir,Not Specified
2329,Drug,Ivermectin,Not Specified
2330,Other,retrospective metagenomics on clinical samples collected during hospitalization,Not Specified
2331,Diagnostic Test,IP-10 in CDS protocol,Not Specified
2332,Drug,Anakinra alone (stages 2b/3),Not Specified
2332,Drug,Anakinra and Ruxolitinib (overcome stage 3),Not Specified
2332,Other,Standard of care,Not Specified
2333,Drug,Convalescent Plasma,Not Specified
2334,Drug,Methylprednisolone,Not Specified
2334,Other,Placebo,Not Specified
2335,Biological,Serological test,Not Specified
2335,Biological,Serum test,Not Specified
2336,Biological,Convalescent plasma (CP),Not Specified
2337,Diagnostic Test,Blood sampling,Not Specified
2337,Other,Online Questionnaire,Not Specified
2338,Drug,Camostat Mesilate,Not Specified
2338,Drug,Bicalutamide 150 mg,Not Specified
2339,Biological,Allogenic pooled olfactory mucosa-derived mesenchymal stem cells,Not Specified
2339,Other,Standard treatment according to the Clinical protocols,Not Specified
2340,Drug,BRII-196 and BRII-198,Not Specified
2340,Drug,Placebo,Not Specified
2341,Drug,T3 solution for injection,Not Specified
2341,Drug,Placebo,Not Specified
2343,Diagnostic Test,Biomarkers of inflammation,Not Specified
2344,Biological,Convalescent Plasma,Not Specified
2344,Biological,Standard Donor Plasma,Not Specified
2345,Drug,Hypertonic Saturated Saline Mouth Rinse Active Arm,Not Specified
2345,Other,Placebo Plain Water Mouth Rinse Arm,Not Specified
2347,Diagnostic Test,Face mask sampling,Not Specified
2349,Drug,sofosbuvir,Not Specified
2349,Drug,Sofosbuvir ledipsavir,Not Specified
2349,Drug,Daclatasvir,Not Specified
2351,Drug,Hydroxychloroquine,Not Specified
2352,Drug,Artemether-lumefantrine (AL),Not Specified
2352,Drug,Pyronaridine-artesunate (PA),Not Specified
2353,Biological,Convalescent Plasma,Not Specified
2354,Diagnostic Test,Thoraxic computed tomography,Not Specified
2355,Drug,Ivermectin (IVM),Not Specified
2356,Biological,SARS-CoV-2 rS - Phase 1,Not Specified
2356,Biological,SARS-CoV-2 rS/Matrix-M Adjuvant - Phase 1,Not Specified
2356,Other,"Normal saline solution (NSS), Placebo - Phase 1",Not Specified
2356,Other,"Normal saline solution (NSS), Placebo - Phase 2",Not Specified
2356,Biological,"SARS-CoV-2 rS/Matrix-M Adjuvant, Day 0 - Phase 1",Not Specified
2356,Other,"Normal saline solution (NSS), Placebo, Day 21 - Phase 1",Not Specified
2356,Biological,"SARS-CoV-2 rS/Matrix-M Adjuvant, Days 0 and 21 - Phase 2",Not Specified
2356,Other,"Normal saline solution (NSS), Placebo, Day 189 - Phase 2",Not Specified
2356,Biological,"SARS-CoV-2 rS/Matrix-M Adjuvant, Day 0 - Phase 2",Not Specified
2356,Other,"Normal saline solution (NSS), Placebo, Day 21 - Phase 2",Not Specified
2356,Biological,SARS-CoV-2 rS/Matrix-M Adjuvant - Day 189 - Phase 2,Not Specified
2357,Drug,Hydroxychloroquine,Not Specified
2357,Drug,Placebo oral tablet,Not Specified
2359,Drug,Remdesivir,Not Specified
2359,Drug,Tocilizumab,Not Specified
2360,Device,Control group,Not Specified
2360,Device,SLEDD with a L-MOD,Not Specified
2361,Drug,SOC + IFX-1,Not Specified
2361,Drug,SOC + Placebo,Not Specified
2362,Device,EarSats Pulse Oximeter Probe,Not Specified
2363,Procedure,Anesthesia management,Not Specified
2364,Device,2019-nCoV IgG/IgM Rapid Test Cassette,Not Specified
2365,Device,Ion Mobility Spectrometry (IMS),Not Specified
2367,Drug,placebo,Not Specified
2367,Drug,Thalidomide,Not Specified
2369,Behavioral,Immediate vs. delayed provision of antibody test results,Not Specified
2370,Device,MindRhythm Harmony,Not Specified
2371,Other,Rehabilitation,Not Specified
2372,Drug,Surfactant,Not Specified
2373,Drug,BGB-DXP593,Not Specified
2373,Drug,Placebo,Not Specified
2375,Other,Pregnant women under investigation for Coronavirus or diagnosed with COVID-19,Not Specified
2375,Other,Postpartum women under investigation for Coronavirus or diagnosed with COVID-19,Not Specified
2376,Biological,Biological: oral polio vaccine,Not Specified
2376,Biological,Comparable Placebo,Not Specified
2376,Drug,NA-831,Not Specified
2376,Drug,Comparable Placebo of drug,Not Specified
2376,Combination Product,Combination of oral polio vaccine and NA-831,Not Specified
2376,Combination Product,Comparable Placebo of Oral Polio Vaccine and Placebo of drug,Not Specified
2377,Dietary Supplement,Plant stanol mini drinks,Not Specified
2377,Dietary Supplement,Placebo mini drinks,Not Specified
2377,Biological,COVID-19 vaccine,Not Specified
2378,Drug,Ruxolitinib,Not Specified
2378,Drug,Placebo,Not Specified
2379,Drug,Tacrolimus,Not Specified
2379,Drug,Methylprednisolone,Not Specified
2380,Radiation,Low dose radiation therapy,Not Specified
2381,Biological,Convalescent Plasma,Not Specified
2382,Drug,Anakinra,Not Specified
2382,Drug,Placebo,Not Specified
2384,Drug,Tocilizumab,Not Specified
2384,Drug,Heparin - Therapeutic dosage,Not Specified
2384,Drug,Heparin - Prophylactic dosage,Not Specified
2385,Biological,Convalescent plasma,Not Specified
2386,Other,Identification of genetic variants,Not Specified
2387,Other,Questionnaires on psychological quality of life,Not Specified
2388,Biological,BM-Allo.MSC,Not Specified
2388,Biological,Placebo,Not Specified
2389,Biological,BCG vaccine,Not Specified
2389,Biological,Placebo,Not Specified
2390,Other,Sample collection,Not Specified
2392,Drug,Levamisole and isoprinosine,Not Specified
2392,Drug,Azithromycin and hydroxychloroquine,Not Specified
2393,Diagnostic Test,SARS-CoV-2 Serology,Not Specified
2396,Drug,Hydroxychloroquine (HCQ),Not Specified
2396,Drug,Azithromycin (Azithro),Not Specified
2396,Drug,Placebo for Hydroxychloroquine,Not Specified
2396,Drug,Placebo for Azithromycin,Not Specified
2397,Drug,Bicalutamide 150 Mg Oral Tablet,Not Specified
2398,Other,No intervention,Not Specified
2399,Drug,Placebo,Not Specified
2399,Drug,Prothione™ (6g),Not Specified
2400,Procedure,Thyroidectomy,Not Specified
2401,Drug,0.5% Povidone Iodine,Not Specified
2401,Drug,0.12% Chlorhexidine Gluconate Mouth Rinse,Not Specified
2401,Drug,1% Hydrogen Peroxide,Not Specified
2401,Drug,0.9% Normal Saline,Not Specified
2402,Drug,TCB008,Not Specified
2405,Diagnostic Test,Heterologous stimuli,Not Specified
2405,Diagnostic Test,Neutralization assay,Not Specified
2406,Drug,Aprotinin,Not Specified
2407,Drug,Hydroxychloroquine,Not Specified
2407,Other,Placebo,Not Specified
2409,Biological,hMSC,Not Specified
2410,Device,Non-invasive red LLLT treatment to chest of patient.,Not Specified
2410,Device,Sham Device Treatment,Not Specified
2411,Device,Transcutaneous Auricular Vagus Nerve Stimulation,Not Specified
2412,Diagnostic Test,Capillary Collection & Testing,Not Specified
2412,Diagnostic Test,Venous Draw & Testing,Not Specified
2413,Drug,LY3819253,Not Specified
2413,Drug,LY3832479,Not Specified
2413,Drug,Placebo,Not Specified
2414,Biological,hAd5-S-Fusion+N-ETSD vaccine,Not Specified
2415,Biological,Umbilical cord derived mesenchymal stem cells,Not Specified
2415,Biological,Placebo,Not Specified
2416,Biological,Mesenchymal Stromal Cells,Not Specified
2418,Drug,Inhaled Aviptadil,Not Specified
2418,Drug,Placebo,Not Specified
2419,Procedure,Biospecimen Collection,Not Specified
2419,Other,Diagnostic Laboratory Biomarker Analysis,Not Specified
2419,Other,Electronic Health Record Review,Not Specified
2419,Other,Questionnaire Administration,Not Specified
2421,Other,Electronic questionnaire,Not Specified
2422,Other,Questionnaires,Not Specified
2423,Other,There is no intervention,Not Specified
2426,Drug,BCG-10 vaccine,Not Specified
2426,Drug,0.9% saline,Not Specified
2427,Other,SARS-Cov-2 infection,Not Specified
2428,Radiation,Phase 1,Not Specified
2428,Radiation,Phase 2,Not Specified
2430,Diagnostic Test,Serological testing,Not Specified
2432,Procedure,Surgery,Not Specified
2433,Biological,Pfizer Comirnaty vaccine,Not Specified
2434,Drug,Maraviroc 300 mg,Not Specified
2434,Other,Standard care therapy,Not Specified
2435,Behavioral,Social media & news consumption,Not Specified
2436,Drug,Octagam,Not Specified
2437,Other,Data extraction from medical files,Not Specified
2438,Diagnostic Test,Cardiovascular Magnetic Resonance Imaging,Not Specified
2439,Biological,intravenous immunoglobulin therapy,Not Specified
2440,Drug,Famotidine 20 milligram tablet,Not Specified
2441,Drug,Placebo administration,Not Specified
2441,Diagnostic Test,Confirm SARS-CoV-2 infection,Not Specified
2441,Procedure,Physical Examination,Not Specified
2441,Procedure,Vital Signs,Not Specified
2441,Diagnostic Test,Hematology blood test,Not Specified
2441,Diagnostic Test,Biochemistry blood test,Not Specified
2441,Other,NEWS score,Not Specified
2441,Diagnostic Test,PK test,Not Specified
2441,Diagnostic Test,blood test for inflammatory markers,Not Specified
2441,Diagnostic Test,D-dimer test,Not Specified
2441,Other,VAS scale,Not Specified
2441,Diagnostic Test,Urine pregnancy test for women of childbearing potential,Not Specified
2441,Procedure,ECG,Not Specified
2441,Other,COVID-19-Impact on Quality of Life Questionnaire,Not Specified
2441,Drug,CimetrA-1,Not Specified
2441,Drug,CimetrA-2,Not Specified
2442,Drug,INB03,Not Specified
2442,Drug,Placebo,Not Specified
2443,Diagnostic Test,visual analogue scale,Not Specified
2444,Drug,Leflunomide,Not Specified
2445,Drug,Imatinib,Not Specified
2445,Drug,Placebo oral tablet,Not Specified
2446,Drug,FB2001,Not Specified
2446,Drug,FB2001 Placebo,Not Specified
2447,Diagnostic Test,Outpatient MRI,Not Specified
2448,Drug,Convalescent Plasma,Not Specified
2448,Other,Masked Saline Placebo,Not Specified
2449,Drug,hydroxychloroquine,Not Specified
2450,Drug,Hydroxychloroquine,Not Specified
2452,Dietary Supplement,Vitamin K2 in the form of Menaquinone-7 (MK-7),Not Specified
2452,Dietary Supplement,Placebo,Not Specified
2453,Biological,Anti-coronavirus antibodies (immunoglobulins) obtained with DFPP form convalescent patients,Not Specified
2454,Drug,Cyclosporine,Not Specified
2455,Device,Observational measurement of biometric data. No change to health care provided.,Not Specified
2456,Drug,Methotrexate,Not Specified
2457,Device,WARD CSS,Not Specified
2458,Drug,Lopinavir-Ritonavir Drug Combination,Not Specified
2458,Combination Product,Standard Care,Not Specified
2459,Other,Blood samples for the study of the humoral response to SARS-CoV-2 variants and of the cellular response after vaccination against COVID-19,Not Specified
2462,Diagnostic Test,Chitotriosidase activity,Not Specified
2463,Device,Radius PPG Tetherless Pulse Oximetry (Masimo),Not Specified
2463,Device,usual monitoring,Not Specified
2464,Diagnostic Test,"Obtainment of nasopharyngeal, oropharyngeal, buccal, nasal and saliva samples",Not Specified
2465,Drug,ABX464,Not Specified
2465,Drug,Placebo,Not Specified
2466,Dietary Supplement,Vitamin D,Not Specified
2466,Dietary Supplement,Placebo,Not Specified
2467,Biological,Decidual Stromal Cells (DSC),Not Specified
2468,Biological,N-803,Not Specified
2468,Other,Saline,Not Specified
2469,Drug,AVIGAN,Not Specified
2469,Drug,Placebo Comparator,Not Specified
2472,Drug,Interferon-ß-1a,Not Specified
2472,Combination Product,Standard of Care (SOC),Not Specified
2473,Other,congenital malformation,Not Specified
2474,Biological,ChAdOx1 nCoV-19 (Abs 260),Not Specified
2474,Biological,MenACWY vaccine,Not Specified
2474,Biological,ChAdOx1 nCoV-19 (Abs 260) + 2.2x10^10vp (qPCR) boost,Not Specified
2474,Biological,Two dose MenACWY vaccine,Not Specified
2474,Biological,ChAdOx1 nCoV-19 (qPCR),Not Specified
2474,Biological,ChAdOx1 nCoV-19 0.5mL prime plus boost,Not Specified
2474,Biological,Two dose MenACWY vaccine min. 4 weeks apart,Not Specified
2474,Biological,Two dose ChAdOx1 nCoV-19/Covishield 0.5mL,Not Specified
2474,Biological,Two dose ChAdOx1 nCoV-19/Covishield 0.25mL & 0.5mL,Not Specified
2476,Behavioral,Cognitive and behavioral intervention.,Not Specified
2476,Behavioral,Problem-solving and relationship improvement intervention.,Not Specified
2477,Diagnostic Test,clinical features and laboratory values,Not Specified
2478,Drug,Ivermectin,Not Specified
2480,Drug,Acebilustat,Not Specified
2480,Drug,Camostat,Not Specified
2481,Biological,Low dosage Inactivated SARS-CoV-2 Vaccine on a 0- and 28-day schedule,Not Specified
2481,Biological,Low dosage Inactivated SARS-CoV-2 Vaccine on a 0- and 14-day schedule,Not Specified
2481,Biological,Medium dosage Inactivated SARS-CoV-2 Vaccine on a 0- and 28-day schedule,Not Specified
2481,Biological,Medium dosage Inactivated SARS-CoV-2 Vaccine on a 0- and 14-day schedule,Not Specified
2481,Biological,High dosage Inactivated SARS-CoV-2 Vaccine on a 0- and 28-day schedule,Not Specified
2481,Biological,High dosage Inactivated SARS-CoV-2 Vaccine on a 0- and 14-day schedule,Not Specified
2481,Biological,Placebo on a 0- and 28-day schedule,Not Specified
2481,Biological,Placebo on a 0- and 14-day schedule,Not Specified
2482,Drug,favorable outcome,Not Specified
2483,Drug,Camostat,Not Specified
2483,Drug,Placebo,Not Specified
2484,Drug,ORTD-1 low dose,Not Specified
2484,Drug,ORTD-1 mid dose,Not Specified
2484,Drug,ORTD-1 high dose,Not Specified
2484,Other,Vehicle control,Not Specified
2486,Drug,ACEI/ARB,Not Specified
2486,Drug,Non-ACEI/ARB,Not Specified
2486,Drug,ACEI,Not Specified
2486,Drug,ARB,Not Specified
2487,Other,Online survey,Not Specified
2488,Drug,Ivermectin / Iota-Carrageenan,Not Specified
2489,Biological,CAP-1002 Allogeneic Cardiosphere-Derived Cells,Not Specified
2490,Behavioral,Guided online support program,Not Specified
2490,Behavioral,WHO recommendations (waiting condition),Not Specified
2491,Other,Community popular opinion leader (POL) based intervention,Not Specified
2492,Other,venous ultrasound,Not Specified
2492,Biological,blood sample,Not Specified
2493,Other,no intervention,Not Specified
2496,Biological,bamlanivimab,Not Specified
2496,Drug,Placebo (IV),Not Specified
2496,Biological,BRII-196/BRII-198,Not Specified
2496,Biological,AZD7442 (IV),Not Specified
2496,Biological,AZD7442 (IM),Not Specified
2496,Drug,SNG001,Not Specified
2496,Drug,Camostat,Not Specified
2496,Drug,Placebo (IM),Not Specified
2496,Drug,Placebo (Inhaled solution),Not Specified
2496,Drug,Placebo (oral tablet),Not Specified
2496,Biological,C135-LS + C144-LS,Not Specified
2496,Drug,Placebo (SC injections),Not Specified
2497,Other,Survey Administration,Not Specified
2498,Biological,MSC Treatment,Not Specified
2498,Biological,Saline Control,Not Specified
2499,Diagnostic Test,Venous blood was collected for biochemistry testing.,Not Specified
2500,Biological,medium dosage inactivated SARS-CoV-2 vaccine,Not Specified
2500,Biological,high dosage inactivated SARS-CoV-2 vaccine,Not Specified
2500,Biological,Placebo,Not Specified
2501,Drug,Bemiparin,Not Specified
2503,Drug,Adenosine,Not Specified
2504,Other,survey,Not Specified
2505,Other,Blood sample,Not Specified
2506,Diagnostic Test,Cytokines dosage,Not Specified
2506,Diagnostic Test,Complement dosage,Not Specified
2508,Diagnostic Test,conjunctival RT PCR,Not Specified
2510,Procedure,Tracheostomy with aerosol box in COVID-19 positive patients,Not Specified
2511,Radiation,Lung Low Dose Radiation,Not Specified
2512,Behavioral,Resistance training,Not Specified
2512,Behavioral,Standard care,Not Specified
2513,Other,Hospital admission,Not Specified
2513,Other,Non-hospitalization procedures,Not Specified
2514,Other,NA (no intervention),Not Specified
2515,Other,Collection of samples,Not Specified
2516,Biological,"Biological collection with nasopharyngeal samples, saliva, blood, stool and urine",Not Specified
2518,Drug,Anakinra,Not Specified
2518,Drug,Normal saline,Not Specified
2519,Other,V/Q SPECT-CT,Not Specified
2519,Other,St. George's Respiratory Questionnaire (SGRQ),Not Specified
2519,Other,mMRC (Modified Medical Research Council) Dyspnea Scale,Not Specified
2519,Other,Six-minute walk test (6MWT),Not Specified
2519,Other,Spirometry,Not Specified
2519,Other,Plethysmography & DLCO,Not Specified
2519,Other,Airwave Oscillometry,Not Specified
2521,Other,Colonoscopy,Not Specified
2522,Drug,Metformin,Not Specified
2522,Drug,Placebo,Not Specified
2523,Biological,CVnCoV,Not Specified
2523,Biological,Placebo,Not Specified
2524,Biological,TRV027,Not Specified
2524,Other,sodium chloride 0.9%,Not Specified
2525,Drug,Chlorpromazine,Not Specified
2526,Procedure,Invasive ventilation strategy,Not Specified
2526,Procedure,Non-invasive ventilation strategies,Not Specified
2527,Other,Sit-To-Stand test,Not Specified
2528,Drug,Siltuximab,Not Specified
2528,Drug,Methylprednisolone,Not Specified
2529,Behavioral,Therapy Intervention,Not Specified
2530,Behavioral,Questionnaire,Not Specified
2531,Drug,methylprednisolone therapy,Not Specified
2531,Other,Standard care,Not Specified
2532,Procedure,Emergency surgery,Not Specified
2533,Drug,XC221,Not Specified
2533,Drug,Placebo,Not Specified
2534,Other,Quality-of-Life Assessment,Not Specified
2534,Other,Questionnaire Administration,Not Specified
2534,Other,Survey Administration,Not Specified
2535,Drug,Cyproheptadine Hydrochloride 4 MG,Not Specified
2536,Drug,Therapeutic Anticoagulation,Not Specified
2538,Drug,thalidomide,Not Specified
2538,Drug,placebo,Not Specified
2539,Drug,Dexamethasone injection,Not Specified
2539,Drug,placebo,Not Specified
2539,Procedure,conventional oxygen,Not Specified
2539,Procedure,CPAP,Not Specified
2539,Procedure,HFNO,Not Specified
2539,Procedure,mechanical ventilation,Not Specified
2540,Device,CytoSorb,Not Specified
2541,Drug,Colchicine Tablets,Not Specified
2542,Other,Leukapheresis,Not Specified
2543,Drug,CST-2: EIDD-2801,Not Specified
2543,Drug,CST-2: Placebo,Not Specified
2543,Drug,Nitazoxanide,Not Specified
2543,Drug,VIR-7832,Not Specified
2543,Drug,VIR-7831,Not Specified
2543,Drug,CST-5: Placebo,Not Specified
2544,Other,Nasal swab,Not Specified
2544,Other,Taste and olfactory function evaluation,Not Specified
2545,Drug,Favipiravir + Standard of Care,Not Specified
2545,Drug,Standard of Care,Not Specified
2546,Other,online questionnaires,Not Specified
2547,Diagnostic Test,25 post ICU-patients,Not Specified
2547,Other,25 post non-ICU patients,Not Specified
2548,Other,Data collection,Not Specified
2549,Drug,Enzalutamide Pill,Not Specified
2550,Other,other,Not Specified
2551,Other,Questionnaire,Not Specified
2551,Other,Biocollection,Not Specified
2551,Other,Follow-up visit,Not Specified
2554,Other,Prone Lying Position,Not Specified
2554,Other,alternate nostril breathing,Not Specified
2555,Drug,Telmisartan arm will receive 80 mg Telmisartan twice daily plus standard care.,Not Specified
2556,Other,therapy group,Not Specified
2557,Drug,TXA127,Not Specified
2557,Drug,Placebo,Not Specified
2558,Other,Contrast-enhanced MRI,Not Specified
2558,Other,Measurement of respiratory muscle force,Not Specified
2559,Device,MLS Laser,Not Specified
2559,Other,Regular Inpatient Medical Care,Not Specified
2560,Drug,Ramelteon 8mg,Not Specified
2561,Other,Observation,Not Specified
2562,Drug,Sarilumab,Not Specified
2564,Procedure,Lateral Position (left and right lateral decubitus),Not Specified
2565,Drug,Lopinavir/Ritonavir 200 MG-50 MG Oral Tablet,Not Specified
2565,Drug,Telmisartan 40Mg Oral Tablet,Not Specified
2565,Drug,Atorvastatin 20 Mg Oral Tablet,Not Specified
2566,Drug,Defibrotide Injection,Not Specified
2568,Biological,ConvP,Not Specified
2568,Biological,FFP,Not Specified
2569,Drug,Hydroxychloroquine,Not Specified
2569,Drug,Placebo oral tablet,Not Specified
2570,Drug,Guduchi Ghan Vati,Not Specified
2572,Drug,Plitidepsin,Not Specified
2572,Drug,Dexamethasone,Not Specified
2572,Drug,Remdesivir,Not Specified
2573,Other,Assessment of postnatal depression using the the Edinburgh questionnaire between 4 and 6 weeks after delivery,Not Specified
2574,Biological,CoronoVac Vaccine,Not Specified
2575,Other,Monitoring for aggravation,Not Specified
2575,Other,Evaluate HACOR score effectivity in this patients,Not Specified
2576,Other,No Intervention,Not Specified
2577,Biological,"Two doses of commercial scale inactivated SARS-CoV-2 vaccine at the schedule of day 0,14",Not Specified
2577,Biological,"Two doses of pilot scale inactivated SARS-CoV-2 vaccine at the schedule of day 0,14",Not Specified
2577,Biological,"Two doses of pilot scale inactivated SARS-CoV-2 vaccine at the schedule of day 0,14 in elderly",Not Specified
2578,Other,Non interventional study,Not Specified
2579,Biological,Autologous Adipose MSC's,Not Specified
2580,Drug,Baricitinib 4 MG Oral Tablet,Not Specified
2581,Drug,Darunavir/Cobicistat,Not Specified
2581,Drug,Lopinavir/Ritonavir,Not Specified
2583,Behavioral,Generic Best Practices,Not Specified
2583,Behavioral,Tailored Best Practices,Not Specified
2585,Drug,Estradiol patch,Not Specified
2586,Drug,SnPP Protoporphyrin plus Sunlight exposure,Not Specified
2586,Drug,Sulfonatoporphyrin(TPPS) plus Sunlight exposure.,Not Specified
2586,Other,placebo,Not Specified
2588,Device,BVA-100,Not Specified
2589,Drug,Tranexamic acid tablets,Not Specified
2589,Drug,Placebo oral tablet,Not Specified
2590,Biological,COVI-GUARD,Not Specified
2590,Other,Standard of Care,Not Specified
2590,Drug,Placebo,Not Specified
2591,Drug,Recombinant Bacterial ACE2 receptors -like enzyme of B38-CAP (rbACE2),Not Specified
2592,Drug,ADG20,Not Specified
2592,Drug,Normal saline,Not Specified
2594,Diagnostic Test,comparison of sample collection methods,Not Specified
2595,Diagnostic Test,Breath sample,Not Specified
2596,Drug,virgin coconut oil (VCO),Not Specified
2596,Other,placebo,Not Specified
2598,Biological,Sputnik Light,Not Specified
2598,Other,Placebo,Not Specified
2599,Other,Standard of care,Not Specified
2599,Drug,Hydroxychloroquine,Not Specified
2599,Drug,Azithromycin,Not Specified
2600,Diagnostic Test,Antibody Test,Not Specified
2601,Drug,Chloroquine Phosphate Tablets,Not Specified
2602,Diagnostic Test,"Standard 12-lead ECG, NT-proBNP, echocardiography",Not Specified
2603,Drug,Brequinar,Not Specified
2603,Drug,Placebo,Not Specified
2604,Dietary Supplement,Nicotinamide,Not Specified
2604,Dietary Supplement,Placebo,Not Specified
2606,Drug,Azithromycin 500 milligram (mg) oral Tablet,Not Specified
2606,Drug,Placebo,Not Specified
2607,Biological,Convalescent anti-SARS-CoV-2 plasma,Not Specified
2607,Other,Infusion placebo,Not Specified
2608,Biological,Convalescent Plasma,Not Specified
2608,Other,Best Supportive Care,Not Specified
2609,Other,pre-operative screening,Not Specified
2609,Other,telephone consult,Not Specified
2610,Other,ENO Breathe group,Not Specified
2611,Drug,Nitric Oxide-Releasing Drug,Not Specified
2612,Drug,low molecular weight Heparin as standard of care treatment,Not Specified
2613,Other,Activity,Not Specified
2614,Drug,Hydroxychloroquine Sulfate (HCQ),Not Specified
2615,Diagnostic Test,Magnetic Resonance Imaging,Not Specified
2616,Other,Therapeutic plasma exchange : 3 sessions in 3 consecutive days (day 1 to day 3),Not Specified
2616,Other,Usual treatments in intensive care unit according to the current state of knowledge,Not Specified
2617,Procedure,Emergency surgical procedures,Not Specified
2618,Drug,Recombinant human angiotensin-converting enzyme 2 (rhACE2),Not Specified
2619,Drug,Nebulised unfractionated heparin (UFH),Not Specified
2620,Diagnostic Test,SARS-CoV-2,Not Specified
2621,Drug,Hydroxychloroquine,Not Specified
2622,Biological,"Two doses of low dosage inactivated SARS-CoV-2 vaccine at the schedule of day 0,28",Not Specified
2622,Biological,"Two doses of medium dosage inactivated SARS-CoV-2 vaccine at the schedule of day 0,28",Not Specified
2622,Biological,"Two doses of high dosage inactivated SARS-CoV-2 vaccine at the schedule of day 0,28",Not Specified
2622,Other,"Two doses of placebo at the schedule of day 0,28",Not Specified
2623,Drug,Ravulizumab,Not Specified
2623,Drug,Baricitinib,Not Specified
2623,Other,Standard of care,Not Specified
2625,Drug,Low Molecular Weight Heparin,Not Specified
2626,Drug,rhDNase I,Not Specified
2627,Drug,Anakinra 100Mg/0.67Ml Inj Syringe,Not Specified
2628,Diagnostic Test,Butterfly,Not Specified
2629,Biological,Novaferon,Not Specified
2629,Biological,Placebo,Not Specified
2630,Drug,BGE-175,Not Specified
2630,Other,Placebo,Not Specified
2632,Other,Tele-exergaming Tablet,Not Specified
2633,Drug,Ivermectin,Not Specified
2633,Drug,Placebo,Not Specified
2634,Biological,Intramuscular Vaccine,Not Specified
2635,Drug,Remdesivir-HU,Not Specified
2636,Drug,Tocilizumab,Not Specified
2636,Drug,Hydroxychloroquine,Not Specified
2636,Drug,Azithromycin,Not Specified
2637,Device,Inspiratory training device,Not Specified
2637,Device,Expiratory training device,Not Specified
2639,Dietary Supplement,ImmunoFormulation,Not Specified
2640,Drug,Enoxaparin,Not Specified
2640,Drug,Rivaroxaban,Not Specified
2640,Drug,Apixaban,Not Specified
2641,Drug,Chloroquine,Not Specified
2641,Drug,Placebo oral tablet,Not Specified
2642,Other,physical activity program,Not Specified
2643,Drug,Hydroxychloroquine,Not Specified
2646,Other,Questionnaire,Not Specified
2647,Biological,Omalizumab,Not Specified
2647,Other,Placebo,Not Specified
2650,Drug,N-Acetyl cysteine,Not Specified
2650,Drug,Placebo,Not Specified
2651,Drug,DFV890,Not Specified
2651,Drug,Standard of Care (SoC),Not Specified
2652,Other,blood sample,Not Specified
2655,Radiation,Ultra-Low-dose radiotherapy,Not Specified
2655,Device,ventilatory support with oxygen therapy,Not Specified
2655,Drug,Lopinavir/ritonavir,Not Specified
2655,Drug,Hydroxychloroquine,Not Specified
2655,Drug,Azithromycin,Not Specified
2655,Drug,Piperacillin/tazobactam,Not Specified
2655,Drug,Low molecular weight heparin,Not Specified
2655,Drug,Corticosteroid injection,Not Specified
2655,Drug,Tocilizumab,Not Specified
2656,Other,Non Intervention,Not Specified
2657,Biological,Anti-Sars-CoV-2 Convalescent Plasma,Not Specified
2659,Other,ECG-Holter,Not Specified
2660,Drug,Cyclosporine,Not Specified
2660,Other,Standard of Care Treatment,Not Specified
2661,Biological,RUTI® vaccine,Not Specified
2661,Biological,Placebo,Not Specified
2662,Other,risk factors,Not Specified
2663,Drug,Nitric Oxide,Not Specified
2664,Biological,"Moderna COVID-19 Vaccine, mRNA-1273 (100 μg)",Not Specified
2664,Biological,Pfizer-BioNTech COVID-19 Vaccine BNT162b2 (30 µg)( Comirnaty®),Not Specified
2665,Biological,hAd5-S-Fusion+N-ETSD (Suspension for injection),Not Specified
2665,Drug,hAd5-SFusion+ N-ETSD (Oral capsule),Not Specified
2666,Diagnostic Test,Nasopharyngeal swab for COVID-19 testing,Not Specified
2667,Procedure,Auditory Evoked Potentials (AEP),Not Specified
2667,Procedure,Blink and Masseter Inhibitory Reflex,Not Specified
2668,Drug,Tofacitinib 10 mg,Not Specified
2668,Drug,Placebo,Not Specified
2669,Other,Quality-of-Life Assessment,Not Specified
2669,Other,Questionnaire Administration,Not Specified
2670,Drug,SCTA01,Not Specified
2670,Other,Placebo,Not Specified
2672,Drug,EDP1815,Not Specified
2672,Drug,Dapagliflozin,Not Specified
2672,Drug,Ambrisentan,Not Specified
2672,Other,Standard of care,Not Specified
2673,Other,An auto-questionnaire comprising three psychometric scales,Not Specified
2674,Biological,Prolastin,Not Specified
2674,Drug,Standard Medical Treatment,Not Specified
2676,Diagnostic Test,Diagnostic test,Not Specified
2678,Behavioral,Cross-sectional study examining the impact of information sources to obtain information about COVID-19 on depression and anxiety symptoms,Not Specified
2679,Drug,Pamrevlumab,Not Specified
2679,Drug,Placebo,Not Specified
2680,Drug,Guduchi Ghan Vati,Not Specified
2681,Procedure,Endoscopic intervention,Not Specified
2682,Drug,Sarilumab,Not Specified
2682,Other,Standar of care,Not Specified
2683,Drug,Trimodulin,Not Specified
2683,Other,Placebo (human albumin 1%),Not Specified
2684,Drug,Oseltamivir,Not Specified
2684,Drug,Azithromycin,Not Specified
2684,Biological,Umbilical Cord Mesenchymal Stem Cells,Not Specified
2685,Drug,HCQ,Not Specified
2685,Drug,HCQ+AZT,Not Specified
2685,Drug,Placebo,Not Specified
2686,Drug,Part A: Upamostat 200 mg,Not Specified
2686,Drug,Part A: Upamostat 400 mg,Not Specified
2686,Drug,Part A and B: Placebo,Not Specified
2686,Drug,Part B: Upamostat 200 or 400 mg,Not Specified
2687,Other,Online survey,Not Specified
2688,Drug,Heparin,Not Specified
2688,Drug,0.9%sodium chloride,Not Specified
2690,Device,"Sonclot Coagulation and platelet function Analyzer SCP1, Sienco, USA",Not Specified
2691,Device,Alexa Amazon,Not Specified
2692,Diagnostic Test,Odd/Even birth year intervention groups,Not Specified
2693,Combination Product,stem cells,Not Specified
2694,Drug,Enzalutamide,Not Specified
2695,Diagnostic Test,Point-of-Care Ultrasonography (POCUS),Not Specified
2697,Drug,Intermediate dose thromboprophylaxis,Not Specified
2697,Drug,Standard of Care thromboprophylaxis,Not Specified
2698,Biological,Peripheral blood samples,Not Specified
2699,Biological,Mesenchymal Stem Cells derived from Wharton Jelly of Umbilical cords,Not Specified
2700,Behavioral,Intermittent prone positioning instructions,Not Specified
2700,Behavioral,Usual care positioning with no instructions,Not Specified
2701,Drug,Baricitinib,Not Specified
2701,Drug,Hydroxychloroquine,Not Specified
2701,Drug,Placebo Administration,Not Specified
2702,Drug,Artecom® (pyronaridine-artesunate),Not Specified
2702,Drug,Placebo,Not Specified
2703,Device,Biosensors,Not Specified
2704,Biological,BCG-Denmark,Not Specified
2704,Biological,Saline,Not Specified
2705,Biological,AZD1222,Not Specified
2705,Biological,rAd26-S,Not Specified
2706,Device,Extravascular Lung Water Index,Not Specified
2706,Device,Pulmonary Vascular Permeability Index,Not Specified
2707,Drug,Ivermectin and Doxycyline,Not Specified
2707,Drug,Standard of care,Not Specified
2708,Diagnostic Test,RT-PCR,Not Specified
2710,Drug,COVI-MSC,Not Specified
2710,Drug,Placebo,Not Specified
2711,Other,questionnair about Emerging Legal and Ehical Disputes Over Patient Confidentiality,Not Specified
2713,Other,Staff Wellbeing Centres,Not Specified
2715,Drug,Niclosamide Oral Tablet,Not Specified
2717,Biological,Intravenous Immune Globulin,Not Specified
2717,Drug,Standard Medical Treatment,Not Specified
2718,Drug,Hydroxychloroquine (HCQ),Not Specified
2718,Other,Pacebo: Calcium citrate,Not Specified
2719,Drug,Triazavirin (Riamilovir),Not Specified
2719,Other,Placebo,Not Specified
2720,Biological,VIR-7831 (Gen1),Not Specified
2720,Biological,VIR-7831 (Gen2),Not Specified
2722,Drug,GX-I7,Not Specified
2722,Drug,GX-I7 vehicle,Not Specified
2723,Biological,Convalescent plasma,Not Specified
2723,Drug,Hydroxychloroquin with Azithromycin,Not Specified
2724,Drug,Pacritinib,Not Specified
2724,Drug,Placebo,Not Specified
2725,Device,Transcranial direct-current stimulation,Not Specified
2725,Device,Sham Transcranial direct-current stimulation,Not Specified
2726,Drug,BDB-001 Injection,Not Specified
2726,Other,Conventional treatment,Not Specified
2727,Behavioral,Promotores de Salud,Not Specified
2727,Behavioral,Services as usual,Not Specified
2728,Drug,IVIG,Not Specified
2729,Other,Customized questionnaire,Not Specified
2730,Drug,Merimepodib,Not Specified
2730,Drug,Matching Placebo,Not Specified
2730,Drug,Remdesivir,Not Specified
2731,Biological,CpG 1018/Alum-adjuvanted SCB-2019 vaccine,Not Specified
2731,Biological,Placebo; 0.9% saline,Not Specified
2732,Diagnostic Test,Data collection and rhinopharyngeal swab,Not Specified
2733,Device,Saliva Assay,Not Specified
2734,Drug,SNG001,Not Specified
2734,Drug,Placebo,Not Specified
2735,Drug,Heparin sodium,Not Specified
2735,Drug,Placebo,Not Specified
2736,Drug,Tocilizumab Injection,Not Specified
2737,Biological,Liquid Alpha1-Proteinase Inhibitor (Human),Not Specified
2737,Drug,Placebo,Not Specified
2737,Drug,Standard Medical Treatment,Not Specified
2738,Other,Discontinuation of ACEi/ARB,Not Specified
2738,Other,Continuation of ACEi/ARB,Not Specified
2739,Drug,DWRX2003,Not Specified
2739,Drug,Placebo,Not Specified
2740,Diagnostic Test,Blood samples (collection of 5 mL of blood in a dry tube),Not Specified
2740,Diagnostic Test,Nasopharyngeal swabs,Not Specified
2741,Drug,Clazakizumab,Not Specified
2741,Other,Placebo,Not Specified
2743,Other,Survey,Not Specified
2744,Other,Epidemiology of admissions,Not Specified
2745,Diagnostic Test,Lab workup (on admission and regularly during follow up).,Not Specified
2746,Drug,1: Naproxen,Not Specified
2746,Drug,2: Standard of care,Not Specified
2747,Drug,Sevoflurane,Not Specified
2747,Drug,Intravenous drug,Not Specified
2748,Diagnostic Test,rapid antigen testing versus RT-PCR,Not Specified
2749,Drug,Niclosamide,Not Specified
2749,Drug,Placebo,Not Specified
2749,Other,Telehealth monitoring,Not Specified
2750,Drug,Galidesivir,Not Specified
2750,Drug,Placebo,Not Specified
2751,Drug,inhalable hydroxychloroquine (HCQ),Not Specified
2751,Drug,supportive and symptomatic treatment,Not Specified
2752,Biological,Biological data,Not Specified
2752,Other,Clinical data,Not Specified
2753,Other,Glycaemic levels,Not Specified
2754,Drug,Abivertinib,Not Specified
2754,Other,Standard of Care,Not Specified
2755,Combination Product,Hyperbaric Oxygen,Not Specified
2756,Drug,Hydroxychloroquine Sulfate Regular dose,Not Specified
2756,Drug,Hydroxychloroquine Sulfate Loading Dose,Not Specified
2756,Drug,Chloroquine,Not Specified
2756,Drug,Placebo,Not Specified
2757,Dietary Supplement,Ayurvedic Kadha,Not Specified
2758,Drug,Hydroxychloroquine,Not Specified
2758,Drug,Azithromycin,Not Specified
2760,Biological,Bactek-R,Not Specified
2761,Drug,Hydroxychloroquine,Not Specified
2761,Drug,Azithromycin,Not Specified
2761,Other,Placebo Tablet,Not Specified
2761,Other,Placebo capsules,Not Specified
2762,Behavioral,Use of social media during COVID-19,Not Specified
2763,Biological,Remdesivir,Not Specified
2763,Drug,Remdesivir placebo,Not Specified
2763,Biological,VIP,Not Specified
2763,Drug,VIP Placebo,Not Specified
2763,Drug,Corticosteroid,Not Specified
2764,Biological,Injection and infusion of LV-SMENP-DC vaccine and antigen-specific CTLs,Not Specified
2765,Combination Product,Hydroxychloroquine/Azithromycine,Not Specified
2765,Combination Product,Quinquina-Stevia/Azythromycin,Not Specified
2765,Combination Product,4Plants/Azythromycin,Not Specified
2766,Drug,Ivermectin,Not Specified
2766,Drug,Camostat Mesilate,Not Specified
2766,Dietary Supplement,Artemesia annua,Not Specified
2766,Drug,Artesunate,Not Specified
2767,Drug,Nafamostat Mesilate,Not Specified
2768,Biological,Eculizumab,Not Specified
2770,Device,Toraymyxin PMX-20R (PMX Cartridge),Not Specified
2771,Drug,Clarithromycin,Not Specified
2772,Other,Pulmonary Rehabilitation,Not Specified
2774,Other,Blood sampling,Not Specified
2774,Other,Nasal Brushing,Not Specified
2775,Drug,SCTA01,Not Specified
2775,Other,Placebo,Not Specified
2776,Diagnostic Test,Susceptibility to infection,Not Specified
2777,Other,Placebo,Not Specified
2777,Drug,Remdesivir,Not Specified
2778,Biological,PSC-04,Not Specified
2779,Other,POCT,Not Specified
2780,Biological,GRAd-COV2,Not Specified
2781,Other,Ketogenic diet,Not Specified
2782,Biological,VBI-2902a,Not Specified
2782,Biological,Placebo,Not Specified
2783,Drug,TB006,Not Specified
2783,Other,Placebo,Not Specified
2784,Diagnostic Test,home spirometry,Not Specified
2785,Dietary Supplement,Vitamin and trace elements,Not Specified
2785,Dietary Supplement,Placebo,Not Specified
2786,Dietary Supplement,ABBC1 Immunoessential,Not Specified
2786,Dietary Supplement,Placebo,Not Specified
2788,Device,vv-ECMO + cytokine adsorption (Cytosorb adsorber),Not Specified
2788,Device,vv-ECMO only (no cytokine adsorption),Not Specified
2789,Biological,MSC,Not Specified
2789,Drug,Control,Not Specified
2790,Behavioral,Brief informational infographic,Not Specified
2790,Behavioral,Placebo control (non-behavioral infographic),Not Specified
2791,Drug,Ivermectin,Not Specified
2791,Other,Placebo,Not Specified
2793,Dietary Supplement,Probiotics,Not Specified
2793,Other,Placebo,Not Specified
2794,Drug,SARS-CoV-2 convalescent plasma,Not Specified
2795,Diagnostic Test,Venous blood was collected for biochemistry testing,Not Specified
2796,Other,Exercise,Not Specified
2797,Drug,SARS-CoV-2 vaccine,Not Specified
2798,Dietary Supplement,"Micronized and ultra-micronized Palmitoylethanolamide (mPEA and umPEA, 300mg + 600mg) oral suspension",Not Specified
2798,Combination Product,Standard Therapy,Not Specified
2799,Other,daily syndromic surveillance,Not Specified
2799,Diagnostic Test,monthly serologic IgM/G test,Not Specified
2800,Other,Transthoracic echocardiogram (TTE),Not Specified
2800,Other,Cardiovascular Magnetic Resonance (CMR) Imaging,Not Specified
2801,Procedure,Prone Positioning,Not Specified
2801,Procedure,Standard of care.,Not Specified
2802,Biological,AT-100,Not Specified
2803,Drug,Duvelisib,Not Specified
2803,Drug,Placebo,Not Specified
2805,Drug,Acebilustat,Not Specified
2805,Drug,Placebo,Not Specified
2806,Drug,TM5614,Not Specified
2806,Other,Placebo,Not Specified
2807,Other,Gas exchanges at different PEEP,Not Specified
2807,Other,lung mechanics at different PEEP,Not Specified
2807,Other,Hemodynamics changes at different PEEP,Not Specified
2808,Drug,Dornase Alfa Inhalation Solution [Pulmozyme],Not Specified
2809,Other,Nasal lavage,Not Specified
2811,Behavioral,Ultra Brief Online Mindfulness-based Intervention,Not Specified
2811,Behavioral,Control,Not Specified
2812,Other,Blood samples,Not Specified
2813,Drug,Remdesivir,Not Specified
2813,Drug,RDV Placebo,Not Specified
2813,Drug,Standard of Care,Not Specified
2815,Drug,Ivermectin Tablets,Not Specified
2815,Other,Placebo,Not Specified
2816,Diagnostic Test,Quantra System,Not Specified
2817,Device,Continuous Glucose Monitor (CGM),Not Specified
2818,Biological,High-Titer COVID-19 Convalescent Plasma (HT-CCP),Not Specified
2818,Biological,Standard Plasma (FFP),Not Specified
2819,Diagnostic Test,Performing routine care (clinical and paraclinical tests),Not Specified
2819,Diagnostic Test,Examinations for the research:,Not Specified
2820,Device,Hyperbaric Oxygen Therapy,Not Specified
2822,Other,Moxibustion plus Cupping,Not Specified
2823,Drug,SLV213,Not Specified
2823,Drug,Placebo,Not Specified
2824,Drug,Interferon beta-1b,Not Specified
2824,Drug,Clofazimine,Not Specified
2825,Device,Aerosol-reducing Mask,Not Specified
2825,Device,Standard Mask,Not Specified
2826,Biological,IN01 vaccine,Not Specified
2827,Dietary Supplement,Manremyc,Not Specified
2827,Dietary Supplement,Placebo,Not Specified
2828,Drug,Oral 13 cis retinoic acid,Not Specified
2828,Drug,Aerosolized 13 cis retinoic acid,Not Specified
2828,Combination Product,13 cis retinoic acid doses orally in combination with spike protein based vaccine,Not Specified
2828,Combination Product,Aerosolized 13 cis retinoic acid in combination with spike protein based vaccine,Not Specified
2828,Biological,Biological: spike protein based vaccine such as ChAdOx1 nCoV-19 vaccine,Not Specified
2829,Drug,Sodium bicarbonate,Not Specified
2829,Drug,standard care,Not Specified
2830,Drug,Interferon beta-1b,Not Specified
2830,Drug,Remdesivir,Not Specified
2832,Biological,Convalescent Plasma Infusion,Not Specified
2834,Other,Prone positioning,Not Specified
2835,Biological,convalescent plasma,Not Specified
2837,Drug,Hydroxychloroquine,Not Specified
2838,Other,Water (E) Mouth rinse with the solution provided,Not Specified
2838,Other,Chlorhexidine gluconate (A) Mouth rinse with the solution provided,Not Specified
2838,Other,Hydrogen peroxide (B) Mouth rinse with the solution provided,Not Specified
2838,Other,Betadine (C) Mouth rinse with the solution provided,Not Specified
2838,Other,Alcohol mouthwash (Listerine) (D) Mouth rinse with the solution provided,Not Specified
2840,Drug,Dexamethasone,Not Specified
2841,Drug,IVIG,Not Specified
2842,Behavioral,Simha Kriya,Not Specified
2842,Behavioral,Reading a Book,Not Specified
2845,Diagnostic Test,Home Sleep Apnea Testing or In-hospital Polysomnography,Not Specified
2846,Behavioral,Stress First Aid,Not Specified
2847,Drug,Unfractionated heparin,Not Specified
2848,Biological,Microbiome spray,Not Specified
2848,Biological,Placebo spray,Not Specified
2849,Diagnostic Test,Lung ultrasound,Not Specified
2850,Diagnostic Test,"imaging, blood tests",Not Specified
2851,Other,no interventional study,Not Specified
2852,Drug,Dornase Alfa,Not Specified
2853,Biological,BNT162b2,Not Specified
2854,Biological,T regulatory cells,Not Specified
2855,Drug,MSC-exosomes delivered intravenously every other day on an escalating dose: (2:4:8),Not Specified
2855,Drug,MSC-exosomes delivered intravenously every other day on an escalating dose (8:4:8),Not Specified
2855,Drug,MSC-exosomes delivered intravenously every other day (8:8:8),Not Specified
2856,Drug,CPI-006 2 mg/kg + SOC,Not Specified
2856,Drug,CPI-006 1 mg/kg + SOC,Not Specified
2856,Drug,Placebo + SOC,Not Specified
2857,Other,Proprietary extract of Nerium oleander,Not Specified
2858,Other,Mesenchymal stem cells,Not Specified
2859,Drug,Estetrol monohydrate 15 mg,Not Specified
2859,Drug,Placebo,Not Specified
2860,Diagnostic Test,CAG length <22,Not Specified
2860,Diagnostic Test,CAG length >=22,Not Specified
2861,Other,Respiratory supports,Not Specified
2862,Procedure,Stellate Ganglion Block,Not Specified
2863,Diagnostic Test,Procedure : Multimodal microvascular assessment at study inclusion,Not Specified
2865,Drug,Atorvastatin,Not Specified
2866,Drug,Acalabrutinib,Not Specified
2867,Drug,Acalabrutinib,Not Specified
2868,Drug,AZD1656,Not Specified
2868,Other,Placebo,Not Specified
2869,Drug,Nitazoxanide,Not Specified
2869,Drug,Placebo,Not Specified
2870,Other,Video Dance classes,Not Specified
2870,Other,Unsupervised physical activities,Not Specified
2871,Drug,Tocilizumab,Not Specified
2872,Drug,Chloroquine,Not Specified
2872,Drug,Hydroxychloroquine,Not Specified
2872,Other,standard care,Not Specified
2873,Drug,HB-adMSCs,Not Specified
2875,Drug,Favipiravir,Not Specified
2875,Drug,Oseltamivir 75mg,Not Specified
2876,Biological,LY3819253,Not Specified
2876,Drug,Placebo,Not Specified
2876,Biological,Remdesivir,Not Specified
2876,Biological,VIR-7831,Not Specified
2876,Biological,BRII-196/BRII-198,Not Specified
2876,Biological,AZD7442,Not Specified
2877,Drug,Telmisartan 40mg,Not Specified
2877,Drug,Placebo,Not Specified
2878,Drug,Hydroxychloroquine Sulfate Regular dose,Not Specified
2878,Drug,Hydroxychloroquine Sulfate Loading Dose,Not Specified
2878,Drug,Chloroquine,Not Specified
2878,Drug,Placebo,Not Specified
2879,Dietary Supplement,Glycine,Not Specified
2879,Dietary Supplement,N-acetylcysteine,Not Specified
2879,Dietary Supplement,Alanine,Not Specified
2880,Drug,18F-αvβ6-BP,Not Specified
2881,Drug,Levilimab,Not Specified
2881,Drug,Placebo,Not Specified
2882,Drug,Anakinra,Not Specified
2882,Drug,0.9% Saline,Not Specified
2883,Other,Physical exercise,Not Specified
2883,Behavioral,Education sessions,Not Specified
2885,Other,Online Survey about Dietary and Lifestyle Habits,Not Specified
2886,Behavioral,Brief educational video,Not Specified
2887,Drug,Omegaven®,Not Specified
2887,Drug,Sodium chloride,Not Specified
2888,Drug,Nafamostat Mesilate,Not Specified
2888,Drug,Placebo,Not Specified
2889,Diagnostic Test,Lung ultrasound,Not Specified
2890,Biological,GLS-5310,Not Specified
2890,Biological,Placebo,Not Specified
2891,Drug,Colchicine 1 MG Oral Tablet,Not Specified
2893,Biological,human cord tissue mesenchymal stromal cells,Not Specified
2894,Diagnostic Test,a specifically designed self-administered questionnaire,Not Specified
2895,Other,Human Biological samples,Not Specified
2896,Drug,Nitric Oxide,Not Specified
2897,Drug,Hydroxychloroquine 200 Mg Oral Tablet,Not Specified
2897,Drug,Azithromycin 250 MG,Not Specified
2898,Diagnostic Test,SAMBA II (Diagnostic for the Real World),Not Specified
2898,Diagnostic Test,Public Health England Gold Standard,Not Specified
2898,Diagnostic Test,Cambridge Validated Viral Detection Method,Not Specified
2898,Diagnostic Test,Radiological Detection,Not Specified
2899,Other,Immunological profiling,Not Specified
2900,Other,Quality-of-Life Assessment,Not Specified
2900,Other,Questionnaire Administration,Not Specified
2902,Biological,CYP-001,Not Specified
2903,Other,Passed infection of SARS-CoV-2,Not Specified
2904,Biological,Non applicable,Not Specified
2905,Other,Thrombin generation test assay,Not Specified
2905,Other,Fibrin generation markers assays,Not Specified
2906,Behavioral,Exercise,Not Specified
2906,Behavioral,Controls,Not Specified
2908,Other,RECOP unit patient,Not Specified
2909,Diagnostic Test,SARS-CoV-2 Antibody Analysis,Not Specified
2909,Diagnostic Test,Weck-cel Swab Collection,Not Specified
2909,Behavioral,Web Based Questionnaire,Not Specified
2910,Biological,anti-SARS-CoV-2 human convalescent plasma,Not Specified
2911,Other,COVID WHELD,Not Specified
2912,Drug,Berberine,Not Specified
2912,Drug,Montmorrillonite,Not Specified
2913,Combination Product,Shampoo and saline,Not Specified
2913,Combination Product,Saline and Listerine,Not Specified
2913,Combination Product,Shampoo and Listerine,Not Specified
2913,Combination Product,Saline and Saline,Not Specified
2914,Dietary Supplement,PreserVision AREDS formulation soft gels or tablets,Not Specified
2914,Dietary Supplement,Multivitamin with 11mg of zinc,Not Specified
2915,Drug,Hydroxychloroquine,Not Specified
2915,Drug,Placebo oral tablet,Not Specified
2917,Device,Ion Mobility Spectrometry (IMS),Not Specified
2918,Other,Human milk donors,Not Specified
2919,Drug,mometasone furoate nasal spray,Not Specified
2920,Biological,oral polio vaccine + information,Not Specified
2920,Behavioral,Information,Not Specified
2921,Other,Data collection (,Not Specified
2922,Diagnostic Test,Quidel Sofia SARS Antigen FIA,Not Specified
2925,Combination Product,Hydroxychloroquine Sulfate + Azithromycin,Not Specified
2925,Drug,Hydroxychloroquine Sulfate,Not Specified
2926,Other,"no interventions performed. Just collecting data, blood samples and post-mortem biopsies.",Not Specified
2927,Device,Flow controlled ventilation (Evone-ventilator),Not Specified
2928,Biological,Convalescent plasma,Not Specified
2929,Biological,Abatacept,Not Specified
2929,Other,Placebo,Not Specified
2931,Combination Product,Stem Cell Educator-Treated Mononuclear Cells Apheresis,Not Specified
2932,Combination Product,Hydroxycloroquine and Azythromycine,Not Specified
2932,Combination Product,Cospherunate/Azythromycine,Not Specified
2932,Combination Product,Cospherunate/Phytomedicine/Azythromycien,Not Specified
2933,Drug,NBT-NM108,Not Specified
2933,Other,Usual Care Only,Not Specified
2935,Drug,Niclosamide,Not Specified
2935,Drug,Placebo,Not Specified
2936,Behavioral,e-Psychotherapy,Not Specified
2937,Radiation,Non-enhanced CT scan of the chest,Not Specified
2938,Drug,Hydroxychloroquine,Not Specified
2938,Drug,Azithromycin,Not Specified
2939,Drug,Doxycycline,Not Specified
2939,Drug,Placebo,Not Specified
2941,Other,Respiratory Training,Not Specified
2941,Other,Aerobic training,Not Specified
2942,Dietary Supplement,Probiotic,Not Specified
2943,Other,blood sampling,Not Specified
2943,Other,additional blood tubes,Not Specified
2944,Other,Survey Administration,Not Specified
2945,Other,KB109 + Self Supportive Care (SSC),Not Specified
2945,Other,Self Supportive Care (SSC) Alone,Not Specified
2946,Device,PEP flute,Not Specified
2947,Other,Intervention group_rehabilitation program,Not Specified
2948,Device,Saliva test kit,Not Specified
2949,Other,Tested for SARS-CoV-2 (regardless of the result),Not Specified
2949,Other,Clinical diagnosis of COVID-19 by a health care professional,Not Specified
2950,Drug,Tofacitinib 10 mg,Not Specified
2950,Drug,Placebo,Not Specified
2951,Diagnostic Test,Nasal Swab,Not Specified
2951,Diagnostic Test,Nasopharyngeal swab,Not Specified
2951,Diagnostic Test,Throat swab,Not Specified
2951,Diagnostic Test,Fingerstick,Not Specified
2951,Diagnostic Test,Saliva specimen,Not Specified
2953,Drug,Crizanlizumab,Not Specified
2953,Other,0.9% saline,Not Specified
2954,Drug,Dociparstat sodium,Not Specified
2954,Drug,Placebo,Not Specified
2955,Drug,Povidone-Iodine,Not Specified
2955,Drug,Essential oils,Not Specified
2955,Other,Tap water,Not Specified
2956,Biological,MSCs,Not Specified
2957,Drug,Bempegaldesleukin,Not Specified
2957,Drug,Standard of Care,Not Specified
2957,Other,Placebo,Not Specified
2958,Behavioral,Deep Breathing Exercise with Triflo,Not Specified
2959,Drug,Enoxaparin,Not Specified
2960,Drug,LYT-100,Not Specified
2960,Other,Placebo,Not Specified
2961,Drug,Nivolumab,Not Specified
2962,Drug,Isavuconazonium Injection [Cresemba],Not Specified
2962,Drug,Placebo,Not Specified
2963,Drug,Interferon beta-1a,Not Specified
2963,Drug,Remdesivir,Not Specified
2964,Drug,Dose of tinzaparin or dalteparin,Not Specified
2965,Radiation,Low Dose Radiation Therapy (LD-RT),Not Specified
2965,Other,Sham irradiation,Not Specified
2966,Other,WHOQOL-BREF survey,Not Specified
2967,Biological,Human umbilical cord mesenchymal stem cells + best supportive care,Not Specified
2967,Other,Placebo control + best supportive care,Not Specified
2968,Other,Personal Protective Testing Booth,Not Specified
2969,Drug,Bovine Lipid Extract Surfactant,Not Specified
2970,Other,assessment of the sequelae after hospitalization for Sars-COV-2,Not Specified
2971,Other,no intervention. observational cohort study,Not Specified
2972,Device,Web-application,Not Specified
2973,Other,Retrospective data collection,Not Specified
2974,Drug,Ivermectin and Doxycycline,Not Specified
2974,Other,Placebo,Not Specified
2977,Drug,Anakinra Prefilled Syringe,Not Specified
2977,Drug,Tocilizumab Prefilled Syringe,Not Specified
2977,Drug,Standard-of-care treatment,Not Specified
2982,Biological,Two doses of medium dosage inactivated SARS-CoV-2 vaccine at the emergency vaccination schedule,Not Specified
2982,Biological,Two doses of high dosage inactivated SARS-CoV-2 vaccine at the emergency vaccination schedule,Not Specified
2982,Biological,Two doses of placebo at the emergency vaccination schedule,Not Specified
2982,Biological,Two doses of medium dosage inactivated SARS-CoV-2 vaccine at the routine vaccination schedule,Not Specified
2982,Biological,Two doses of high dosage inactivated SARS-CoV-2 vaccine at the routine vaccination schedule,Not Specified
2982,Biological,Two doses of placebo at the routine vaccination schedule,Not Specified
2983,Drug,Hydroxychloroquine Sulfate 200 MG [Plaquenil],Not Specified
2983,Drug,Azithromycin 250 MG Oral Capsule,Not Specified
2983,Drug,Placebo oral tablet,Not Specified
2983,Drug,Placebo oral capsule,Not Specified
2984,Drug,Pioglitazone 30 mg,Not Specified
2984,Other,standard of care,Not Specified
2985,Drug,Ibrutinib,Not Specified
2985,Other,Quality-of-Life Assessment,Not Specified
2986,Biological,Convalescent Plasma,Not Specified
2986,Other,Placebo,Not Specified
2987,Other,no intervention-mechanistic study,Not Specified
2988,Other,other,Not Specified
2989,Drug,Hydroxychloroquine,Not Specified
2989,Drug,Placebo oral tablet,Not Specified
2990,Biological,biological assays in particular on the lipid metabolism,Not Specified
2991,Diagnostic Test,ID NOW vs. Accula,Not Specified
2992,Other,No Intervention,Not Specified
2993,Drug,Early-Dexamethasone,Not Specified
2993,Drug,Late-Dexamethasone,Not Specified
2994,Biological,SCTA01,Not Specified
2994,Biological,SCTA01 Placebo,Not Specified
2995,Other,Physical Exercises,Not Specified
2996,Drug,Ivermectin,Not Specified
2997,Dietary Supplement,Vitamin D3 (cholecalciferol),Not Specified
2997,Dietary Supplement,Zinc (zinc gluconate),Not Specified
2997,Dietary Supplement,Zinc (zinc gluconate) & Vitamin D (cholecalciferol),Not Specified
2997,Other,Placebo,Not Specified
2998,Drug,Montelukast 10mg,Not Specified
2999,Drug,Remdesivir,Not Specified
2999,Drug,Standard of Care,Not Specified
3000,Drug,Pirfenidone,Not Specified
3000,Other,Standard of care,Not Specified
3001,Drug,liposomal lactoferrin,Not Specified
3002,Drug,REGN10933+REGN10987 combination therapy,Not Specified
3002,Drug,Placebo,Not Specified
3003,Biological,Thymic peptides,Not Specified
3004,Diagnostic Test,Pulmonary function tests,Not Specified
3004,Diagnostic Test,Imaging,Not Specified
3004,Biological,Blood sampling,Not Specified
3006,Drug,Povidone-Iodine,Not Specified
3008,Drug,Olokizumab 64 mg,Not Specified
3008,Drug,Placebo,Not Specified
3009,Other,No intervention,Not Specified
3010,Drug,Azithromycin,Not Specified
3010,Drug,Placebos,Not Specified
3011,Other,No intervention,Not Specified
3012,Drug,Treamid,Not Specified
3012,Drug,Placebo,Not Specified
3013,Drug,Placebo Administration,Not Specified
3013,Biological,Vaccine Therapy,Not Specified
3015,Drug,Corticosteroid with or without colchicine,Not Specified
3016,Diagnostic Test,Sit to stand test,Not Specified
3017,Drug,GX-I7,Not Specified
3018,Other,Questionnaire Administration,Not Specified
3019,Biological,ACT-20-MSC,Not Specified
3019,Biological,ACT-20-CM,Not Specified
3019,Biological,Placebo,Not Specified
3021,Biological,AntiSARS-CoV-2 Serum,Not Specified
3021,Other,Placebo,Not Specified
3022,Other,Data collection,Not Specified
3023,Device,Virtual reality therapy first,Not Specified
3023,Device,Conventional therapy first,Not Specified
3024,Drug,Prazosin,Not Specified
3024,Other,Standard of care,Not Specified
3025,Drug,Methylprednisolone,Not Specified
3025,Drug,Heparin,Not Specified
3026,Other,Web Based Survey,Not Specified
3028,Drug,favipiravir,Not Specified
3028,Drug,Standard of care therapy,Not Specified
3029,Drug,Niclosamide Oral Tablet,Not Specified
3029,Drug,Placebo,Not Specified
3030,Drug,Peginterferon Lambda-1A,Not Specified
3030,Other,placebo,Not Specified
3031,Drug,Favipiravir,Not Specified
3031,Drug,Placebos,Not Specified
3032,Biological,Mesenchymal stromal cells,Not Specified
3032,Other,Placebo,Not Specified
3033,Behavioral,Opt-In,Not Specified
3033,Behavioral,Preference,Not Specified
3033,Behavioral,Standard Message,Not Specified
3033,Behavioral,Clinician Endorsement,Not Specified
3033,Behavioral,Scarcity,Not Specified
3033,Behavioral,Opt-Out Framing,Not Specified
3033,Behavioral,Phone Call,Not Specified
3034,Drug,Placebos,Not Specified
3034,Drug,Leronlimab (700mg),Not Specified
3036,Other,HD-tDCS 4mA,Not Specified
3036,Other,HD-tDCS 2mA,Not Specified
3037,Dietary Supplement,Zinc gluconate,Not Specified
3037,Dietary Supplement,25-OH cholecalciferol,Not Specified
3038,Biological,CLBS119,Not Specified
3039,Device,Cordio App,Not Specified
3043,Drug,ABBV-47D11,Not Specified
3043,Drug,Placebo for ABBV-47D11,Not Specified
3043,Drug,ABBV-2B04,Not Specified
3043,Drug,Placebo for ABBV-2B04,Not Specified
3044,Diagnostic Test,"MRI (heart, brain, lungs, liver)",Not Specified
3044,Diagnostic Test,Bloodwork,Not Specified
3044,Other,Cognitive testing,Not Specified
3044,Other,Olfaction testing,Not Specified
3044,Diagnostic Test,Spirometry,Not Specified
3044,Other,Walk Test,Not Specified
3045,Biological,UB-612,Not Specified
3045,Biological,Placebo,Not Specified
3046,Drug,Remdesivir,Not Specified
3046,Drug,Standard of Care,Not Specified
3047,Device,Butterfly iQ,Not Specified
3048,Drug,BI 764198,Not Specified
3048,Drug,Placebo,Not Specified
3049,Other,Additional biological samples,Not Specified
3050,Drug,Hydroxychloroquine,Not Specified
3050,Drug,Azithromycin,Not Specified
3050,Drug,Placebo oral tablet,Not Specified
3051,Biological,Sputnik Light,Not Specified
3054,Drug,Placebo,Not Specified
3054,Drug,DuACT,Not Specified
3055,Combination Product,JS016 (anti-SARS-CoV-2 monoclonal antibody),Not Specified
3056,Other,"No intervention, this is an observational study that uses validated questionnaires and qualitative interviews..",Not Specified
3059,Drug,Clazakizumab,Not Specified
3059,Drug,Placebo,Not Specified
3060,Other,Inspiratory Muscle Training,Not Specified
3061,Drug,Remdesivir,Not Specified
3062,Drug,Chloroquine or Hydroxychloroquine,Not Specified
3063,Device,Threshold IMT device,Not Specified
3063,Other,Conventional physical therapy,Not Specified
3066,Diagnostic Test,Serology,Not Specified
3066,Genetic,Sequencing,Not Specified
3067,Dietary Supplement,Omni-Biotic Pro Vi 5,Not Specified
3067,Dietary Supplement,Placebo,Not Specified
3068,Other,data collecting,Not Specified
3069,Drug,BCG Vaccine,Not Specified
3069,Drug,Placebo,Not Specified
3070,Drug,Nicotine 7 mg/ 24h Transdermal Patch - 24 Hour,Not Specified
3070,Drug,Placebo of NICOTINE Transdermal patch,Not Specified
3071,Other,multisystem inflammatory syndrome in children (MIS-C),Not Specified
3072,Procedure,Surgical procedure for cancer,Not Specified
3073,Other,Sperm collection,Not Specified
3074,Drug,"Hydroxychloroquine , Sofosbuvir, daclatasvir",Not Specified
3074,Drug,Standard of care treatment,Not Specified
3075,Drug,Azithromycin,Not Specified
3076,Device,Thermography,Not Specified
3076,Device,Tympanic Temperature,Not Specified
3077,Drug,Lucinactant,Not Specified
3078,Drug,Favipiravir,Not Specified
3078,Other,Standard of care management,Not Specified
3079,Drug,Dexamethasone,Not Specified
3080,Biological,SARS-CoV-2 vaccine formulation 1 with adjuvant 1,Not Specified
3080,Biological,SARS-CoV-2 vaccine formulation 1 with adjuvant 2,Not Specified
3080,Biological,SARS-CoV-2 vaccine formulation 2 with adjuvant 1,Not Specified
3080,Biological,SARS-CoV-2 vaccine formulation 2 with adjuvant 2,Not Specified
3080,Biological,SARS-CoV-2 vaccine formulation 2 without adjuvant,Not Specified
3080,Biological,Placebo (0.9% normal saline),Not Specified
3081,Diagnostic Test,Nasopharyngeal (NP) swab,Not Specified
3082,Drug,MRx-4DP0004,Not Specified
3082,Drug,Placebo,Not Specified
3083,Other,Questionnaire,Not Specified
3084,Other,telehealth applications,Not Specified
3086,Drug,FoTv,Not Specified
3088,Drug,BMS-986253,Not Specified
3089,Drug,Ivermectin,Not Specified
3089,Drug,Placebo,Not Specified
3090,Biological,Convalescent plasma,Not Specified
3091,Biological,mRNA-1273,Not Specified
3091,Biological,Placebo,Not Specified
3093,Other,Media Intervention,Not Specified
3093,Procedure,Meditation Therapy,Not Specified
3093,Other,Quality-of-Life Assessment,Not Specified
3093,Other,Questionnaire Administration,Not Specified
3093,Procedure,Yoga,Not Specified
3094,Drug,Niclosamide Oral Tablet,Not Specified
3094,Drug,Placebo,Not Specified
3095,Drug,Ivermectin,Not Specified
3096,Biological,BNT162b2,Not Specified
3096,Other,Placebo,Not Specified
3097,Procedure,Biospecimen Collection,Not Specified
3097,Other,Questionnaire Administration,Not Specified
3099,Drug,Experimental Group,Not Specified
3099,Drug,Placebo Group,Not Specified
3100,Other,Prone Positioning,Not Specified
3102,Drug,Camostat Mesilate,Not Specified
3102,Drug,Placebo oral tablet,Not Specified
3103,Drug,IV Dexamethasone,Not Specified
3103,Drug,Nasal Dexamethasone,Not Specified
3104,Biological,SARS-Cov-2 neutralizing antibody titer,Not Specified
3105,Drug,Artemisinin / Artesunate,Not Specified
3105,Other,placebo,Not Specified
3106,Other,no intervention,Not Specified
3107,Other,Urine Collection,Not Specified
3108,Drug,Enoxaparin,Not Specified
3110,Other,"No intervention, observational",Not Specified
3111,Other,COVID-19 survey,Not Specified
3111,Other,RAPID-3,Not Specified
3111,Other,WHOQOL-BREF,Not Specified
3111,Other,DASS-21 instrument (depression and anxiety),Not Specified
3111,Other,IER-R (posttraumatic stress),Not Specified
3113,Other,Questionnaire-based observational study,Not Specified
3114,Other,Endoscopic management according to standard of care,Not Specified
3115,Biological,Screening test for covid ( RT PCR and CT Chest),Not Specified
3116,Drug,Rapamycin,Not Specified
3116,Drug,Placebo,Not Specified
3117,Drug,Experimental drug,Not Specified
3118,Device,ANNE One,Not Specified
3119,Device,Splenic Ultrasound,Not Specified
3120,Biological,BNT162b2,Not Specified
3121,Drug,Razuprotafib Subcutaneous Solution,Not Specified
3121,Drug,Placebo Subcutaneous Solution,Not Specified
3122,Biological,COVID-19 Vaccine,Not Specified
3123,Other,No intervention,Not Specified
3124,Behavioral,Video-based Psychotherapy,Not Specified
3125,Diagnostic Test,Laboratory Analyses,Not Specified
3126,Dietary Supplement,"Ddrops® products, 50,000 IU, Oral",Not Specified
3126,Dietary Supplement,Vitamin D3,Not Specified
3127,Procedure,Follow-up at 14 days,Not Specified
3128,Diagnostic Test,Blood sample,Not Specified
3129,Drug,inhaled type I interferon,Not Specified
3129,Drug,WFI water nebulization,Not Specified
3130,Drug,HB-adMSC,Not Specified
3130,Drug,Placebo,Not Specified
3131,Drug,Azithromycin,Not Specified
3131,Drug,Hydroxychloroquine,Not Specified
3131,Drug,Lopinavir 200Mg/Ritonavir 50Mg Tab,Not Specified
3132,Drug,Gargle/Mouthwash,Not Specified
3134,Drug,Thymalfasin,Not Specified
3135,Drug,Nitazoxanide,Not Specified
3135,Drug,Placebo,Not Specified
3136,Other,Psychoeducational intervention,Not Specified
3137,Behavioral,Mindfulness session(s),Not Specified
3139,Diagnostic Test,Serological tests will be applied on patients blood sampling,Not Specified
3140,Device,Caption AI,Not Specified
3141,Device,AKL-T01,Not Specified
3142,Drug,Omega 3 fatty acid,Not Specified
3143,Drug,Molixan,Not Specified
3143,Drug,Placebo,Not Specified
3144,Other,samling of oropharynx and nasopharynx,Not Specified
3145,Device,Oxygen Therapy,Not Specified
3145,Procedure,Physical Therapy,Not Specified
3146,Diagnostic Test,Brainstem Responses Assessment Sedation Score (BRASS),Not Specified
3146,Diagnostic Test,Electroencephalogram with EKG lead,Not Specified
3147,Other,questionnaire assesment,Not Specified
3148,Other,No intervention,Not Specified
3150,Other,Clinical data,Not Specified
3151,Other,Sample collection,Not Specified
3152,Drug,topical steroids and cyclosporin-A,Not Specified
3153,Device,vv-ECMO + cytokine adsorption (Cytosorb adsorber),Not Specified
3153,Device,vv-ECMO only (no cytokine adsorption),Not Specified
3154,Behavioral,Fixed site standard of care testing,Not Specified
3154,Behavioral,"Community-based, mobile van testing",Not Specified
3154,Behavioral,"Self-collected, home-based testing",Not Specified
3156,Behavioral,Gamification,Not Specified
3156,Behavioral,Newsfeed function,Not Specified
3157,Other,PRO-SERO-COV,Not Specified
3158,Drug,Ruxolitinib,Not Specified
3158,Procedure,Peripheral blood draw,Not Specified
3159,Drug,Ivermectin Tablets,Not Specified
3161,Other,quality of live assessment,Not Specified
3162,Diagnostic Test,Multitest 6 color TBNK and BD Lyotubes,Not Specified
3163,Behavioral,Online instruction,Not Specified
3163,Behavioral,In-person instruction,Not Specified
3164,Biological,Longeveron Mesenchymal Stem Cells (LMSCs),Not Specified
3164,Other,Placebo,Not Specified
3165,Drug,Fluvoxamine,Not Specified
3165,Drug,Placebo,Not Specified
3167,Drug,albuterol sulfate (MDI),Not Specified
3167,Drug,albuterol sulfate (nebulizer),Not Specified
3168,Other,Usual Care,Not Specified
3168,Drug,Anakinra,Not Specified
3168,Drug,Siltuximab,Not Specified
3168,Drug,Tocilizumab,Not Specified
3170,Drug,Oxygen,Not Specified
3172,Drug,Tociliuzumab,Not Specified
3173,Drug,Cannabidiol,Not Specified
3174,Procedure,Prone position,Not Specified
3175,Biological,BNT162b2,Not Specified
3175,Other,Placebo,Not Specified
3176,Drug,Spironolactone + Dexamethasone,Not Specified
3176,Drug,Standard-of-care SARS-CoV-2 treatment,Not Specified
3177,Drug,Hydroxychloroquine,Not Specified
3178,Diagnostic Test,"urinary NGAL, TIMP-2, IGFBP7, IL-6, viral load and metabolomic",Not Specified
3179,Drug,Colchicine,Not Specified
3179,Drug,Interferon-Beta,Not Specified
3179,Drug,Aspirin,Not Specified
3179,Drug,Rivaroxaban,Not Specified
3180,Drug,Favipiravir,Not Specified
3181,Drug,Enoxaparin Higher Dose,Not Specified
3181,Drug,Lower-dose prophylactic anticoagulation,Not Specified
3183,Drug,BLD-2660,Not Specified
3184,Behavioral,PT-Pal,Not Specified
3184,Behavioral,Self-guided exercises,Not Specified
3185,Radiation,Low Dose Radiotherapy,Not Specified
3186,Radiation,Radiation therapy,Not Specified
3187,Drug,Ivermectin,Not Specified
3188,Other,No interventions,Not Specified
3190,Drug,Melphalan,Not Specified
3190,Other,Standard of care,Not Specified
3191,Drug,Abatacept,Not Specified
3192,Drug,Apixaban 2.5 MG,Not Specified
3192,Drug,Placebo,Not Specified
3193,Drug,MethylPREDNISolone 80 Mg/mL Injectable Suspension,Not Specified
3194,Drug,LB1148,Not Specified
3194,Drug,Placebo,Not Specified
3195,Radiation,Radiotherapy,Not Specified
3196,Drug,Hydroxychloroquine,Not Specified
3196,Drug,Azithromycin,Not Specified
3196,Drug,Zinc Sulfate,Not Specified
3196,Drug,Doxycycline,Not Specified
3199,Other,Blood sample and data record,Not Specified
3200,Drug,semaglutide,Not Specified
3201,Drug,ALLOGENEIC AND EXPANDED ADIPOSE TISSUE-DERIVED MESENCHYMAL STEM CELLS,Not Specified
3202,Diagnostic Test,Chest computed tomography (CT),Not Specified
3202,Diagnostic Test,Reverse-transcription polymerase chain reaction (RT-PCR),Not Specified
3203,Drug,Tocilizumab (TCZ),Not Specified
3203,Drug,Placebo,Not Specified
3204,Drug,Growth Hormone,Not Specified
3204,Drug,Placebo,Not Specified
3206,Other,Suspension or Maintenance of Angiotensin Receptor Blockers and Angiotensin-converting Enzyme Inhibitors,Not Specified
3207,Dietary Supplement,Zinc Sulfate 220 MG,Not Specified
3207,Drug,Placebo,Not Specified
3208,Other,Group A (Sample Collection),Not Specified
3208,Other,Group B (Sample Collection),Not Specified
3208,Diagnostic Test,On-Site Testing (LumiraDx),Not Specified
3209,Drug,Endothelial Protocol,Not Specified
3210,Other,Wearing surgical face mask sprayed with hypertonic saline,Not Specified
3213,Drug,Sirukumab,Not Specified
3213,Drug,Placebo,Not Specified
3213,Other,Standard of Care (SOC),Not Specified
3214,Device,CT-imaging,Not Specified
3216,Other,blood sampling,Not Specified
3217,Drug,CBD,Not Specified
3217,Drug,Placebo,Not Specified
3219,Drug,Apixaban 2.5 MG,Not Specified
3219,Drug,Placebo,Not Specified
3221,Drug,Prasugrel Hydrochloride 10 MG Oral Tablet,Not Specified
3221,Drug,Placebo,Not Specified
3222,Drug,PF-06650833,Not Specified
3222,Drug,Placebo,Not Specified
3223,Drug,Sodium Bicarbonate 150Meq/L/D5W Inj,Not Specified
3224,Other,Breathing exercise with the phone application,Not Specified
3224,Other,Breathing exercise,Not Specified
3225,Drug,Dexamethasone,Not Specified
3226,Diagnostic Test,SARS-CoV-2 testing on the Eppendorf Thermal Cycler PCR system using self-collected saliva as the specimen,Not Specified
3227,Other,Telephone survey,Not Specified
3229,Drug,YinHu QingWen Decoction,Not Specified
3229,Drug,YinHu QingWen Decoction(low dose),Not Specified
3229,Other,Chinese medicine treatment,Not Specified
3229,Other,standard western medicine treatment,Not Specified
3230,Drug,Baricitinib,Not Specified
3230,Drug,Placebo,Not Specified
3231,Diagnostic Test,PET-CT of 18F-FDG,Not Specified
3232,Biological,mRNA-1273,Not Specified
3232,Biological,Placebo,Not Specified
3233,Biological,Nebulized Platelet Lysate,Not Specified
3233,Other,Nebulized Sterile Saline,Not Specified
3234,Biological,Serology,Not Specified
3235,Drug,Aspirin 100mg,Not Specified
3236,Other,questionnaire assesment,Not Specified
3239,Other,survey,Not Specified
3239,Other,Interview,Not Specified
3240,Other,Self measurement with pulse oximeter,Not Specified
3241,Diagnostic Test,Lung ultrasound,Not Specified
3242,Biological,NasoVAX,Not Specified
3242,Other,Placebo,Not Specified
3243,Drug,Colchicine,Not Specified
3244,Other,Questionnaires for specific phobia,Not Specified
3245,Drug,Anticoagulation Agents (Edoxaban and/or high dose LMWH),Not Specified
3245,Drug,Low dose Low molecular weight heparin or Placebo,Not Specified
3246,Drug,AAT( Alpha 1 Antitrypsin),Not Specified
3247,Drug,Zilucoplan®,Not Specified
3247,Drug,Placebo,Not Specified
3248,Drug,LAU-7b,Not Specified
3248,Drug,Placebo oral capsule,Not Specified
3250,Drug,Nafamostat Mesilate,Not Specified
3250,Biological,Convalescent plasma,Not Specified
3250,Drug,Enoxaparin,Not Specified
3250,Drug,Dalteparin,Not Specified
3250,Drug,Tinzaparin,Not Specified
3250,Drug,Aspirin,Not Specified
3251,Drug,BI 767551 intravenous,Not Specified
3251,Drug,BI 767551 inhaled,Not Specified
3251,Drug,Placebo intravenous,Not Specified
3251,Drug,Placebo inhaled,Not Specified
3252,Drug,Gimsilumab,Not Specified
3252,Drug,Placebo,Not Specified
3253,Procedure,Stellate Ganglion Block,Not Specified
3254,Other,Self-prone position recommendation,Not Specified
3254,Other,Usual care,Not Specified
3256,Biological,Biological: mRNA-1273,Not Specified
3256,Biological,Placebo,Not Specified
3256,Biological,mRNA-1273.351,Not Specified
3257,Diagnostic Test,Peripheral blood sampling,Not Specified
3258,Drug,Sildenafil citrate tablets,Not Specified
3259,Drug,"Patch, Nicotine",Not Specified
3259,Drug,"Patch, Placebo",Not Specified
3260,Behavioral,Training session adressing information and health literacy,Not Specified
3261,Drug,OP-101,Not Specified
3261,Drug,Placebo,Not Specified
3262,Other,"no intervention will be administered, this is a retrospective observational study.",Not Specified
3263,Diagnostic Test,Peripheral venous ultrasound,Not Specified
3264,Diagnostic Test,Lung Function tests,Not Specified
3264,Diagnostic Test,Exercise capacity,Not Specified
3264,Diagnostic Test,Exercise physiology,Not Specified
3264,Diagnostic Test,Health-related quality of life,Not Specified
3264,Diagnostic Test,"Respiratory symptoms, symptoms of anxiety and depression, and post-traumatic stress screening",Not Specified
3267,Drug,Apixaban 2.5 MG,Not Specified
3267,Drug,Apixaban 5MG,Not Specified
3267,Drug,Aspirin,Not Specified
3267,Drug,Placebo,Not Specified
3268,Biological,INO-4800,Not Specified
3268,Device,CELLECTRA® 2000,Not Specified
3268,Other,Saline-sodium citrate (SSC) buffer,Not Specified
3269,Drug,"Vitamin D3 50,000 IU",Not Specified
3269,Dietary Supplement,Vitamin C/Zinc,Not Specified
3269,Dietary Supplement,Vitamin K2/D,Not Specified
3269,Other,Microcrystalline Cellulose Capsule,Not Specified
3269,Other,Medium Chain Triglyceride Oil,Not Specified
3270,Drug,Rivaroxaban,Not Specified
3270,Drug,Placebo,Not Specified
3272,Drug,SNO,Not Specified
3272,Drug,Nitrogen gas,Not Specified
3273,Other,ILR implantation,Not Specified
3274,Drug,Interferon beta-1b,Not Specified
3274,Drug,Ribavirin,Not Specified
3276,Other,oxygen mask,Not Specified
3277,Drug,"Ivermectin 5 MG/ML oral solution, Aspirin 250 mg tablets",Not Specified
3277,Other,"Ivermectin 5 mg/mL oral solution, Dexamethasone 4-mg injection, Aspirin 250 mg tablets",Not Specified
3277,Other,"Ivermectin 5 MG/ML oral solution, Dexamethasone 4-mg injection, Enoxaparin injection. Inpatient treatment with mechanical ventilation in ICU.",Not Specified
3278,Other,no intervention,Not Specified
3279,Diagnostic Test,A questionnaire or scales,Not Specified
3280,Drug,Remdesivir,Not Specified
3280,Drug,Acalabrutinib,Not Specified
3280,Drug,Interferon beta-1a,Not Specified
3280,Other,Standard of Care,Not Specified
3282,Drug,Oral-B Mouth Sore mouthwash,Not Specified
3282,Drug,Crest Pro-Health Multi-Protection mouthwash,Not Specified
3282,Drug,CloSYS Ultra Sensitive Rinse mouthwash,Not Specified
3282,Drug,Distilled water,Not Specified
3282,Drug,Listerine Zero Mouthwash Product,Not Specified
3283,Behavioral,Tele-delivered psychological intervention,Not Specified
3285,Other,This is an online survey with no intervention.,Not Specified
3286,Other,Physiotherapy,Not Specified
3287,Other,No intervention,Not Specified
3289,Drug,Tocilizumab 20 MG/ML Intravenous Solution [ACTEMRA]_#1,Not Specified
3289,Drug,Tocilizumab 20 MG/ML Intravenous Solution [ACTEMRA]_#1 (2 doses),Not Specified
3290,Biological,GAMUNEX-C,Not Specified
3290,Drug,Standard Medical Treatment,Not Specified
3291,Biological,SARS-CoV-2 virus vaccines,Not Specified
3291,Diagnostic Test,AMH sampling,Not Specified
3293,Behavioral,Full VEPMP Intervention,Not Specified
3293,Behavioral,Partial VEPMP Intervention,Not Specified
3293,Behavioral,Delayed VEPMP Intervention,Not Specified
3294,Procedure,laparoscopic or open appendicectomy,Not Specified
3295,Biological,Autologous HB-adMSC's,Not Specified
3297,Drug,Dexmedetomidine Injectable Product,Not Specified
3298,Drug,Ensifentrine Dose 1,Not Specified
3298,Drug,Placebo pMDI,Not Specified
3299,Drug,ISIS 721744,Not Specified
3299,Drug,Normal Saline,Not Specified
3301,Drug,Vit D,Not Specified
3302,Diagnostic Test,Schirmer Test I,Not Specified
3303,Device,Hypothermia,Not Specified
3303,Drug,Neuromuscular Blocking Agents,Not Specified
3303,Device,Standard of Care,Not Specified
3304,Dietary Supplement,Oxaloacetate Medical Food/Dietary Supplement,Not Specified
3305,Drug,Bromhexine Oral Tablet and/or hydroxychloroquine tablet,Not Specified
3306,Other,Prone Positioning,Not Specified
3306,Other,Supine Positioning,Not Specified
3307,Drug,Rivaroxaban 10 MG,Not Specified
3308,Other,Prone,Not Specified
3308,Other,Usual Care,Not Specified
3309,Drug,Heparin,Not Specified
3309,Drug,Placebo,Not Specified
3310,Drug,Tofacitinib,Not Specified
3311,Other,Muscle-target oral nutritional supplementation,Not Specified
3312,Drug,AstroStem-V,Not Specified
3315,Other,frequency,Not Specified
3316,Drug,Angiotensin converting enzyme inhibitor,Not Specified
3316,Drug,Angiotensin II Receptor Blockers,Not Specified
3317,Drug,Omega-3 Fatty Acid Supplement,Not Specified
3317,Drug,Placebo/Control,Not Specified
3318,Drug,oral co-trimoxazole,Not Specified
3319,Drug,Etoposide,Not Specified
3320,Other,Not applicable as observational study,Not Specified
3321,Drug,ivermectin,Not Specified
3321,Drug,hydroxychloroquine,Not Specified
3321,Drug,Placebo,Not Specified
3322,Drug,Ruxolitinib,Not Specified
3324,Dietary Supplement,Ovotransferrin,Not Specified
3325,Other,No interverntion,Not Specified
3326,Drug,LY3127804,Not Specified
3326,Drug,Placebo,Not Specified
3327,Other,Online Survey,Not Specified
3329,Procedure,Neonatal resuscitation with PPE for the prevention of SARS-Cov-2 infection,Not Specified
3329,Procedure,Neonatal resuscitation without PPE for the prevention of SARS-Cov-2 infection,Not Specified
3330,Diagnostic Test,"Point of care ultrasound including echocardiography, lung ultrasound, vascular ultrasound",Not Specified
3331,Drug,chloroquine,Not Specified
3331,Other,standard care,Not Specified
3333,Drug,EC-18,Not Specified
3333,Drug,Placebo EC-18,Not Specified
3334,Drug,Isoquercetin (IQC-950AN),Not Specified
3335,Dietary Supplement,Vitamin D,Not Specified
3337,Behavioral,Neurocognitive assessment,Not Specified
3338,Other,Exercise training,Not Specified
3339,Drug,Standardized Brazilian Green Propolis Extract,Not Specified
3339,Drug,Placebo,Not Specified
3340,Drug,Recombinant human plasma gelsolin (Rhu-pGSN),Not Specified
3340,Other,Placebo,Not Specified
3341,Biological,BNT162b3,Not Specified
3342,Behavioral,Communication,Not Specified
3343,Other,Interview,Not Specified
3344,Diagnostic Test,Videofluoroscopic Swallowing Study (VFSS),Not Specified
3346,Drug,Favipiravir,Not Specified
3346,Drug,Azithromycin,Not Specified
3347,Biological,CVnCoV Vaccine,Not Specified
3347,Drug,Placebo,Not Specified
3348,Other,No intervention; observational study,Not Specified
3349,Drug,Colchicine,Not Specified
3349,Other,Local standard of care,Not Specified
3351,Biological,F-652,Not Specified
3351,Biological,Placebo,Not Specified
3352,Dietary Supplement,"D-beta-hydroxybutyrate-(R)-1,3 butanediol monoester",Not Specified
3352,Dietary Supplement,Placebo,Not Specified
3353,Biological,GRAd-COV2,Not Specified
3353,Other,Placebo,Not Specified
3354,Biological,Umbilical Cord Mesenchymal Stem Cells + Heparin along with best supportive care.,Not Specified
3354,Other,Vehicle + Heparin along with best supportive care,Not Specified
3355,Drug,Alvelestat,Not Specified
3355,Drug,Placebo,Not Specified
3356,Dietary Supplement,Açaí palm berry extract - natural product,Not Specified
3356,Other,Placebo,Not Specified
3357,Drug,Dexamethasone injection,Not Specified
3357,Drug,Placebos,Not Specified
3358,Biological,DZIF-10c,Not Specified
3358,Other,Placebo,Not Specified
3359,Drug,GX-19N,Not Specified
3360,Drug,Disulfiram,Not Specified
3360,Drug,Placebo,Not Specified
3363,Diagnostic Test,Global Longitudinal Strain,Not Specified
3364,Other,Travelan OTC,Not Specified
3365,Drug,Hydroxychloroquine,Not Specified
3366,Other,No intervention,Not Specified
3367,Drug,Aspirin,Not Specified
3367,Drug,Losartan,Not Specified
3367,Drug,Simvastatin,Not Specified
3368,Drug,Lopinavir/ritonavir,Not Specified
3368,Drug,Hydroxychloroquine sulfate,Not Specified
3369,Biological,2019-nCoV PCR,Not Specified
3370,Other,Neuromuscular Electrical Stimulation,Not Specified
3370,Other,Physical Therapy Exercise,Not Specified
3371,Other,Survey,Not Specified
3373,Other,Data collection and clinical testing of subjects,Not Specified
3374,Other,Cross-sectional survey,Not Specified
3375,Drug,Hydroxychloroquine,Not Specified
3375,Drug,Mannitol,Not Specified
3376,Drug,alpha1-proteinase inhibitor,Not Specified
3376,Drug,Antiviral Agents,Not Specified
3377,Other,Health Questionnaire,Not Specified
3378,Drug,Desidustat,Not Specified
3378,Other,Standard of Care,Not Specified
3379,Diagnostic Test,4C mortality score,Not Specified
3380,Biological,Asunercept,Not Specified
3382,Diagnostic Test,Pulmonary function testing,Not Specified
3383,Drug,rNAPc2,Not Specified
3383,Drug,Heparin,Not Specified
3384,Drug,Camostat Mesilate,Not Specified
3384,Drug,Placebo,Not Specified
3384,Drug,Hydroxychloroquine,Not Specified
3385,Other,No intervention / Compare the difference in respiratory rate between H0 and H12 of the initiation of morphine between the control and interventional groups,Not Specified
3386,Biological,Convalescent Plasma,Not Specified
3387,Drug,Bemiparin sodium,Not Specified
3388,Procedure,Therapeutic Plasma Exchange,Not Specified
3388,Drug,Ruxolitinib,Not Specified
3389,Drug,Enoxaparin,Not Specified
3391,Drug,NOX66,Not Specified
3392,Other,survey,Not Specified
3393,Drug,Ascorbic Acid,Not Specified
3394,Behavioral,HADS,Not Specified
3394,Behavioral,a survey,Not Specified
3395,Behavioral,Online Intervention Mental Health COVID-19,Not Specified
3397,Device,Medical Mask,Not Specified
3397,Device,N95 respirator,Not Specified
3398,Behavioral,A $10 Survey Incentive,Not Specified
3398,Behavioral,A $20 Survey Incentive,Not Specified
3398,Behavioral,Emphasis of Government Involvement,Not Specified
3398,Behavioral,Emphasis of Academic Researchers Involvement,Not Specified
3398,Behavioral,Cost-Benefit Frame,Not Specified
3398,Behavioral,Duty Frame,Not Specified
3398,Behavioral,Racial/Ethnic Frame,Not Specified
3398,Behavioral,No Messaging,Not Specified
3400,Drug,Methylprednisolone,Not Specified
3401,Other,A survey of 60 questions was created through the internet-based 'Google Forms surveys' site.,Not Specified
3402,Behavioral,insurance navigation,Not Specified
3404,Behavioral,Chat-based support,Not Specified
3404,Behavioral,AWARD plus COVID-specific advice,Not Specified
3404,Behavioral,AWARD advice,Not Specified
3404,Behavioral,COVID-19 related health warning leaflet,Not Specified
3404,Behavioral,Health warning leaflet,Not Specified
3404,Behavioral,SMS-based support,Not Specified
3404,Behavioral,Referral card,Not Specified
3404,Behavioral,COSH Self-help smoking cessation booklet,Not Specified
3406,Other,Diet tracking and survey,Not Specified
3407,Drug,FNC+Standard of Care,Not Specified
3407,Drug,FNC dummy tablet+Standard of Care,Not Specified
3408,Drug,Camostat Mesilate,Not Specified
3408,Drug,Placebo,Not Specified
3409,Drug,Human immunoglobulin,Not Specified
3409,Drug,Placebo,Not Specified
3411,Diagnostic Test,indirect calorimetry,Not Specified
3412,Biological,Human Amniotic Fluid,Not Specified
3413,Drug,Favipiravir,Not Specified
3413,Other,Placebo,Not Specified
3414,Diagnostic Test,echocardiogram 2D,Not Specified
3415,Diagnostic Test,iAMP test,Not Specified
3416,Drug,theraputic heparin,Not Specified
3416,Drug,prophylactic heparin,Not Specified
3416,Drug,P2Y12,Not Specified
3418,Device,Monitoring physiological data with the Hexoskin smart shirt,Not Specified
3419,Drug,Tocilizumab (TCZ),Not Specified
3419,Drug,Placebo,Not Specified
3420,Biological,MesenCure,Not Specified
3422,Drug,Saline oral/nasal rinse,Not Specified
3422,Drug,0.5% Povidone/Iodine oral/nasal rinse,Not Specified
3422,Drug,0.12% Chlorhexidine oral/nasal rinse,Not Specified
3423,Behavioral,High intensity interval training,Not Specified
3423,Behavioral,Standard care,Not Specified
3424,Biological,VXA-CoV2-1,Not Specified
3425,Biological,Recombinant novel coronavirus vaccine (Adenovirus type 5 vector),Not Specified
3425,Other,Placebo,Not Specified
3426,Drug,Pegylated Interferon-α2b,Not Specified
3426,Other,Standard of Care,Not Specified
3427,Combination Product,Hyperbaric oxygen treatment (HBOT) i.e. inhalation of pressurized oxygen delivered by a hyperbaric chamber (drug/device),Not Specified
3428,Drug,hzVSF-v13,Not Specified
3428,Drug,Placebo (Normal saline solution),Not Specified
3429,Drug,Linagliptin 5 MG,Not Specified
3430,Device,Hyperbaric oxygen,Not Specified
3430,Device,Sham,Not Specified
3431,Drug,Ivermectin Oral Product,Not Specified
3432,Behavioral,Environmental exposure and clinical features,Not Specified
3433,Biological,EuCorVac-19,Not Specified
3433,Other,Normal Saline,Not Specified
3434,Device,hyperbaric oxygen therapy (HBOT),Not Specified
3435,Drug,Tranexamic acid,Not Specified
3435,Drug,Placebo oral tablet,Not Specified
3436,Drug,NK-1R antagonist,Not Specified
3437,Other,Data collection,Not Specified
3438,Drug,Tocilizumab,Not Specified
3439,Biological,Ampion,Not Specified
3439,Other,Saline,Not Specified
3441,Drug,Remdesivir,Not Specified
3441,Drug,Lopinavir/ Ritonavir and Remdesivir combination,Not Specified
3442,Drug,Essential amino acids,Not Specified
3442,Dietary Supplement,Maltodextrin,Not Specified
3443,Dietary Supplement,Vitamin D,Not Specified
3444,Drug,Chloroquine Sulfate,Not Specified
3444,Drug,Hydroxychloroquine,Not Specified
3444,Other,Standard supportive care,Not Specified
3445,Drug,Convalescent plasma,Not Specified
3446,Diagnostic Test,COVID-antibody test,Not Specified
3448,Drug,Tempol,Not Specified
3448,Other,Placebo,Not Specified
3449,Other,MR-Pro-ADM,Not Specified
3450,Drug,ATR-002,Not Specified
3450,Drug,Placebo,Not Specified
3451,Biological,Convalescent plasma,Not Specified
3451,Drug,Standard of care,Not Specified
3452,Diagnostic Test,Savicell's ImmunoBiopsy™,Not Specified
3453,Device,RD-X19,Not Specified
3454,Drug,EC-18,Not Specified
3454,Drug,Placebo,Not Specified
3455,Drug,Prednisone,Not Specified
3456,Drug,hzVSF-v13,Not Specified
3456,Drug,Placebo (Normal saline solution),Not Specified
3457,Drug,Nitazoxanide 500Mg Oral Tablet,Not Specified
3458,Drug,Ruxolitinib,Not Specified
3459,Drug,Placebo,Not Specified
3459,Drug,Tocilizumab,Not Specified
3460,Drug,UNIKINON (Chloroquine phosphate) 200mg tablets,Not Specified
3461,Drug,Colchicine,Not Specified
3462,Diagnostic Test,CT-scan,Not Specified
3462,Diagnostic Test,EEG,Not Specified
3462,Diagnostic Test,EP,Not Specified
3462,Diagnostic Test,Pulse oximetry,Not Specified
3462,Diagnostic Test,Blood tests,Not Specified
3463,Drug,Allocetra-OTS,Not Specified
3463,Other,Ringer's lactate,Not Specified
3464,Drug,Hydroxychloroquine,Not Specified
3464,Drug,Ivermectin,Not Specified
3465,Behavioral,Nudge,Not Specified
3466,Drug,GNS561,Not Specified
3467,Biological,Ampion,Not Specified
3467,Other,Standard of Care,Not Specified
3468,Biological,Convalescent plasma,Not Specified
3469,Dietary Supplement,Ketogenic diet with phytoextracts,Not Specified
3470,Behavioral,Phone-call screening and management by a medical student/general practitioner tandem,Not Specified
3471,Drug,"Nitric Oxide lozenges, 30 mg",Not Specified
3471,Drug,Placebo,Not Specified
3473,Other,Pulmonary telerehabilitation,Not Specified
3473,Other,progressive muscle relaxation training,Not Specified
3474,Drug,Camostat,Not Specified
3475,Behavioral,Home-based exercise training,Not Specified
3476,Biological,Ampion,Not Specified
3476,Other,Standard of Care,Not Specified
3477,Device,GO2 PEEP MOUTHPIECE,Not Specified
3478,Other,impliminting Online Distance Learning,Not Specified
3479,Drug,Enoxaparin Prefilled Syringe [Lovenox],Not Specified
3480,Other,venous ultrasound,Not Specified
3480,Other,blood sample,Not Specified
3481,Device,Innova Lateral Flow Device,Not Specified
3482,Behavioral,Expressive writing,Not Specified
3483,Procedure,Plasma exchange and convalescent plasma,Not Specified
3484,Drug,hzVSF-v13,Not Specified
3484,Drug,Placebo (Normal saline solution),Not Specified
3485,Drug,Meplazumab for Injection,Not Specified
3486,Other,Hypothermia Via Cooling Machine- Arctic Sun 5000,Not Specified
3487,Dietary Supplement,zinc gluconate and ascorbic acid,Not Specified
3489,Drug,Tinzaparin or unfractionated heparin,Not Specified
3490,Behavioral,Intervention program,Not Specified
3491,Other,No intervention,Not Specified
3492,Procedure,Prone Position (PP),Not Specified
3493,Drug,Ivermectin Oral Product,Not Specified
3493,Drug,Placebo,Not Specified
3494,Drug,Colchicine Tablets,Not Specified
3494,Other,Current care per UCLA treating physicians,Not Specified
3495,Drug,Fingolimod 0.5 mg,Not Specified
3496,Other,measurement of circulating sFlt1 concentration,Not Specified
3497,Other,Remote controlled exercise,Not Specified
3497,Other,Home exercise,Not Specified
3498,Biological,mRNA-1273,Not Specified
3499,Diagnostic Test,Specimen Collection,Not Specified
3499,Diagnostic Test,Surveys,Not Specified
3500,Drug,Zotatifin,Not Specified
3500,Drug,Placebo,Not Specified
3502,Drug,Remdesivir,Not Specified
3502,Drug,Remdesivir placebo,Not Specified
3503,Other,CHEST CT SCAN,Not Specified
3505,Biological,25 µg SpFN_1B-06-PL + ALFQ (QS21 Adjuvant),Not Specified
3505,Drug,"Sodium chloride, USP, for injection (0.9% NaCl)",Not Specified
3505,Biological,50 µg SpFN_1B-06-PL + ALFQ (QS21 Adjuvant),Not Specified
3506,Device,CanSwab,Not Specified
3507,Biological,SCTA01,Not Specified
3507,Other,Placebo,Not Specified
3508,Other,Follow up,Not Specified
3509,Drug,Dexamethasone,Not Specified
3509,Drug,Methylprednisolone,Not Specified
3510,Device,Telerehabilitation,Not Specified
3511,Drug,Enoxaparin,Not Specified
3511,Drug,Rivaroxaban,Not Specified
3512,Drug,Bevacizumab,Not Specified
3513,Drug,Anakinra +/- Ruxolitinib (stages 2b/3),Not Specified
3513,Drug,Anakinra and Ruxolitinib (Advanced stage 3),Not Specified
3513,Drug,Tocilizumab +/- ruxolitinib (stages 2b/3),Not Specified
3513,Drug,Tocilizumab and Ruxolitinib (Advanced stage 3),Not Specified
3513,Other,Standard of care,Not Specified
3514,Drug,1.5-2% w/v Hydrogen Peroxide,Not Specified
3514,Drug,0.12% Chlorhexidine Gluconate,Not Specified
3514,Drug,21% Ethanol plus essential oils,Not Specified
3514,Drug,1% w/v Povidone-iodide,Not Specified
3514,Drug,0.075% Cetylpyridinium Chloride,Not Specified
3514,Other,Saline,Not Specified
3515,Drug,TD-0903,Not Specified
3515,Drug,Placebo,Not Specified
3516,Other,"Surgery: Dynamic Hip Screw, hemiarthroplasty, hip replacement, intramedullary nail",Not Specified
3517,Other,quesionnair,Not Specified
3518,Drug,Hydroxychloroquine,Not Specified
3519,Diagnostic Test,Sampling salivary,Not Specified
3520,Device,Senti V1.0 Device,Not Specified
3521,Drug,Nitazoxanide Tablets,Not Specified
3521,Drug,Placebo,Not Specified
3522,Drug,Drug: Isotretinoin(Aerosolized 13 cis retinoic acid) plus Aerosolized Itraconazole,Not Specified
3522,Drug,Drug: Isotretinoin(Aerosolized 13 cis retinoic acid),Not Specified
3523,Behavioral,Questionnaire,Not Specified
3523,Biological,blood sample and salivary sample,Not Specified
3524,Other,ACUTE KIDNEY INJURY,Not Specified
3525,Diagnostic Test,Imaging of the lungs,Not Specified
3526,Drug,DWJ1248 with Remdesivir,Not Specified
3526,Drug,Placebo with Remdesivir,Not Specified
3528,Drug,50 mg/mL Virazole,Not Specified
3528,Drug,100 mg/mL Virazole,Not Specified
3529,Drug,Ruxolitinib Oral Tablet,Not Specified
3530,Drug,Nitazoxanide,Not Specified
3530,Drug,Placebo,Not Specified
3531,Biological,CoronoVac Vaccine,Not Specified
3533,Other,DASS questionnaire,Not Specified
3533,Other,EAT-26 questionnaire,Not Specified
3534,Behavioral,Expressive writing,Not Specified
3536,Other,Awake proning,Not Specified
3537,Biological,CK0802,Not Specified
3537,Drug,Placebo,Not Specified
3538,Behavioral,Questionnaire,Not Specified
3539,Diagnostic Test,Chest CT scan + baseline spirometry,Not Specified
3540,Drug,Hydroxychloroquine,Not Specified
3540,Drug,Placebo oral tablet,Not Specified
3541,Drug,Hydroxychloroquine,Not Specified
3542,Diagnostic Test,Lung CT,Not Specified
3543,Drug,Nitazoxanide,Not Specified
3543,Drug,Placebo,Not Specified
3544,Biological,MVC-COV1901 (High-Dose),Not Specified
3544,Biological,MVC-COV1901(Mid-Dose),Not Specified
3546,Drug,50 mg/mL Virazole,Not Specified
3546,Drug,100 mg/mL Virazole,Not Specified
3547,Drug,UNI911 INHALATION,Not Specified
3548,Drug,canakinumab,Not Specified
3549,Drug,MPT0B640,Not Specified
3550,Drug,Dexamethasone and Hydroxychloroquine,Not Specified
3550,Drug,Hydroxychloroquine,Not Specified
3552,Drug,Famotidine,Not Specified
3552,Drug,N-Acetyl cysteine,Not Specified
3553,Drug,Melatonin intravenous,Not Specified
3553,Drug,Placebo intravenous,Not Specified
3554,Drug,Hydroxychloroquine Sulfate,Not Specified
3554,Drug,Azithromycin Tablets,Not Specified
3555,Other,Questionnaire,Not Specified
3556,Drug,Bucillamine,Not Specified
3556,Drug,Placebo,Not Specified
3557,Drug,Sitagliptin,Not Specified
3558,Procedure,alveolar recruitment,Not Specified
3559,Biological,Peginterferon beta-1a,Not Specified
3561,Drug,TriCor® 145mg tablets,Not Specified
3561,Other,Usual Care,Not Specified
3561,Other,Placebo,Not Specified
3562,Drug,HCQ,Not Specified
3562,Drug,Azithromycin,Not Specified
3562,Drug,Doxycycline,Not Specified
3562,Dietary Supplement,Zinc,Not Specified
3563,Drug,Hydroxychloroquine sulfate &Azithromycin,Not Specified
3563,Drug,Placebo,Not Specified
3564,Drug,ATYR1923 1 mg/kg,Not Specified
3564,Drug,ATYR1923 3 mg/kg,Not Specified
3564,Drug,Placebo,Not Specified
3565,Biological,NestaCell®,Not Specified
3565,Biological,Placebo,Not Specified
3566,Drug,Hydroxychloroquine Sulfate,Not Specified
3566,Drug,Azithromycin Tablets,Not Specified
3567,Device,NİCaS,Not Specified
3568,Biological,avdoralimab,Not Specified
3568,Other,Placebo,Not Specified
3569,Drug,Tocilizumab,Not Specified
3569,Drug,Placebo,Not Specified
3570,Other,KB109 + Self Supportive Care (SSC),Not Specified
3570,Other,Self Supportive Care (SSC) Alone,Not Specified
3571,Drug,Meplazumab for Injection,Not Specified
3571,Drug,Sterile normal saline (0.9%),Not Specified
3572,Drug,Sirolimus,Not Specified
3572,Drug,Placebo,Not Specified
3573,Diagnostic Test,"Electrocardiography ,Tomographic imaging",Not Specified
3574,Behavioral,Telephonic interview during the Italian lockdown.,Not Specified
3575,Biological,Mesenchymal Stromal Cells,Not Specified
3575,Other,Supportive Care,Not Specified
3576,Procedure,Placenta-Derived MMSCs; Cryopreserved Placenta-Derived Multipotent Mesenchymal Stromal Cells,Not Specified
3576,Drug,Antibiotics,Not Specified
3576,Drug,Hormones,Not Specified
3576,Drug,Anticoagulant Therapy,Not Specified
3576,Device,Оxygen therapy,Not Specified
3577,Other,CAM-ICU 7 score,Not Specified
3577,Other,4C Mortality Score,Not Specified
3578,Biological,Convalescent Plasma,Not Specified
3578,Other,Saline solution,Not Specified
3579,Drug,Carrimycin,Not Specified
3579,Drug,Placebo,Not Specified
3580,Drug,Ramipril 2.5 MG Oral Capsule,Not Specified
3580,Drug,Placebo oral capsule,Not Specified
3581,Biological,eculizumab,Not Specified
3582,Drug,Clazakizumab,Not Specified
3582,Drug,Placebo,Not Specified
3583,Biological,AdCLD-CoV19,Not Specified
3584,Other,Moderate Intensity Aerobic Exercises,Not Specified
3585,Drug,Progesterone 100 MG,Not Specified
3586,Drug,NuSepin® 0.1 mg,Not Specified
3586,Drug,NuSepin® 0.2 mg,Not Specified
3586,Drug,Placebo,Not Specified
3587,Diagnostic Test,Biological sample collection,Not Specified
3588,Other,Extra blood sample,Not Specified
3589,Drug,intermediate dose Enoxaparin/ unfractionated heparin,Not Specified
3589,Drug,standard prophylactic dose Enoxaparin/ unfractionated heparin,Not Specified
3589,Drug,Atorvastatin 20mg,Not Specified
3589,Drug,Matched placebo,Not Specified
3590,Drug,Tetrandrine,Not Specified
3591,Diagnostic Test,Oxidative Stress ELISA Kit,Not Specified
3592,Dietary Supplement,Niagen,Not Specified
3593,Combination Product,INOpulse,Not Specified
3593,Combination Product,Placebo,Not Specified
3594,Drug,Tofacitinib,Not Specified
3594,Drug,Hydroxychloroquine,Not Specified
3595,Drug,Dose of Tinzaparin or Dalteparin,Not Specified
3596,Other,"Collection of blood, salivary and nasopharyngeal samples.",Not Specified
3597,Biological,Convalescent Plasma,Not Specified
3598,Other,Observational,Not Specified
3599,Dietary Supplement,Acetyl L-Carnitine,Not Specified
3600,Drug,Inhaled nitric oxide (iNO),Not Specified
3600,Drug,Nitrogen gas,Not Specified
3600,Drug,Oxygen gas,Not Specified
3601,Other,blood sample,Not Specified
3602,Drug,Lanadelumab,Not Specified
3602,Other,Placebo,Not Specified
3603,Diagnostic Test,Olfactory test,Not Specified
3604,Other,Breathing exercise,Not Specified
3605,Drug,hydroxychloroquine in combination with camostat mesylate,Not Specified
3605,Drug,Hydroxychloroquine in combination of Azithromycin,Not Specified
3606,Other,none - observational,Not Specified
3608,Other,Survey research,Not Specified
3609,Drug,EDP1815,Not Specified
3609,Drug,Placebo,Not Specified
3610,Diagnostic Test,Rapid Diagnostic Test vs PCR,Not Specified
3611,Drug,Ivermectin + Doxycycline + Placebo,Not Specified
3611,Drug,Ivermectin + Placebo,Not Specified
3611,Drug,Placebo,Not Specified
3612,Device,aerosol box,Not Specified
3612,Device,transparent sheet,Not Specified
3613,Drug,Reparixin,Not Specified
3613,Drug,Standard of care,Not Specified
3614,Biological,CYNK-001,Not Specified
3615,Device,Hyperbaric oxygen therapy,Not Specified
3616,Other,Yoga,Not Specified
3617,Device,VibroLUNG,Not Specified
3618,Biological,COVID-19 vaccines,Not Specified
3619,Other,Survey administration,Not Specified
3621,Drug,Camostat,Not Specified
3621,Drug,Placebo,Not Specified
3622,Other,standard operating procedures,Not Specified
3623,Drug,LY3819253,Not Specified
3623,Drug,Placebo,Not Specified
3624,Drug,AT-527,Not Specified
3624,Other,Placebo,Not Specified
3625,Drug,Dasatinib Anhydrous,Not Specified
3625,Drug,Placebo Administration,Not Specified
3626,Biological,UC-MSCs,Not Specified
3626,Drug,Placebo,Not Specified
3628,Other,pregnant women with laboratory-confirmed 2019-n-CoV,Not Specified
3629,Other,in-hospital mortality rate,Not Specified
3630,Drug,Azithromycin,Not Specified
3630,Drug,Hydroxychloroquine,Not Specified
3630,Drug,Placebo oral tablet,Not Specified
3631,Drug,Favipiravir,Not Specified
3632,Behavioral,EI Open ended Pre-Survey and Semi Structured Interview,Not Specified
3632,Behavioral,Behavioral and Cognitive Assessment,Not Specified
3632,Behavioral,Geneva Emotional Competence Test (GECO),Not Specified
3633,Drug,BAT2020,Not Specified
3634,Drug,Baricitinib Oral Tablet [Olumiant],Not Specified
3634,Drug,Remdesivir,Not Specified
3634,Drug,Dexamethasone,Not Specified
3635,Drug,Bevacizumab Injection,Not Specified
3636,Other,non interventional study,Not Specified
3638,Behavioral,Online support Group,Not Specified
3639,Drug,Sarilumab,Not Specified
3639,Drug,Azithromycin,Not Specified
3639,Drug,Hydroxychloroquine,Not Specified
3640,Drug,Hydroxychloroquine,Not Specified
3641,Other,pregnant women with laboratory-confirmed 2019-n-CoV,Not Specified
3642,Drug,Hydroxychloroquine,Not Specified
3642,Other,The control group will not receive hydroxychloroquine,Not Specified
3643,Drug,Tocilizumab,Not Specified
3644,Procedure,Therapeutic Plasma exchange,Not Specified
3644,Biological,Convalescent Plasma,Not Specified
3644,Drug,Tocilizumab,Not Specified
3644,Drug,Remdesivir,Not Specified
3644,Biological,Mesenchymal stem cell therapy,Not Specified
3645,Other,Health supplements,Not Specified
3646,Drug,Chloroquine or Hydroxychloroquine,Not Specified
3646,Drug,Lopinavir/Ritonavir,Not Specified
3646,Other,Best standard of care,Not Specified
3646,Drug,Rivaroxaban,Not Specified
3646,Drug,Thromboprophylaxis,Not Specified
3646,Drug,Candesartan,Not Specified
3646,Drug,non-RAS blocking antihypertensives,Not Specified
3646,Drug,Remdesivir,Not Specified
3646,Drug,Asunercept 400mg,Not Specified
3646,Drug,Asunercept 100mg,Not Specified
3646,Drug,Asunercept 25mg,Not Specified
3646,Drug,Pentaglobin,Not Specified
3647,Drug,Favipiravir,Not Specified
3648,Other,Body position change,Not Specified
3649,Drug,Thiazide or Thiazide-like diuretics,Not Specified
3649,Drug,Calcium Channel Blockers,Not Specified
3649,Drug,ACE inhibitor,Not Specified
3649,Drug,Angiotensin receptor blocker,Not Specified
3650,Drug,EXO-CD24,Not Specified
3651,Drug,Ambrisentan,Not Specified
3651,Drug,Placebo,Not Specified
3652,Behavioral,Mindfulness Based Cognitive Therapy for Resilience During COVID-19 plus CHAMindWell,Not Specified
3652,Behavioral,Internet Cognitive Behavioral Therapy plus CHAMindWell,Not Specified
3652,Behavioral,CHAMindWell,Not Specified
3653,Diagnostic Test,Questionnaire,Not Specified
3655,Other,Questionnaire,Not Specified
3656,Drug,Azithromycin,Not Specified
3656,Drug,Hydroxychloroquine,Not Specified
3656,Drug,Placebo,Not Specified
3657,Biological,Recombinant Novel Coronavirus Vaccine (Adenovirus Type 5 Vector),Not Specified
3657,Biological,Placebo,Not Specified
3660,Other,EPIC risk score display,Not Specified
3661,Drug,Montelukast,Not Specified
3661,Other,placebo,Not Specified
3662,Device,Closed-loop control of oxygen supplementation by O2matic,Not Specified
3663,Behavioral,General Communication Message,Not Specified
3663,Behavioral,Focused/Targeted Message,Not Specified
3663,Behavioral,Best Message Alone,Not Specified
3663,Behavioral,Best Message + Augmented Message or Implementation Strategy,Not Specified
3664,Drug,MSTT1041A,Not Specified
3664,Drug,MSTT1041A-matched Placebo,Not Specified
3664,Drug,UTTR1147A,Not Specified
3664,Drug,UTTR1147A-matched Placebo,Not Specified
3665,Device,CRI management,Not Specified
3666,Other,Caring Contacts Plus Introductory Phone Call (CC+),Not Specified
3666,Other,Caring Contacts without an introductory phone call (CC),Not Specified
3667,Drug,Nuvastatic,Not Specified
3668,Diagnostic Test,Blood Tests,Not Specified
3669,Other,blood draw,Not Specified
3670,Diagnostic Test,Pleth variability index,Not Specified
3672,Diagnostic Test,serology,Not Specified
3673,Biological,BNT162b2,Not Specified
3673,Other,Placebo,Not Specified
3674,Device,SensiumVitals wearable sensor,Not Specified
3675,Biological,TAK-919,Not Specified
3675,Biological,Placebo,Not Specified
3676,Drug,Levamisole Pill + Budesonide+Formoterol inhaler,Not Specified
3676,Drug,Lopinavir/Ritonavir + hydoxychloroquine,Not Specified
3677,Drug,Ruxolitinib,Not Specified
3677,Drug,Fostamatinib,Not Specified
3677,Other,Standard of care,Not Specified
3678,Drug,Remdesivir,Not Specified
3678,Drug,Tocilizumab,Not Specified
3678,Drug,Placebo,Not Specified
3680,Other,Observational study,Not Specified
3682,Device,Active PBMT/sMF,Not Specified
3682,Device,Placebo PBMT/sMF,Not Specified
3683,Drug,Vitamin D,Not Specified
3683,Drug,Placebo,Not Specified
3684,Drug,Trans Sodium Crocetinate,Not Specified
3684,Drug,Normal saline,Not Specified
3685,Other,Treatment group,Not Specified
3686,Biological,Novaferon,Not Specified
3686,Biological,Placebo,Not Specified
3687,Drug,Ivermectin,Not Specified
3687,Other,Placebo,Not Specified
3689,Behavioral,Telemedicine visit,Not Specified
3689,Behavioral,In-person postoperative visit,Not Specified
3690,Drug,"Hydroxychloroquine, Azithromycin",Not Specified
3690,Drug,"Hydroxychloroquine, Doxycycline",Not Specified
3690,Drug,"Hydroxychloroquine, Clindamycin",Not Specified
3690,Drug,"Hydroxychloroquine, Clindamycin, Primaquine - low dose.",Not Specified
3690,Drug,"Hydroxychloroquine, Clindamycin, Primaquine - high dose.",Not Specified
3690,Drug,Remdesivir,Not Specified
3690,Drug,Tocilizumab,Not Specified
3690,Drug,Methylprednisolone,Not Specified
3690,Drug,Interferon-Alpha2B,Not Specified
3690,Drug,Losartan,Not Specified
3690,Drug,Convalescent Serum,Not Specified
3691,Other,Digital Storytelling Intervention,Not Specified
3692,Drug,Ophtamesone,Not Specified
3693,Drug,Theophylline Powder,Not Specified
3694,Diagnostic Test,[68Ga]Ga-DOTA-(RGD)2 PET/CT,Not Specified
3695,Drug,Losartan,Not Specified
3696,Drug,PHR160 Spray,Not Specified
3696,Drug,Placebo,Not Specified
3696,Drug,Standard treatment,Not Specified
3697,Other,ICU treatment,Not Specified
3698,Biological,Lenzilumab,Not Specified
3698,Drug,Standard of Care,Not Specified
3699,Biological,Recombinant new coronavirus vaccine (CHO cell) group,Not Specified
3699,Biological,Recombinant new coronavirus vaccine (CHO cells) placebo group,Not Specified
3700,Other,Water,Not Specified
3700,Other,Peroxyl,Not Specified
3700,Drug,Periogard,Not Specified
3700,Other,Colgate Total Zero,Not Specified
3701,Drug,Polyoxidonium,Not Specified
3702,Other,Decision tool for clinicians,Not Specified
3703,Diagnostic Test,biological samples day of delivery,Not Specified
3704,Radiation,Low-dose radiotherapy,Not Specified
3704,Drug,Hydroxychloroquine Sulfate,Not Specified
3704,Drug,Ritonavir/lopinavir,Not Specified
3704,Drug,Tocilizumab Injection [Actemra],Not Specified
3704,Drug,Azithromycin,Not Specified
3704,Drug,Corticosteroid,Not Specified
3704,Drug,Low molecular weight heparin,Not Specified
3704,Device,Oxygen supply,Not Specified
3705,Biological,Plasma exchange,Not Specified
3705,Drug,Standar medical treatmen,Not Specified
3706,Drug,Fuzheng Huayu Tablet,Not Specified
3706,Drug,Vitamin C tablets,Not Specified
3706,Other,Placebo,Not Specified
3706,Other,respiratory function rehabilitation training,Not Specified
3707,Drug,Clazakizumab 25 mg,Not Specified
3707,Drug,Clazakizumab 12.5 mg,Not Specified
3707,Other,Placebo,Not Specified
3709,Biological,Tigerase® and best available care,Not Specified
3709,Other,Best available care,Not Specified
3710,Drug,Standard of Care (SOC) + ANG-3777,Not Specified
3710,Drug,Standard Of Care (SOC) + Placebo,Not Specified
3711,Drug,Nafamostat Mesylate,Not Specified
3712,Drug,Regadenoson,Not Specified
3712,Other,Placebo Control,Not Specified
3713,Drug,Human Ezrin Peptide 1 (HEP1),Not Specified
3713,Drug,Placebo,Not Specified
3714,Other,Blood draw,Not Specified
3715,Drug,Hydroxychloroquine Sulfate,Not Specified
3716,Behavioral,Covid19,Not Specified
3717,Diagnostic Test,Saliva collection,Not Specified
3719,Dietary Supplement,Omnibiotic AAD,Not Specified
3719,Dietary Supplement,Placebo,Not Specified
3721,Drug,Bamlanivimab,Not Specified
3722,Drug,nangibotide,Not Specified
3722,Drug,placebo,Not Specified
3724,Dietary Supplement,Vitamin D,Not Specified
3725,Drug,Opaganib,Not Specified
3725,Drug,Placebo,Not Specified
3726,Drug,unfractionated Heparin,Not Specified
3727,Biological,Convalescent Plasma,Not Specified
3727,Drug,Standard of care,Not Specified
3728,Drug,Hydroxychloroquine,Not Specified
3728,Drug,Remdesivir,Not Specified
3728,Other,(Standard of Care) SoC,Not Specified
3730,Diagnostic Test,microcirculation recording,Not Specified
3731,Other,"Serum zinc, vitamin d vitamin b12 levels .",Not Specified
3732,Dietary Supplement,SivoMixx (200 billion),Not Specified
3732,Drug,Azithromycin,Not Specified
3732,Drug,hydroxychloroquine,Not Specified
3733,Other,Group 1,Not Specified
3734,Procedure,Blood draw,Not Specified
3735,Drug,Prednisone,Not Specified
3736,Device,Dexcom G6,Not Specified
3737,Drug,Remestemcel-L,Not Specified
3738,Behavioral,Lifestyle program,Not Specified
3739,Biological,hAd5-S-Fusion+N-ETSD vaccine,Not Specified
3740,Drug,Povidine iodine nasal swabs,Not Specified
3741,Drug,Rayaldee 30Mcg Extended-Release (ER) Capsule,Not Specified
3741,Drug,Placebo,Not Specified
3742,Biological,CCP,Not Specified
3744,Drug,Medium dose prednisolone,Not Specified
3744,Drug,Low dose prednisolone,Not Specified
3745,Drug,ArtemiC,Not Specified
3745,Drug,Placebo,Not Specified
3746,Diagnostic Test,Gustatory and olfactory function test,Not Specified
3746,Diagnostic Test,Molecular assessment of saliva,Not Specified
3747,Drug,Colchicine,Not Specified
3747,Drug,Standard treatment,Not Specified
3749,Drug,allogeneic mesenchymal stem cell,Not Specified
3749,Other,Placebo,Not Specified
3750,Other,thromboprofylaxis protocol,Not Specified
3750,Other,standard protocol,Not Specified
3751,Procedure,Combined use of a respiratory broad panel multiplex PCR and procalcitonin,Not Specified
3751,Other,Usual antibiotic treatment,Not Specified
3752,Drug,Losartan,Not Specified
3752,Other,Placebo,Not Specified
3753,Other,No intervention,Not Specified
3756,Other,Education,Not Specified
3757,Drug,ZYESAMI™ (aviptadil acetate),Not Specified
3757,Drug,Placebo,Not Specified
3757,Device,Nebulized administration of ZYESAMI™ or Placebo,Not Specified
3758,Drug,Heparin,Not Specified
3758,Drug,0.9% Sodium-chloride,Not Specified
3760,Drug,Tenecteplase,Not Specified
3760,Drug,Placebo,Not Specified
3761,Drug,Enoxaparin Prophylactic Dose,Not Specified
3761,Drug,Heparin Infusion,Not Specified
3761,Drug,Heparin SC,Not Specified
3761,Drug,Enoxaparin/Lovenox Intermediate Dose,Not Specified
3762,Dietary Supplement,Targeted Wellness Formula C™ Sublingual Drops - 1200mg - 30 mL (Formula C),Not Specified
3763,Other,questionnaire filling,Not Specified
3764,Device,power breathe,Not Specified
3766,Biological,Collection of blood samples in order to create a biocollection,Not Specified
3767,Drug,Hydroxychloroquine,Not Specified
3767,Drug,Mucodentol,Not Specified
3767,Device,Personal protective equipment,Not Specified
3768,Biological,Remestemcel-L,Not Specified
3768,Drug,Hydrocortisone,Not Specified
3768,Drug,Diphenhydramine,Not Specified
3769,Drug,Nitazoxanide,Not Specified
3770,Other,"Questionnaire including validated tools such as Patient Health Questionnaire (PHQ-9), the 7-item Generalised Anxiety Disorder (GAD- 7), the 7-item insomnia severity index",Not Specified
3770,Other,"Questionnaire, same tools as before, with inclusion of PCL5 questionnaire too.",Not Specified
3770,Other,Informed consent,Not Specified
3771,Drug,Nivolumab Injection,Not Specified
3772,Other,oxygen treatment,Not Specified
3773,Drug,Senicapoc,Not Specified
3774,Device,MetaNeb® System,Not Specified
3775,Diagnostic Test,ELISPOT,Not Specified
3776,Behavioral,Personalized health education,Not Specified
3776,Behavioral,General health education,Not Specified
3777,Other,Additional biological samples,Not Specified
3778,Other,"Questionnaires, spirometry",Not Specified
3779,Other,Pulmonary ultrasound,Not Specified
3780,Other,Rapid antibody test,Not Specified
3781,Other,No intervention,Not Specified
3782,Other,PRAYER,Not Specified
3783,Drug,Hydroxychloroquine,Not Specified
3783,Other,Placebo,Not Specified
3784,Procedure,Extended sampling and procedures,Not Specified
3785,Other,Best Practice,Not Specified
3785,Biological,Mesenchymal Stem Cell,Not Specified
3786,Other,Therapeutic Exercise,Not Specified
3787,Drug,Rejuveinix (RJX) Active Comparator,Not Specified
3787,Drug,Placebo Comparator,Not Specified
3789,Drug,XCEL-UMC-BETA,Not Specified
3789,Other,Placebo,Not Specified
3790,Drug,vadadustat,Not Specified
3790,Drug,placebo,Not Specified
3791,Drug,Sulfur hexafluoride lipid-type A microspheres,Not Specified
3792,Other,dialysis,Not Specified
3793,Drug,Carrimycin,Not Specified
3793,Drug,lopinavir/ritonavir tablets or Arbidol or chloroquine phosphate,Not Specified
3793,Drug,basic treatment,Not Specified
3794,Other,Completion of pre-pandemic survey,Not Specified
3794,Other,Completion of survey after peak of pandemic,Not Specified
3794,Other,Completion of post telemedicine encounter survey,Not Specified
3795,Biological,BCG vaccine,Not Specified
3795,Other,Placebo,Not Specified
3796,Drug,"Cannabis, Medical",Not Specified
3798,Dietary Supplement,Best Standard of Care + CARDIO,Not Specified
3798,Dietary Supplement,Best Standard of Care,Not Specified
3799,Diagnostic Test,"Biomarker (TropT, Myoglobin, CK, CK-MB, LDH, D-dimer, CRP, PCT)",Not Specified
3800,Other,Observational of different courses of SARS-CoV-2 infection in different phases (acute vs. post-acute) and settings,Not Specified
3801,Other,nasopharyngeal swabbing procedure (self swabbing first),Not Specified
3801,Other,nasopharyngeal swabbing procedure (conventionnal swabbing first),Not Specified
3803,Diagnostic Test,Echocardiography,Not Specified
3804,Behavioral,psychological assessment,Not Specified
3805,Other,Data record,Not Specified
3807,Drug,Baricitinib Oral Tablet,Not Specified
3808,Behavioral,Generalized Anxiety Disorder-7 (GAD-7),Not Specified
3808,Behavioral,Patient Health Questionnaire-9 (PHQ-9),Not Specified
3810,Other,No intervention,Not Specified
3811,Dietary Supplement,Vitamin C,Not Specified
3811,Dietary Supplement,melatonin,Not Specified
3811,Dietary Supplement,Placebo,Not Specified
3811,Other,Symptom Survey,Not Specified
3812,Other,Telerehabilitation,Not Specified
3812,Other,exercise brochure,Not Specified
3813,Drug,DAS181,Not Specified
3813,Drug,Placebo,Not Specified
3813,Drug,DAS181 COVID-19,Not Specified
3813,Drug,DAS181 OL,Not Specified
3816,Procedure,Sphenopalatine Ganglion Block with Local Anesthetic,Not Specified
3816,Procedure,Sphenopalatine Ganglion Block with Placebo (Isotone NaCl),Not Specified
3816,Procedure,"""Sham""-block with Placebo (Isotone NaCl)",Not Specified
3817,Drug,EIDD-2801,Not Specified
3817,Drug,Placebo (PBO),Not Specified
3818,Drug,Pioglitazone 45 mg,Not Specified
3819,Procedure,Awake prone positioning,Not Specified
3819,Procedure,Standard oxygen therapy,Not Specified
3820,Drug,Ascorbic acid,Not Specified
3821,Other,Questionnaire,Not Specified
3821,Diagnostic Test,IgG,Not Specified
3825,Other,Online questionnaire,Not Specified
3826,Drug,Defibrotide 25 mg/kg 24 hours continuous infusion for 15 days,Not Specified
3826,Drug,Placebo 250 cc 24 hours continuous infusion for 15 days,Not Specified
3827,Other,Paraclinical examination,Not Specified
3827,Other,Clinical Examination,Not Specified
3827,Other,Semi-directive interview,Not Specified
3827,Other,quality of life questionnaires,Not Specified
3828,Drug,Bardoxolone Methyl,Not Specified
3828,Drug,Placebo,Not Specified
3829,Drug,Yinhu Qingwen Granula,Not Specified
3829,Drug,Yin Hu Qing Wen Granula(low does),Not Specified
3829,Other,standard medical treatment,Not Specified
3830,Other,No intervention,Not Specified
3831,Procedure,Chest physiotherapy using a non-invasive oscillating device,Not Specified
3832,Drug,TJ003234,Not Specified
3832,Drug,Placebo,Not Specified
3833,Drug,Dexamethasone,Not Specified
3834,Drug,Montelukast Oral Tablet,Not Specified
3834,Drug,Montelukast plus Favicovir (Favipiravir),Not Specified
3834,Drug,Favicovir (Standard Treatment),Not Specified
3835,Biological,Intravenous Infusions of Stem Cells,Not Specified
3837,Diagnostic Test,"SuPAR, C-reactive protein, Ferritin, D-Dimer, Procalcitonin, Interleukin-6, Lactate Dehydrogenase",Not Specified
3838,Drug,Nintedanib 150 MG [Ofev],Not Specified
3838,Other,Placebo,Not Specified
3840,Drug,Angiotensin II,Not Specified
3840,Drug,Interleukin-1 receptor antagonist,Not Specified
3841,Drug,Placebo,Not Specified
3841,Drug,Fisetin,Not Specified
3842,Drug,Ruxolitinib administration,Not Specified
3843,Other,Questionnaire by phone call,Not Specified
3844,Biological,BNT162b2,Not Specified
3845,Drug,AVM0703,Not Specified
3845,Drug,Placebo,Not Specified
3846,Other,Case fatality rate,Not Specified
3847,Biological,UC-MSCs,Not Specified
3847,Biological,Saline containing 1% Human serum albumin（solution without UC-MSCs）,Not Specified
3848,Biological,Blood sample,Not Specified
3848,Biological,Serum tube collection,Not Specified
3849,Drug,Pulmozyme,Not Specified
3849,Drug,Placebo,Not Specified
3850,Drug,Methylprednisolone,Not Specified
3850,Other,standard care,Not Specified
3851,Biological,SARSCoV2 Convalescent Plasma,Not Specified
3852,Biological,BM-MSCs,Not Specified
3852,Biological,Placebo,Not Specified
3853,Biological,DZIF-10c,Not Specified
3853,Drug,Placebo,Not Specified
3854,Other,DECT,Not Specified
3855,Other,non applicable,Not Specified
3857,Drug,RLS-0071,Not Specified
3857,Drug,Placebo,Not Specified
3858,Device,Hyperbaric Chamber,Not Specified
3859,Drug,Eculizumab,Not Specified
3860,Drug,Remdesivir,Not Specified
3860,Other,Standard of care treatment,Not Specified
3861,Other,not applicable (observational study),Not Specified
3862,Drug,Mavrilimumab,Not Specified
3862,Drug,Placebo,Not Specified
3863,Biological,TAK-019,Not Specified
3863,Biological,Placebo,Not Specified
3864,Dietary Supplement,L-citrulline,Not Specified
3864,Other,Placebo,Not Specified
3865,Other,Prone position,Not Specified
3865,Other,Supine position,Not Specified
3866,Biological,convalescent plasma,Not Specified
3868,Device,CT-V,Not Specified
3870,Other,non-interventional,Not Specified
3871,Drug,Ibudilast,Not Specified
3871,Drug,Placebo,Not Specified
3873,Biological,ChAdV68-S,Not Specified
3873,Biological,ChAdV68-S-TCE,Not Specified
3873,Biological,SAM-LNP-S,Not Specified
3873,Biological,SAM-LNP-S-TCE,Not Specified
3873,Other,"Sodium Chloride, 0.9%",Not Specified
3874,Drug,Angiotensin 1-7,Not Specified
3875,Device,Audio-Visual Triage System (AVT),Not Specified
3876,Other,Respiratory and psychological rehabilitation,Not Specified
3878,Drug,Interferon beta-1a,Not Specified
3878,Other,Placebo,Not Specified
3878,Drug,Remdesivir,Not Specified
3879,Diagnostic Test,standardized Lung Ultrasound (LUS) examination,Not Specified
3880,Drug,Dexamethasone (high dose),Not Specified
3881,Drug,Mavrilimumab,Not Specified
3881,Drug,Placebos,Not Specified
3882,Dietary Supplement,ARBOX,Not Specified
3882,Other,PLACEBO,Not Specified
3883,Behavioral,Computer task questionnaires,Not Specified
3884,Other,Feeling Good Digital App,Not Specified
3885,Other,Placebo,Not Specified
3885,Drug,Remdesivir,Not Specified
3885,Drug,Baricitinib,Not Specified
3886,Other,Online Survey,Not Specified
3888,Biological,Convalescent Plasma,Not Specified
3889,Drug,Opaganib,Not Specified
3890,Diagnostic Test,Assessment of lung mechanics and heart-lung interactions,Not Specified
3891,Drug,Ivermectin,Not Specified
3892,Other,Standard of care (SOC),Not Specified
3892,Drug,Hydroxychloroquine,Not Specified
3892,Drug,Association of diltiazem and niclosamide,Not Specified
3893,Behavioral,Lifestyle (Meditation),Not Specified
3893,Behavioral,Lifestyle (Exercise),Not Specified
3894,Diagnostic Test,COMET ASSAY,Not Specified
3895,Biological,VPM1002,Not Specified
3895,Biological,Placebo,Not Specified
3896,Other,"Data research, database analysis",Not Specified
3897,Other,Use of High Flow Nasal Cannula alone,Not Specified
3897,Other,Use of Non-invasive Ventilation,Not Specified
3897,Other,Use of Continuous Positive Airway Pressure,Not Specified
3898,Drug,Camostat Mesilate,Not Specified
3898,Drug,Artemisia Annua Leaf,Not Specified
3900,Biological,IMM-101,Not Specified
3900,Other,Observation,Not Specified
3901,Drug,Peginterferon Lambda-1A,Not Specified
3902,Other,PSS (Perceived Stress Scale),Not Specified
3902,Other,GAD-7 (7-item Generalized Anxiety Disorder),Not Specified
3902,Other,PHQ-9 (9-item Patient Health Questionnaire),Not Specified
3902,Other,SPEQ (Specific Psychotic Experiences Questionnaire) - Paranoia and Grandiosity Subscales,Not Specified
3902,Other,Zaritt Burden Interview,Not Specified
3903,Drug,Nebulized Furosemide,Not Specified
3903,Drug,Nebulized Saline,Not Specified
3904,Procedure,nasopharyngeal and throat swab,Not Specified
3904,Procedure,collection of mucosal lining fluid,Not Specified
3904,Procedure,blood collection via fingerprick,Not Specified
3906,Drug,Camostat,Not Specified
3906,Drug,Placebo,Not Specified
3907,Drug,Enoxaparin,Not Specified
3907,Drug,Prophylactic/Intermediate Dose Enoxaparin,Not Specified
3908,Other,Rehabilitation by Eccentric exercises,Not Specified
3908,Other,Rehabilitation by Concentric exercises,Not Specified
3909,Other,No interventions,Not Specified
3910,Biological,SCB-2019,Not Specified
3910,Biological,SCB-2019 with AS03 adjuvant,Not Specified
3910,Biological,SCB-2019 with CpG 1018 adjuvant plus Alum adjuvant,Not Specified
3911,Biological,Bone Marrow Mesenchymal Stem Cell Derived Extracellular Vesicles Infusion Treatment,Not Specified
3912,Drug,Dornase Alfa Inhalation Solution [Pulmozyme],Not Specified
3912,Procedure,standard procedure,Not Specified
3913,Drug,Group A HCQ,Not Specified
3913,Drug,Group B Control,Not Specified
3914,Drug,Baricitinib,Not Specified
3914,Drug,Dexamethasone,Not Specified
3914,Other,Placebo,Not Specified
3914,Drug,Remdesivir,Not Specified
3915,Other,Phage Therapy,Not Specified
3918,Drug,Brexanolone,Not Specified
3918,Drug,Placebo,Not Specified
3919,Device,COVVR,Not Specified
3920,Diagnostic Test,Testing Sensitivity for SARS-CoV-2 Virus in Symptomatic Individuals,Not Specified
3922,Drug,agenT-797,Not Specified
3924,Drug,AMY-101,Not Specified
3924,Other,WFI 5% glucose,Not Specified
3926,Other,Lung Ultrasound (LUS),Not Specified
3927,Behavioral,Tele-interventions related to diabetes management and mental well-being,Not Specified
3928,Drug,CERC-002,Not Specified
3928,Drug,Placebo,Not Specified
3930,Drug,Corticosteroids and Derivatives,Not Specified
3931,Drug,Lopinavir/ritonavir,Not Specified
3932,Drug,Opaganib,Not Specified
3932,Drug,Placebo,Not Specified
3933,Other,New PPE,Not Specified
3933,Other,Old PPE,Not Specified
3934,Biological,ST266,Not Specified
3936,Diagnostic Test,peripheral lymphocytes subsets,Not Specified
3937,Diagnostic Test,EasyCov POC,Not Specified
3938,Other,Online Survey,Not Specified
3939,Other,Mesenchymal stromal cell-based therapy,Not Specified
3940,Drug,Favipiravir,Not Specified
3940,Drug,Only Standard Treatment,Not Specified
3941,Drug,Methylprednisolone,Not Specified
3941,Drug,Dexamethasone,Not Specified
3942,Drug,Methylprednisolone,Not Specified
3943,Device,inspiratory muscle traiing,Not Specified
3944,Other,Impact of respiratory isolation on quality of life,Not Specified
3945,Drug,Heparin,Not Specified
3946,Procedure,Ophthalmologic exam,Not Specified
3947,Drug,Poly-ICLC (Hiltonol®),Not Specified
3948,Biological,Biological/Vaccine: BNT162b2 10mcg,Not Specified
3948,Biological,BNT162b2 20mcg,Not Specified
3948,Biological,BNT162b2 30mcg,Not Specified
3951,Device,Cytokine Adsorption,Not Specified
3952,Drug,Ciclesonide Inhalation Aerosol,Not Specified
3953,Behavioral,Questionnaire,Not Specified
3953,Behavioral,Interview,Not Specified
3954,Drug,Distilled Water,Not Specified
3954,Drug,1% Povidone Iodine (PVP-I),Not Specified
3954,Drug,1.5% Hydrogen Peroxide (H2O2),Not Specified
3954,Drug,0.075% Cetylpyridinium Chloride (CPC),Not Specified
3954,Drug,0.1% Sodium Hypochlorite,Not Specified
3955,Procedure,Bariatric procedures,Not Specified
3956,Biological,CONVALESCENT PLASMA,Not Specified
3957,Drug,iNO (inhaled nitric oxide) delivered via the INOpulse Delivery System,Not Specified
3960,Behavioral,heat therapy,Not Specified
3960,Behavioral,exercise training,Not Specified
3961,Drug,Sargramostim,Not Specified
3961,Other,Normal Saline 0.9%,Not Specified
3962,Other,Online Survey,Not Specified
3963,Drug,Rivaroxaban,Not Specified
3963,Other,Placebo,Not Specified
3963,Other,Standard of Care (SOC),Not Specified
3964,Drug,Ruxolitinib plus simvastatin,Not Specified
3964,Other,Standard of Care,Not Specified
3965,Drug,Tinzaparin,Not Specified
3966,Other,Semi-structured telephone questionnaire,Not Specified
3967,Other,Incentive Spirometer/Respiratory Exerciser,Not Specified
3968,Other,Usual Care,Not Specified
3968,Other,APPS,Not Specified
3969,Drug,MRG-001,Not Specified
3969,Drug,Placebo,Not Specified
3970,Other,"Determination of physical activity, quality of life, stress levels of isolated people at home with the danger of coronavirus.",Not Specified
3971,Drug,Ivermectin 6 MG Oral Tablet (2 tablets),Not Specified
3972,Drug,REGN10933+REGN10987 combination therapy,Not Specified
3972,Drug,Placebo,Not Specified
3973,Drug,Remdesivir,Not Specified
3973,Drug,Remdesivir placebo,Not Specified
3975,Procedure,Study Arm,Not Specified
3976,Drug,Apo-Hydroxychloroquine,Not Specified
3976,Drug,Matched Placebo,Not Specified
3978,Other,Mental health student,Not Specified
3979,Other,Standard Oxygen Delivery System,Not Specified
3979,Other,Double-Trunk Mask,Not Specified
3979,Other,Surgical Mask,Not Specified
3980,Behavioral,MenCare+/Bandebereho fathers'/couples' group education,Not Specified
3981,Other,ICU Recovery + Physical Therapy,Not Specified
3982,Behavioral,Remote pulmonary rehabilitation,Not Specified
3983,Diagnostic Test,CTUS examination,Not Specified
3985,Drug,T89,Not Specified
3986,Behavioral,Psycho-education,Not Specified
3986,Behavioral,Comparator,Not Specified
3987,Drug,Hyperbaric oxygen,Not Specified
3987,Procedure,Sham treatment,Not Specified
3988,Drug,Chloroquine,Not Specified
3988,Drug,zinc,Not Specified
3990,Behavioral,Change in preference to surgery under COVID-19 pandemic.,Not Specified
3991,Other,Data record,Not Specified
3992,Biological,SARILUMAB,Not Specified
3994,Biological,AdimrSC-2f,Not Specified
3995,Drug,mavrilimumab,Not Specified
3995,Other,Placebo,Not Specified
3996,Behavioral,Patient-centred advice on Telephone Consultation in TB Patients:,Not Specified
3998,Biological,CVnCoV Vaccine,Not Specified
3999,Behavioral,mechanical ventilator settings and position,Not Specified
4000,Dietary Supplement,vitamin d,Not Specified
4001,Other,Survey,Not Specified
4002,Drug,Dipyridamole,Not Specified
4003,Drug,Placebo,Not Specified
4003,Drug,fostamatinib,Not Specified
4004,Diagnostic Test,carotid-femoral pulse-wave velocity,Not Specified
4005,Biological,CVnCoV 6 μg,Not Specified
4005,Biological,CVnCoV 12 μg,Not Specified
4005,Biological,Hepatitis A vaccine,Not Specified
4005,Biological,Pneumococcal vaccine,Not Specified
4005,Biological,CVnCoV 12μg,Not Specified
4006,Other,Tele-Pulmonary rehabilitation,Not Specified
4007,Dietary Supplement,Vitamins,Not Specified
4007,Drug,Telmisartan,Not Specified
4007,Drug,Ciclesonide,Not Specified
4007,Drug,interferon β-1b,Not Specified
4008,Other,Aerobic Exercise Training,Not Specified
4008,Behavioral,Patient Education,Not Specified
4008,Other,Respiratory Exercise Training,Not Specified
4009,Drug,Metformin Glycinate,Not Specified
4009,Drug,Placebo oral tablet,Not Specified
4010,Drug,Placebos,Not Specified
4010,Drug,Leronlimab (700mg),Not Specified
4011,Biological,BCG-Denmark,Not Specified
4011,Biological,Saline,Not Specified
4012,Diagnostic Test,Lung ultrasound,Not Specified
4012,Diagnostic Test,Muscle ultrasound,Not Specified
4013,Biological,Convalescent Plasma,Not Specified
4013,Other,Standard of Care,Not Specified
4014,Dietary Supplement,300 mg of omega3-FA,Not Specified
4015,Biological,BCG-Denmark,Not Specified
4015,Biological,Saline,Not Specified
4016,Drug,BIO101,Not Specified
4016,Drug,Placebo,Not Specified
4017,Other,Pandemic control measures,Not Specified
4019,Biological,EQ001,Not Specified
4019,Biological,EQ001 Placebo,Not Specified
4020,Behavioral,Questionnaires,Not Specified
4021,Device,Vçac,Not Specified
4022,Drug,Molnupiravir,Not Specified
4022,Drug,Placebo,Not Specified
4023,Biological,Umbilical Cord Lining Stem Cells (ULSC),Not Specified
4023,Other,Placebo (carrier control),Not Specified
4025,Drug,NP-120 (Ifenprodil),Not Specified
4026,Other,Questionnaire with precaution information,Not Specified
4026,Other,Experimental: Questionnaire without precaution information,Not Specified
4028,Dietary Supplement,Viusid,Not Specified
4028,Dietary Supplement,Asbrip,Not Specified
4028,Drug,Standard Care,Not Specified
4030,Drug,Treatment with Dexmedetomidine,Not Specified
4031,Drug,Hydroxychloroquine Only Product in Oral Dose Form,Not Specified
4033,Device,High Flow Nasal Oxygen (HFNO) treatment,Not Specified
4033,Device,Continuous Positive Airway Pressure (CPAP) therapy using OxyJet,Not Specified
4034,Other,Best Practice,Not Specified
4034,Radiation,Low Dose Radiation Therapy,Not Specified
4035,Diagnostic Test,"Assessing antibody responses, neutralizing capacity and memory B-cell function",Not Specified
4036,Behavioral,Messaging,Not Specified
4037,Drug,Sofosbuvir 400 MG/ Daclatasvir 60mg,Not Specified
4038,Drug,captopril 25mg,Not Specified
4039,Biological,GBP510 adjuvanted with AS03 (RBD 10μg/dose) - Stage 1,Not Specified
4039,Biological,GBP510 (RBD 10μg/dose) - Stage 1,Not Specified
4039,Other,Normal saline (0.9% sodium chloride solution) - Stage 1,Not Specified
4039,Biological,GBP510 adjuvanted with AS03 (RBD 25μg/dose) - Stage 1,Not Specified
4039,Biological,GBP510 (RBD 25μg/dose) - Stage 1,Not Specified
4039,Biological,GBP510 adjuvanted with AS03 (RBD 10μg/dose) - Stage 2,Not Specified
4039,Biological,GBP510 adjuvanted with AS03 (RBD 25μg/dose)- Stage 2,Not Specified
4039,Biological,GBP510 (RBD 25μg/dose)- Stage 2,Not Specified
4039,Other,Normal saline (0.9% sodium chloride solution)- Stage 2,Not Specified
4040,Biological,GBP510 adjuvanted with Alum (RBD 10μg/dose) - Stage 1,Not Specified
4040,Other,Normal saline (0.9% sodium chloride solution) - Stage 1,Not Specified
4040,Biological,GBP510 adjuvanted with Alum (RBD 25μg/dose) - Stage 1,Not Specified
4040,Biological,GBP510 adjuvanted with Alum (RBD 10μg/dose) - Stage 2,Not Specified
4040,Biological,GBP510 adjuvanted with Alum (RBD 25μg/dose)- Stage 2,Not Specified
4040,Other,Normal saline (0.9% sodium chloride solution)- Stage 2,Not Specified
4041,Other,Training load,Not Specified
4042,Other,Non-Interventional,Not Specified
4045,Drug,Sarilumab 200 MG/1.14 ML Subcutaneous Solution [KEVZARA],Not Specified
4045,Drug,Sarilumab 400 MG/2.28 ML Subcutaneous Solution [KEVZARA],Not Specified
4045,Drug,Best available treatment,Not Specified
4046,Drug,Hydroxychloroquine and azithromycin treatment arm.,Not Specified
4046,Drug,Hydroxychloroquine,Not Specified
4046,Drug,Control arm,Not Specified
4047,Procedure,Tracheostomy,Not Specified
4048,Other,questionnaire assesment,Not Specified
4049,Drug,Bromhexine Hydrochloride Tablets,Not Specified
4049,Drug,Arbidol Hydrochloride Granules,Not Specified
4049,Drug,Recombinant Human Interferon α2b Spray,Not Specified
4050,Other,questionnaire and optional interview,Not Specified
4051,Behavioral,Mindfulness-Based Stress Reduction,Not Specified
4051,Other,Self-help mindfulness/compassion exercises,Not Specified
4051,Other,Support as usual,Not Specified
4052,Drug,azoximer bromide,Not Specified
4052,Other,Placebo,Not Specified
4053,Drug,M5049,Not Specified
4053,Drug,Placebo,Not Specified
4054,Diagnostic Test,Questionnaire forms,Not Specified
4055,Other,"Questionnaire, phone call",Not Specified
4056,Drug,Ivermectin,Not Specified
4056,Drug,Azithromycin,Not Specified
4056,Drug,Cholecalciferol,Not Specified
4057,Behavioral,Mental imagery,Not Specified
4058,Procedure,Robot Assisted Percutaneous Cardiovascular Intervention,Not Specified
4059,Diagnostic Test,RBA-2,Not Specified
4060,Drug,Nitric Oxide-Sessions,Not Specified
4060,Drug,Nitric Oxide-Continuous and Sessions,Not Specified
4061,Other,"Post traumatic, Anxiety and depression evaluation",Not Specified
4062,Drug,Isoflurane Inhalant Product,Not Specified
4062,Drug,Sevoflurane inhalant product,Not Specified
4064,Diagnostic Test,HADS questionnaire,Not Specified
4065,Biological,SBI-101,Not Specified
4067,Other,Questionnaire,Not Specified
4068,Drug,Hydroxychloroquine,Not Specified
4068,Drug,Azithromycin,Not Specified
4068,Dietary Supplement,Vitamin C,Not Specified
4068,Dietary Supplement,Vitamin D,Not Specified
4068,Dietary Supplement,Zinc,Not Specified
4069,Other,Rehabilitation exercise protocol,Not Specified
4071,Drug,Selinexor,Not Specified
4071,Other,Placebo,Not Specified
4072,Other,Diagnostic test,Not Specified
4073,Other,Symptoms entered into the CovidX application,Not Specified
4074,Biological,mRNA-1273,Not Specified
4075,Other,antidiabetic treatment,Not Specified
4076,Biological,Remestemcel-L,Not Specified
4076,Drug,Placebo,Not Specified
4077,Drug,Selinexor,Not Specified
4078,Drug,Sodium Nitrite,Not Specified
4078,Drug,Normal Saline,Not Specified
4079,Drug,poractant alfa,Not Specified
4081,Drug,Eculizumab,Not Specified
4082,Device,Splenic ultrasound,Not Specified
4084,Drug,Pentoxifylline,Not Specified
4084,Drug,Placebo,Not Specified
4085,Other,low-intensity aerobic training,Not Specified
4086,Diagnostic Test,bronchoalveolar lavage,Not Specified
4087,Drug,Tocilizumab Injection,Not Specified
4087,Drug,Deferoxamine,Not Specified
4088,Biological,Octagam 10%,Not Specified
4088,Other,Placebo,Not Specified
4089,Drug,Acetylsalicylic acid,Not Specified
4089,Drug,Placebo,Not Specified
4090,Device,therapeutic plasmaexchnage,Not Specified
4091,Drug,Mavrilimumab,Not Specified
4091,Drug,Placebos,Not Specified
4092,Drug,Masitinib,Not Specified
4092,Drug,Isoquercetin,Not Specified
4092,Drug,Best Supportive Care,Not Specified
4093,Behavioral,Daily Coping Toolkit,Not Specified
4094,Drug,Edoxaban Tablets,Not Specified
4094,Drug,Colchicine Tablets,Not Specified
4096,Diagnostic Test,Echo-Doppler,Not Specified
4097,Biological,NBP2001 adjuvanted with alum (RBD 30μg/dose),Not Specified
4097,Biological,NBP2001 adjuvanted with alum (RBD 50μg/dose),Not Specified
4097,Other,Normal Saline,Not Specified
4098,Other,Online survey,Not Specified
4099,Drug,L-Citrulline,Not Specified
4099,Drug,Placebo,Not Specified
4102,Drug,Hydroxychloroquine and Azithromycin,Not Specified
4103,Drug,Control group (standard hospital treatment),Not Specified
4103,Drug,Group Hydroxychloroquine,Not Specified
4103,Drug,Group Hydroxychloroquine and apixaban,Not Specified
4103,Drug,Group Apixaban,Not Specified
4105,Drug,1: discontinuation of RAS blocker therapy,Not Specified
4105,Drug,2: continuation of RAS blocker therapy,Not Specified
4106,Device,HCFWO,Not Specified
4106,Other,Standard Care Plus Monitoring,Not Specified
4107,Behavioral,Rehabilitation,Not Specified
4108,Drug,Anakinra,Not Specified
4109,Other,Asynchronous telerehabilitation programme,Not Specified
4109,Other,Rehabilitation programme,Not Specified
4110,Other,blood sampling for biobank,Not Specified
4111,Drug,Tocilizumab,Not Specified
4111,Drug,Dexamethasone,Not Specified
4113,Drug,Aviptadil 67μg,Not Specified
4113,Drug,Placebo 0.9% NaCl solution,Not Specified
4114,Combination Product,Recombinant Bacterial ACE2 receptors -like enzyme of B38-CAP (rbACE2) plus Aerosolized 13 cis retinoic acid,Not Specified
4115,Drug,Hyperimmune immunoglobulin to SARS-CoV-2 (hIVIG),Not Specified
4115,Other,Placebo,Not Specified
4115,Drug,Remdesivir,Not Specified
4116,Other,Study A,Not Specified
4116,Other,Study B,Not Specified
4116,Other,Study C,Not Specified
4116,Other,Study D,Not Specified
4117,Drug,Inhaled ILOPROST,Not Specified
4119,Drug,Wharton's jelly derived Mesenchymal stem cells.,Not Specified
4119,Drug,"Hydroxychloroquine, lopinavir/ritonavir or azithromycin and placebo (standard therapy)",Not Specified
4120,Dietary Supplement,Nigella sativa,Not Specified
4122,Biological,Covishield,Not Specified
4123,Device,Digital oximeter monitoring,Not Specified
4124,Drug,low-molecular-weight heparin,Not Specified
4125,Behavioral,1: Prone positioning,Not Specified
4125,Behavioral,2: No instruction regarding positioning,Not Specified
4127,Drug,Nitazoxanide 500 MG,Not Specified
4127,Drug,Hydroxychloroquine,Not Specified
4128,Biological,MVA-SARS-2-S vaccinations (days 0 & 28),Not Specified
4129,Drug,Lopinavir-Ritonavir,Not Specified
4129,Drug,Corticosteroid,Not Specified
4129,Drug,Hydroxychloroquine,Not Specified
4129,Drug,Azithromycin,Not Specified
4129,Biological,Convalescent plasma,Not Specified
4129,Drug,Tocilizumab,Not Specified
4129,Biological,Immunoglobulin,Not Specified
4129,Drug,Synthetic neutralising antibodies,Not Specified
4129,Drug,Aspirin,Not Specified
4129,Drug,Colchicine,Not Specified
4129,Drug,Baricitinib,Not Specified
4129,Drug,Anakinra,Not Specified
4129,Drug,Dimethyl fumarate,Not Specified
4130,Drug,Hydroxychloroquine SAR321068,Not Specified
4130,Drug,Placebo,Not Specified
4131,Behavioral,Therapist Guided E-Therapy,Not Specified
4131,Behavioral,Self-Help Therapy,Not Specified
4132,Diagnostic Test,ECG,Not Specified
4134,Other,Prolectin-M; a (1-6)-alpha-D-Mannopyranose class,Not Specified
4134,Other,Standard of Care,Not Specified
4135,Drug,Tocilizumab,Not Specified
4136,Drug,Hydroxychloroquine,Not Specified
4136,Drug,Placebo oral tablet,Not Specified
4137,Diagnostic Test,Carotid Artery Reactivity Testing,Not Specified
4140,Other,Electronic questionnaire,Not Specified
4141,Other,Questionnaire,Not Specified
4142,Drug,LEAF-4L6715,Not Specified
4144,Drug,Cholecalciferol,Not Specified
4144,Drug,Placebo,Not Specified
4146,Other,Best Practice,Not Specified
4146,Drug,Leflunomide,Not Specified
4146,Drug,Placebo Administration,Not Specified
4147,Other,Postural Positioning,Not Specified
4148,Drug,TNKase,Not Specified
4149,Other,Standard of Care (SoC),Not Specified
4149,Drug,Remdesivir,Not Specified
4150,Other,Essential Oil Blend,Not Specified
4150,Other,Control Blend,Not Specified
4151,Drug,Remdesivir,Not Specified
4151,Drug,Lopinavir/ritonavir,Not Specified
4151,Drug,Interferon Beta-1A,Not Specified
4151,Drug,Hydroxychloroquine,Not Specified
4151,Other,Standard of care,Not Specified
4153,Drug,Lidocaine 2%,Not Specified
4153,Drug,Control,Not Specified
4156,Biological,Flu shot,Not Specified
4157,Other,no intervention,Not Specified
4159,Drug,BAF312,Not Specified
4159,Drug,Baseline disease modifying therapies (DMTs),Not Specified
4161,Other,Cross-sectional observational study,Not Specified
4162,Drug,Plaquenil 200Mg Tablet,Not Specified
4163,Drug,Anakinra,Not Specified
4163,Drug,Tocilizumab,Not Specified
4164,Drug,Fostamatinib,Not Specified
4164,Drug,Placebo,Not Specified
4165,Other,No intervention,Not Specified
4167,Dietary Supplement,Bioarginina®,Not Specified
4169,Drug,Trimetazidine,Not Specified
4170,Diagnostic Test,Recombinase aided amplification (RAA) assay,Not Specified
4171,Drug,[18F]FP-R01-MG-F2,Not Specified
4172,Procedure,prone position group,Not Specified
4173,Other,Primary exposure is hypoxia (no intervention),Not Specified
4174,Drug,Collagen-Polyvinylpyrrolidone,Not Specified
4178,Drug,Mavrilimumab,Not Specified
4178,Drug,Placebo,Not Specified
4179,Procedure,Tracheotomy,Not Specified
4180,Other,On-Line Survey,Not Specified
4181,Device,LifeSignals Biosensor 1AX*,Not Specified
4181,Other,Standard of Care,Not Specified
4182,Other,No Intervention,Not Specified
4183,Drug,Drug: NA-831,Not Specified
4183,Combination Product,NA-831 and Atazanavir,Not Specified
4183,Combination Product,NA-831and Dexamethasone,Not Specified
4183,Combination Product,Atazanavir and Dexamethasone,Not Specified
4184,Other,"""Calm"" is a mindfulness meditation mobile app",Not Specified
4185,Drug,recombinant human annexin A5,Not Specified
4185,Drug,Placebo,Not Specified
4188,Drug,Ebselen,Not Specified
4188,Drug,Placebo,Not Specified
4189,Drug,Nebulised heparin,Not Specified
4190,Other,"Wearable devices, saliva samples, survey measures",Not Specified
4192,Drug,Ebselen,Not Specified
4192,Drug,Placebo,Not Specified
4196,Drug,Interferon Beta-1B,Not Specified
4196,Drug,Hydroxychloroquine,Not Specified
4197,Combination Product,Favipiravir and Hydroxychloroquine,Not Specified
4198,Drug,NASAFYTOL®,Not Specified
4198,Drug,FULTIUM® -D3 800,Not Specified
4199,Device,Test Group: experimental - UVC Therapy applied,Not Specified
4200,Other,users,Not Specified
4201,Device,ARFC mask,Not Specified
4202,Drug,Icosapent ethyl,Not Specified
4203,Biological,Cell therapy protocol 1,Not Specified
4203,Biological,Cell therapy protocol 2,Not Specified
4204,Other,Blood sampling,Not Specified
4204,Other,Skin biopsy,Not Specified
4205,Drug,PTC299,Not Specified
4205,Other,SOC,Not Specified
4205,Drug,Placebo,Not Specified
4208,Drug,Enoxaparin,Not Specified
4208,Drug,Methylprednisolone,Not Specified
4208,Drug,unfractionated heparin,Not Specified
4209,Other,Non-interventional study,Not Specified
4210,Procedure,Facial fractures reduction or osteosynthesis,Not Specified
4212,Other,Fenofibrate/fenofibric acid,Not Specified
4212,Other,Placebo,Not Specified
4212,Other,Usual care,Not Specified
4213,Other,Prone position,Not Specified
4214,Behavioral,fsfi survey,Not Specified
4215,Other,Laughter Theraphy,Not Specified
4216,Biological,MON002,Not Specified
4217,Other,Blood Sample,Not Specified
4219,Other,VitalTalk communication skills training,Not Specified
4219,Other,ACP Decisions Video Program,Not Specified
4219,Other,Intervention training:,Not Specified
4219,Other,Medical Record Review,Not Specified
4221,Drug,N-acetylcysteine,Not Specified
4223,Drug,Maraviroc,Not Specified
4224,Other,no intervention,Not Specified
4225,Other,Experts consensus,Not Specified
4229,Drug,Hydroxychloroquine Oral Product,Not Specified
4229,Drug,Hydroxychloroquine + azithromycin,Not Specified
4230,Drug,"Cannabidiol, pharmaceutically produced with < 5 ppm THC",Not Specified
4230,Drug,Placebo,Not Specified
4231,Drug,Losartan,Not Specified
4231,Other,Placebo,Not Specified
4232,Device,high flow nasal cannula (HFNC),Not Specified
4232,Procedure,Prone positioning (PP),Not Specified
4233,Biological,SAB-185,Not Specified
4233,Other,Normal saline,Not Specified
4234,Dietary Supplement,Chinese Herbal Medicine,Not Specified
4235,Procedure,Bone Marrow Harvest,Not Specified
4236,Behavioral,prayer,Not Specified
4237,Diagnostic Test,Rapid detection test,Not Specified
4237,Diagnostic Test,Nasopharyngeal swab,Not Specified
4237,Diagnostic Test,Stool collection,Not Specified
4238,Device,High-flow nasal cannula treatment,Not Specified
4238,Device,Continuous positive airway pressure (CPAP) treatment,Not Specified
4238,Device,Noninvasive ventilation treatment,Not Specified
4240,Behavioral,Biobehavioral Tele-rehabilitation Sessions,Not Specified
4241,Device,lung ultrasonography,Not Specified
4242,Other,routine dental restorative procedures,Not Specified
4243,Drug,Dipyridamole 100 Milligram(mg),Not Specified
4243,Drug,Placebo oral tablet,Not Specified
4244,Drug,Ibrutinib,Not Specified
4244,Drug,Placebo,Not Specified
4245,Other,Doppler Echo,Not Specified
4246,Other,Psychological support,Not Specified
4247,Device,C2Rx,Not Specified
4247,Other,Standard of Care (SOC),Not Specified
4248,Other,Personal protective equipment from biological hazard,Not Specified
4249,Diagnostic Test,Hospital Anxiety Depression Scale,Not Specified
4251,Other,Patient Quality of life assessment,Not Specified
4251,Other,Control group Quality of life assessment,Not Specified
4253,Biological,PLX-PAD,Not Specified
4254,Drug,Intramuscular injection,Not Specified
4254,Biological,Intramuscular vaccine,Not Specified
4256,Biological,TY027,Not Specified
4256,Other,0.9% Saline,Not Specified
4257,Drug,recombinant human interferon Alpha-1b,Not Specified
4257,Drug,thymosin alpha 1,Not Specified
4258,Other,SPIN-CHAT Program,Not Specified
4259,Other,Solution-Focused Support Program,Not Specified
4260,Drug,Allogeneic and expanded adipose tissue-derived mesenchymal stromal cells,Not Specified
4261,Drug,Ruconest,Not Specified
4262,Device,current IPAC-UHN PPE,Not Specified
4262,Device,modified IPAC-UHN PPE,Not Specified
4263,Device,Robotic assisted early mobilization,Not Specified
4264,Other,EEG based protocol for deep sedation,Not Specified
4265,Biological,PLX-PAD,Not Specified
4265,Biological,Placebo,Not Specified
4266,Drug,Cannabidiol,Not Specified
4267,Drug,Remdesivir,Not Specified
4270,Drug,Escin,Not Specified
4270,Drug,standard therapy,Not Specified
4271,Biological,Blood sample,Not Specified
4272,Drug,Desferal 500 MG Injection,Not Specified
4273,Behavioral,Observation,Not Specified
4274,Drug,Silmitasertib,Not Specified
4275,Other,Online questionnaire,Not Specified
4277,Device,Calm Meditation App,Not Specified
4279,Radiation,Low Dose Radiotherapy,Not Specified
4280,Other,Maintenance or reduction of immunosuppression,Not Specified
4281,Other,There is no intervention in this study,Not Specified
4282,Diagnostic Test,Online Survey,Not Specified
4283,Biological,ResCure™,Not Specified
4284,Drug,Single high dose vitamin D,Not Specified
4284,Drug,Placebo,Not Specified
4284,Drug,Treatment as usual vitamin D,Not Specified
4285,Drug,MK-5475,Not Specified
4285,Drug,Placebo,Not Specified
4286,Drug,Pemziviptadil (PB1046),Not Specified
4286,Drug,Low Dose (10 mg) Control,Not Specified
4288,Other,Follow-up phone call,Not Specified
4289,Device,Hemopurifier,Not Specified
4290,Biological,CAStem,Not Specified
4291,Drug,IgIV,Not Specified
4292,Drug,2: Usual practice + SYMBICORT RAPIHALER,Not Specified
4292,Other,1: Usual practice,Not Specified
4293,Other,Olfactory retraining,Not Specified
4293,Drug,corticosteroid nasal irrigation,Not Specified
4293,Other,smell household Items,Not Specified
4293,Other,Nasal Irrigation,Not Specified
4294,Diagnostic Test,Machine learning model,Not Specified
4295,Drug,PF-07304814,Not Specified
4295,Drug,Placebo,Not Specified
4296,Drug,DeltaRex-G,Not Specified
4297,Biological,MVC-COV1901,Not Specified
4299,Diagnostic Test,Serological test,Not Specified
4300,Other,Naser Al-Husban,Not Specified
4301,Biological,Recombinant Novel Coronavirus Vaccine (Adenovirus Type 5 Vector),Not Specified
4302,Drug,Pyridostigmine Bromide,Not Specified
4302,Drug,Placebo,Not Specified
4303,Other,Questionnaires,Not Specified
4304,Other,check-list including lung ultrasound,Not Specified
4305,Drug,Lopinavir/Ritonavir,Not Specified
4305,Drug,Placebo Administration,Not Specified
4305,Other,Questionnaire Administration,Not Specified
4306,Drug,Hydroxychloroquine + azithromycin,Not Specified
4306,Drug,Hydroxychloroquine,Not Specified
4308,Other,Farmalarm,Not Specified
4309,Other,prone position,Not Specified
4310,Other,Group1,Not Specified
4313,Drug,Sublingual Methylene blue,Not Specified
4313,Other,Control patients,Not Specified
4315,Drug,Bevacizumab Injection,Not Specified
4316,Radiation,Low dose radiation 35 cGy,Not Specified
4316,Radiation,High dose radiation 100 cGy,Not Specified
4317,Drug,Alteplase 50 MG [Activase],Not Specified
4318,Behavioral,Educational meetings and visual prompts,Not Specified
4319,Drug,PLN-74809,Not Specified
4319,Drug,Placebo,Not Specified
4321,Diagnostic Test,laboratory biomarkers,Not Specified
4321,Diagnostic Test,muscle ultrasound,Not Specified
4322,Radiation,Low Dose Radiation Therapy,Not Specified
4323,Behavioral,Socialization,Not Specified
4323,Behavioral,Virtual Group Exercise,Not Specified
4323,Combination Product,Nutrition Consult and Protein Supplementation,Not Specified
4323,Behavioral,Medication Review,Not Specified
4324,Biological,Zofin,Not Specified
4324,Other,Placebo,Not Specified
4325,Other,exposure,Not Specified
4326,Device,Hydrogen Oxygen Generator with Nebulizer,Not Specified
4326,Other,Standard-of-care,Not Specified
4328,Drug,Melatonin 2mg,Not Specified
4328,Drug,Placebo oral tablet,Not Specified
4329,Biological,ChAdOx1 nCoV-19,Not Specified
4329,Biological,Normal saline 0.9%,Not Specified
4330,Drug,Placebo,Not Specified
4330,Drug,Nicotinamide riboside,Not Specified
4333,Biological,MSC,Not Specified
4334,Other,appendectomy,Not Specified
4335,Device,bidirectional oxygenation mouthpiece,Not Specified
4339,Device,patients receiving nasal high flow,Not Specified
4340,Drug,Hydroxychloroquine,Not Specified
4340,Other,Placebo,Not Specified
4342,Device,"Hydrogen-Oxygen Generator with Nebulizer, AMS-H-03",Not Specified
4342,Device,OLO-1 Medical Molecular Sieve Oxygen Generator,Not Specified
4343,Behavioral,Coping strategies video,Not Specified
4344,Other,Inspiratory muscle training group,Not Specified
4344,Other,Inspiratory muscle training placebo group,Not Specified
4344,Other,Inspiratory + expiratory muscle training group,Not Specified
4344,Other,Inspiratory + expiratory muscle training placebo group,Not Specified
4345,Drug,Dexamethasone,Not Specified
4346,Biological,SC-Ad6-1,Not Specified
4348,Drug,Sublingual Micro-Dose Ketamine,Not Specified
4349,Drug,Valproate,Not Specified
4349,Drug,Quetiapine,Not Specified
4349,Other,Standard of Care,Not Specified
4350,Drug,Ivermectin,Not Specified
4350,Drug,Placebo,Not Specified
4351,Drug,TD-0903,Not Specified
4351,Drug,Placebo,Not Specified
4352,Drug,PD-1 blocking antibody+standard treatment,Not Specified
4352,Drug,Thymosin+standard treatment,Not Specified
4352,Other,standard treatment,Not Specified
4353,Device,Electrical Impedance tomography,Not Specified
4354,Device,Patient Status Engine,Not Specified
4355,Other,Video-Based intervention,Not Specified
4356,Drug,Nitric Oxide Gas,Not Specified
4357,Other,A short video intervention,Not Specified
4357,Other,A vignette intervention,Not Specified
4358,Other,washed microbiota transplantation,Not Specified
4358,Other,placebo,Not Specified
4361,Device,LUS Twelve area,Not Specified
4361,Device,LUS Fourteen area,Not Specified
4362,Behavioral,Internet-based self-help,Not Specified
4362,Behavioral,Internet-based self-help after 3 weeks,Not Specified
4363,Device,UV Light Treatment,Not Specified
4364,Behavioral,Simple cognitive task intervention,Not Specified
4364,Behavioral,Attention Placebo,Not Specified
4366,Other,No intervention (survey study for medical doctors).,Not Specified
4367,Diagnostic Test,Surfactant assessment,Not Specified
4368,Other,quetionnary,Not Specified
4369,Device,Cerebral compliance and hemodynamics monitoring,Not Specified
4370,Drug,Camostat Mesylate,Not Specified
4370,Drug,"Microcrystalline Cellulose, NF",Not Specified
4371,Biological,MultiStem,Not Specified
4371,Biological,Placebo,Not Specified
4373,Drug,Linagliptin,Not Specified
4373,Drug,Insulin regimen,Not Specified
4374,Biological,Ravulizumab,Not Specified
4374,Other,Best Supportive Care,Not Specified
4375,Drug,Hydroxychloroquine,Not Specified
4376,Device,Online self-help intervention,Not Specified
4377,Biological,Convalescent plasma,Not Specified
4378,Biological,Viral Specific T-cells (VSTs),Not Specified
4379,Drug,Kaletra and beta interferon,Not Specified
4380,Other,surgery,Not Specified
4381,Behavioral,Occupational health workers,Not Specified
4382,Other,Questionnaire Administration,Not Specified
4383,Biological,CT-P59/Placebo,Not Specified
4384,Combination Product,AZD7442,Not Specified
4384,Other,Placebo,Not Specified
4385,Device,Narrow Band ultraviolet B-Band Light,Not Specified
4385,Device,non Narrow Band ultraviolet B-Band Light,Not Specified
4386,Device,COViage,Not Specified
4387,Drug,Valsartan (Diovan),Not Specified
4387,Drug,Placebo oral tablet,Not Specified
4389,Diagnostic Test,Serum SARs COV 2 IGg screening in health care workers,Not Specified
4390,Behavioral,Intervention App,Not Specified
4391,Drug,Colchicine,Not Specified
4391,Drug,Usual Care,Not Specified
4392,Drug,Eicosapentaenoic acid gastro-resistant capsules,Not Specified
4392,Drug,Placebo,Not Specified
4393,Behavioral,Video about safety and effectiveness of adult seasonal flu vaccination,Not Specified
4393,Behavioral,Message directing subjects to information on COVID-19 vaccine safety and efficacy,Not Specified
4395,Drug,Colchicine 0.5 MG,Not Specified
4395,Combination Product,CONTROL GROUP,Not Specified
4396,Behavioral,Lock-down and social distancing,Not Specified
4398,Device,Nitric Oxide delivered via LungFit™ system,Not Specified
4399,Other,it is a survey,Not Specified
4400,Device,AirFLO2,Not Specified
4401,Behavioral,Questionnaires,Not Specified
4402,Other,Tele-medicine platform,Not Specified
4403,Drug,Defibrotide,Not Specified
4404,Drug,Hydroxychloroquine,Not Specified
4404,Drug,Oseltamivir,Not Specified
4404,Drug,Azithromycin,Not Specified
4405,Device,VESTA respirator,Not Specified
4405,Device,Conventional N95 respirator,Not Specified
4406,Behavioral,Smell Training,Not Specified
4407,Dietary Supplement,Nutritional support system (NSS),Not Specified
4407,Other,Control,Not Specified
4408,Drug,GLS-1027,Not Specified
4408,Drug,Placebo,Not Specified
4409,Other,Quality of life assessment,Not Specified
4411,Biological,MMR vaccine,Not Specified
4412,Drug,metformin glycinate,Not Specified
4412,Drug,Placebo oral tablet,Not Specified
4413,Biological,ARCT-021 single dose priming,Not Specified
4413,Biological,ARCT-021 two lower dose priming,Not Specified
4413,Biological,ARCT-021 two higher dose priming,Not Specified
4413,Biological,"Placebo (two doses), priming",Not Specified
4413,Biological,Randomized booster,Not Specified
4413,Biological,Placebo booster,Not Specified
4414,Other,"Oxygen-ozone therapy, probiotic supplementation and Standard of care",Not Specified
4414,Dietary Supplement,SivoMixx (200 billion),Not Specified
4414,Drug,Azithromycin,Not Specified
4414,Drug,hydroxychloroquine,Not Specified
4415,Diagnostic Test,Accuracy of CAD4TB and Afinion CRP assay for pulmonary TB,Not Specified
4415,Diagnostic Test,CAD4COVID+WBC and COVID-19 RDT for SARS-CoV-2 infection,Not Specified
4416,Other,no intervention,Not Specified
4417,Other,Online survey,Not Specified
4418,Combination Product,150 ppm Nitric Oxide delivered through LungFit Delivery System,Not Specified
4418,Combination Product,80 ppm Nitric Oxide delivered through LungFit Delivery System,Not Specified
4419,Biological,ChAdOx1 nCoV-19 single dose + paracetamol,Not Specified
4419,Biological,MenACWY single dose + paracetamol,Not Specified
4419,Biological,ChAdOx1 nCoV-19 two dose + paracetamol,Not Specified
4419,Biological,MenACWY prime & saline placebo boost + paracetamol,Not Specified
4420,Biological,"IC14, a monoclonal antibody against CD14",Not Specified
4421,Dietary Supplement,Glycine,Not Specified
4422,Drug,Ganovo+ritonavir+/-Interferon nebulization,Not Specified
4423,Behavioral,Digital problem solving tool,Not Specified
4424,Drug,Hydroxychloroquine,Not Specified
4424,Dietary Supplement,Vitamin C,Not Specified
4427,Drug,Danoprevir+Ritonavir,Not Specified
4428,Drug,ZofinTM,Not Specified
4429,Other,Standard Care,Not Specified
4431,Combination Product,Respiratory rehabilitation,Not Specified
4432,Other,Telerehabilitation,Not Specified
4433,Drug,Tocilizumab,Not Specified
4433,Other,Standard of care,Not Specified
4433,Procedure,Continuous renal replacement therapy,Not Specified
4434,Drug,DEXAMETHASONE,Not Specified
4434,Drug,PREDNISOLONE,Not Specified
4435,Drug,Tocilizumab,Not Specified
4435,Biological,Pembrolizumab (MK-3475),Not Specified
4436,Device,AirGo Respiratory Monitor,Not Specified
4437,Other,overnight intensive recovery / extended post anaesthetic care in PACU,Not Specified
4439,Behavioral,Emotional Support Plan,Not Specified
4439,Behavioral,Daily Monitoring,Not Specified
4440,Behavioral,Behaviour Change Technique Intervention to Improve Quality of Life,Not Specified
4441,Drug,Autophagy inhibitor (GNS651),Not Specified
4441,Other,Standard of care,Not Specified
4441,Drug,Avdoralimab,Not Specified
4441,Drug,Monalizumab,Not Specified
4442,Other,Prolonged Proned Positioning,Not Specified
4442,Other,Traditional Proning Arm,Not Specified
4444,Device,SCD,Not Specified
4445,Other,ICU treatment,Not Specified
4447,Device,Helmet Continuous Positive Airway Pressure (CPAP),Not Specified
4447,Device,High Flow Nasal Oxygen (HFNO),Not Specified
4449,Other,questionnaires,Not Specified
4451,Drug,Inhaled budesonide,Not Specified
4452,Drug,Dexamethasone,Not Specified
4453,Drug,Remimazolam,Not Specified
4454,Procedure,Prone Positioning (PP),Not Specified
4455,Device,Doctor Spot,Not Specified
4456,Dietary Supplement,Ayurveda,Not Specified
4456,Other,Usual Care,Not Specified
4457,Biological,UC-MSCs,Not Specified
4457,Other,Placebo,Not Specified
4459,Biological,CT-P59,Not Specified
4460,Other,Methylene-Blue Photodisinfection,Not Specified
4461,Diagnostic Test,Cytokines measurement,Not Specified
4461,Diagnostic Test,Cellular response,Not Specified
4461,Diagnostic Test,TLRs activation measurement,Not Specified
4461,Diagnostic Test,KIR phenotype evaluation,Not Specified
4462,Other,Bereavement Virtual Support Group,Not Specified
4463,Drug,Molnupiravir,Not Specified
4463,Drug,Placebo,Not Specified
4464,Drug,EIDD-2801,Not Specified
4464,Drug,Placebo (PB0),Not Specified
4465,Other,Survey,Not Specified
4467,Other,Physical exercise,Not Specified
4467,Other,Physical exercise and computerized cognitive training,Not Specified
4468,Dietary Supplement,CBD Isolate,Not Specified
4468,Dietary Supplement,Full Spectrum CBD Oil,Not Specified
4468,Dietary Supplement,Broad-Spectrum CBD Oil,Not Specified
4468,Dietary Supplement,Placebo Oil,Not Specified
4469,Drug,Favipiravir,Not Specified
4469,Drug,Lopinavir/ Ritonavir,Not Specified
4469,Other,Favipiravir Placebo,Not Specified
4469,Other,Lopinavir/ Ritonavir Placebo,Not Specified
4470,Behavioral,"Intervention, TBN",Not Specified
4471,Drug,Immunoglobulin of cured patients,Not Specified
4471,Drug,γ-Globulin,Not Specified
4473,Device,HFNC,Not Specified
4474,Drug,Nintedanib 150 MG,Not Specified
4474,Other,Placebo,Not Specified
4475,Drug,Anakinra,Not Specified
4475,Other,Standard of Care,Not Specified
4476,Drug,Group 1: Rivaroxaban 20mg/d followed by enoxaparin/unfractionated heparin when needed,Not Specified
4476,Drug,Group 2: control group with enoxaparin 40mg/d,Not Specified
4477,Drug,Angiotensin 1-7,Not Specified
4477,Drug,Placebos,Not Specified
4478,Biological,COVIVAC,Not Specified
4478,Biological,Phosphate-buffered saline,Not Specified
4479,Biological,V591,Not Specified
4479,Other,Placebo,Not Specified
4480,Behavioral,Transitional Online Peer Support Group (n=20),Not Specified
4480,Other,"Control Group (pharmacotherapy and/or psychotherapy, n=10)",Not Specified
4481,Diagnostic Test,test,Not Specified
4482,Behavioral,Personal behaviours,Not Specified
4483,Drug,Hydroxychloroquine Sulfate,Not Specified
4483,Drug,Hydroxychloroquine Sulfate + Azythromycin,Not Specified
4484,Other,Patient management suffering of coronavirus infection,Not Specified
4485,Other,Cross-sectional study investigating the association of NPIs with mental health,Not Specified
4486,Procedure,Medical Ozone procedure,Not Specified
4488,Other,Questionnaire,Not Specified
4489,Drug,SNDX-6352,Not Specified
4489,Drug,Placebo,Not Specified
4490,Drug,"Conventional medicines (Oxygen therapy, alfa interferon via aerosol inhalation, and lopinavir/ritonavir) and Traditional Chinese Medicines (TCMs) granules",Not Specified
4490,Drug,"Conventional medicines (Oxygen therapy, alfa interferon via aerosol inhalation, and lopinavir/ritonavir)",Not Specified
4492,Behavioral,Virtual-Care Cognitive Behavioural Therapy,Not Specified
4493,Device,Cereset Research,Not Specified
4494,Drug,XAV-19,Not Specified
4494,Drug,Placebo,Not Specified
4495,Diagnostic Test,"Electrocardiogram, telemetry, echocardiogram, laboratory values",Not Specified
4496,Drug,Ivermectin,Not Specified
4496,Drug,Doxycycline Hcl,Not Specified
4496,Dietary Supplement,Zinc,Not Specified
4496,Dietary Supplement,Vitamin D3,Not Specified
4496,Dietary Supplement,Vitamin C,Not Specified
4497,Device,Emergency Ventilator Splitter,Not Specified
4498,Other,Ice Swimming,Not Specified
4500,Other,Face-to-face rehabilitation,Not Specified
4500,Other,Telerehabilitation,Not Specified
4501,Biological,"SHINGRIX (Zoster Vaccine REcombinant, Adjuvanted)",Not Specified
4501,Drug,Normal Saline,Not Specified
4502,Drug,Ruconest,Not Specified
4503,Biological,BNT162b1,Not Specified
4503,Other,Placebo,Not Specified
4504,Other,EXTRA-CVD Virtual Care,Not Specified
4505,Drug,BEVA+SOC,Not Specified
4505,Drug,SOC,Not Specified
4506,Drug,Conestat alfa,Not Specified
4507,Procedure,Operative management,Not Specified
4507,Procedure,Non-operative management,Not Specified
4508,Procedure,ECMO Implantation,Not Specified
4509,Other,Shorter duration higher frequency PT,Not Specified
4509,Other,Standard PT,Not Specified
4510,Procedure,Orthopaedic Surgical Procedures,Not Specified
4512,Device,Intravenous access,Not Specified
4512,Device,Intraosseous access,Not Specified
4513,Drug,REGN10933 + REGN10987,Not Specified
4513,Drug,Placebo,Not Specified
4514,Other,nosocomial infection/hospital acquired infection,Not Specified
4515,Behavioral,PTSD,Not Specified
4515,Behavioral,Burnout,Not Specified
4517,Drug,CORVax,Not Specified
4517,Drug,IL-12 plasmid,Not Specified
4517,Device,Cliniporator,Not Specified
4518,Drug,BAT + Calcifediol,Not Specified
4518,Drug,BAT,Not Specified
4519,Procedure,Awake Prone Positioning,Not Specified
4519,Procedure,Standard care,Not Specified
4520,Behavioral,Remote Cognitive Behavioral Therapy for Insomnia,Not Specified
4521,Device,CoronaCheck Device,Not Specified
4522,Other,Questionnaire,Not Specified
4523,Behavioral,Transcendental Meditation,Not Specified
4524,Behavioral,Social Proof,Not Specified
4524,Behavioral,Reframing,Not Specified
4524,Behavioral,Scarcity Message,Not Specified
4525,Drug,Tissue plasminogen activator,Not Specified
4525,Drug,Ringer solution,Not Specified
4526,Other,Colgate periogard mouthwash,Not Specified
4526,Other,Colgate Peroxyl mouthwash,Not Specified
4526,Other,Colgate Total mouthwash,Not Specified
4526,Other,Placebo mouthwash (water),Not Specified
4527,Diagnostic Test,Psychological stress and adaptation at work score (PSAS),Not Specified
4528,Behavioral,The CRAFT program (adapted due to COVID-19),Not Specified
4528,Behavioral,The MBSR program (adapted due to COVID-19),Not Specified
4529,Device,Transcranial Direct Current Stimulation,Not Specified
4529,Device,Placebo-simulation of transcranial direct current stimulation,Not Specified
4529,Drug,Fluoxetine Tablets,Not Specified
4530,Drug,Nitric Oxide Gas,Not Specified
4531,Drug,REGN10933+REGN10987 combination therapy,Not Specified
4532,Biological,Mesenchymal stromal cells,Not Specified
4532,Other,Placebo,Not Specified
4533,Other,HIT-exercise,Not Specified
4533,Other,Sham intervention,Not Specified
4535,Drug,hydroxychloroquine,Not Specified
4535,Drug,Azithromycin,Not Specified
4535,Drug,Ritonavir,Not Specified
4535,Drug,Lopinavir,Not Specified
4536,Drug,Broncho-Vaxom®,Not Specified
4537,Procedure,Standard therapy recommended by the Ministry of Health of the Russian Federation.,Not Specified
4537,Procedure,Standard therapy recommended by the Ministry of Health of the Russian Federation and Dalargin intramuscular injection,Not Specified
4537,Procedure,Standard therapy recommended by the Ministry of Health of the Russian Federation and Dalargin inhalation,Not Specified
4537,Procedure,Standard therapy recommended by the Ministry of Health of the Russian Federation and Dalargin intramuscular injection combined with Dalargin inhalation,Not Specified
4538,Drug,Clazakizumab,Not Specified
4538,Drug,Placebo,Not Specified
4539,Drug,USB002,Not Specified
4539,Drug,Placebo,Not Specified
4540,Drug,LSALT peptide,Not Specified
4540,Drug,Placebo,Not Specified
4541,Device,Continuous blind glucose measurement device (Free style Pro),Not Specified
4543,Drug,COR-101,Not Specified
4543,Drug,Placebo,Not Specified
4544,Drug,Budesonide Nasal,Not Specified
4544,Other,Physiological serum,Not Specified
4545,Drug,Remdesivir,Not Specified
4546,Drug,Ivermectin,Not Specified
4546,Drug,Placebo,Not Specified
4547,Drug,IMU-838,Not Specified
4547,Other,Placebo,Not Specified
4548,Other,CT score,Not Specified
4549,Other,"Symptomatology, Treatment. daily Activities and Anxiety for Cardiovascular patients Survey (STRATA)",Not Specified
4550,Other,EIT-Group,Not Specified
4550,Other,ARDSNet,Not Specified
4551,Other,Questionnaire,Not Specified
4552,Biological,Recombinant Novel Coronavirus Vaccine (Adenovirus Type 5 Vector),Not Specified
4552,Biological,Placebo,Not Specified
4553,Other,Self-administered questionnaires,Not Specified
4554,Drug,Exebacase,Not Specified
4555,Device,Percutaneous Coronary Revascularization for STEMI,Not Specified
4556,Diagnostic Test,FilmArray PCR on respiratory samples,Not Specified
4557,Behavioral,Shared Decision Making,Not Specified
4559,Biological,UB-612,Not Specified
4560,Other,None - Descriptive study,Not Specified
4561,Drug,Methylprednisolone sodium succinate,Not Specified
4561,Biological,Human normal immunoglobulin (IVIg),Not Specified
4562,Drug,BGB DXP593,Not Specified
4562,Drug,Placebo,Not Specified
4563,Other,Low-Intensity Psychosocial Interventions through Telemental health,Not Specified
4564,Other,research specific blood sample,Not Specified
4565,Biological,Human umbilical cord derived CD362 enriched MSCs,Not Specified
4565,Biological,Placebo (Plasma-Lyte 148),Not Specified
4566,Biological,Blood sample collection,Not Specified
4567,Drug,APL-9,Not Specified
4567,Other,Vehicle Control,Not Specified
4568,Drug,Instilled T3,Not Specified
4568,Other,Placebo Therapy,Not Specified
4570,Drug,Hydroxychloroquine + placebo,Not Specified
4570,Drug,hydroxychloroquine + azithromycin,Not Specified
4572,Device,Oxygen Hood,Not Specified
4574,Biological,Cohort 1 HDT 301 vaccine,Not Specified
4574,Biological,Cohort 2 HDT 301 vaccine,Not Specified
4574,Biological,Cohort 3 HDT 301 vaccine,Not Specified
4575,Other,Data collection,Not Specified
4575,Other,Querying the INSEE database,Not Specified
4576,Device,imPulse™ Una e-stethoscope,Not Specified
4576,Device,Philips Lumify Ultrasound System,Not Specified
4577,Biological,blood tests,Not Specified
4577,Biological,Nasopharyngeal swabs,Not Specified
4577,Biological,Stools,Not Specified
4578,Other,Interview by psychologists,Not Specified
4579,Biological,Otilimab,Not Specified
4579,Biological,Placebo 1,Not Specified
4579,Biological,Placebo 2,Not Specified
4579,Drug,Standard of care,Not Specified
4580,Other,Prone position,Not Specified
4581,Drug,Inhaled Hypertonic ibuprofen,Not Specified
4582,Diagnostic Test,SARS-CoV-2/Influenza/RSV RT-PCR,Not Specified
4583,Procedure,MRI scans,Not Specified
4584,Other,biochemical analysis,Not Specified
4585,Drug,Canakinumab,Not Specified
4585,Drug,Placebo,Not Specified
4586,Other,glucose control and sensor usage,Not Specified
4587,Other,survey work,Not Specified
4588,Biological,Umbilical cord Wharton's jelly-derived human,Not Specified
4588,Other,NaCl 0.9%,Not Specified
4589,Other,HOME-CoV rule implementation,Not Specified
4590,Diagnostic Test,Fibreoptic Endoscopic Evaluation of Swallowing (FEES),Not Specified
4590,Diagnostic Test,Videofluoroscopy,Not Specified
4590,Other,Dysphagia Handicap Index (DHI),Not Specified
4590,Other,Voice Symptom Scale (VoiSS),Not Specified
4591,Diagnostic Test,Generalized Anxiety Disorder-7 (GAD 7),Not Specified
4591,Diagnostic Test,Background questionnaire,Not Specified
4591,Diagnostic Test,Impact of COVID-19 questionnaire,Not Specified
4591,Diagnostic Test,Confinement and Communication During the COVID-19 Pandemic,Not Specified
4591,Diagnostic Test,Mental Health questionnaire,Not Specified
4591,Diagnostic Test,Patient Health Questionnaire (PHQ-9),Not Specified
4591,Diagnostic Test,Post Traumatic Stress Disorder questionnaire (PTSD-8),Not Specified
4591,Diagnostic Test,Experiences in Close Relationship Scale questionnaire (ECR-S),Not Specified
4592,Other,Questionnaire,Not Specified
4593,Drug,Losartan,Not Specified
4594,Biological,Tocilizumab,Not Specified
4595,Device,Hospital telemedicine management system,Not Specified
4595,Other,Usual care,Not Specified
4596,Other,Survey,Not Specified
4597,Device,Remote Ischemic Conditioning,Not Specified
4598,Other,Comprehensive treatment,Not Specified
4599,Other,WebEx Physical Activity Program,Not Specified
4601,Diagnostic Test,Anti-COVID test,Not Specified
4602,Drug,Nintedanib,Not Specified
4602,Drug,Placebo,Not Specified
4603,Biological,NGM621,Not Specified
4603,Biological,Placebo,Not Specified
4604,Other,evaluation of skin microvascular flow and reactivity,Not Specified
4605,Biological,Emapalumab,Not Specified
4605,Biological,Anakinra,Not Specified
4606,Dietary Supplement,Natural Honey,Not Specified
4606,Other,Standard Care,Not Specified
4607,Drug,Therapeutic anticoagulation,Not Specified
4609,Drug,Povidone-Iodine,Not Specified
4609,Drug,Normal saline,Not Specified
4610,Drug,Intravenous sedation,Not Specified
4610,Drug,Inhaled sedation,Not Specified
4611,Drug,Weight-based dexamethasone dose,Not Specified
4612,Diagnostic Test,Duplex ultrasound and Computed Tomography Angiography,Not Specified
4614,Other,Emergency general surgical admissions,Not Specified
4615,Drug,Sargramostim,Not Specified
4615,Drug,Placebo,Not Specified
4616,Biological,blood sample,Not Specified
4617,Procedure,Gastric cancer surgery,Not Specified
4619,Other,Sending thorax ct video images via smartphone applications,Not Specified
4620,Drug,BNO 1030,Not Specified
4620,Other,Standard care,Not Specified
4622,Behavioral,Questionnaire for evaluation of confinement on deviant sexual fantasies,Not Specified
4623,Other,This is an online survey with no intervention.,Not Specified
4624,Biological,UC-MSCs,Not Specified
4625,Other,NaCl Solution,Not Specified
4626,Drug,Enoxaparin,Not Specified
4627,Other,no intervention,Not Specified
4628,Other,Woebot Substance Use Disorder,Not Specified
4630,Drug,Niclosamide + Camostat,Not Specified
4630,Other,Placebo,Not Specified
4631,Other,Online questionnaire and interviews,Not Specified
4632,Procedure,Muscle Biopsy,Not Specified
4634,Diagnostic Test,Novel laser inferometry test for CORONA virus,Not Specified
4636,Device,MejoraCare,Not Specified
4638,Other,Best Practice,Not Specified
4638,Drug,Ibrutinib,Not Specified
4639,Biological,BBV152A - Phase I,Not Specified
4639,Biological,BBV152B - Phase I,Not Specified
4639,Biological,BBV152C - Phase I,Not Specified
4639,Biological,Placebo - Phase I,Not Specified
4639,Biological,BBV152A - Phase II,Not Specified
4639,Biological,BBV152B - Phase II,Not Specified
4640,Drug,Canakinumab Injection 600mg,Not Specified
4640,Drug,Canakinumab Injection 300mg,Not Specified
4640,Drug,Placebos,Not Specified
4641,Other,Observational,Not Specified
4642,Drug,nebulised recombinant tissue-Plasminogen Activator (rt-PA) - Cohort 1,Not Specified
4642,Drug,nebulised recombinant tissue-Plasminogen Activator (rt-PA) - Cohort 2 IMV,Not Specified
4642,Drug,nebulised recombinant tissue-Plasminogen Activator (rt-PA) - Cohort 2 NIV,Not Specified
4643,Behavioral,RECHARGE,Not Specified
4643,Behavioral,Self Study,Not Specified
4645,Drug,Telmisartan Oral Product,Not Specified
4645,Drug,Placebo,Not Specified
4646,Procedure,Tracheal intubation and cardiopulmonary resuscitation,Not Specified
4649,Drug,Auxora,Not Specified
4649,Drug,Placebo,Not Specified
4650,Drug,Interleukin 6 (IL6) Antagonist,Not Specified
4650,Drug,Interleukin 6 (IL6) Antagonist and corticosteroids,Not Specified
4650,Drug,corticosteroid alone,Not Specified
4651,Other,Pulmonary Rehabilitation,Not Specified
4653,Drug,Lovenox 40 MG in 0.4 mL Prefilled Syringe,Not Specified
4653,Device,Ultrasound of the lower limbs,Not Specified
4654,Other,Auricular stimulation,Not Specified
4655,Device,UVC Irradiation,Not Specified
4655,Drug,UVC Irradiation,Not Specified
4655,Device,Fit test,Not Specified
4655,Device,Tensile strength,Not Specified
4656,Behavioral,eHealth +counselling contacts,Not Specified
4656,Behavioral,eHealth,Not Specified
4656,Behavioral,Usual care,Not Specified
4659,Drug,"cholecalciferol 200,000 IU",Not Specified
4659,Drug,"cholecalciferol 50,000 IU",Not Specified
4660,Behavioral,Simulation Intervention,Not Specified
4660,Behavioral,Control,Not Specified
4661,Drug,Favipiravir,Not Specified
4661,Drug,Hydroxychloroquine,Not Specified
4661,Drug,Lopinavir / Ritonavir,Not Specified
4662,Drug,Hydroxychloroquine,Not Specified
4662,Drug,Placebo,Not Specified
4663,Behavioral,Emotion Regulation Training via Telehealth,Not Specified
4664,Other,PT Pal,Not Specified
4664,Other,Exercise Manual,Not Specified
4665,Behavioral,Mindfulness Based Intervention,Not Specified
4668,Biological,mRNA-1283,Not Specified
4668,Biological,mRNA-1273,Not Specified
4668,Biological,Placebo,Not Specified
4669,Device,Non-contact MCE system,Not Specified
4670,Behavioral,Assessment of work-related stress,Not Specified
4670,Biological,Saliva sample collection,Not Specified
4670,Other,Cardiac and electrodermal recordings,Not Specified
4670,Behavioral,Assessment of behavioral response to emotional stimulation,Not Specified
4671,Other,Follow up calls,Not Specified
4673,Procedure,Direct laryngoscopy,Not Specified
4673,Procedure,Vie Scope laryngoscopy,Not Specified
4674,Other,community health worker support,Not Specified
4674,Other,care as usual,Not Specified
4675,Other,life questionnaires,Not Specified
4675,Other,questionnaire,Not Specified
4676,Behavioral,Online Lifestyle Intervention,Not Specified
4676,Other,Control Group,Not Specified
4677,Other,"Virtual Assistant first, then Human Coach",Not Specified
4677,Other,"Human Coach first, then Virtual Assistant",Not Specified
4678,Biological,Recombinant Novel Coronavirus Vaccine (Adenovirus Type 5 Vector) for Inhalation,Not Specified
4678,Biological,Recombinant Novel Coronavirus Vaccine (Adenovirus Type 5 Vector),Not Specified
4678,Biological,Placebo for Inhalation,Not Specified
4678,Biological,Placebo,Not Specified
4679,Behavioral,Virtual Peer Support Platform,Not Specified
4679,Behavioral,Control Period,Not Specified
4681,Drug,Antibiotic,Not Specified
4683,Drug,ADM03820,Not Specified
4683,Other,Placebo,Not Specified
4685,Other,Access to training facility,Not Specified
4686,Other,Telestroke,Not Specified
4687,Biological,Covigenix VAX-001 placebo,Not Specified
4687,Biological,Covigenix VAX-001,Not Specified
4688,Other,exercise capacity,Not Specified
4689,Drug,Hesperidin and Diosmin mixture,Not Specified
4690,Drug,Doxycycline,Not Specified
4690,Drug,Placebo,Not Specified
4692,Device,RIA-device (Remote Investigation and Assessment),Not Specified
4693,Behavioral,survey,Not Specified
4694,Biological,UB-612,Not Specified
4694,Other,Placebo,Not Specified
4695,Behavioral,Social Distancing Advertisements,Not Specified
4696,Device,Fit test,Not Specified
4696,Device,Filtration Test,Not Specified
4697,Other,Questionnaire Administration,Not Specified
4698,Drug,Tocilizumab,Not Specified
4699,Other,service of questionnaire,Not Specified
4701,Drug,Spironolactone 100mg,Not Specified
4701,Drug,Placebo oral tablet,Not Specified
4702,Drug,Tirofiban Injection,Not Specified
4702,Drug,Clopidogrel,Not Specified
4702,Drug,Acetylsalicylic acid,Not Specified
4702,Drug,Fondaparinux,Not Specified
4703,Device,Marker Therapeutics D2000 Cartridge (D2000) for use with the Spectra Optia® Apheresis System (Optia SPD Protocol),Not Specified
4705,Behavioral,"REmotely Monitored, Mhealth (REMM) supported High Intensity Interval Training (HIIT)",Not Specified
4706,Other,Study of the synthesis of antibodies directed against SARS,Not Specified
4707,Behavioral,Medical Music,Not Specified
4707,Behavioral,Narrative Writing,Not Specified
4707,Behavioral,Prolonged Exposure Therapy,Not Specified
4707,Behavioral,Interpersonal Psychotherapy,Not Specified
4708,Biological,V590,Not Specified
4708,Other,Placebo,Not Specified
4709,Behavioral,HOPE intervention,Not Specified
4710,Other,Psychometric scale administration,Not Specified
4711,Device,FFP2,Not Specified
4711,Device,Facial mask,Not Specified
4711,Device,MFS,Not Specified
4712,Other,Exercise program,Not Specified
4712,Other,Healthy lifestyle advise,Not Specified
4714,Behavioral,Family Nurture Intervention (FNI),Not Specified
4716,Drug,Vitamin D3 or Placebo,Not Specified
4716,Device,Doctella telehealth monitoring,Not Specified
4717,Drug,HLX71,Not Specified
4717,Other,Placebo,Not Specified
4718,Diagnostic Test,Nasopharyngeal swab,Not Specified
4718,Other,Questionnaire collection,Not Specified
4718,Other,Optional blood completion,Not Specified
4718,Other,Optional questionnaire completion,Not Specified
4719,Other,3D Telemedicine,Not Specified
4720,Other,6-min-walk surgical mask,Not Specified
4720,Other,6-min-walk Fpp2,Not Specified
4720,Other,6-min-walk without mask,Not Specified
4721,Behavioral,Lift,Not Specified
4722,Device,Covidfree@home,Not Specified
4723,Other,COVICU,Not Specified
4724,Behavioral,Peer Resilience Champion,Not Specified
4724,Behavioral,Enriched Survey Feedback,Not Specified
4726,Behavioral,Virtual Group Intervention,Not Specified
4726,Behavioral,Personal Exercise Intervention,Not Specified
4727,Other,Sudarshan Kriya Yoga (SKY),Not Specified
4727,Other,Health Enhancement Program,Not Specified
4728,Other,Standard interface,Not Specified
4728,Device,Double-Trunk Mask,Not Specified
4729,Behavioral,Facebook Ads on the importance of staying safe during the Thanksgiving holiday,Not Specified
4730,Other,Telemonitoring and teleorientation,Not Specified
4730,Other,Control Group - Waiting list,Not Specified
4731,Behavioral,VR for psychoeducation and relaxation,Not Specified
4731,Behavioral,Text material for psychoeducation and audio for relaxation techniques,Not Specified
4732,Other,Exercise Group,Not Specified
4733,Drug,Sarilumab SAR153191,Not Specified
4733,Drug,Placebo,Not Specified
4735,Behavioral,Motivation,Not Specified
4735,Behavioral,Habit,Not Specified
4735,Behavioral,Social,Not Specified
4736,Radiation,Angiography scanner,Not Specified
4737,Drug,Part 1 - TL-895,Not Specified
4737,Drug,Part 2 - TL-895,Not Specified
4737,Drug,Part 2 - Placebo,Not Specified
4738,Drug,Opaganib,Not Specified
4738,Drug,Standard of Care,Not Specified
4739,Procedure,Surgical repair,Not Specified
4739,Procedure,Percutaneous treatment,Not Specified
4739,Procedure,Mitral valve surgery,Not Specified
4740,Drug,Favipiravir,Not Specified
4740,Drug,Remdesivir,Not Specified
4741,Behavioral,Experimental Group,Not Specified
4741,Behavioral,Comparison Group,Not Specified
4742,Other,Review of medical patient file,Not Specified
4742,Other,Phone call interview,Not Specified
4743,Behavioral,Hospital Anxiety Depression Measure,Not Specified
4744,Other,No intervention,Not Specified
4745,Dietary Supplement,Vitamin D3,Not Specified
4747,Other,Eye Movement Desensitisation and Reprocessing Recent traumatic Event Protocol,Not Specified
4748,Diagnostic Test,Assessment of ventilator-associated pneumonia criteria,Not Specified
4749,Drug,Itolizumab IV infusion,Not Specified
4749,Drug,"Best supportive care"" which includes antivirals /antibiotics/ hydroxychloroquine; oxygen therapy",Not Specified
4750,Other,teleconsultation,Not Specified
4751,Other,data collection,Not Specified
4752,Device,NIO® (Intraosseous access),Not Specified
4752,Device,Standard of Care (Intravenous access),Not Specified
4753,Other,No intervention,Not Specified
4754,Drug,Camostat Mesilate,Not Specified
4754,Other,Standard of Care,Not Specified
4757,Other,3D Telemedicine,Not Specified
4757,Other,2D Telemedicine,Not Specified
4758,Other,VCPM,Not Specified
4759,Other,Virtual Village,Not Specified
4761,Device,Auscul-X,Not Specified
4762,Drug,SIR1-365,Not Specified
4762,Drug,Matching Placebo,Not Specified
4763,Device,COViage,Not Specified
4766,Drug,DUR-928,Not Specified
4766,Drug,Placebo,Not Specified
4767,Other,Perceived stress scale,Not Specified
4767,Other,Fibromyalgia impact questionnaire,Not Specified
4767,Other,"The drugs used before and during the pandemic, the patient's job status, physical activity conditions, pain status",Not Specified
4768,Behavioral,Stress and emotion management,Not Specified
4769,Other,maslach burnout inventory questionnair,Not Specified
4772,Dietary Supplement,Viusid and Asbrip,Not Specified
4774,Other,Tele-rheumatology,Not Specified
4775,Other,Beck Depression Inventory (BDI),Not Specified
4776,Drug,Nitroglycerin,Not Specified
4777,Other,PEEP trial,Not Specified
4779,Behavioral,Prospective study with two measurement points investigating the impact of viral mitigation protocols on mental health,Not Specified
4781,Diagnostic Test,Assessment of cardiovascular diseases and cardiovascular risk factors,Not Specified
4782,Other,Removal of dead space filter,Not Specified
4783,Behavioral,Supportive Trauma Exposure Preparation Program,Not Specified
4784,Other,Questionnaires,Not Specified
4784,Biological,blood test,Not Specified
4784,Other,Maximal effort test,Not Specified
4784,Device,actigraphy,Not Specified
4784,Device,Neuromuscular evaluation,Not Specified
4784,Other,stool analysis,Not Specified
4784,Other,food diary,Not Specified
4786,Drug,Intravenous Immunoglobulin,Not Specified
4786,Other,Standard care,Not Specified
4787,Behavioral,Written Summary of Rounds,Not Specified
4788,Drug,Tocilizumab,Not Specified
4788,Drug,Dexamethasone,Not Specified
4790,Diagnostic Test,"Complete blood picture, bone marrow aspiration cytology",Not Specified
4791,Other,Home-based exercise,Not Specified
4792,Behavioral,"Training for Awareness, Resilience, and Action (TARA)",Not Specified
4793,Dietary Supplement,Ascorbic Acid,Not Specified
4793,Dietary Supplement,Zinc Gluconate,Not Specified
4793,Dietary Supplement,Ascorbic Acid and Zinc Gluconate,Not Specified
4793,Other,Standard of Care,Not Specified
4794,Behavioral,Cognitive Behavioral Brief-Telepsychotherapy,Not Specified
4794,Behavioral,Brief Interpersonal Telepsychotherapy,Not Specified
4794,Behavioral,Telepsychoeducation,Not Specified
4795,Other,Satisfaction evaluation,Not Specified
4796,Other,n/a - samples collected along routine care samples only,Not Specified
4797,Drug,L-ascorbic acid,Not Specified
4798,Other,Yoga,Not Specified
4800,Other,None - NA,Not Specified
4802,Behavioral,Evaluation,Not Specified
4803,Behavioral,Virtual Family-Based Treatment,Not Specified
4804,Drug,VERU-111,Not Specified
4805,Other,Telephone interview,Not Specified
4806,Diagnostic Test,Endothelial damage and angiogenic biomarkers,Not Specified
4807,Behavioral,Self-focused acts,Not Specified
4807,Behavioral,Prosocial acts,Not Specified
4808,Behavioral,Usual Care,Not Specified
4808,Behavioral,online KKH Sports Singapore Program with Usual Care,Not Specified
4809,Drug,Enoxaparin 40Mg/0.4Ml Inj Syringe 0.4Ml,Not Specified
4810,Behavioral,Wellness Education,Not Specified
4811,Radiation,thoracic CT-scan,Not Specified
4812,Drug,Nitazoxanide,Not Specified
4812,Drug,Placebo Nitazoxanide,Not Specified
4812,Drug,Ribavirin,Not Specified
4812,Drug,Placebo Ribavirin,Not Specified
4812,Drug,Hydroxychloroquine,Not Specified
4812,Drug,Placebo Hydroxychloroquine,Not Specified
4813,Diagnostic Test,swabbing of conjunctiva,Not Specified
4814,Other,Survey,Not Specified
4815,Drug,Abidol hydrochloride,Not Specified
4815,Drug,Abidol Hydrochloride combined with Interferon atomization,Not Specified
4816,Drug,Chloroquine Diphosphate,Not Specified
4816,Drug,Placebo oral tablet,Not Specified
4817,Drug,BIO 300 Oral Suspension,Not Specified
4817,Drug,Placebo,Not Specified
4818,Diagnostic Test,Senior Fitness Test,Not Specified
4819,Other,40ml blood sample,Not Specified
4820,Drug,ASC09F+Oseltamivir,Not Specified
4820,Drug,Ritonavir+Oseltamivir,Not Specified
4820,Drug,Oseltamivir,Not Specified
4821,Drug,Tofacitinib,Not Specified
4822,Behavioral,Meditation app usage,Not Specified
4823,Device,MAGEC Spine Rod,Not Specified
4823,Diagnostic Test,Titanium blood test,Not Specified
4824,Device,"MagPro X100 Stimulator, B70 Fluid-Cooled Coil",Not Specified
4825,Device,Limbix Spark,Not Specified
4825,Other,Psychoeducation,Not Specified
4826,Behavioral,Prospective study with two measurement points investigating the impact of viral mitigation protocols on mental health,Not Specified
4827,Device,"MagPro X100 Stimulator, B70 Fluid-Cooled Coil",Not Specified
4828,Drug,Tradipitant,Not Specified
4828,Drug,Placebo,Not Specified
4829,Device,ECCO2R,Not Specified
4831,Drug,Vitamin C,Not Specified
4832,Drug,Abidol hydrochloride,Not Specified
4832,Drug,Oseltamivir,Not Specified
4832,Drug,Lopinavir/ritonavir,Not Specified
4833,Other,Chiropractic care,Not Specified
4834,Drug,Eltrombopag,Not Specified
4834,Drug,rhTPO,Not Specified
4835,Behavioral,Self-acupressure,Not Specified
4836,Drug,Fixed-duration Hydrocortisone,Not Specified
4836,Drug,Shock-dependent hydrocortisone,Not Specified
4836,Drug,Ceftriaxone,Not Specified
4836,Drug,Moxifloxacin or Levofloxacin,Not Specified
4836,Drug,Piperacillin-tazobactam,Not Specified
4836,Drug,Ceftaroline,Not Specified
4836,Drug,Amoxicillin-clavulanate,Not Specified
4836,Drug,Macrolide administered for 3-5 days,Not Specified
4836,Drug,Macrolide administered for up to 14 days,Not Specified
4836,Drug,Five-days oseltamivir,Not Specified
4836,Drug,Ten-days oseltamivir,Not Specified
4836,Drug,Lopinavir/ritonavir,Not Specified
4836,Drug,Hydroxychloroquine,Not Specified
4836,Drug,Hydroxychloroquine + lopinavir/ritonavir,Not Specified
4836,Drug,Interferon-β1a,Not Specified
4836,Drug,Anakinra,Not Specified
4836,Drug,Fixed-duration higher dose Hydrocortisone,Not Specified
4836,Drug,Tocilizumab,Not Specified
4836,Drug,Sarilumab,Not Specified
4836,Drug,Vitamin C,Not Specified
4836,Drug,Therapeutic anticoagulation,Not Specified
4836,Drug,Simvastatin,Not Specified
4836,Biological,Convalescent plasma,Not Specified
4836,Other,Protocolised mechanical ventilation strategy,Not Specified
4836,Drug,Eritoran,Not Specified
4836,Drug,Apremilast,Not Specified
4836,Drug,Aspirin,Not Specified
4836,Drug,Clopidogrel,Not Specified
4836,Drug,Prasugrel,Not Specified
4836,Drug,Ticagrelor,Not Specified
4837,Other,"Remote SMS (short message service, also known as ""text message"") delivery",Not Specified
4838,Behavioral,blood donation SMS,Not Specified
4839,Drug,bovhyaluronidase azoxymer,Not Specified
4840,Other,Produce prescription program,Not Specified
4840,Other,Grocery store gift cards,Not Specified
4841,Other,Nutrition support,Not Specified
4842,Drug,SAR443122,Not Specified
4842,Drug,Placebo,Not Specified
4844,Device,non-contact magnetically-controlled capsule endoscopy,Not Specified
4846,Drug,Methylprednisolone,Not Specified
4847,Drug,Sarilumab,Not Specified
4848,Other,survey,Not Specified
4849,Biological,Recombinant Novel Coronavirus Vaccine (Adenovirus Type 5 Vector),Not Specified
4849,Biological,Recombinant Novel Coronavirus Vaccine (Adenovirus Type 5 Vector) -placebo,Not Specified
4850,Device,Heart patch seeded with autologous cardiomyocytes and amnion epithelial stem cells,Not Specified
4851,Other,Educational Program (CARTOON),Not Specified
4852,Other,A questionnaire and scales.,Not Specified
4853,Behavioral,Online cognitive behavioral therapy (CBT),Not Specified
4853,Behavioral,Online bibliotherapy programme,Not Specified
4854,Drug,VIB7734,Not Specified
4854,Drug,Placebo,Not Specified
4856,Behavioral,Video based exercise,Not Specified
4857,Drug,Any drug used to treat Covid-19,Not Specified
4858,Other,data record,Not Specified
4859,Behavioral,Trauma Informed Yoga,Not Specified
4859,Behavioral,Trauma Informed Psychotherapy,Not Specified
4860,Drug,glenzocimab,Not Specified
4860,Drug,Placebo,Not Specified
4861,Other,Prospective study with two measurement points investigating the impact of viral mitigation protocols on parental burnout,Not Specified
4862,Behavioral,blood donation SMS,Not Specified
4863,Device,Freestyle Libre 14 day CGM system,Not Specified
4863,Device,Accuchek Inform II platform,Not Specified
4864,Drug,Ibuprofen,Not Specified
4865,Other,Tele-yoga therapy,Not Specified
4865,Other,Primary care,Not Specified
4866,Drug,Ivermectin,Not Specified
4866,Drug,Placebo,Not Specified
4867,Drug,Methylprednisolone Sodium Succinate,Not Specified
4867,Drug,Placebo solution,Not Specified
4868,Behavioral,blood donation SMS,Not Specified
4869,Behavioral,Gratitude,Not Specified
4870,Behavioral,Reward Re-Training,Not Specified
4870,Behavioral,Supportive Therapy,Not Specified
4871,Drug,Fuzheng Huayu tablet,Not Specified
4872,Device,Robotic therapy,Not Specified
4873,Other,Chiropractic care (one visit),Not Specified
4873,Other,Chiropractic care (more than one visit),Not Specified
4874,Drug,Ivermectin,Not Specified
4877,Drug,Baricitinib,Not Specified
4878,Other,Non invasive visual acuity testing,Not Specified
4879,Behavioral,Internet-based guided self-help based on CBT principles,Not Specified
4880,Drug,Dornase Alfa Inhalation Solution,Not Specified
4881,Other,Telegeriatric intervention,Not Specified
4883,Procedure,Appendicectomy,Not Specified
4884,Biological,Recombinant Interferon Alfa-2b,Not Specified
4884,Drug,Rintatolimod,Not Specified
4885,Biological,mRNA-1273,Not Specified
4885,Biological,Placebo,Not Specified
4886,Drug,Pertuzumab and Trastuzumab Fixed-Dose Combination for Subcutaneous Administration (PH FDC SC),Not Specified
4888,Other,Questionnaire,Not Specified
4889,Biological,COVIGEN 0.8 mg ID or Placebo ID,Not Specified
4889,Biological,COVIGEN 2.0 mg IM or Placebo IM,Not Specified
4889,Biological,COVIGEN 4.0 mg IM or Placebo IM,Not Specified
4890,Device,Soterix taVNS model 0125-LTE Stimulator - Active-Active Group,Not Specified
4890,Device,Soterix taVNS model 0125-LTE Stimulator - Sham-Active Group,Not Specified
4891,Behavioral,Prospective study with two measurement points investigating the impact of viral mitigation protocols on mental health,Not Specified
4892,Other,Exercise training group,Not Specified
4893,Other,Individualised Ayurveda,Not Specified
4894,Other,Prospective study across two time-points examining the impact of viral mitigation protocols on mental health,Not Specified
4895,Other,Standard administration of oxygen flow,Not Specified
4895,Device,Automated oxygen administration - FreeO2,Not Specified
4896,Drug,CM4620-IE (Injectable Emulsion),Not Specified
4896,Drug,Placebo,Not Specified
4897,Behavioral,Mindfulness intervention,Not Specified
4897,Behavioral,Non-Mindfulness intervention,Not Specified
4898,Behavioral,Hiking challenge,Not Specified
4898,Other,Activity list,Not Specified
4899,Behavioral,online mindfulness group,Not Specified
4900,Behavioral,Behavioral: OCAT-sham,Not Specified
4900,Behavioral,Behavioral: OCAT,Not Specified
4900,Other,psycho-education video,Not Specified
4901,Other,Description of groups caracteristics,Not Specified
4903,Drug,Hydroxychloroquine,Not Specified
4903,Drug,Azithromycin,Not Specified
4904,Other,Questionnaires,Not Specified
4904,Other,psychological and sociological interviews,Not Specified
4906,Behavioral,Assigned Strategies: Opt-in,Not Specified
4906,Behavioral,Assigned Strategies: Active Choice,Not Specified
4906,Behavioral,Assigned Strategies: Enhanced Active Choice,Not Specified
4906,Behavioral,Choice of Assignment: Opt-in,Not Specified
4906,Behavioral,Choice of Assignment: Active Choice,Not Specified
4906,Behavioral,Choice of Assignment: Enhanced Active Choice,Not Specified
4909,Behavioral,ACT,Not Specified
4910,Other,Meditation (1 x 20-minute guided audio training),Not Specified
4911,Behavioral,Brief Behavioral Activation with Mental Imagery,Not Specified
4911,Behavioral,Minimal Attention Control Intervention,Not Specified
4912,Other,Learning running subcuticular sutures on the Gamified Educational Network,Not Specified
4913,Behavioral,Simple cognitive task intervention,Not Specified
4913,Behavioral,Attention Placebo,Not Specified
4914,Device,Therapeutic plasma exchange,Not Specified
4915,Other,Psycho-Social Questionnaire,Not Specified
4916,Other,BIOMARKERS IN THE LONG TERM IMPACT OF CORONAVIRUS INFECTION IN THE CARDIORRESPIRATORY SYSTEM,Not Specified
4917,Diagnostic Test,40-Steps-test,Not Specified
4919,Other,Experimental: Active care group,Not Specified
4919,Other,Active Comparator: Self-care group,Not Specified
4920,Drug,Amlodipine,Not Specified
4921,Drug,Lopinavir / ritonavir tablets combined with Xiyanping injection,Not Specified
4921,Drug,Lopinavir/ritonavir treatment,Not Specified
4922,Drug,INO-4800,Not Specified
4922,Device,CELLECTRA® 2000,Not Specified
4924,Other,Questionnaire,Not Specified
4926,Procedure,Prone positioning,Not Specified
4929,Biological,BBV154 Vaccine,Not Specified
4930,Behavioral,Eating habits,Not Specified
4931,Behavioral,Mobile phone support,Not Specified
4931,Behavioral,Remote service delivery model,Not Specified
4932,Biological,CoronaVac,Not Specified
4933,Drug,Colchicine,Not Specified
4933,Drug,Placebo oral tablet,Not Specified
4934,Other,3D Telemedicine,Not Specified
4934,Other,2D Telemedicine,Not Specified
4935,Drug,Alteplase,Not Specified
4935,Procedure,Standard of care,Not Specified
4936,Drug,Veru-111,Not Specified
4937,Procedure,Observation for study group,Not Specified
4938,Other,Survey and Questionnaire,Not Specified
4939,Behavioral,Mindfulness-Based Cognitive Therapy,Not Specified
4939,Behavioral,Muscle Relaxation Therapy,Not Specified
4940,Drug,Angiotensin-(1-7),Not Specified
4940,Drug,Placebo,Not Specified
4941,Biological,NK Cells,Not Specified
4943,Other,Online questionnaire,Not Specified
4944,Behavioral,Trauma-informed yoga video recording,Not Specified
4945,Drug,XC7 100 mg single,Not Specified
4945,Drug,XC7 200 mg single,Not Specified
4945,Drug,Placebo single,Not Specified
4945,Drug,XC7 200 mg multiple,Not Specified
4945,Drug,Placebo multiple,Not Specified
4946,Behavioral,Attention Bias Modification (ABM),Not Specified
4947,Drug,Tocilizumab,Not Specified
4948,Biological,ARCT-021 Dose 1,Not Specified
4948,Biological,ARCT-021 Dose 2,Not Specified
4948,Biological,ARCT-021 Dose 3,Not Specified
4948,Biological,ARCT-021 Dose 4,Not Specified
4948,Biological,ARCT-021 Dose Regimen 1,Not Specified
4948,Biological,ARCT-021 Dose Regimen 2,Not Specified
4948,Other,Placebo,Not Specified
4949,Behavioral,The PREPARE program,Not Specified
4950,Other,Questionnaire,Not Specified
4951,Dietary Supplement,Vitamine D3 supplementation,Not Specified
4951,Dietary Supplement,Diet and sun exposure,Not Specified
4952,Other,Exercise,Not Specified
4952,Behavioral,Psychological and Behaviour Change Support,Not Specified
4952,Other,Nutrition,Not Specified
4953,Diagnostic Test,MCC IMS,Not Specified
4954,Drug,Modafinil,Not Specified
4955,Drug,Anakinra,Not Specified
4956,Behavioral,mHealth Platform,Not Specified
4957,Drug,REGN10933+REGN10987,Not Specified
4957,Drug,Placebo,Not Specified
4958,Drug,Vitamin D,Not Specified
4958,Drug,PLACEBO,Not Specified
4959,Device,Personal protective equipment (PPE),Not Specified
4959,Device,No Personal protective equipment (PPE),Not Specified
4960,Other,High PEEP with end inspiratory pause,Not Specified
4960,Other,Low PEEP - FiO2 high,Not Specified
4960,Other,High PEEP without end inspiratory pause,Not Specified
4960,Other,Low PEEP - FiO2 low,Not Specified
4961,Biological,VPM1002,Not Specified
4961,Biological,Placebo,Not Specified
4962,Other,Telemedicine to remote outpatient visit in bariatric patient,Not Specified
4964,Behavioral,Telehealth coaching sessions,Not Specified
4965,Behavioral,Emotional Freedom Technique,Not Specified
4966,Biological,Tocilizumab,Not Specified
4967,Other,RNA vaccine,Not Specified
4967,Other,20% adoption rate,Not Specified
4967,Other,40% adoption rate,Not Specified
4967,Other,60% adoption rate,Not Specified
4967,Other,80% adoption rate,Not Specified
4967,Other,Conventional vaccine,Not Specified
4967,Other,0% adoption rate,Not Specified
4968,Behavioral,Anxiety Reduction Training,Not Specified
4968,Behavioral,Kundalini Yoga and Anxiety Reduction Training,Not Specified
4968,Behavioral,Meditation and Anxiety Reduction Training,Not Specified
4969,Diagnostic Test,Collection of breath sample,Not Specified
4971,Device,Transpulmonary thermodilution,Not Specified
4971,Device,Echocardiography,Not Specified
4972,Drug,Bamlanivimab,Not Specified
4973,Behavioral,exercise group,Not Specified
4973,Other,control group,Not Specified
4975,Drug,RoActemra iv,Not Specified
4975,Drug,RoActemra sc,Not Specified
4975,Drug,Kevzara sc,Not Specified
4975,Other,Standard medical care,Not Specified
4976,Biological,COVAC-2,Not Specified
4976,Biological,Saline Placebo,Not Specified
4977,Behavioral,Healthy Minds Program Foundations Training,Not Specified
4978,Biological,AdCOVID,Not Specified
4978,Other,Placebo,Not Specified
4980,Drug,Oseltamivir,Not Specified
4980,Drug,hormones,Not Specified
4980,Device,oxygen therapy,Not Specified
4980,Procedure,mesenchymal stem cells,Not Specified
4981,Drug,Chloroquine diphosphate,Not Specified
4982,Drug,DWRX2003,Not Specified
4983,Behavioral,Intervention for TECC Model,Not Specified
4985,Other,Observation,Not Specified
4986,Behavioral,brief mindfulness based intervention,Not Specified
4986,Behavioral,Progressive muscle relaxation,Not Specified
4987,Behavioral,Home exercise program,Not Specified
4988,Diagnostic Test,New QIAstat-Dx fully automatic multiple PCR detection platform,Not Specified
4989,Biological,T memory cells and NK cells,Not Specified
4990,Procedure,Early Definitive Treatment,Not Specified
4991,Other,Digital cardiac Counseling,Not Specified
4993,Biological,high-titer anti-Sars-CoV-2 plasma,Not Specified
4993,Other,oxygen therapy,Not Specified
4994,Behavioral,Speed of Processing Training,Not Specified
4994,Behavioral,Instrumental Activities of Daily Living Shaping,Not Specified
4994,Behavioral,Transfer Package from CI Therapy,Not Specified
4994,Other,Usual Care,Not Specified
4995,Other,PTSD Check List (PCL) scale,Not Specified
4995,Other,Brief COPE scale,Not Specified
4995,Other,GAD-7 (Generalized Anxiety Disorder) scale (during containment),Not Specified
4995,Other,Analog scale,Not Specified
4995,Other,GAD-7 (Generalized Anxiety Disorder) scale (post containment),Not Specified
4995,Other,Big Five Inventory (BFI) scale,Not Specified
4995,Other,Relationship Scales Questionnaire (RSQ),Not Specified
4997,Behavioral,Remote Problem Management Plus,Not Specified
4998,Other,specific exercise rehabilitation treatment,Not Specified
5000,Drug,L-ascorbic acid,Not Specified
5000,Other,Placebo,Not Specified
5001,Diagnostic Test,Machine Learning Classification of parenchymal lung change cause,Not Specified
5001,Diagnostic Test,Machine Learning Classification of recurrence and non-recurrence,Not Specified
5002,Procedure,Venepuncture,Not Specified
5002,Procedure,Oral fluid swab,Not Specified
5003,Other,Assembled mask,Not Specified
5005,Diagnostic Test,Chest MRI,Not Specified
5006,Behavioral,COMPASS,Not Specified
5006,Behavioral,Standard charity resources,Not Specified
5007,Other,Pulmonary Physiotherapy Techniques,Not Specified
5008,Other,Best Practice,Not Specified
5008,Biological,Tocilizumab,Not Specified
5009,Device,Bone conduction headphones,Not Specified
5010,Drug,Mefloquine,Not Specified
5010,Drug,Hydroxychloroquine,Not Specified
5010,Combination Product,Mefloquine + azithromycin + / - tocilizumab,Not Specified
5010,Combination Product,Hydroxychloroquine + azithromycin + / - tocilizumab,Not Specified
5011,Drug,Drug: Isotretinoin plus Tamoxifen,Not Specified
5011,Drug,Aerosolized Isotretinoin plus Tamoxifen,Not Specified
5012,Biological,BNT162a1,Not Specified
5012,Biological,BNT162b1,Not Specified
5012,Biological,BNT162b2,Not Specified
5012,Biological,BNT162c2,Not Specified
5013,Other,hospital bedroom booking,Not Specified
5014,Other,cries 13 questionnaire,Not Specified
5015,Diagnostic Test,Neural network diagnosis algorithm,Not Specified
5016,Behavioral,Yoga group,Not Specified
5016,Behavioral,High Intensity Interval Training group,Not Specified
5016,Behavioral,Combination,Not Specified
5017,Other,"No intervention, observational study",Not Specified
5018,Biological,Convalescent Plasma 1 Unit,Not Specified
5018,Biological,Convalescent Plasma 2 Units,Not Specified
5018,Other,Standard of Care,Not Specified
5019,Other,Weight Counseling,Not Specified
5019,Other,Telemedicine,Not Specified
5020,Other,Exercise,Not Specified
5021,Behavioral,Technology based social interactions,Not Specified
5021,Other,No research related technology based social interactions,Not Specified
5022,Device,Hyfe cough tracker,Not Specified
5023,Other,MRI,Not Specified
5025,Behavioral,questionaire to husband and wife,Not Specified
5026,Device,Aerosol Box,Not Specified
5026,Device,Intubation Box,Not Specified
5027,Drug,VC,Not Specified
5027,Drug,Sterile Water for Injection,Not Specified
5028,Behavioral,Enhanced hygiene measures,Not Specified
5029,Device,high flow nasal cannula device,Not Specified
5030,Drug,AK119,Not Specified
5030,Drug,Placebo,Not Specified
5031,Other,blood sampling,Not Specified
5033,Behavioral,Telepsychoeducation with personalized videos,Not Specified
5033,Behavioral,Telepsychoeducation without personalized videos,Not Specified
5034,Behavioral,Physical and Cognitive Activity,Not Specified
5035,Diagnostic Test,Low-dose Chest CT,Not Specified
5037,Other,questionnaire assesment,Not Specified
5038,Other,gastroscopy in transnasal techique,Not Specified
5039,Other,Health supplements,Not Specified
5040,Behavioral,Healthcare Worker Focused Outreach,Not Specified
5040,Behavioral,Community Organization Led Outreach,Not Specified
5041,Behavioral,Internet-based Cognitive Behavioral Therapy,Not Specified
5041,Other,Quality of life promotion,Not Specified
5043,Other,Remote Automated Monitoring System,Not Specified
5044,Other,nutritional intervention,Not Specified
5045,Drug,Anakinra,Not Specified
5046,Drug,Hydroxychloroquine Sulfate,Not Specified
5046,Drug,Azithromycin,Not Specified
5046,Drug,Chloroquine Sulfate,Not Specified
5048,Other,File scanning,Not Specified
5049,Biological,Ad26.COV2.S,Not Specified
5050,Other,Mindfulness Rounds,Not Specified
5051,Other,Resistance Exercise,Not Specified
5052,Other,Online questionnaire,Not Specified
5053,Other,"Dietary counselling on Food Groups according to IYC Feeding practices, WHO",Not Specified
5054,Biological,ABNCoV2 Vaccine,Not Specified
5055,Drug,Arbidol,Not Specified
5055,Other,basic treatment,Not Specified
5057,Device,COVSurf Drug Delivery System,Not Specified
5057,Other,Standard of Care,Not Specified
5058,Other,Questionnaire,Not Specified
5059,Behavioral,online survey,Not Specified
5060,Behavioral,Dialectical Behavioral Therapy (DBT) Skills,Not Specified
5061,Other,"Cognitive behavior therapy (CBT), specifically using the Facing Your Fears (FYF) curriculum",Not Specified
5062,Other,Caring Contacts,Not Specified
5063,Drug,Symptomatic drugs,Not Specified
5063,Drug,Bridge therapy,Not Specified
5063,Behavioral,Mindfulness program,Not Specified
5064,Biological,Coronavac,Not Specified
5065,Behavioral,Psychological Triaging Intervention,Not Specified
5065,Behavioral,Routine psychological support,Not Specified
5066,Device,sample of blood and saliva,Not Specified
5067,Biological,Ad26.COV2.S,Not Specified
5067,Biological,Placebo,Not Specified
5068,Behavioral,Telesimulation,Not Specified
5069,Biological,Convalescent plasma,Not Specified
5070,Drug,BRII-196 and BRII-198,Not Specified
5070,Drug,Placebo,Not Specified
5072,Device,neuromuscular electrical stimulation,Not Specified
5073,Drug,BRII-198,Not Specified
5073,Drug,Placebo,Not Specified
5074,Drug,BRII-196,Not Specified
5074,Drug,Placebo,Not Specified
5075,Behavioral,Parent Positive,Not Specified
5077,Other,Kinesiotherapy protocol,Not Specified
5077,Other,Usual orientations,Not Specified
5078,Drug,Early-Dexamethasone,Not Specified
5078,Drug,Late dexamethazone,Not Specified
5080,Other,Remote consultation,Not Specified
5081,Other,WHO QualityRights e-training,Not Specified
5081,Other,WHO COVID-19 online training,Not Specified
5082,Other,Discontinuation of ARB/ACEI,Not Specified
5082,Other,Continuation of ARB/ACEI,Not Specified
5083,Device,FamilyChildCare (provisional name of app),Not Specified
5084,Diagnostic Test,Cytokine measurements,Not Specified
5085,Other,this study is not an intervention study,Not Specified
5087,Other,RADx CHCs testing intervention strategy,Not Specified
5087,Other,Usual care control,Not Specified
5088,Drug,Anluohuaxian,Not Specified
5089,Drug,"RESP301, a Nitric Oxide generating solution",Not Specified
5090,Biological,ChulaCov19 mRNA vaccine,Not Specified
5091,Drug,Remdesivir,Not Specified
5092,Behavioral,Overcoming Anxiety in Pregnancy and Postpartum Online Self-Directed Program,Not Specified
5093,Behavioral,Positive feedback,Not Specified
5094,Behavioral,"Couple HOPES Guided, Internet-Delivered, Self-Help Intervention",Not Specified
5095,Other,Semi-structured interviews-Patients,Not Specified
5095,Other,Semi-structured interviews-Health system,Not Specified
5096,Diagnostic Test,Standard screening strategy,Not Specified
5096,Diagnostic Test,New screening strategy,Not Specified
5097,Drug,Nitric Oxide 0.5 % / Nitrogen 99.5 % Gas for Inhalation,Not Specified
5098,Drug,DAS181,Not Specified
5098,Drug,Placebo,Not Specified
5099,Other,Respiratory Mechanics,Not Specified
5099,Other,Standard Ventilation Strategy,Not Specified
5100,Biological,Ad26.COV2.S,Not Specified
5100,Biological,Placebo,Not Specified
5101,Drug,Intranasal heparin sodium (porcine),Not Specified
5102,Device,Ultrasound using the telerobotic Melody system,Not Specified
5103,Diagnostic Test,nasopharyngeal samples,Not Specified
5104,Behavioral,Phase 3 Cardiac rehabilitation,Not Specified
5105,Diagnostic Test,CYP phenotyping,Not Specified
5108,Procedure,Therapeutic Plasma Exchange,Not Specified
5109,Combination Product,Insulin film,Not Specified
5109,Device,Fast dissolving film,Not Specified
5110,Biological,CVnCoV Vaccine,Not Specified
5110,Drug,Placebo,Not Specified
5111,Device,N-95 Respirator,Not Specified
5111,Device,Cloth Face Mask,Not Specified
5111,Diagnostic Test,Graded exercise test,Not Specified
5112,Drug,alpha one antitrypsin inhalation,Not Specified
5114,Other,Slef questionnaires fulfilment,Not Specified
5115,Biological,1 µg CoV2 SAM (LNP),Not Specified
5115,Biological,3 µg CoV2 SAM (LNP),Not Specified
5115,Biological,10 µg CoV2 SAM (LNP),Not Specified
5115,Biological,30 µg CoV2 SAM (LNP),Not Specified
5116,Biological,Nanocovax,Not Specified
5116,Biological,Placebo,Not Specified
5117,Diagnostic Test,Liver function tests,Not Specified
5119,Drug,HLX70,Not Specified
5119,Other,Placebo,Not Specified
5120,Dietary Supplement,300 mg of omega3-FA,Not Specified
5121,Other,Inhalation of N-acetylcysteine,Not Specified
5121,Other,Inhalation of 5% sodium chloride,Not Specified
5121,Other,"Inhalation of 8,4% sodium bicarbonate",Not Specified
5122,Behavioral,Resilience Program,Not Specified
5123,Other,Ultrasonography,Not Specified
5125,Biological,Recombinant Novel Coronavirus Vaccine (Adenovirus Type 5 Vector),Not Specified
5125,Biological,Placebo,Not Specified
5126,Other,Medical Record Review - Inpatient Treatment,Not Specified
5126,Other,Online Questionnaires,Not Specified
5127,Other,VV-ECMO,Not Specified
5129,Other,"GPs reports of potential patient safety incidents, non-COVID-19 related",Not Specified
5130,Other,"Primary care professionals reports of potential patient safety incidents, non-COVID-19 related",Not Specified
5131,Diagnostic Test,Point of care ultrasound,Not Specified
5132,Other,Museum virtual guided tours,Not Specified
5133,Behavioral,MinnRAP Peer Support Program,Not Specified
5134,Drug,HFB30132A,Not Specified
5134,Other,Placebo,Not Specified
5135,Device,Breath Biopsy face masks with removable filters and fitted PVA strip,Not Specified
5136,Other,revised HOME-CoV score,Not Specified
5137,Behavioral,Telehealth phone calls,Not Specified
5137,Other,Volunteer of TIP-OA Program,Not Specified
5137,Other,Stakeholder of TIP-OA Program,Not Specified
5138,Other,Public space exposure,Not Specified
5139,Other,without masks,Not Specified
5139,Other,"Surgical face mask (Vheal Med Co., Ltd., Istanbul, Turkey)",Not Specified
5139,Other,"FFP2\N95 protective face mask (Musk protective technology, Gaziantep, Turkey)",Not Specified
5142,Other,Deep Breathing training,Not Specified
5142,Other,Compassion focused intervention,Not Specified
5143,Behavioral,LIFT Mindfulness,Not Specified
5144,Behavioral,Brief Skills for Safer Living,Not Specified
5145,Other,Telemedicine,Not Specified
5145,Other,Standard care,Not Specified
5146,Drug,ZYESAMI (aviptadil acetate),Not Specified
5148,Other,smell the odors of the olfactory rehabilitation kit according to the classic or intensive method,Not Specified
5149,Behavioral,Tele-coaching,Not Specified
5149,Behavioral,Website,Not Specified
5150,Behavioral,Intervention,Not Specified
5151,Device,V/Q System,Not Specified
5152,Diagnostic Test,ECG from handheld device,Not Specified
5153,Behavioral,Music Therapy,Not Specified
5154,Device,Mechanical ventilation with the automated BVM compressor,Not Specified
5155,Device,Robotic assisted intervention,Not Specified
5155,Genetic,epigenetic analyses,Not Specified
5155,Diagnostic Test,biochemical analyses,Not Specified
5156,Behavioral,Handwashing stations at the public places,Not Specified
5156,Behavioral,No activities of the HBCC project,Not Specified
5157,Procedure,Awake Proning,Not Specified
5158,Other,Motivational messages,Not Specified
5159,Drug,Niclosamide,Not Specified
5159,Drug,Placebo,Not Specified
5160,Other,after-each-case room disinfection,Not Specified
5160,Other,daily room disinfection,Not Specified
5161,Other,Convalescent Immune Plasma,Not Specified
5162,Biological,Descartes 30,Not Specified
5163,Other,PSQI,Not Specified
5165,Other,"Exposure to telemedicine, after the onset of the pandemic",Not Specified
5166,Other,Questionnaire,Not Specified
5167,Other,Staff will wear and evaluate Bubble-PAPR (non-CE marked PAPR),Not Specified
5168,Other,Online Cognitive Stimulation Therapy,Not Specified
5169,Procedure,Non-cardiac surgery,Not Specified
5171,Biological,Normal Saline,Not Specified
5171,Biological,NDV-HXP-S vaccine,Not Specified
5172,Behavioral,Web-based psychosocial peer-to-peer support,Not Specified
5173,Behavioral,self-care tools,Not Specified
5173,Behavioral,lay telephone coaching,Not Specified
5174,Behavioral,Basic Body Awareness Therapy,Not Specified
5174,Behavioral,Psychological treatment,Not Specified
5176,Behavioral,Brief cognitive behavioral therapy,Not Specified
5176,Behavioral,Crisis intervention therapy,Not Specified
5177,Diagnostic Test,glycomic analysis,Not Specified
5177,Other,Phone interview,Not Specified
5179,Other,High-intensity aerobic training with high protein diet,Not Specified
5181,Behavioral,SSE educational intervention,Not Specified
5181,Other,Home sample collection of concerning mole with physician supervision,Not Specified
5181,Behavioral,Active control:Healthy Living,Not Specified
5182,Device,MakAir,Not Specified
5183,Other,High intensity interval training,Not Specified
5183,Other,Continuous exercise training,Not Specified
5184,Other,Tele-Yoga Therapy,Not Specified
5185,Diagnostic Test,Quantitative and qualitative assessments of mental health,Not Specified
5186,Device,a 940-nm diode laser,Not Specified
5187,Behavioral,Behavioral Intervention,Not Specified
5187,Other,Quality-of-Life Assessment,Not Specified
5187,Other,Questionnaire Administration,Not Specified
5188,Drug,Botulinum Neurotoxin,Not Specified
5188,Drug,Placebo,Not Specified
5189,Other,Virtual Individual Cognitive Simulation Therapy,Not Specified
5191,Other,surveys and questionnaires,Not Specified
5192,Diagnostic Test,Rapid Pathogen Detection,Not Specified
5193,Biological,CoronoVAC,Not Specified
5195,Drug,Tocilizumab,Not Specified
5196,Procedure,hip arthropalsty,Not Specified
5197,Behavioral,Self-Compassion for Chronic Pain Virtual Group Treatment Program,Not Specified
5198,Behavioral,Uniform random message delivery,Not Specified
5198,Behavioral,Reinforcement learning message delivery,Not Specified
5199,Drug,Dexamethasone,Not Specified
5200,Behavioral,Simple cognitive task,Not Specified
5201,Other,Telerehabilitation-based relaxation exercise group (EG),Not Specified
5202,Other,Video based aerobic exercise,Not Specified
5204,Device,faecal sample collector,Not Specified
5205,Other,web-based COMPASS intervention,Not Specified
5206,Device,Real-Time CGM,Not Specified
5206,Device,Capillary blood glucose testing with masked CGM,Not Specified
5207,Diagnostic Test,Coronary Angiography,Not Specified
5208,Other,Pulmonary tele-rehabilitation,Not Specified
5209,Drug,Prednisolone 5 mg,Not Specified
5209,Drug,Placebo oral capsule; From August 2020 'no additional treatment',Not Specified
5210,Behavioral,Low Intensity Nudges,Not Specified
5210,Behavioral,High Intensity Activities,Not Specified
5210,Behavioral,BRAC's business-as-usual,Not Specified
5211,Drug,TAK-671,Not Specified
5211,Drug,TAK-671 Placebo,Not Specified
5212,Biological,Respiratory infections,Not Specified
5213,Procedure,cardiac surgery,Not Specified
5214,Other,Six-month ARV dispensing,Not Specified
5215,Other,Teleconsultation either by phone or by computer consultation. Quantitative and qualitative approaches to analysis,Not Specified
5215,Other,Care modalities. Quantitative and qualitative approaches to analysis,Not Specified
5218,Drug,Methylprednisolone,Not Specified
5218,Other,Usual Care,Not Specified
5219,Other,Progressive cycling exercise test to exhaustion,Not Specified
5220,Procedure,Extracorporeal left hemicolectomy anastomosis,Not Specified
5220,Procedure,Intracorporeal left hemicolectomy anastomosis,Not Specified
5221,Behavioral,CATCH-IT,Not Specified
5221,Behavioral,TEAMS,Not Specified
5222,Drug,Icosapent ethyl,Not Specified
5224,Other,ESOGER,Not Specified
5225,Dietary Supplement,proper diet,Not Specified
5226,Biological,ARCT-021,Not Specified
5227,Drug,TLC19,Not Specified
5227,Drug,TLC19 Vehicle,Not Specified
5228,Behavioral,Motivational social support from nurse,Not Specified
5228,Behavioral,Motivational social support from nurse with additional support from significant other,Not Specified
5228,Behavioral,Attention control,Not Specified
5230,Biological,COVIV+IIV4; COVIV+PPV23,Not Specified
5230,Biological,COVIV only (1st and 2nd dose),Not Specified
5230,Biological,IIV4 for the 1st dose and PPV23 for the 2nd dose,Not Specified
5231,Other,less-frequency hemodialysis,Not Specified
5232,Drug,AlloStim,Not Specified
5233,Diagnostic Test,Thrombin Generation Assay (TGA),Not Specified
5233,Diagnostic Test,Thrombomodulin Modified Thrombin Generation Assay (TGA-TM),Not Specified
5234,Drug,ASC09/ritonavir group,Not Specified
5234,Drug,lopinavir/ritonavir group,Not Specified
5235,Device,Mask,Not Specified
5236,Other,Fluorescein,Not Specified
5236,Other,Particle measurement,Not Specified
5237,Device,Tape Face Mask,Not Specified
5238,Device,High volume evacuation (HVE),Not Specified
5238,Device,Extraoral vacuum aspirator (EVA),Not Specified
5238,Device,External evacuation device (EED),Not Specified
5238,Drug,Hydrogen Peroxide,Not Specified
5239,Combination Product,MW33 injection,Not Specified
5239,Combination Product,MW33 injection placebo,Not Specified
5240,Behavioral,Questionnaire completion,Not Specified
5241,Drug,inhaled hydroxychloroquine,Not Specified
5242,Drug,Favipiravir,Not Specified
5243,Drug,Favipiravir Combined With Tocilizumab,Not Specified
5243,Drug,Favipiravir,Not Specified
5243,Drug,Tocilizumab,Not Specified
5244,Biological,Dental pulp mesenchymal stem cells,Not Specified
5245,Other,Plasma expansion with Ringer's Acetate,Not Specified
5246,Other,Telemedicine Consultation,Not Specified
5246,Other,Face-to-face Consultation,Not Specified
5247,Behavioral,Video Chat +Personalized Feedback,Not Specified
5247,Behavioral,Video Chat + Basic Feedback,Not Specified
5247,Behavioral,Discussion Board for Social Support +Basic Feedback,Not Specified
5247,Behavioral,Discussion Board for Social Support+Personalized Feedback,Not Specified
5248,Drug,Xiyanping injection,Not Specified
5248,Drug,"Lopinavir / ritonavir, alpha-interferon nebulization,Abidor Hydrochloride",Not Specified
5249,Drug,ZYIL1 capsule,Not Specified
5251,Behavioral,Chat-based instant messaging support,Not Specified
5251,Behavioral,SMS message support,Not Specified
5251,Behavioral,Self-help booklet,Not Specified
5252,Procedure,double gloves,Not Specified
5253,Other,Telerehabilitation,Not Specified
5253,Other,Exercise brochure,Not Specified
5254,Other,Storage of operating waste,Not Specified
5255,Biological,ChAdOx1 nCov-19,Not Specified
5256,Drug,DWRX2003,Not Specified
5258,Other,Remote Behaviour Modification Program,Not Specified
5258,Other,In Person Behaviour Modification Program,Not Specified
5259,Drug,Aerolized Hydroxychloroquine Sulfate,Not Specified
5259,Other,Placebo,Not Specified
5260,Drug,Budesonide,Not Specified
5260,Behavioral,High-Concentration Essential Oil,Not Specified
5260,Drug,Placebo,Not Specified
5260,Behavioral,Low-Concentration Essential Oil,Not Specified
5261,Device,Sensbiosys,Not Specified
5262,Behavioral,Mindfulness Based Intervention,Not Specified
5263,Other,attendance by ambulance crew,Not Specified
5264,Biological,Flucelvax,Not Specified
5264,Biological,Fluvirin,Not Specified
5264,Biological,Fluzone High Dose,Not Specified
5265,Other,Telerehabilitation-based,Not Specified
5265,Other,Follow-up based,Not Specified
5266,Drug,Sodium bicarbonate,Not Specified
5266,Other,Standard of Care,Not Specified
5267,Other,PT-X and IMT,Not Specified
5268,Drug,Cholecalciferol,Not Specified
5268,Drug,Placebo,Not Specified
5269,Behavioral,Mobile Mental Health App - 1,Not Specified
5269,Behavioral,Mobile Mental Health App - 2,Not Specified
5269,Behavioral,Mobile Mental Health App - 3,Not Specified
5269,Behavioral,Mobile Mental Health App - 4,Not Specified
5270,Device,NOA-001,Not Specified
5271,Device,High-flow nasal cannula,Not Specified
5271,Device,Surgical mask,Not Specified
5271,Procedure,bronchoscopy examination,Not Specified
5271,Procedure,intubation,Not Specified
5271,Procedure,tracheostomy,Not Specified
5271,Device,nebulization,Not Specified
5271,Diagnostic Test,Pulmonary function test,Not Specified
5272,Behavioral,Humanistic Care,Not Specified
5273,Other,hospitalization for premature birth,Not Specified
5274,Device,Ventil - a gas flow divider,Not Specified
5275,Behavioral,CoYoT1 Care,Not Specified
5275,Other,Standard Care,Not Specified
5276,Procedure,Modified CariesCare International management,Not Specified
5278,Behavioral,Integrated Illness Management and Recovery,Not Specified
5278,Behavioral,Chronic Disease Self-Management Program,Not Specified
5279,Other,Therapeutic Exercise and Education,Not Specified
5280,Device,TAVR or SAVR,Not Specified
5281,Behavioral,Supportive Therapy SSI,Not Specified
5281,Behavioral,Behavioral Activation SSI,Not Specified
5281,Behavioral,Growth Mindset SSI,Not Specified
5282,Other,Physiotherapy - Manual Therapy,Not Specified
5283,Other,Study Group,Not Specified
5284,Drug,ART Therapy,Not Specified
5286,Drug,Mesenchymal Stromal Stem Cells - KI-MSC-PL-205,Not Specified
5287,Drug,CUROSURF® (poractant alfa),Not Specified
5288,Behavioral,Use of mobile application,Not Specified
5289,Behavioral,PLH-YC,Not Specified
5289,Behavioral,Lecture,Not Specified
5290,Drug,EIDD-2801,Not Specified
5290,Drug,Placebo,Not Specified
5291,Behavioral,Loving-Kindness Meditation,Not Specified
5291,Behavioral,Relaxation Meditation,Not Specified
5292,Behavioral,ParentChat for parents of children ages 2-17,Not Specified
5293,Other,Women receiving extra remembering by healthcare,Not Specified
5294,Procedure,Appendectomy,Not Specified
5295,Drug,Pioglitazone,Not Specified
5296,Biological,Ad26.COV2.S,Not Specified
5298,Other,anonymous survey,Not Specified
5299,Other,Wearing Mask,Not Specified
5300,Other,Dance with ballet elements,Not Specified
5301,Other,Community Mask,Not Specified
5301,Other,Surgical Mask,Not Specified
5301,Other,FFP2 respirator,Not Specified
5301,Other,FFP3 respirator,Not Specified
5302,Drug,DWRX2003,Not Specified
5302,Drug,Placebo,Not Specified
5303,Behavioral,Trauma Informed Yoga,Not Specified
5303,Behavioral,Trauma Informed Psychotherapy,Not Specified
5304,Device,GENUS device (Active Settings),Not Specified
5304,Device,GENUS device (Sham Settings),Not Specified
5305,Biological,Biological/Vaccine: Recombinant new coronavirus vaccine (CHO cell) low-dose group,Not Specified
5305,Biological,Biological/Vaccine: Recombinant new coronavirus vaccine (CHO cells) high-dose group,Not Specified
5305,Biological,Biological/Vaccine: Recombinant new coronavirus vaccine (CHO cells) placebo group,Not Specified
5306,Drug,ACE inhibitor,Not Specified
5307,Behavioral,Entrée: Cognitive skills,Not Specified
5307,Behavioral,Entrée: Behavioral skills,Not Specified
5307,Behavioral,Entrée: Interpersonal skills,Not Specified
5307,Behavioral,Sampler skills,Not Specified
5308,Other,"Assessment of coagulopathy, Platelets activation and Platelets-Neutrophils interplay",Not Specified
5309,Behavioral,Mindfulness training (MT) Connect,Not Specified
5310,Behavioral,Multimodal Teleprehabilitation,Not Specified
5311,Device,TAPE-Software,Not Specified
5312,Other,Web-based self-report questionnaires,Not Specified
5312,Other,Focus Group Interviews,Not Specified
5313,Behavioral,Software Messaging,Not Specified
5314,Behavioral,Mindfulness Alone (MO) Intervention,Not Specified
5314,Behavioral,Mindfulness + Compassion Intervention (MC),Not Specified
5315,Other,DIG Axial,Not Specified
5315,Other,DIG Tilted,Not Specified
5315,Other,CIG Axial,Not Specified
5315,Other,CIG Tilted,Not Specified
5316,Other,Meditation (1 x 20-minute guided audio training),Not Specified
5317,Device,ICU Cockpit software testing,Not Specified
5318,Other,No intervention,Not Specified
5319,Other,Acupressure,Not Specified
5319,Other,Plasebo acupressure,Not Specified
5320,Device,Low flow ECMO driving by CVVH machine,Not Specified
5321,Drug,Recombinant human interferon α1β,Not Specified
5322,Behavioral,Concurrent Treatment of PTSD and Substance Use Disorders Using Prolonged Exposure (COPE),Not Specified
5324,Other,survey,Not Specified
5325,Device,Mask with Mask Adhesive/Arm 1,Not Specified
5325,Device,Mask without Mask Adhesive / Arm 2,Not Specified
5326,Behavioral,Mindfulness,Not Specified
5327,Other,Use of Facetime with child and parents during induction,Not Specified
5328,Other,Mask,Not Specified
5329,Drug,Acalabrutinib Treatment A,Not Specified
5329,Drug,Acalabrutinib Treatment B,Not Specified
5329,Drug,Acalabrutinib Treatment C,Not Specified
5329,Drug,Acalabrutinib Treatment D,Not Specified
5330,Behavioral,Mindfulness,Not Specified
5331,Other,WofB,Not Specified
5331,Other,Ashmolean Website,Not Specified
5332,Other,Communication type,Not Specified
5333,Device,DigiVis visual acuity app,Not Specified
5334,Drug,PH94B,Not Specified
5335,Behavioral,Lifestyle change promotion program,Not Specified
5335,Behavioral,Mindfullness based cognitive program,Not Specified
5335,Behavioral,Written Information,Not Specified
5336,Other,Aerobic Exercises,Not Specified
5338,Drug,IRL201104,Not Specified
5338,Drug,Placebo,Not Specified
5339,Drug,Ketotifen 1 MG,Not Specified
5340,Behavioral,DESMOND,Not Specified
5340,Other,usual care,Not Specified
5341,Other,Phone call,Not Specified
5342,Other,nasopharyngeal sample,Not Specified
5344,Drug,AV-001,Not Specified
5344,Other,Placebo,Not Specified
5345,Device,The standard Macintosh laryngoscope,Not Specified
5345,Device,The Vie Scope laryngoscope,Not Specified
5347,Other,telemedicine,Not Specified
5347,Other,traditional communication tools,Not Specified
5348,Drug,Propranolol Hydrochloride,Not Specified
5349,Behavioral,CBT Text Messaging,Not Specified
5349,Behavioral,Attention Control Text Messaging,Not Specified
5350,Device,e-ink screen,Not Specified
5350,Behavioral,Treatment as usual,Not Specified
5351,Other,Telerehabilitation-Based,Not Specified
5351,Other,Video-Based,Not Specified
5352,Other,Exercise & Nutrition,Not Specified
5353,Drug,CT-P59,Not Specified
5353,Drug,Placebo,Not Specified
5356,Behavioral,HIV Risk Reduction,Not Specified
5356,Behavioral,Financial Literacy,Not Specified
5356,Behavioral,Mentorship,Not Specified
5356,Behavioral,Matched savings individual development account,Not Specified
5357,Drug,Vitamin C,Not Specified
5357,Other,Control,Not Specified
5358,Diagnostic Test,Pulse oximeter,Not Specified
5358,Diagnostic Test,ECG,Not Specified
5359,Behavioral,Sleep App,Not Specified
5360,Behavioral,Dove Confident Me Indonesia Single Session,Not Specified
5361,Behavioral,Mindfulness-SOS for Refugees,Not Specified
5362,Drug,ATAFENOVIR 200 MG KAPSUL,Not Specified
5362,Drug,ARBIDOL 100 MG KAPSUL,Not Specified
5363,Device,Conventional (low flow) oxygen delivery via nasal cannula,Not Specified
5363,Device,Revoxa Oxygen Rebrearther,Not Specified
5364,Behavioral,DirectCAM,Not Specified
5364,Behavioral,TeleCAM,Not Specified
5364,Behavioral,rDirectCAM,Not Specified
5365,Other,ctDNA blood sampling,Not Specified
5366,Behavioral,Sedentary behaviour,Not Specified
5366,Diagnostic Test,Urinary Incontinence,Not Specified
5367,Device,Lifelight® Data Collect Blood Pressure Group,Not Specified
5367,Device,Lifelight® Data Collect Oxygen Saturation Group,Not Specified
5368,Other,Assessment of Dietary Changes in Adults in the Quarantine,Not Specified
5369,Other,Vacciantion status in health care workers,Not Specified
5370,Behavioral,"Hypocaloric, low carbohydrate diet",Not Specified
5370,Behavioral,"Hypocaloric, moderate low fat diet",Not Specified
5370,Behavioral,"Mediterranean diet, no caloric restriction",Not Specified
5371,Procedure,Fiberoptic Bronchoscopy (FOB),Not Specified
5371,Procedure,Bronchoalveolar Lavage (BAL),Not Specified
5371,Diagnostic Test,Electrical Impedance Tomography (EIT),Not Specified
5371,Diagnostic Test,Arterial Blood Gas test (ABG),Not Specified
5373,Behavioral,mind. body. voice,Not Specified
5374,Behavioral,Control,Not Specified
5374,Behavioral,Sensitivity Intervention,Not Specified
5374,Behavioral,Couples' Intervention,Not Specified
5374,Behavioral,Sensitivity and Couples' Intervention,Not Specified
5375,Biological,MSCs-derived exosomes,Not Specified
5376,Device,N95 mask,Not Specified
5376,Device,Nordell single E-100 layer mask,Not Specified
5376,Device,Nordell double E-100 layer mask,Not Specified
5377,Other,Observation of Virtual Actions,Not Specified
5377,Other,Relaxation,Not Specified
5377,Other,Acceptability questionnaire,Not Specified
5377,Other,Observation of Virtual Actions (step 4),Not Specified
5377,Other,Performing Virtual Actions,Not Specified
5377,Other,Haptic stimulation,Not Specified
5377,Other,Without haptic stimulation,Not Specified
5378,Dietary Supplement,Vitamin D supplementation,Not Specified
5379,Other,"Breathing exercise, intensive spirometry use, supported cough, progressive mobilisation and ambulation",Not Specified
5379,Other,Exercise booklet,Not Specified
5380,Device,RESP,Not Specified
5381,Diagnostic Test,"video Pediatric Gait, Arms, Legs and Spine (V-pGALS)",Not Specified
5382,Drug,Lopinavir/ritonavir,Not Specified
5382,Drug,Ribavirin,Not Specified
5382,Drug,Interferon Beta-1B,Not Specified
5383,Device,Muse S™ Headband system,Not Specified
5384,Other,Barrier box,Not Specified
5385,Behavioral,Group educational activities,Not Specified
5385,Behavioral,IBD educational website,Not Specified
5385,Behavioral,Monthly check-in calls from program coordinator,Not Specified
5385,Behavioral,Mentor,Not Specified
5385,Behavioral,Fun group activities,Not Specified
5385,Behavioral,Parent support group,Not Specified
5386,Biological,Recombinant human alkaline phosphatase,Not Specified
5386,Other,Placebo,Not Specified
5388,Behavioral,FOREST,Not Specified
5389,Behavioral,Psychological and physical rehabilitation based humanistic care,Not Specified
5390,Behavioral,CBPA + family support,Not Specified
5390,Behavioral,CBPA,Not Specified
5391,Behavioral,Positive Emotion Skills Course,Not Specified
5392,Behavioral,Technology-assisted Index,Not Specified
5393,Diagnostic Test,Vital sign measurement,Not Specified
5394,Behavioral,Storytelling Through Music (STM),Not Specified
5394,Behavioral,Wait List / Storytelling Through Music-Hybrid,Not Specified
5396,Device,Device intubating Laryngeal Tube Suction Disposable,Not Specified
5397,Other,Face-to-face medical visits,Not Specified
5397,Other,Alternating face-to-face medical visits and video medical consultations,Not Specified
5398,Device,Helmet non-invasive ventilation (NIV),Not Specified
5400,Behavioral,Group Cognitive Behavioral Therapy,Not Specified
5401,Behavioral,UP-Caregiver,Not Specified
5404,Behavioral,VID-KIDS Intervention Program,Not Specified
5405,Drug,GLA-015,Not Specified
5405,Drug,"DAC C-052 ""Cannabidiol"" / NRF 22.10 ""Oily cannabidiol solution 100 mg/ml""",Not Specified
5406,Other,Yoga Therapy,Not Specified
5407,Other,face mask or not,Not Specified
5408,Behavioral,"Mindfulness-based ""STOP touching your face"" practice",Not Specified
5409,Behavioral,Psycho-educational sessions,Not Specified
5410,Device,McGrath videolaryngoscope,Not Specified
5410,Device,Direct laryngoscope,Not Specified
5412,Drug,Eltrombopag,Not Specified
5412,Drug,rhTPO,Not Specified
5413,Behavioral,HPV Vaccine Education,Not Specified
5413,Behavioral,Text Messaging Reminder,Not Specified
5414,Device,Remote Photoplethysmography (rPPG) vital sign acquisition,Not Specified
5415,Device,Hemanext One,Not Specified
5416,Behavioral,Telephone-based coaching,Not Specified
5417,Drug,Siltuximab,Not Specified
5417,Other,Normal Saline,Not Specified
5418,Behavioral,Appeals,Not Specified
5419,Behavioral,Phone therapy,Not Specified
5419,Behavioral,Cash transfer,Not Specified
5420,Biological,Recombinant new coronavirus vaccine (CHO cell) low-dose group,Not Specified
5420,Biological,Recombinant new coronavirus vaccine (CHO cells) high-dose group,Not Specified
5420,Biological,Recombinant new coronavirus vaccine (CHO cells) placebo group,Not Specified
5421,Other,Cardiac rehabilitation,Not Specified
5422,Procedure,Simultaneous EGD and colonoscopy,Not Specified
5423,Procedure,Appendectomy,Not Specified
5424,Device,Extubation Advisor,Not Specified
5425,Device,The saliva ejector,Not Specified
5425,Device,The high-volume evacuator,Not Specified
5425,Device,The DryShield,Not Specified
5428,Behavioral,Brief Behavioral Activation Treatment,Not Specified
5429,Other,Exposed to the novel coronavirus disease 2019,Not Specified
5430,Biological,HLCM051,Not Specified
5431,Behavioral,Enhanced Chronic Disease Self-management program,Not Specified
5432,Drug,Povidone-Iodine (PVP-I),Not Specified
5433,Other,On-line exercise and education,Not Specified
5433,Other,On-site exercise and education,Not Specified
5435,Other,Psychotherapy,Not Specified
5436,Drug,BI 764198 - Formula A,Not Specified
5436,Drug,BI 764198 - Formula B,Not Specified
5436,Drug,BI 764198 - Formula C,Not Specified
5436,Drug,BI 764198 - Formula D,Not Specified
5438,Device,Respiratory filter in-line placed with the standard mouthpiece,Not Specified
5438,Other,Standard mouthpiece,Not Specified
5439,Behavioral,ACT Enhanced ShipShape,Not Specified
5439,Behavioral,Standard ShipShape (SS),Not Specified
5440,Other,The STOP intervention,Not Specified
5440,Other,Standard Care,Not Specified
5441,Drug,"The POP02 study is collecting bodily fluid samples (i.e., whole blood, effluent samples) of children prescribed the following drugs of interest per standard of care:",Not Specified
5442,Behavioral,MORPH,Not Specified
5443,Behavioral,Telehealth CBT,Not Specified
5444,Behavioral,A 4-week Bharatanatyam course from the organization Mindful Kala,Not Specified
5445,Behavioral,Lung Cancer Screening Decision Tool,Not Specified
5445,Behavioral,Control Intervention,Not Specified
5446,Behavioral,Cognitive Behavioural Therapy for Insomnia,Not Specified
5447,Drug,Suboxone,Not Specified
5447,Drug,PrEP,Not Specified
5448,Drug,dexamethasone,Not Specified
5449,Other,Not an interventional study,Not Specified
5450,Device,"Transparent, reusable respirator",Not Specified
5451,Drug,Hydrocortisone,Not Specified
5451,Drug,Placebo,Not Specified
5452,Behavioral,Online exercise,Not Specified
5453,Other,Internet-connected computer tablet,Not Specified
5455,Drug,risankizumab,Not Specified
5455,Drug,placebo for risankizumab,Not Specified
5456,Other,Telehealth Consultation,Not Specified
5457,Procedure,Ultrasound guided procedure,Not Specified
5457,Device,Portable ultrasound,Not Specified
5458,Other,WHO recommended PPE,Not Specified
5458,Other,Super-safe setup,Not Specified
5459,Device,Biocontainment Device For Aerosol Generating Procedures (Biobox),Not Specified
5459,Device,Control for aerosol generating procedures,Not Specified
5460,Other,"No intervention, observational study",Not Specified
5461,Other,Inspiratory Muscle Training,Not Specified
5461,Other,Relaxation Breathing,Not Specified
5462,Behavioral,Cognitive-behavioral treatment to quit smoking along with an App with active therapeutic components,Not Specified
5462,Behavioral,Cognitive-behavioral treatment to quit smoking along with a control App,Not Specified
5463,Other,Wait list time,Not Specified
5464,Other,Invitation to participate,Not Specified
5465,Behavioral,Being Brave,Not Specified
5465,Other,Parent Education,Not Specified
5468,Behavioral,Parental guided self-help version of FBT-pre-recorded videos and readings from the book,Not Specified
5470,Drug,Medication for opioid-use disorder (MOUD) for opioid-use disorder (OUD),Not Specified
5470,Diagnostic Test,HIV testing,Not Specified
5470,Drug,HIV treatment for HIV-positive participants not already in care,Not Specified
5470,Drug,PrEP for HIV-negative participants,Not Specified
5470,Diagnostic Test,Testing and referral for vaccination or treatment for hepatitis A virus (HAV) and hepatitis B virus (HBV),Not Specified
5470,Diagnostic Test,Testing and referral for treatment for hepatitis C virus (HCV),Not Specified
5470,Diagnostic Test,Sexually transmitted infection (STI) testing and treatment,Not Specified
5470,Other,Primary care,Not Specified
5470,Behavioral,Harm reduction services,Not Specified
5470,Behavioral,Peer navigation,Not Specified
5470,Diagnostic Test,"COVID-19 testing and referral for further evaluation, care and/or treatment",Not Specified
5471,Diagnostic Test,SCA3/MJD molecular diagnosis,Not Specified
5471,Diagnostic Test,Cognitive Testing,Not Specified
5471,Diagnostic Test,Psychiatric Evaluation,Not Specified
5471,Diagnostic Test,Clinical Neurological Evaluation,Not Specified
5471,Diagnostic Test,Emotional Attribution Evaluation,Not Specified
5471,Diagnostic Test,Activities of Daily Living,Not Specified
5472,Device,tight-fitting of KF94 mask with clip,Not Specified
5474,Other,online group,Not Specified
5475,Behavioral,Responsive training with no video feedback,Not Specified
5475,Behavioral,Responsive training with video feedback,Not Specified
5476,Other,Compass Course,Not Specified
5477,Device,Aranet4 Home CO2 monitor,Not Specified
5478,Behavioral,"Behavioral activation, evidence-based sleep strategies including sleep restriction, exposure-based strategies, promotion of physical activity and recuperating activities, psychoeducational material",Not Specified
5479,Behavioral,Nutrition and Exercise Strategies,Not Specified
5480,Other,18F-DX600 PET/CT,Not Specified
5481,Other,Early Aggressive Therapy or Traditional Therapy,Not Specified
5482,Other,68Ga-DX600 PET/CT,Not Specified
5483,Behavioral,Video Default,Not Specified
5483,Behavioral,In-Person Default,Not Specified
5483,Behavioral,Active Choice,Not Specified
5484,Behavioral,Video Assisted Speech Therapy (VAST),Not Specified
5485,Behavioral,Stress induction,Not Specified
5485,Behavioral,Control stress exposure,Not Specified
5485,Behavioral,Cue induction,Not Specified
5485,Behavioral,Neutral cue exposure,Not Specified
5486,Behavioral,Brief Cognitive Behavioral Therapy (BCBT),Not Specified
5486,Behavioral,Present-Centered Therapy (PCT),Not Specified
5487,Other,Virtual Care and Remote Automated Monitoring,Not Specified
5488,Behavioral,BEAM Mental Health and Parenting Program,Not Specified
5489,Behavioral,Autism Research,Not Specified
5490,Behavioral,Yoga Nidra,Not Specified
5491,Other,Sibling support group,Not Specified
5491,Other,None - control condition,Not Specified
5492,Behavioral,Application of tele-rehabilitation,Not Specified
5493,Behavioral,Assistance with old age pension application,Not Specified
5494,Behavioral,MBCT/MBSR,Not Specified
5495,Other,Conservative and Non-conservative treatments,Not Specified
5496,Behavioral,Online 1-Day Cognitive Behavioural Therapy (CBT)-Based Workshop,Not Specified
5497,Other,Hand sanitizer and hand washing,Not Specified
5498,Device,Transcranial Electrical Stimulation,Not Specified
5499,Other,In-Person Exercise Protocol,Not Specified
5499,Other,Virtual Exercise Protocol,Not Specified
5500,Other,Remote wheelchair skills training,Not Specified
5501,Other,Otago Exercise Program,Not Specified
5502,Behavioral,Transcendental meditation,Not Specified
5503,Behavioral,ASSIST,Not Specified
5504,Other,I-care app,Not Specified
5505,Behavioral,ESPRIMO,Not Specified
5506,Biological,DAXI for injection dose LOW DOSE,Not Specified
5506,Biological,DAXI for injection dose MEDIUM DOSE,Not Specified
5506,Biological,DAXI for injection Dose HIGH DOSE,Not Specified
5506,Other,Placebo,Not Specified
5507,Other,survey work,Not Specified
5508,Drug,Aramchol,Not Specified
5508,Drug,Placebo,Not Specified
5509,Device,Snorkel-based improvised personal protective equipment,Not Specified
5511,Other,RTLS data,Not Specified
5512,Other,MyBuddy Employee Wellbeing App,Not Specified
5513,Behavioral,Restorative Yoga Internvention,Not Specified
5514,Behavioral,POD Adventures,Not Specified
5515,Diagnostic Test,CMR with T1 and T2 mapping,Not Specified
5516,Behavioral,positive psychological intervention,Not Specified
5516,Behavioral,Active control condition,Not Specified
5517,Behavioral,Home based exercise,Not Specified
5518,Procedure,tracheal ultrasound,Not Specified
5519,Other,Exercise,Not Specified
5519,Other,"Remotely and face to face evaluation of Functional Capacity Level, Quality of life, Kinesophobia, Cognitive Level",Not Specified
5520,Other,PRO questionnaire,Not Specified
5520,Other,Step monitoring,Not Specified
5520,Other,Active nudge text feedback,Not Specified
5520,Other,PROStep Dashboard (clinicians),Not Specified
5521,Other,Supportive treatment with or without red cell transfusion/intravenous immune globulin (IVIG),Not Specified
5522,Behavioral,Remote Caregiver Training,Not Specified
5522,Behavioral,Remote Intensive Group Behavioral Treatment (IGBT),Not Specified
5523,Other,non interventional,Not Specified
5524,Other,OT4ASD,Not Specified
5525,Other,In-person in clinic follow-up visit,Not Specified
5525,Other,Telemedicine follow-up visit,Not Specified
5526,Behavioral,Mindful Self-Compassion,Not Specified
5527,Behavioral,Steady Feet exercise programme,Not Specified
5527,Behavioral,Steady Feet Video,Not Specified
5528,Behavioral,Making Mindfulness Matter© (M3),Not Specified
5529,Other,Organic Diet,Not Specified
5529,Other,Conventional Diet,Not Specified
5530,Other,Interviews only.,Not Specified
5531,Behavioral,"Wearable Activity Trackers, Exercise Prescription and Virtual Care",Not Specified
5532,Diagnostic Test,Blood sample,Not Specified
5532,Other,Tumor tissue,Not Specified
5533,Behavioral,HERizon Project,Not Specified
5534,Behavioral,General health talk,Not Specified
5534,Behavioral,Personalized chat-based interactions,Not Specified
5534,Behavioral,Text message,Not Specified
5534,Behavioral,Phone follow-up/counselling service,Not Specified
5534,Drug,Mailed nicotine replacement therapy (NRT),Not Specified
5535,Other,"Dietary intake, body composition, lifestyle, and CVD risk factors",Not Specified
5536,Other,Observational test,Not Specified
5537,Behavioral,Physical Activity,Not Specified
5538,Behavioral,Behavioural Experiments for Intolerance of Uncertainty,Not Specified
5539,Behavioral,Cognitive behavioral therapy (CBT),Not Specified
5539,Behavioral,computerized cognitive training (CCT),Not Specified
5540,Other,XatJove Anoia Aplication,Not Specified
5541,Device,Prescription Opioid Management App,Not Specified
5542,Drug,Within-Subject test of blinded study medication,Not Specified
5543,Drug,Placebo for Risankizumab SC,Not Specified
5543,Drug,Risankizumab IV,Not Specified
5543,Drug,Placebo for Risankizumab IV,Not Specified
5543,Drug,Risankizumab SC,Not Specified
5543,Drug,Risankizumab On-Body Injector (OBI),Not Specified
5544,Other,VIP4SCI,Not Specified
5545,Combination Product,TRIIM Treatment,Not Specified
5545,Combination Product,Active Control,Not Specified
5546,Behavioral,Supported-Self Management (SSM),Not Specified
5546,Other,Spinal Manipulation Therapy (SMT),Not Specified
5546,Combination Product,SMT + SSM,Not Specified
5546,Drug,Standard Medical Care (SMC),Not Specified
5547,Device,HF20™,Not Specified
5548,Drug,Ixazomib,Not Specified
5548,Drug,Pomalidomide,Not Specified
5548,Drug,Dexamethasone,Not Specified
5549,Device,Hypothermia,Not Specified
5549,Drug,Neuromuscular Blocking Agents,Not Specified
5549,Device,Standard of care,Not Specified
5550,Other,Transference-focused Psychotherapy (TFP),Not Specified
5551,Other,eM2M,Not Specified
5553,Drug,Sevoflurane,Not Specified
5553,Drug,Propofol,Not Specified
5554,Behavioral,CETA Short Session (CSS),Not Specified
5554,Behavioral,Psychoeducation and Safety,Not Specified
5555,Device,SIMEOX+ respiratory physiotherapy telecare,Not Specified
5556,Other,Exercise program,Not Specified
5556,Other,Nutrition education,Not Specified
5557,Procedure,Exercise,Not Specified
5557,Procedure,Self-managed exercise,Not Specified
5558,Device,myAsthma,Not Specified
5559,Behavioral,Increasing the completion of IPT,Not Specified
5560,Other,High Intensity Resistance (HIT-RT) and Endurance exercise (HIIT),Not Specified
5560,Other,Wellness,Not Specified
5561,Behavioral,BRIDGE Therapy Program,Not Specified
5562,Behavioral,CBT,Not Specified
5563,Other,Physical Therapy,Not Specified
5563,Other,THERAPEUTIC EDUCATION PROGRAM,Not Specified
5566,Behavioral,Body Project (BP),Not Specified
5566,Behavioral,Healthy Weight Program (HW),Not Specified
5567,Behavioral,Reconsolidation of Traumatic Memories (RTM),Not Specified
5567,Behavioral,Prolonged Exposure (PE),Not Specified
5568,Behavioral,Multimodal intervention (MM-int),Not Specified
5569,Behavioral,EMPOWER,Not Specified
5569,Other,Enhanced Usual Care,Not Specified
5570,Other,Focus group discussions,Not Specified
5571,Behavioral,Mindfulness Meditation,Not Specified
5571,Behavioral,Cognitive Behavioral Therapy,Not Specified
5572,Dietary Supplement,Nicotinamide,Not Specified
5572,Other,Placebo tablets,Not Specified
5573,Behavioral,Stress reactivity stimuli,Not Specified
5574,Behavioral,Transparent mask,Not Specified
5574,Behavioral,Typical surgical covered mask,Not Specified
5575,Other,Judo4Balance - 12 week judo inspired exercise program,Not Specified
5576,Behavioral,"Connecting, Overcoming and Moving Past Suicide and Self-Injury",Not Specified
5577,Device,Lifelight Data Collect Sub-protocol 1,Not Specified
5577,Device,Lifelight Data Collect Sub-protocol 2,Not Specified
5577,Device,Lifelight Data Collect Sub-protocol 3,Not Specified
5577,Device,Lifelight Data Collect Sub-protocol 4,Not Specified
5579,Device,tDCS,Not Specified
5580,Other,Cardiopulmonary Exercise Test,Not Specified
5580,Other,Cognitive Performance Test,Not Specified
5581,Behavioral,Structured Telephone Support (STS),Not Specified
5581,Behavioral,Low-intensity Remote Patient Monitoring (RPM-Low),Not Specified
5581,Behavioral,High-intensity Remote Patient Monitoring (RPM-High),Not Specified
5581,Behavioral,Standard Response Team,Not Specified
5581,Behavioral,Enhanced Response Team,Not Specified
5582,Behavioral,Online large-group one-session treatment with post-treatment exercise targeting expectancy violation,Not Specified
5582,Behavioral,Online large-group one-session treatment with post-treatment control exercise,Not Specified
5583,Behavioral,Project Health,Not Specified
5583,Behavioral,Response and Attention Training,Not Specified
5584,Diagnostic Test,Sera and whole blood sampling,Not Specified
5584,Diagnostic Test,Differential Gene Expression (DGE),Not Specified
5585,Behavioral,Neuromuscular training,Not Specified
5586,Behavioral,Infant Mental Health-Home Visiting,Not Specified
5587,Behavioral,Amigas Latinas Motivando el Alma (ALMA),Not Specified
5588,Behavioral,Group Exercise Classes,Not Specified
5589,Device,Tasso-SST on Demand,Not Specified
5589,Other,Regular Phlebotomy,Not Specified
5590,Device,Heartfelt device,Not Specified
5591,Behavioral,HABITpreg,Not Specified
5591,Behavioral,HABITpost,Not Specified
5592,Drug,Chemotherapy,Not Specified
5594,Behavioral,FREEBASE exercise programme,Not Specified
5595,Behavioral,Tailored Exercise Intervention,Not Specified
5596,Behavioral,JOIN for ME,Not Specified
5597,Behavioral,Moderate-Intensity Aerobic Exercise Intervention,Not Specified
5598,Device,V-CAMS (aka Jaspr),Not Specified
5600,Behavioral,Resistance exercise training,Not Specified
5600,Behavioral,Control: stretching and relaxation program,Not Specified
5601,Behavioral,DPPFit,Not Specified
5602,Behavioral,Resilience Intervention,Not Specified
5603,Behavioral,KIND Challenge,Not Specified
5604,Dietary Supplement,Back Side of the Moon,Not Specified
5605,Other,use and exposure to disinfectants during the coronavirus pandemic,Not Specified
5606,Behavioral,One-on-one teaching sessions,Not Specified
5606,Behavioral,Telephone booster contact,Not Specified
5607,Drug,Rituximab,Not Specified
5608,Behavioral,survey web-based or telephone interview,Not Specified
5609,Device,LungFit™,Not Specified
5610,Device,Thermography,Not Specified
5610,Device,Tympanic Thermometer,Not Specified
5610,Device,Forehead Thermometer,Not Specified
5610,Device,62 Max + Infra-red thermometer,Not Specified
5611,Behavioral,DiaBetter Together,Not Specified
5611,Behavioral,Peer Mentor Delivery,Not Specified
5612,Procedure,Long arm soft cast,Not Specified
5612,Procedure,Long arm full cast,Not Specified
5613,Diagnostic Test,Telematic evaluation of motor function,Not Specified
5614,Behavioral,Virtual home visits,Not Specified
5615,Drug,Drug: NA-831 - 0.10 mg/kg,Not Specified
5615,Drug,Placebo- 0.10 mg/kg,Not Specified
5615,Drug,Drug: NA-831 - 0.20 mg/kg,Not Specified
5615,Drug,Placebo- 0.20 mg/kg,Not Specified
5615,Drug,Drug: GS-5734 - 1.00 mg/kg,Not Specified
5615,Drug,Placebo- 1.00 mg/kg,Not Specified
5615,Drug,Drug: GS-5734 - 2.00 mg/kg,Not Specified
5615,Drug,Placebo- 2.00 mg/kg,Not Specified
5615,Combination Product,Drugs: NA-831 (0.10 mg/kg) plus GS-5734 (1.00 mg/kg),Not Specified
5615,Combination Product,Placebo 0.10 mg + 1.00 mg/kg,Not Specified
5615,Combination Product,Drugs: NA-831 (0.20 mg/kg) plus GS-5734 (2.00 mg/kg),Not Specified
5615,Combination Product,Placebo 0.20 mg + 2.00 mg/kg,Not Specified
5616,Other,Structured online training program for effective management of nursing services,Not Specified
5617,Behavioral,Project With,Not Specified
5618,Behavioral,150 Minutes Week,Not Specified
5618,Behavioral,225 Minutes Week,Not Specified
5618,Behavioral,Stretch and Tone,Not Specified
5619,Other,Telerehabilitation Therapy,Not Specified
5619,Other,In-person Rehabilitation Therapy,Not Specified
5620,Behavioral,Usual care/wait list,Not Specified
5620,Behavioral,Art Rx,Not Specified
5620,Behavioral,Artful Meditation,Not Specified
5621,Behavioral,Virtual shared medical visit,Not Specified
5621,Behavioral,Nutritional classes,Not Specified
5622,Behavioral,Standard communication email,Not Specified
5622,Behavioral,Social comparison Intervention,Not Specified
5622,Behavioral,Leadership Training,Not Specified
5624,Diagnostic Test,"ELIZA, Extraction of nucleic acid ,Determination of viral genome by using PCR, Quantitative real-time PCR to assess viral load ,Immunohistochemistry analysis of EMB.",Not Specified
5625,Device,INTERCEPT Blood System for Red Blood Cells,Not Specified
5625,Device,Conventional (Control),Not Specified
5626,Behavioral,Online educational intervention to reduce ageism,Not Specified
5626,Behavioral,Online educational intervention to enhance cultural competance,Not Specified
5627,Drug,FAVIR 200 MG FT,Not Specified
5627,Drug,AVIGAN 200 mg FT,Not Specified
5628,Device,Heartfelt device,Not Specified
5628,Device,Connected weighing scales,Not Specified
5629,Procedure,Advanced Recovery Room Care (ARRC),Not Specified
5630,Behavioral,Nutritional education,Not Specified
5631,Other,Tai Chi intervention,Not Specified
5631,Other,Regular Physical Activity (control) group,Not Specified
5633,Device,PROTEIN Mobile App,Not Specified
5633,Device,Expert Dashboard,Not Specified
5634,Behavioral,Startle Adjuvant Rehabilitation Therapy (START),Not Specified
5635,Drug,IncobotulinumtoxinA 100 UNT Injection [Xeomin],Not Specified
5635,Drug,OnabotulinumtoxinA 100 UNT [Botox],Not Specified
5637,Behavioral,Group Cognitive Behaviour Therapy for Perinatal Anxiety (CBT-PA),Not Specified
5637,Other,No treatment (waitlist control),Not Specified
5638,Other,Use of prebypass ultrafiltration (PBUF),Not Specified
5639,Behavioral,Whole Health Program,Not Specified
5640,Behavioral,surveys,Not Specified
5640,Behavioral,Focus groups,Not Specified
5641,Behavioral,behavioral lifestyle intervention,Not Specified
5642,Other,Physical Activity Intervention (PAI),Not Specified
5642,Other,Healthy Living Control,Not Specified
5643,Drug,Ivermectin,Not Specified
5643,Drug,Albendazole,Not Specified
5644,Other,Patient initiated care + telemonitoring,Not Specified
5645,Other,"long lasting insecticidal nets with alpha-cypermethrin + pyriproxyfen (PPF LLIN, Royal Guard))",Not Specified
5645,Other,"long lasting insecticidal nets with deltamethrin + piperonyl butoxide (PBO LLIN, PermaNet 3.0))",Not Specified
5645,Behavioral,Social behaviour change communication,Not Specified
5646,Other,Online breastfeeding training,Not Specified
5646,Other,QR code supported online breastfeeding training,Not Specified
5648,Behavioral,PP-MI Intervention,Not Specified
5649,Behavioral,Psychoeducative intervention,Not Specified
5651,Diagnostic Test,Ultra-rapid molecular point-of-care testing,Not Specified
5652,Drug,Change from Prograf to Envarsus XR,Not Specified
5653,Behavioral,LIIT.CI ACT,Not Specified
5653,Behavioral,LIIT.CI CFT,Not Specified
5654,Behavioral,Metacognitive therapy and work-focused interventions,Not Specified
5654,Other,Waiting list,Not Specified
5655,Biological,Egg based influenza vaccines,Not Specified
5655,Biological,Recombinant influenza vaccines,Not Specified
5655,Biological,Cell-culture based influenza vaccines,Not Specified
5656,Behavioral,Aerobic Training,Not Specified
5656,Behavioral,Resistance Training,Not Specified
5656,Behavioral,Balance and Tone Training,Not Specified
5657,Behavioral,Flu shot text messages,Not Specified
5658,Behavioral,Experimental: PIVOT with MI,Not Specified
5658,Other,Active Comparator: Control,Not Specified
5659,Behavioral,ADAPT,Not Specified
5660,Behavioral,Digital Health Literacy Intervention,Not Specified
5661,Behavioral,PNE-explained group,Not Specified
5661,Behavioral,PNE-read group,Not Specified
5661,Behavioral,TAU group,Not Specified
5662,Behavioral,Intervention group CoronaCope,Not Specified
5663,Other,Surveillance card,Not Specified
5664,Drug,Zonisamide,Not Specified
5664,Behavioral,Take Control,Not Specified
5664,Drug,Placebo (for Zonisamide),Not Specified
5665,Behavioral,Motivational telephone intervention,Not Specified
5666,Behavioral,Volunteering,Not Specified
5666,Behavioral,Life Review,Not Specified
5667,Drug,AVICOD 200 MG Film Tablet,Not Specified
5667,Drug,AVIGAN 200 MG Film Tablets,Not Specified
5668,Drug,FAVICOVIR 200 mg Film Tablet,Not Specified
5668,Drug,AVIGAN 200 mg Film Tablets,Not Specified
5669,Drug,FAVIRA 200 MG Film Tablet,Not Specified
5669,Drug,AVIGAN 200 MG Film Tablets,Not Specified
5670,Other,Observation,Not Specified
5671,Device,reSET-O,Not Specified
5671,Device,PEAR-008,Not Specified
5672,Behavioral,SMARRT Intervention,Not Specified
5672,Behavioral,Health Education Intervention,Not Specified
5673,Behavioral,iCBT-I,Not Specified
5673,Behavioral,GCBT-I,Not Specified
5674,Behavioral,food-specific go/no-go computerized training,Not Specified
5674,Behavioral,nonfood-specific go/no-go computerized training,Not Specified
5675,Diagnostic Test,transcutaneous oximetry,Not Specified
5676,Drug,Placebo,Not Specified
5676,Drug,Esomeprazole 20mg,Not Specified
5677,Behavioral,Fourth Trimester Mobile Tool,Not Specified
5679,Behavioral,Psychoeducation,Not Specified
5680,Drug,fosmanogepix,Not Specified
5681,Biological,Ad26.COV2.S,Not Specified
5681,Other,Placebo,Not Specified
5682,Behavioral,Self-affirmation,Not Specified
5685,Other,Common Elements Toolbox- Adult version (COMET-A),Not Specified
5685,Other,Self-awareness Control,Not Specified
5686,Drug,Voraxaze,Not Specified
5686,Drug,Methotrexate,Not Specified
5686,Drug,Rituximab,Not Specified
5686,Drug,leucovorin,Not Specified
5686,Drug,Glucarpidase,Not Specified
5687,Behavioral,Personalized Anchoring Strategy,Not Specified
5687,Behavioral,Non-Anchoring Strategy Control,Not Specified
5687,Behavioral,Fixed Anchoring Strategy,Not Specified
5689,Other,Gown personal protective equipment (PPE-G) suit,Not Specified
5689,Other,Coverall personal protective equipment (PPE-C) suit,Not Specified
5690,Procedure,"Collection of samples (blood, stool, etc.)",Not Specified
5690,Genetic,Genetic determinants analysis,Not Specified
5690,Procedure,Sample obtained after surgery performed in the context of care,Not Specified
5691,Diagnostic Test,Care with C-reactive protein assay in micro method,Not Specified
5692,Device,RESPINOR DXT,Not Specified
5693,Behavioral,Living Well,Not Specified
5694,Behavioral,Physical exercise training,Not Specified
5694,Behavioral,Cognitive training,Not Specified
5695,Other,SELF-BREATHE,Not Specified
5696,Device,WEB embolization,Not Specified
5697,Drug,Test: Favipiravir 200 mg (LOQULAR),Not Specified
5697,Drug,Reference: Favipiravir 200 mg (Avigan),Not Specified
5698,Behavioral,Enhanced Milieu Teaching,Not Specified
5698,Behavioral,Parent Education,Not Specified
5699,Behavioral,Cognitive Training,Not Specified
5699,Behavioral,Trivia Training,Not Specified
5700,Behavioral,The Common Elements Toolbox (COMET),Not Specified
5701,Other,MASP app,Not Specified
5701,Other,QuitGuide app,Not Specified
5702,Behavioral,Common Elements Toolbox,Not Specified
5702,Behavioral,Wait-list control,Not Specified
5703,Device,Starling,Not Specified
5704,Other,Group 1: Standard of Care,Not Specified
5704,Other,Group 2: NICU2HOME+ app,Not Specified
5705,Other,Sample collection,Not Specified
5705,Other,Questionnaires,Not Specified
5705,Radiation,High resolution CT scan of the chest,Not Specified
5705,Diagnostic Test,Pulmonary Function Test,Not Specified
5706,Behavioral,Positive Minds Strong Bodies Enhanced,Not Specified
5706,Behavioral,Enhanced Usual Care,Not Specified
5707,Behavioral,Alcohol brief intervention,Not Specified
5707,Behavioral,12-page health warning leaflet,Not Specified
5707,Behavioral,Regular messages through Instant Messaging (IM),Not Specified
5707,Behavioral,Real-time chat-based support through IM Apps,Not Specified
5707,Behavioral,General health through IM Apps,Not Specified
5707,Behavioral,AUDIT score interpretation sheet adapted from the Department of Health of Hong Kong,Not Specified
5708,Behavioral,Patient-driven iCBT,Not Specified
5708,Behavioral,Standardized iCBT (TAU),Not Specified
5709,Behavioral,Values Clarification and Attitudes Transformation (VCAT) Workshop,Not Specified
5710,Device,Kinocardiograph,Not Specified
5711,Other,Universal Screening Arm,Not Specified
5712,Behavioral,Mindful Movement,Not Specified
5712,Other,Keys to Health & Wellbeing,Not Specified
5713,Dietary Supplement,"Vit.D3 5000 IU, Immune Active",Not Specified
5715,Biological,PrimePro™/ PrimeMSK™,Not Specified
5716,Drug,Azithromycin,Not Specified
5716,Drug,Placebo,Not Specified
5717,Drug,Crizanlizumab,Not Specified
5718,Drug,Lopinavir/Ritonavir 200 mg/50 mg Film Tablet,Not Specified
5718,Drug,Lopinavir/Ritonavir 200 mg/50 mg Film Coated Tablet,Not Specified
5720,Other,Semi-structured interview,Not Specified
5721,Behavioral,LIVE,Not Specified
5722,Diagnostic Test,Laboratory measurements,Not Specified
5723,Other,MySafeRx Inspire Plus,Not Specified
5723,Other,MySafeRx Inspire Flex,Not Specified
5724,Other,HIPA,Not Specified
5724,Other,Counseling PA,Not Specified
5725,Other,Clinical Trial Matching,Not Specified
5726,Other,MBCT intervention for ACS patients,Not Specified
5727,Other,Coffee Morning,Not Specified
5727,Other,Recruitment Leaflets,Not Specified
5727,Other,Consent Form completion,Not Specified
5727,Other,Participant Information Sheet,Not Specified
5727,Other,New In-Pensioner Resident Information Pack,Not Specified
5727,Other,Key Staff Interviews,Not Specified
5727,Other,In-Pensioner Resident Interviews,Not Specified
5727,Other,ICECAP-A Quality of Life Questionnaire,Not Specified
5727,Other,WHOQOL-BREF Quality of Life Questionnaire,Not Specified
5728,Drug,Etoposide (ET),Not Specified
5728,Drug,Bleomycin and Vincristine (BV),Not Specified
5728,Drug,Paclitaxel (PTX),Not Specified
5728,Drug,Co-formulated Efavirenz/Emtricitabine/Tenofovir Disoproxil Fumarate (EFV/FTC/TDF),Not Specified
5729,Drug,Ozanimod,Not Specified
5729,Other,Placebo,Not Specified
5730,Drug,Ozanimod,Not Specified
5730,Other,Placebo,Not Specified
5731,Drug,Ozanimod,Not Specified
5731,Other,Placebo,Not Specified
5732,Drug,ABBV-927,Not Specified
5732,Drug,Budigalimab,Not Specified
5732,Drug,modified FOLFIRINOX,Not Specified
5735,Behavioral,Independent Living Program for Affordable Housing.,Not Specified
5736,Biological,HeV-sG-V,Not Specified
5736,Biological,Normal Saline Placebo,Not Specified
5737,Other,Dietary Intervention,Not Specified
5738,Other,Microwave treatment,Not Specified
5739,Other,Dietary Intervention,Not Specified
5740,Behavioral,3 Wishes Project,Not Specified
5741,Behavioral,Conexiones,Not Specified
5741,Behavioral,Taking Time,Not Specified
5742,Behavioral,Flu shot text messages,Not Specified
5743,Behavioral,Self-help guided by a lay provider,Not Specified
5743,Behavioral,Waiting list where participants wait for delayed treatment,Not Specified
5744,Biological,D46/NS2/N/ΔM2-2-HindIII,Not Specified
5744,Biological,Placebo,Not Specified
5745,Behavioral,Exercise,Not Specified
5747,Biological,cAd3-Marburg,Not Specified
5747,Biological,cAd3-EBO-S,Not Specified
5748,Behavioral,Resistance training,Not Specified
5748,Behavioral,Unified Protocol,Not Specified
5749,Other,Health and work environment information and processes,Not Specified
5751,Behavioral,PARTNER-MH,Not Specified
5752,Other,Integration,Not Specified
5753,Behavioral,Counter Attitudinal Therapy,Not Specified
5753,Behavioral,Interpersonal Therapy,Not Specified
5754,Device,Insemination with the Mosie Baby Kit,Not Specified
5756,Procedure,Vaginal Cleansing,Not Specified
5756,Procedure,Abdominal Cleansing,Not Specified
5757,Procedure,Microdebrider,Not Specified
5757,Procedure,Cold-steel surgery (forceps),Not Specified
5757,Procedure,Carbon dioxide laser,Not Specified
5757,Procedure,Potassium titanyl phosphate (KTP) laser,Not Specified
5757,Procedure,Pulsed dye laser,Not Specified
5757,Procedure,Radiofrequency ablation,Not Specified
5757,Procedure,Monopolar suction diathermy,Not Specified
5757,Procedure,Plasma coagulation,Not Specified
5757,Procedure,Other,Not Specified
5757,Other,Adjuvant therapies,Not Specified
5758,Biological,FluBlok,Not Specified
5758,Other,Placebo,Not Specified
5759,Dietary Supplement,Control: Placebo,Not Specified
5759,Dietary Supplement,bovine lactoferrin supplement,Not Specified
5760,Behavioral,Group Lifestyle Balance,Not Specified
5760,Other,Usual Care,Not Specified
5761,Behavioral,Group Lifestyle Balance™,Not Specified
5761,Other,Attention Control Group,Not Specified
5762,Behavioral,LTGO-Home Based Exercise,Not Specified
5762,Behavioral,Enhanced Usual Care,Not Specified
5764,Other,Exercise program,Not Specified
5765,Behavioral,CCTP,Not Specified
5765,Behavioral,Nutritional counseling,Not Specified
5766,Behavioral,SKILLZ-Girl Enhanced football curriculum,Not Specified
5767,Biological,ASP2390,Not Specified
5767,Biological,Placebo,Not Specified
5768,Behavioral,Patient Navigation Program,Not Specified
5770,Other,Team Clinic Care,Not Specified
5770,Other,Standard Care,Not Specified
5771,Behavioral,Laddr,Not Specified
5772,Other,Multimodal intervention strategy,Not Specified
5773,Behavioral,Supportive Therapy SSI,Not Specified
5773,Behavioral,Behavioral Activation SSI,Not Specified
5773,Behavioral,Growth Mindset SSI,Not Specified
5775,Device,Sleepio,Not Specified
5776,Behavioral,TEACH,Not Specified
5777,Behavioral,Mindfulness Training,Not Specified
5778,Behavioral,Problem Management Plus,Not Specified
5779,Behavioral,A-CHESS self-monitored,Not Specified
5779,Behavioral,A-CHESS peer-supported,Not Specified
5779,Behavioral,A-CHESS clinically-integrated,Not Specified
5780,Other,Antibiotic treatment,Not Specified
5780,Other,No antibiotic treatment,Not Specified
5781,Behavioral,Yoga,Not Specified
5783,Behavioral,Brief Cognitive Behavioral Therapy for Chronic Pain (BCBT-CP),Not Specified
5783,Other,BCBT-CP Booster,Not Specified
