study_id,agency,agency_class,lead_or_collaborator
1,Groupe Hospitalier Paris Saint Joseph,Other,Lead
2,United Medical Specialties,Other,Lead
3,University of Milano Bicocca,Other,Lead
4,Hong Kong Sanatorium & Hospital,Industry,Lead
5,Centre Hospitalier Régional d'Orléans,Other,Lead
5,Centre de Biophysique Moléculaire - Pr Chantal Pichon,Other,Collaborator
5,Professeur TOUMI Hechmi,Other,Collaborator
6,Vinmec Research Institute of Stem Cell and Gene Technology,Other,Lead
6,"National Institute of Hygiene and Epidemiology, Vietnam",Other,Collaborator
6,"National Hospital for Tropical Diseases, Hanoi, Vietnam",Other,Collaborator
6,"National Institute of Hematology and Blood Transfusion, Vietnam",Other,Collaborator
7,Meharry Medical College,Other,Lead
8,India Diabetes Research Foundation & Dr. A. Ramachandran's Diabetes Hospitals,Other,Lead
9,Scentech Medical Technologies Ltd,Industry,Lead
10,Fundacion Arturo Lopez Perez,Other,Lead
10,Confederación de la Producción y del Comercio (CPC),Other,Collaborator
10,Bolsa de Santiago,Other,Collaborator
11,The Christ Hospital,Other,Lead
12,University of Milano Bicocca,Other,Lead
13,Thomas Jefferson University,Other,Lead
13,Nemours,Other,Collaborator
14,University of Milano Bicocca,Other,Lead
15,Scentech Medical Technologies Ltd,Industry,Lead
16,"Centre Hospitalier Universitaire, Amiens",Other,Lead
16,Centre Hospitalier-Universitaire Bondy,Other,Collaborator
16,"University Hospital, Bordeaux",Other,Collaborator
16,Centre Hospitalier-Universitaire CLICHY,Other,Collaborator
16,Centre Hospitalier Général CORBEIL-ESSONNE,Other,Collaborator
16,CHU CRETEIL,Other,Collaborator
16,"University Hospital, Grenoble",Other,Collaborator
16,"University Hospital, Lille",Other,Collaborator
16,CHU LYON,Other,Collaborator
16,Poitiers University Hospital,Other,Collaborator
16,Rennes University Hospital,Other,Collaborator
16,"University Hospital, Rouen",Other,Collaborator
16,"University Hospital, Toulouse",Other,Collaborator
16,CHU VILLEJUIF,Other,Collaborator
16,"Central Hospital, Nancy, France",Other,Collaborator
16,Centre Hospitalier Universitaire de Nice,Other,Collaborator
16,"University Hospital, Montpellier",Other,Collaborator
17,Centre Hospitalier Régional d'Orléans,Other,Lead
18,Chinese University of Hong Kong,Other,Lead
19,Fondazione Don Carlo Gnocchi Onlus,Other,Lead
20,King's College London,Other,Lead
20,Zoe Global Limited,Other,Collaborator
20,"Department of Health, United Kingdom",Other,Collaborator
21,Istituto Ortopedico Galeazzi,Other,Lead
22,Abu Dhabi Stem Cells Center,Other,Lead
23,Institut Pasteur,Industry,Lead
23,Themis Bioscience GmbH,Other,Collaborator
23,Coalition for Epidemic Preparedness Innovations,Other,Collaborator
24,University of Siena,Other,Lead
24,Policlinico San Matteo Pavia Fondazione IRCCS,Other,Collaborator
24,"Ospedale San Donato, Arezzo",Other,Collaborator
24,Ospedale della Misericordia,Other,Collaborator
24,Azienda Ospedaliera Ospedale Maggiore di Crema,Other,Collaborator
24,University of Modena and Reggio Emilia,Other,Collaborator
24,ASST Fatebenefratelli Sacco,Other,Collaborator
24,Azienda Ospedaliera di Perugia,Other,Collaborator
24,"Ospedale dell'Angelo, Venezia-Mestre",Other,Collaborator
24,Azienda Ulss 2 Marca Trevigiana,Other,Collaborator
24,Cardarelli Hospital,Other,Collaborator
24,Azienda Ospedaliera dei Colli,Other,Collaborator
24,"IRCCS Azienda Ospedaliera Universitaria San Martino - IST Istituto Nazionale per la Ricerca sul Cancro, Genoa, Italy",Other,Collaborator
24,Istituto Giannina Gaslini,Other,Collaborator
24,Istituti Ospitalieri di Cremona,Other,Collaborator
24,"IRCSS Lazzaro Spallanzani, Roma",Other,Collaborator
24,ASST Santi Paolo e Carlo,Other,Collaborator
24,ASST Valtellina e Alto Lario,Other,Collaborator
24,Azienda USL Toscana Sud Est,Other,Collaborator
24,"ULSS1 Dolomiti, Belluno",Other,Collaborator
24,"ASST Spedali Civili, Brescia",Other,Collaborator
24,"IRCCS Casa Sollievo della Sofferenza, San Giovanni Rotondo",Other,Collaborator
24,Fondazione Policlinico Universitario Agostino Gemelli IRCCS,Other,Collaborator
24,"Ospedale Luigi Curto, Polla",Other,Collaborator
24,Istituto Auxologico Italiano,Other,Collaborator
24,"CEINGE Biotecnologie Avanzate, Napoli",Other,Collaborator
25,University of Bergen,Other,Lead
25,Haukeland University Hospital,Other,Collaborator
26,University of Sao Paulo,Other,Lead
27,University of Milano Bicocca,Other,Lead
28,Duke University,Other,Lead
28,North Carolina Department of Health and Human Services,Other,Collaborator
29,"University Hospital, Montpellier",Other,Lead
30,"University Hospital, Toulouse",Other,Lead
31,Bangladesh Medical Research Council (BMRC),Other,Lead
32,Maison de Sante Pluridisciplinaire de Creil,Other,Lead
33,Aarhus University Hospital,Other,Lead
34,Scentech Medical Technologies Ltd,Industry,Lead
35,University of Bologna,Other,Lead
36,"University Hospital, Lille",Other,Lead
37,Butantan Institute,Other,Lead
38,Texas Cardiac Arrhythmia Research Foundation,Other,Lead
39,Centre Hospitalier Universitaire de Saint Etienne,Other,Lead
39,Institut National des Sciences Appliquées (INSA),Other,Collaborator
39,"Institut National de la Santé Et de la Recherche Médicale, France",Other,Collaborator
39,Centre National pour le Recherche Scientifique (CNRS),Other,Collaborator
39,Université de Lyon,Other,Collaborator
39,Université Jean Monnet,Other,Collaborator
40,Igenomix,Industry,Lead
41,"Gailen D. Marshall Jr., MD PhD",Other,Lead
41,University of Mississippi Medical Center,Other,Collaborator
42,"University Hospital Inselspital, Berne",Other,Lead
43,Raphael Serreau,Other,Lead
43,François Rabelais University,Other,Collaborator
43,Assistance Publique - Hôpitaux de Paris,Other,Collaborator
43,"University Hospital, Paris",Other,Collaborator
43,Orléans Métropole Service de Médecine Préventive,Other,Collaborator
44,Butantan Institute,Other,Lead
45,Corporacion Parc Tauli,Other,Lead
46,Bharat Serums and Vaccines Limited,Industry,Lead
47,Helsinki University Central Hospital,Other,Lead
47,Finnish Red Cross,Other,Collaborator
48,Polish Mother Memorial Hospital Research Institute,Other,Lead
49,"Ministry of Health and Population, Egypt",Other,Lead
50,"Rigshospitalet, Denmark",Other,Lead
51,Inger Lise Gade,Other,Lead
51,Aarhus University Hospital Skejby,Other,Collaborator
51,Aalborg University Hospital,Other,Collaborator
52,University of Oxford,Other,Lead
52,Imperial College London,Other,Collaborator
52,University of Leicester,Other,Collaborator
52,University of Nottingham,Other,Collaborator
52,University of Glasgow,Other,Collaborator
52,University Hospital of Wales,Other,Collaborator
52,Public Health England,Other,Collaborator
52,"St George's, University of London",Other,Collaborator
53,Spartan Bioscience Inc.,Industry,Lead
53,Beaufort,Other,Collaborator
54,Acibadem University,Other,Lead
55,PT Bio Farma,Industry,Lead
55,Faculty of Medicine Universitas Padjadjaran,Other,Collaborator
55,"National Intitute of Health Research and Development, Ministry of Health Republic of Indonesia",Other,Collaborator
55,"Sinovac Life Sciences Co., Ltd.",Other,Collaborator
56,Spartan Bioscience Inc.,Industry,Lead
57,Maastricht University,Other,Lead
57,Innovative Medicines Initiative,Other,Collaborator
58,Scentech Medical Technologies Ltd,Industry,Lead
59,Cliniques universitaires Saint-Luc- Université Catholique de Louvain,Other,Lead
59,Society for Anesthesia and Resuscitation of Belgium,Other,Collaborator
60,Lahore General Hospital,Other,Lead
61,Nisantasi University,Other,Lead
62,Polk County Fire Rescue,Other,Lead
63,Uppsala University,Other,Lead
63,"Center for Clinical Research Dalarna, Sweden",Other,Collaborator
64,Noah Merin,Other,Lead
64,Johns Hopkins University,Other,Collaborator
64,Cedars-Sinai Medical Center,Other,Collaborator
65,Turkish Ministry of Health Izmir Teaching Hospital,Other,Lead
66,"Hospital Infantil Universitario Niño Jesús, Madrid, Spain",Other,Lead
66,Apices Soluciones S.L.,Industry,Collaborator
67,Orthosera Kft.,Other,Lead
67,Semmelweis University,Other,Collaborator
67,University of Pecs,Other,Collaborator
67,Hungarian National Blood Service,Other,Collaborator
67,Humán Bioplazma Kft - Kedrion,Other,Collaborator
68,Postgraduate Institute of Medical Education and Research,Other,Lead
69,"University Hospital, Montpellier",Other,Lead
70,Assiut University,Other,Lead
71,Suleyman Demirel University,Other,Lead
72,Silesian Centre for Heart Diseases,Other,Lead
72,Medical Research Agency - Agencja Badań Medycznych,Other,Collaborator
72,Medical University of Silesia,Other,Collaborator
73,"Institute of Public Health, Albania",Other,Lead
73,World Health Organization,U.S. Fed,Collaborator
73,Centers for Disease Control and Prevention,Other,Collaborator
73,Southeast Europe Center for Infectious Diseases Surveillance and Control,Other,Collaborator
73,EPICONCEPT,Other,Collaborator
74,Al-Neelain University,Other,Lead
74,University of Khartoum,Other,Collaborator
75,Mayo Clinic,Other,Lead
75,Society of Critical Care Medicine,Other,Collaborator
75,Boston University,Other,Collaborator
76,China National Biotec Group Company Limited,Industry,Lead
76,G42 Healthcare company,Other,Collaborator
76,Abu Dhabi Health Services Company,Other,Collaborator
76,"Wuhan Institute of Biological Products Co., Ltd",Other,Collaborator
76,Beijing Institute of Biological Products Co Ltd.,Other,Collaborator
77,"University Hospital, Basel, Switzerland",Other,Lead
77,Swiss Multiple Sclerosis Society,Other,Collaborator
78,Istituto Clinico Humanitas,Other,Lead
79,University of Calgary,Other,Lead
80,Royal Free Hospital NHS Foundation Trust,Other,Lead
81,Northwell Health,Other,Lead
82,"Simeone Andrulli, MD",Other,Lead
82,A. Manzoni Hospital,Other,Collaborator
83,"NOWDiagnostics, Inc.",Industry,Lead
84,University of Chile,Other,Lead
85,"NOWDiagnostics, Inc.",Industry,Lead
86,William Beaumont Hospitals,Other,Lead
87,University of Arkansas,Other,Lead
87,Patient-Centered Outcomes Research Institute,Other,Collaborator
88,Obafemi Awolowo University,Other,Lead
88,Borno State Ministry of Health,Other,Collaborator
88,Ogun State Ministry of Health,Other,Collaborator
88,Abia State Ministry of Health,Other,Collaborator
88,Sokoto State Ministry of Health,Other,Collaborator
88,Benue State Minsitry of Health,Other,Collaborator
88,University of Calabar Teaching Hospital,Other,Collaborator
89,"University Hospital, Strasbourg, France",Other,Lead
90,National Institute of Allergy and Infectious Diseases (NIAID),NIH,Lead
91,Poitiers University Hospital,Other,Lead
92,Richmond Pharmacology Limited,Industry,Lead
93,University of Ljubljana,Other,Lead
94,Mashhad University of Medical Sciences,Other,Lead
95,"University of Massachusetts, Worcester",Other,Lead
96,Centre Hospitalier Universitaire de Nice,Other,Lead
97,Centre Hospitalier Sud Essonne,Other,Lead
98,Sonde Health,Industry,Lead
99,Mayo Clinic,Other,Lead
100,Texas Cardiac Arrhythmia Research Foundation,Other,Lead
101,Temple University,Other,Lead
101,"Dialysis Clinic, Inc.",Industry,Collaborator
102,"International Centre for Diarrhoeal Disease Research, Bangladesh",Other,Lead
103,Centre Hospitalier Universitaire de Nīmes,Other,Lead
104,Universidade Nova de Lisboa,Other,Lead
105,Al-Azhar University,Other,Lead
106,University of Milano Bicocca,Other,Lead
107,Izmir Bakircay University,Other,Lead
107,Cigli Regional Training Hospital,Other,Collaborator
107,Muğla Sıtkı Koçman University,Other,Collaborator
108,Tanta University,Other,Lead
109,Universidad del Rosario,Other,Lead
109,CES University,Other,Collaborator
109,Instituto Distrital de Ciencia Biotecnologia e Innovacion en salud,Other,Collaborator
109,Fundación Universitaria de Ciencias de la Salud,Other,Collaborator
110,Magdalena Salcedo,Other,Lead
110,Hospital General Universitario Gregorio Marañon,Other,Collaborator
111,ANNA FALANGA,Other,Lead
111,A.O. Ospedale Papa Giovanni XXIII,Other,Collaborator
112,University of Manitoba,Other,Lead
112,Public Health Agency of Canada (PHAC),Other,Collaborator
112,Cadham Provincial Lab,Other,Collaborator
113,"University Hospital, Toulouse",Other,Lead
114,Fundacion para la Investigacion Biomedica del Hospital Universitario la Paz,Other,Lead
115,Hospices Civils de Lyon,Other,Lead
116,University of Milano Bicocca,Other,Lead
117,Universidad del Rosario,Other,Lead
117,Fundación Universitaria de Ciencias de la Salud,Other,Collaborator
117,CES University,Other,Collaborator
117,Instituto Distrital de Ciencia Biotecnología e Innovacion en Salud,Other,Collaborator
118,Seoul National University Hospital,Other,Lead
118,"Dong-A ST Co., Ltd.",Industry,Collaborator
119,Kanuni Sultan Suleyman Training and Research Hospital,Other,Lead
119,Ayşegül Bestel,Other,Collaborator
119,İbrahim Polat,Other,Collaborator
119,Merve Aldıkaçtıoğlu Talmaç,Other,Collaborator
120,King's College London,Other,Lead
120,Guy's and St Thomas' NHS Foundation Trust,Other,Collaborator
121,Assistance Publique - Hôpitaux de Paris,Other,Lead
122,"Han Xu, M.D., Ph.D., Sponsor-Investigator, IRB Chair",Industry,Lead
122,PPD,Other,Collaborator
122,"Medicine Invention Design, Inc",Other,Collaborator
123,IRCCS Policlinico S. Donato,Other,Lead
124,Meir Medical Center,Other,Lead
125,University Hospital Tuebingen,Other,Lead
126,IRCCS San Raffaele,Other,Lead
127,Rajavithi Hospital,Other,Lead
128,Tourcoing Hospital,Other,Lead
129,"ANRS, Emerging Infectious Diseases",Other,Lead
129,Institut de Recherche pour le Developpement,Other,Collaborator
129,Centre d'Infectiologie Charles Mérieux,Other,Collaborator
129,"University Hospital, Caen",Other,Collaborator
129,"Department of livestock and fisheries National animal health laboratory, Vientiane, Laos",Other,Collaborator
130,"AnGes, Inc.",Industry,Lead
130,Japan Agency for Medical Research and Development,Other,Collaborator
131,Centre Hospitalier Universitaire de Nīmes,Other,Lead
132,"University of Colorado, Denver",Other,Lead
133,Bezmialem Vakif University,Other,Lead
134,Hospital Italiano de Buenos Aires,Other,Lead
134,"National Agency for Scientific and Technological Promotion, Argentina",Other,Collaborator
135,Spartan Bioscience Inc.,Industry,Lead
135,Humber River Hospital,Other,Collaborator
135,The Ottawa Hospital,Other,Collaborator
136,Nordsjaellands Hospital,Other,Lead
136,University of Oxford,Other,Collaborator
136,Nykøbing Falster County Hospital,Other,Collaborator
137,IVAN J NUÑEZ GIL,Other,Lead
137,"St Carlos Hospital, Madrid, Spain",Other,Collaborator
138,Assiut University,Other,Lead
139,Assistance Publique - Hôpitaux de Paris,Other,Lead
139,"Institut National de la Santé Et de la Recherche Médicale, France",Other,Collaborator
140,"University Hospital Inselspital, Berne",Other,Lead
141,Vinmec Research Institute of Stem Cell and Gene Technology,Other,Lead
141,"National Institute of Hygiene and Epidemiology, Vietnam",Other,Collaborator
141,"National Hospital for Tropical Diseases, Hanoi, Vietnam",Other,Collaborator
141,"National Institute of Hematology and Blood Transfusion, Vietnam",Other,Collaborator
142,"University Hospital, Angers",Other,Lead
143,Lucira Health Inc,Industry,Lead
144,"University of Wisconsin, Madison",Other,Lead
144,National Institutes of Health (NIH),NIH,Collaborator
144,AIDS Vaccine Research Lab,Other,Collaborator
145,Tepecik Training and Research Hospital,Other,Lead
146,Liaquat University of Medical & Health Sciences,Other,Lead
147,Assistance Publique - Hôpitaux de Paris,Other,Lead
147,"Action, France",Other,Collaborator
148,"University Hospital, Rouen",Other,Lead
149,"Institute of Agrochemistry and Food Technology, National Research Council",Other,Lead
149,Hospital Universitario La Fe,Industry,Collaborator
149,INCLIVA,Other,Collaborator
149,Hospital Clínico Universitario de Valencia,Other,Collaborator
149,Hospital Universitario Doctor Peset,Other,Collaborator
149,Universidad de Granada,Other,Collaborator
149,Universitat Jaume I,Other,Collaborator
149,Hospital Sant Joan de Deu,Other,Collaborator
149,"Fetal Medicine Research Center, Spain",Other,Collaborator
149,Instituto de Investigación Sanitaria Aragón,Other,Collaborator
150,Instituto de Investigación Marqués de Valdecilla,Other,Lead
150,Hospital Universitario Marqués de Valdecilla,Other,Collaborator
150,Hospital Universitario de Canarias,Other,Collaborator
150,Hospital San Pedro de Alcántara,Other,Collaborator
151,"University Hospital, Lille",Other,Lead
152,Barcelona Institute for Global Health,Other,Lead
152,Hospital Clinic of Barcelona,Other,Collaborator
152,Laboratorios Rubió,Other,Collaborator
152,Fundació Institut de Recerca de l'Hospital de la Santa Creu i Sant Pau,Other,Collaborator
152,Hospital Plató,Other,Collaborator
152,Hospital de Granollers,Other,Collaborator
153,Washington University School of Medicine,Other,Lead
153,COVID -19 Therapeutics Accelerator,Other,Collaborator
154,Paris Translational Research Center for Organ Transplantation,Other,Lead
154,Agence de La Biomédecine,Other,Collaborator
154,Eurotransplant,Other,Collaborator
154,United Network for Organ Sharing,Other,Collaborator
154,Deutsche Stiftung Organtransplantation,Other,Collaborator
154,Centro Nazionale Trapianti,Other,Collaborator
154,Brazilian Organ Transplant Association,Other,Collaborator
154,The Canadian Association of Transplantation,Other,Collaborator
154,Scandiatransplant,Other,Collaborator
154,Nederlandse Transplantatie Vereniging,Other,Collaborator
154,Austrotransplant,Other,Collaborator
154,Centro Nacional de Trasplantes,Other,Collaborator
154,"Instituto Nacional de Donación y Trasplante de Células, Tejidos y Órganos",Other,Collaborator
154,Donor Network of Croatia,Other,Collaborator
154,Instituto Nacional Central Único Coordinador de Ablación e Implante,Other,Collaborator
154,Corporación Nacional de Trasplantes de Chile,Other,Collaborator
154,Australian Organ and Tissue Donation and Transplantation Authority,Other,Collaborator
154,Organización Nacional de Trasplantes,Other,Collaborator
154,Autoridade Para Services de Sangue e Transplantacáo,Other,Collaborator
155,Ottawa Heart Institute Research Corporation,Other,Lead
156,University of Milano Bicocca,Other,Lead
157,Mansoura University,Other,Lead
158,"Institut National de la Santé Et de la Recherche Médicale, France",Other,Lead
159,University of Michigan,Other,Lead
160,Hopital Foch,Other,Lead
161,Fundació Institut Germans Trias i Pujol,Other,Lead
161,Anaxomics SL,Other,Collaborator
161,"Fundación FLS de Lucha Contra el Sida, las Enfermedades Infecciosas y la Promoción de la Salud y la Ciencia",Other,Collaborator
161,Fundació Sant Joan de Déu,Other,Collaborator
162,Assistance Publique - Hôpitaux de Paris,Other,Lead
163,Joakim Dillner,Other,Lead
163,Karolinska Institutet,Other,Collaborator
163,Danderyd Hospital,Other,Collaborator
163,Falu Hospital,Other,Collaborator
163,Karolinska University Hospital,Other,Collaborator
164,Adaptive Biotechnologies,Industry,Lead
164,Covance,Other,Collaborator
165,Hong Kong Sanatorium & Hospital,Industry,Lead
166,Pontificia Universidad Catolica de Chile,Other,Lead
166,Fundacion Arturo Lopez Perez,Other,Collaborator
167,Mach-E B.V.,Industry,Lead
168,Unity Health Toronto,Other,Lead
169,University of Manitoba,Other,Lead
169,"Natural Sciences and Engineering Research Council, Canada",Other,Collaborator
169,"ID Fusion Software, Inc.",Other,Collaborator
169,Function Four Ltd.,Other,Collaborator
170,Centre Hospitalier de Cornouaille,Other,Lead
170,Centre Hospitalier Régional et Universitaire de Brest,Other,Collaborator
171,Centre Hospitalier Universitaire de Nice,Other,Lead
172,"Services Institute of Medical Sciences, Pakistan",Other,Lead
173,South Egypt Cancer Institute,Other,Lead
174,Azienda Ospedaliera San Paolo,Other,Lead
175,Cadila Pharnmaceuticals,Industry,Lead
175,"Council of Scientific and Industrial Research, India",Other,Collaborator
176,Direction Centrale du Service de Santé des Armées,Other,Lead
177,Assiut University,Other,Lead
178,Methodist Health System,Other,Lead
179,Assiut University,Other,Lead
180,Assiut University,Other,Lead
181,University of Erlangen-Nürnberg Medical School,Other,Lead
182,Hospital Son Llatzer,Other,Lead
182,Fundació d'investigació Sanitària de les Illes Balears,Other,Collaborator
183,Centre Hospitalier Intercommunal Creteil,Other,Lead
183,Association Clinique Thérapeutique Infantile du val de Marne,Other,Collaborator
183,GPIP,Other,Collaborator
183,Société Française de Pédiatrie,Other,Collaborator
183,GFRUP,Other,Collaborator
184,Assiut University,Other,Lead
185,Sohag University,Other,Lead
186,Centre de recherche du Centre hospitalier universitaire de Sherbrooke,Other,Lead
186,"University Hospital, Angers",Other,Collaborator
187,Unidad de Investigación Genética Molecular,Other,Lead
187,Universidad de Antioquia,Other,Collaborator
188,Zhenhua Zen,Other,Lead
188,Nanfang Hospital of Southern Medical University,Other,Collaborator
189,Jessa Hospital,Other,Lead
189,Hasselt University,Other,Collaborator
189,"University Hospital, Antwerp",Other,Collaborator
190,Groupe Hospitalier Paris Saint Joseph,Other,Lead
191,Hamad Medical Corporation,Industry,Lead
192,"University Hospital, Montpellier",Other,Lead
192,Société espagnole de pneumologie (SEPAR),Other,Collaborator
192,Societe française de kinésithérapie en réanimation (SKR),Other,Collaborator
193,Lucira Health Inc,Industry,Lead
194,Mario Negri Institute for Pharmacological Research,Other,Lead
195,Ruijin Hospital,Other,Lead
196,"National Institute of Medical Sciences and Nutrition, Salvador Zubiran",Other,Lead
197,Institut de Recherches Cliniques de Montreal,Other,Lead
198,The University of Texas Health Science Center at San Antonio,Other,Lead
199,Fundacion para la Formacion e Investigacion Sanitarias de la Region de Murcia,Other,Lead
200,University of Palermo,Other,Lead
201,KK Women's and Children's Hospital,Other,Lead
201,Duke-NUS Graduate Medical School,Other,Collaborator
201,"National University Hospital, Singapore",Other,Collaborator
201,Singapore General Hospital,Other,Collaborator
201,Sengkang General Hospital,Other,Collaborator
201,Changi General Hospital,Other,Collaborator
202,Agencia Costarricense de Investigaciones Biomedicas,Other,Lead
202,Caja Costarricense de Seguro Social,Other,Collaborator
202,Fundación INCIENSA (FUNIN),Other,Collaborator
202,Ministerio de Salud de Costa Rica,Other,Collaborator
202,"Institutos Nacionales de Salud, USA Instituto Alemán del Cáncer",Other,Collaborator
202,Agencia Costarricense de Investigaciones Biomedicas (ACIB),Other,Collaborator
203,University of Sao Paulo General Hospital,Other,Lead
204,State University of New York at Buffalo,Other,Lead
205,"University Hospital, Toulouse",Other,Lead
206,Jessa Hospital,Other,Lead
207,Caja Costarricense de Seguro Social,Other,Lead
207,Universidad de Costa Rica,Other,Collaborator
207,Ministry of Health Costa Rica,Other,Collaborator
208,Medical College of Wisconsin,Other,Lead
208,Froedtert Hospital,Other,Collaborator
209,"University Hospital, Lille",Other,Lead
210,"University Hospital, Grenoble",Other,Lead
210,Commissariat A L'energie Atomique,Other,Collaborator
211,Deborah O'Connor,Other,Lead
211,University of Toronto,Other,Collaborator
211,Sinai Health System,Other,Collaborator
211,The Hospital for Sick Children,Other,Collaborator
212,Tata Main Hospital,Other,Lead
213,Mayo Clinic,Other,Lead
214,Centro Medico ABC,Other,Lead
215,"University Hospital, Montpellier",Other,Lead
216,Rennes University Hospital,Other,Lead
217,Groupe Hospitalier Paris Saint Joseph,Other,Lead
218,Instituto Mexicano del Seguro Social,Other,Lead
219,National Institute of Allergy and Infectious Diseases (NIAID),NIH,Lead
219,Immune Tolerance Network (ITN),Other,Collaborator
219,"Rho Federal Systems Division, Inc.",Industry,Collaborator
220,Ain Shams University,Other,Lead
221,University of the Philippines,Other,Lead
222,QuantumLeap Healthcare Collaborative,Other,Lead
222,"University of California, San Francisco",Other,Collaborator
222,University of Pennsylvania,Other,Collaborator
222,University of Minnesota,Other,Collaborator
222,Emory University,Other,Collaborator
222,University of Alabama at Birmingham,Other,Collaborator
222,"University of California, San Diego",Other,Collaborator
222,"University of Colorado, Denver",Other,Collaborator
222,University of Southern California,Other,Collaborator
222,Yale University,Other,Collaborator
222,Columbia University,Other,Collaborator
222,Wake Forest University Health Sciences,Other,Collaborator
222,Sanford Health,Other,Collaborator
222,Montefiore Medical Center,Other,Collaborator
222,Long Beach Memorial Medical Center,Other,Collaborator
222,Georgetown University,Other,Collaborator
222,Kalispell Regional Medical Center,Other,Collaborator
223,Pinnacle Health Cardiovascular Institute,Other,Lead
224,"AnGes, Inc.",Industry,Lead
225,Alexandria University,Other,Lead
226,Kanuni Sultan Suleyman Training and Research Hospital,Other,Lead
227,Institute of Biophysics and Cell Engineering of National Academy of Sciences of Belarus,Other,Lead
227,Belarusian State Medical University,Other,Collaborator
227,The Republican Research and Practical Center for Epidemiology and Microbiology,Other,Collaborator
228,Tan Tock Seng Hospital,Other,Lead
228,National Center for Infectious Diseases,Other,Collaborator
228,Singapore Clinical Research Institute,Other,Collaborator
228,Singapore Eye Research Institute,Other,Collaborator
228,Saw Swee Hock School of Public Health,Other,Collaborator
228,Duke-NUS Graduate Medical School,Other,Collaborator
228,"Netherlands: Ministry of Health, Welfare and Sports",Other,Collaborator
229,Assistance Publique - Hôpitaux de Paris,Other,Lead
229,Etablissement Français du Sang,Other,Collaborator
230,"Aivita Biomedical, Inc.",Industry,Lead
231,"Central Hospital, Nancy, France",Other,Lead
232,Assistance Publique - Hôpitaux de Paris,Other,Lead
233,Universidade Nova de Lisboa,Other,Lead
233,NOVA Medical School of Universidade NOVA de Lisboa,Other,Collaborator
233,"Hospital de São Francisco Xavier, Centro Hospitalar de Lisboa Ocidental",Other,Collaborator
233,Centro Hospitalar Universitário São João,Other,Collaborator
233,CUF Academic and Research Medical Center,Other,Collaborator
233,"Hospital CUF Infante Santo, S.A.",Other,Collaborator
233,"Centro de Medicina Laboratorial Germano de Sousa, S.A.",Other,Collaborator
233,CINTESIS - Center for Health Technology and Services Research,Other,Collaborator
234,King Fahad Specialist Hospital Dammam,Other,Lead
234,King Fahad Medical City,Other,Collaborator
234,King Faisal Specialist Hospital And Research Center,Other,Collaborator
234,King Abdulaziz Medical City,Other,Collaborator
234,King Fahad University Hospital,Other,Collaborator
234,John Hopkins Aramco Healthcare,Other,Collaborator
234,Taibah University,Other,Collaborator
234,King Saud University,Other,Collaborator
234,King Khaled University Hospital,Other,Collaborator
234,King Fahad Military Medical Complex,Other,Collaborator
234,Qatif Central Hospital,Other,Collaborator
235,"Priscilla Hsue, MD",Other,Lead
235,Blood Systems Research Institute,Other,Collaborator
235,San Francisco General Hospital,Other,Collaborator
235,"University of California, San Francisco",Other,Collaborator
236,Institute of Health Information and Statistics of the Czech Republic,Other,Lead
236,"Ministry of Health, Czech Republic",Other,Collaborator
236,"Faculty of Medicine, Masaryk University",Other,Collaborator
236,Institute for Clinical and Experimental Medicine,Other,Collaborator
236,Brno University Hospital,Other,Collaborator
236,"St. Anne's University Hospital Brno, Czech Republic",Other,Collaborator
236,Masaryk Memorial Cancer Institute,Other,Collaborator
236,"Regional Public Health Office of the South Moravian Region based in Brno, Czech Republic",Other,Collaborator
236,"Public Health Office of the Capital City of Prague, Czech Republic",Other,Collaborator
236,"Regional Public Health Office of the Central Bohemian Region based in Prague, Czech Republic",Other,Collaborator
237,Sociedad Espanola de Angiologia y Cirugia Vascular,Other,Lead
238,"Institut National de la Santé Et de la Recherche Médicale, France",Other,Lead
238,Samusocial de Paris,Other,Collaborator
238,Assistance Publique - Hôpitaux de Paris,Other,Collaborator
239,University Hospital Ostrava,Other,Lead
240,Escola de Saúde Pública do Ceará,Other,Lead
241,Fundacion SEIMC-GESIDA,Other,Lead
242,Pregistry,Industry,Lead
242,Harvard School of Public Health,Other,Collaborator
243,Medical University of South Carolina,Other,Lead
243,Grassroots Health Nutrition Institute,Other,Collaborator
243,ZRT Laboratory,Other,Collaborator
244,University of Roma La Sapienza,Other,Lead
244,ICOT University Hospital,Other,Collaborator
245,"University Hospital, Montpellier",Other,Lead
245,"Pr. Jean-Benoît THAMBO, Bordeaux (président)",Other,Collaborator
245,"Dr. Céline GRUNENWALD GRONIER, Strasbourg",Other,Collaborator
245,"Dr. Sébastien HASCOET, Le Plessis-Robinson",Other,Collaborator
245,"Dr. Adeline BASQUIN, Rennes",Other,Collaborator
245,"Dr. Nicolas COMBES, Toulouse",Other,Collaborator
245,"Dr. Xavier IRIART, Bordeaux",Other,Collaborator
245,"Dr. Daniela LAUX, Paris",Other,Collaborator
245,"Dr. Magalie LADOUCEUR, Paris",Other,Collaborator
245,"Pr. BERTRAND LEOBON, Toulouse",Other,Collaborator
245,"Pr. Caroline OVAERT, Marseille",Other,Collaborator
245,"Dr. Karine WARIN-FRESSE, Nantes",Other,Collaborator
245,"Alexis BLANC, Montpellier",Other,Collaborator
245,"Pr. Roland HENAINE, Lyon",Other,Collaborator
245,"Hamouda ABASSI, Montpellier",Other,Collaborator
246,Chelsea and Westminster NHS Foundation Trust,Other,Lead
247,INanoBio Inc.,Industry,Lead
247,TMC HealthCare,Other,Collaborator
248,ANNA FALANGA,Other,Lead
248,A.O. Ospedale Papa Giovanni XXIII,Other,Collaborator
249,Universidad Peruana Cayetano Heredia,Other,Lead
250,"University Hospital, Clermont-Ferrand",Other,Lead
251,Henry Ford Health System,Other,Lead
252,National Institute of Allergy and Infectious Diseases (NIAID),NIH,Lead
252,Autoimmunity Centers of Excellence,Other,Collaborator
252,Clinical Trials in Organ Transplantation in Children,Other,Collaborator
253,"Central Hospital, Nancy, France",Other,Lead
254,Dascena,Industry,Lead
255,"Gamaleya Research Institute of Epidemiology and Microbiology, Health Ministry of the Russian Federation",Other,Lead
255,RDIF (Russian Direct Investment Fund),Other,Collaborator
255,CRO: iPharma,Other,Collaborator
256,Kingman Regional Medical Center,Other,Lead
257,New York University,Other,Lead
258,Universita degli Studi di Genova,Other,Lead
258,"IRCCS Azienda Ospedaliera Universitaria San Martino - IST Istituto Nazionale per la Ricerca sul Cancro, Genoa, Italy",Other,Collaborator
259,CMC Ambroise Paré,Other,Lead
260,Université de Reims Champagne-Ardenne,Other,Lead
261,Hopital Foch,Other,Lead
262,"University Hospital, Basel, Switzerland",Other,Lead
262,ETH Zurich (Switzerland),Other,Collaborator
262,"Department of Health, Canton Basel-Land",Other,Collaborator
263,Fundação de Medicina Tropical Dr. Heitor Vieira Dourado,Other,Lead
263,Butantan Institute,Other,Collaborator
264,Assiut University,Other,Lead
265,"University Hospital, Montpellier",Other,Lead
266,Direction Centrale du Service de Santé des Armées,Other,Lead
267,Indonesia-MoH,Other,Lead
267,"Aivita Biomedical, Inc.",Industry,Collaborator
267,PT AIVITA Biomedika Indonesia,Other,Collaborator
267,"National Institute of Health Research and Development, Ministry of Health Republic of Indonesia",Other,Collaborator
267,"RSUP Dr. Kariadi Semarang, indonesia",Other,Collaborator
267,"Faculty of Medicine University of Diponegoro, Indonesia",Other,Collaborator
268,Ascension South East Michigan,Other,Lead
269,Wissenschaftliches Institut Bethanien e.V,Other,Lead
270,Mansoura University,Other,Lead
271,University of Erlangen-Nürnberg Medical School,Other,Lead
272,Butantan Institute,Other,Lead
272,"Sinovac Life Sciences Co., Ltd.",Other,Collaborator
273,Ankara City Hospital Bilkent,Other,Lead
274,Sohag University,Other,Lead
275,University of Alcala,Other,Lead
275,Professional College of Physiotherapists of the Community of Madrid (CPFCM),Other,Collaborator
275,University Hospital of Guadalajara (HUGU),Other,Collaborator
276,Lenanrt Friis-Hansen,Other,Lead
276,University Hospital Bispebjerg and Frederiksberg,Other,Collaborator
277,Centre Hospitalier Universitaire de Nice,Other,Lead
278,Uşak University,Other,Lead
279,"Mebo Research, Inc.",Other,Lead
279,Aurametrix,Other,Collaborator
280,"AnGes, Inc.",Industry,Lead
280,Japan Agency for Medical Research and Development,Other,Collaborator
281,Imperial College London,Other,Lead
282,Charles Drew University of Medicine and Science,Other,Lead
283,Kanuni Sultan Suleyman Training and Research Hospital,Other,Lead
284,Spanish Network for Research in Infectious Diseases,Other,Lead
284,Fundación Pública Andaluza para la gestión de la Investigación en Sevilla,Other,Collaborator
285,Azienda Ospedaliera Città della Salute e della Scienza di Torino,Other,Lead
286,Corporacion Parc Tauli,Other,Lead
287,University of Pennsylvania,Other,Lead
288,The George Washington University Biostatistics Center,Other,Lead
288,Eunice Kennedy Shriver National Institute of Child Health and Human Development (NICHD),NIH,Collaborator
289,Western Norway University of Applied Sciences,Other,Lead
289,Helse-Bergen HF,Other,Collaborator
290,Centenario Hospital Miguel Hidalgo,Other,Lead
291,"University Hospital, Grenoble",Other,Lead
292,South Valley University,Other,Lead
293,Universitas Padjadjaran,Other,Lead
293,PT. Rhea Pharmaceutical Sciences Indonesia,Industry,Collaborator
293,Prodia Diacro Laboratories P.T.,Other,Collaborator
294,Matilde Zaballos,Other,Lead
294,Hospital General Universitario Gregorio Marañon,Other,Collaborator
295,Stanford University,Other,Lead
296,Johns Hopkins University,Other,Lead
297,Peking University First Hospital,Other,Lead
298,Università degli Studi dell'Insubria,Other,Lead
299,Swansea University,Other,Lead
299,Cardiff University,Industry,Collaborator
299,Marinomed Biotech AG,Other,Collaborator
299,Walgreens Boots Alliance,Other,Collaborator
299,Abertawe Bro Morgannwg University Health Board,Other,Collaborator
300,Ancon Technologies Ltd,Industry,Lead
301,Inova Health System,Other,Lead
302,Damanhour University,Other,Lead
303,Laboratorio Elea Phoenix S.A.,Industry,Lead
303,Beijing Institute of Biological Products Co Ltd.,Other,Collaborator
303,China National Biotec Group Company Limited,Other,Collaborator
303,Fundación Huésped,Other,Collaborator
304,"Hospital St. Joseph, Marseille, France",Other,Lead
305,Mansoura University,Other,Lead
306,University Medical Center Groningen,Other,Lead
306,Erasmus Medical Center,Other,Collaborator
306,Radboud University,Other,Collaborator
306,Academisch Medisch Centrum - Universiteit van Amsterdam (AMC-UvA),Other,Collaborator
307,Societa Italiana dell'Ipertensione Arteriosa,Other,Lead
308,University of Pennsylvania,Other,Lead
309,National Institute of Allergy and Infectious Diseases (NIAID),NIH,Lead
309,"Rho Federal Systems Division, Inc.",Industry,Collaborator
310,"Beech Tree Labs, Inc.",Industry,Lead
310,Norwich Clinical Research Associates Ltd.,Other,Collaborator
310,Curavit Clinical Research,Other,Collaborator
311,Fayoum University,Other,Lead
312,"Lifefactors Zona Franca, SAS",Industry,Lead
313,"Kentucky BioProcessing, Inc.",Industry,Lead
314,Kanuni Sultan Suleyman Training and Research Hospital,Other,Lead
314,Seda Yilmaz Semerci,Other,Collaborator
315,"Han Xu, M.D., Ph.D., Sponsor-Investigator, IRB Chair",Industry,Lead
315,"Medicine Invention Design, Inc",Other,Collaborator
316,General and Maternity Hospital of Athens Elena Venizelou,Other,Lead
317,Hospital de Sagunto,Other,Lead
317,Biopolis S.L.,Industry,Collaborator
317,Laboratorios Heel España,Other,Collaborator
318,Karolinska Institutet,Other,Lead
319,University of Edinburgh,Other,Lead
320,Instituto Nacional de Ciencias Medicas y Nutricion Salvador Zubiran,Other,Lead
321,Immunitor LLC,Industry,Lead
321,Immunitor Inc.,Other,Collaborator
322,"University Hospital, Montpellier",Other,Lead
322,Clinique du Millenaire,Other,Collaborator
322,CHU de Nîmes,Other,Collaborator
322,CHU de Perpignan,Other,Collaborator
322,ligue nationale de Basket,Other,Collaborator
322,Rennes University Hospital,Other,Collaborator
323,Institut Cancerologie de l'Ouest,Other,Lead
324,Jiangsu Province Centers for Disease Control and Prevention,Other,Lead
325,Hospital de Clinicas de Porto Alegre,Other,Lead
326,Charles Drew University of Medicine and Science,Other,Lead
327,The University of Hong Kong,Other,Lead
328,Mayo Clinic,Other,Lead
329,D'Or Institute for Research and Education,Other,Lead
329,Butantan Institute,Other,Collaborator
330,"Coordinación de Investigación en Salud, Mexico",Other,Lead
330,Hospital Infantil de Mexico Federico Gomez,Other,Collaborator
331,Azienda Ospedaliera Universitaria Integrata Verona,Other,Lead
332,Max Healthcare Insititute Limited,Other,Lead
333,Medialis Ltd.,Industry,Lead
334,"University Hospital, Lille",Other,Lead
335,Niguarda Hospital,Other,Lead
336,Hospital Clinic of Barcelona,Other,Lead
337,Ain Shams University,Other,Lead
338,Health Institutes of Turkey,Other,Lead
339,Hospices Civils de Lyon,Other,Lead
340,Grand Hôpital de Charleroi,Other,Lead
341,Kasr El Aini Hospital,Other,Lead
342,Jiangsu Province Centers for Disease Control and Prevention,Other,Lead
343,University Hospital Plymouth NHS Trust,Other,Lead
344,"Anders Fink-Jensen, MD, DMSci",Other,Lead
344,Psychiatric Centre Rigshospitalet,Other,Collaborator
345,Ankara University,Other,Lead
345,Presidency of Health Institute Turkey (TUSEB),Other,Collaborator
346,"National Research Institute of Chinese Medicine, Ministry of Health and Welfare",Other,Lead
347,University of Toronto,Other,Lead
348,"University of Wisconsin, Madison",Other,Lead
349,Military Hospital of Tunis,Other,Lead
349,UR17DN02 : Autoimmune Diseases Research Unit,Other,Collaborator
349,Dacima Consulting,Other,Collaborator
350,National Institute of Allergy and Infectious Diseases (NIAID),NIH,Lead
350,National Institutes of Health Clinical Center (CC),Other,Collaborator
351,University of Salamanca,Other,Lead
352,Unidad Temporal COVID-19 en Centro Citibanamex,Other,Lead
352,Instituto Nacional de Cardiologia Ignacio Chavez,Other,Collaborator
352,Instituto Nacional de Ciencias Medicas y Nutricion Salvador Zubiran,Other,Collaborator
353,"Federal Research Clinical Center of Federal Medical & Biological Agency, Russia",Other,Lead
354,Hospital Clinic of Barcelona,Other,Lead
354,Sociedad Española de Trasplante Hepático,Other,Collaborator
355,University of Pennsylvania,Other,Lead
355,Public Health Management Corporation,Other,Collaborator
356,Ain Shams University,Other,Lead
357,Tanta University,Other,Lead
358,Novavax,Industry,Lead
359,"Ihsan GURSEL, PhD, Prof.",Other,Lead
359,Dr Abdurrahman Yurtaslan Ankara Oncology Training and Research Hospital,Industry,Collaborator
359,The Scientific and Technological Research Council of Turkey,Other,Collaborator
359,MonitorCRO,Other,Collaborator
359,Nobel Pharmaceuticals,Other,Collaborator
360,Wroclaw Medical University,Other,Lead
360,Medical Research Agency,Other,Collaborator
361,Daniel Griffin,Industry,Lead
361,Eli Lilly and Company,Other,Collaborator
361,"Optum, Inc.",Other,Collaborator
361,UnitedHealth Group,Other,Collaborator
362,Corporacion Parc Tauli,Other,Lead
363,"University Hospital, Montpellier",Other,Lead
364,Universitaire Ziekenhuizen Leuven,Other,Lead
364,KU Leuven,Other,Collaborator
364,Hasselt University,Other,Collaborator
364,Ziekenhuis Oost-Limburg,Other,Collaborator
364,Jessa Hospital,Other,Collaborator
365,University of Alberta,Other,Lead
366,Damanhour University,Other,Lead
367,"Gamaleya Research Institute of Epidemiology and Microbiology, Health Ministry of the Russian Federation",Other,Lead
367,Acellena Contract Drug Research and Development,Other,Collaborator
368,KK Women's and Children's Hospital,Other,Lead
368,Singapore General Hospital,Other,Collaborator
368,"National University Hospital, Singapore",Other,Collaborator
369,"University Hospital, Montpellier",Other,Lead
370,Neuromed IRCCS,Other,Lead
371,"Gamaleya Research Institute of Epidemiology and Microbiology, Health Ministry of the Russian Federation",Other,Lead
371,Government of the city of Moscow,Other,Collaborator
371,CRO: Crocus Medical BV,Other,Collaborator
372,University of Cagliari,Other,Lead
373,Centre Hospitalier Universitaire de Nīmes,Other,Lead
374,"Centre Hospitalier Universitaire, Amiens",Other,Lead
375,King Faisal Specialist Hospital & Research Center,Other,Lead
376,Duke University,Other,Lead
377,"Gamaleya Research Institute of Epidemiology and Microbiology, Health Ministry of the Russian Federation",Other,Lead
377,Ministerio del Poder Popular para la Salud de la República Bolivariana de Venezuela,Other,Collaborator
378,Fundacion Clinica Valle del Lili,Other,Lead
379,Assistance Publique - Hôpitaux de Paris,Other,Lead
380,Izmir Bakircay University,Other,Lead
380,Cigli Regional Training Hospital,Other,Collaborator
380,Muğla Sıtkı Koçman University,Other,Collaborator
381,Universitätsklinikum Köln,Other,Lead
381,ZKS Köln,Industry,Collaborator
381,MMH Institute for Transfusion Medicine,Other,Collaborator
381,Miltenyi Biomedicine GmbH,Other,Collaborator
382,Hôpital Européen Marseille,Other,Lead
383,Groupe d'Etude sur le Risque d'Exposition des Soignants aux Agents Infectieux,Other,Lead
384,University of Glasgow,Other,Lead
385,Assiut University,Other,Lead
386,King's College London,Other,Lead
387,Shaheed Zulfiqar Ali Bhutto Medical University,Other,Lead
388,Instituto Brasileiro de Controle do Cancer,Other,Lead
389,"Coordinación de Investigación en Salud, Mexico",Other,Lead
389,Instituto Mexicano del Seguro Social,Other,Collaborator
390,Groupe Hospitalier Paris Saint Joseph,Other,Lead
391,Caja Costarricense de Seguro Social,Other,Lead
391,Universidad de Costa Rica,Other,Collaborator
391,Ministry of Health Costa Rica,Other,Collaborator
392,"University Hospital, Basel, Switzerland",Other,Lead
393,Ataturk University,Other,Lead
394,Assiut University,Other,Lead
395,Novavax,Industry,Lead
395,Department of Health and Human Services,U.S. Fed,Collaborator
396,Karolinska University Hospital,Other,Lead
397,Ospedale Andrea Tortora di Pagani,Other,Lead
398,Princess Nourah Bint Abdulrahman University,Other,Lead
399,Stony Brook University,Other,Lead
400,University of Sargodha,Other,Lead
400,"Dr Fariha Kanwal, Med-X Research Institute, School of biomedical engineering, Shanghai",Other,Collaborator
401,Lahore General Hospital,Other,Lead
402,Tufts Medical Center,Other,Lead
402,Bellerophon,Industry,Collaborator
403,Institut d'Investigació Biomèdica de Bellvitge,Other,Lead
404,Bassett Healthcare,Other,Lead
404,"Bioreference, Inc",Other,Collaborator
405,Fundación para la Investigación del Hospital Clínico de Valencia,Other,Lead
406,Olga Tyumina,Other,Lead
406,Clinics of the Federal State Budgetary Educational Institution SSMU,Other,Collaborator
406,Samara Regional Clinical Hospital V.D. Seredavin,Other,Collaborator
406,"State-Financed Health Facility ""Samara Regional Medical Center Dinasty""",Other,Collaborator
407,Future Genetics Limited,Other,Lead
408,Kerecis Ltd.,Industry,Lead
409,Inova Health Care Services,Other,Lead
410,Hospital Italiano de Buenos Aires,Other,Lead
410,Roche Pharma AG,Industry,Collaborator
411,Sciensano,Other,Lead
411,KU Leuven,Other,Collaborator
411,University of Liege,Other,Collaborator
411,Universiteit Antwerpen,Other,Collaborator
412,Shanghai Asclepius Meditec Inc.,Industry,Lead
412,Shanghai Public Health Clinical Center,Other,Collaborator
412,Henan Provincial People's Hospital,Other,Collaborator
412,Shenzhen Third People's Hospital,Other,Collaborator
412,The First People's Hospital of Yunnan,Other,Collaborator
412,"Shanghai General Hospital, Shanghai Jiao Tong University School of Medicine",Other,Collaborator
412,Shanghai 6th People's Hospital,Other,Collaborator
412,Guangdong Provincial Hospital of Traditional Chinese Medicine,Other,Collaborator
413,Vaxine Pty Ltd,Industry,Lead
413,Central Adelaide Local Health Network Incorporated,Other,Collaborator
414,Vrije Universiteit Brussel,Other,Lead
414,Universitair Ziekenhuis Brussel,Other,Collaborator
415,"University of Wisconsin, Madison",Other,Lead
415,National Cancer Institute (NCI),NIH,Collaborator
416,Assaf-Harofeh Medical Center,Other,Lead
417,Cliniques universitaires Saint-Luc- Université Catholique de Louvain,Other,Lead
418,Masaryk University,Other,Lead
418,F.D. Roosevelt Teaching Hospital with Policlinic Banska Bystrica,Other,Collaborator
418,University of Giessen,Other,Collaborator
418,University of Kiel,Other,Collaborator
418,Yeditepe University,Other,Collaborator
419,"University Hospital, Strasbourg, France",Other,Lead
420,Instituto Ecuatoriano de Enfermedades Digestivas,Other,Lead
421,Kaohsiung Kai-Suan Psychiatric Hospital,Other,Lead
422,Assiut University,Other,Lead
423,Medical University of Graz,Other,Lead
423,University of Olso,Other,Collaborator
423,Kristiania University College,Other,Collaborator
423,Walter Sisulu University,Other,Collaborator
423,Lagos State University,Other,Collaborator
423,Management Sciences for Health,Other,Collaborator
424,Medical University of Bialystok,Other,Lead
425,Direction Centrale du Service de Santé des Armées,Other,Lead
426,D'Or Institute for Research and Education,Other,Lead
427,Surgical Systems Research Group,Other,Lead
427,Wellcome Trust,Other,Collaborator
427,Tropical Institute of Community Health,Other,Collaborator
428,Pontificia Universidad Catolica de Chile,Other,Lead
428,"Ministry of Health, Chile",Industry,Collaborator
428,"Sinovac Biotech Co., Ltd",Other,Collaborator
429,ProofPilot,Industry,Lead
429,Radish Health,Other,Collaborator
429,Sanesco,Other,Collaborator
430,Nisantasi University,Other,Lead
431,Mario Negri Institute for Pharmacological Research,Other,Lead
432,"University of North Carolina, Chapel Hill",Other,Lead
433,Cairo University,Other,Lead
434,Direction Centrale du Service de Santé des Armées,Other,Lead
435,Cairo University,Other,Lead
436,"University Hospital, Montpellier",Other,Lead
437,University of Pennsylvania,Other,Lead
438,Duke University,Other,Lead
439,Uppsala University,Other,Lead
439,Karolinska University Hospital,Other,Collaborator
439,"Sahlgrenska University Hospital, Sweden",Other,Collaborator
439,Lund University Hospital,Other,Collaborator
439,"University Hospital, Linkoeping",Other,Collaborator
439,"University Hospital, Umeå",Other,Collaborator
439,Region Örebro County,Other,Collaborator
439,Uppsala University Hospital,Other,Collaborator
440,Hospital Sultanah Bahiyah,Other,Lead
440,"Hospital Tuanku Fauziah, Kangar, Perlis",Other,Collaborator
440,"Penang Hospital, Malaysia",Other,Collaborator
440,Hospital Raja Permaisuri Bainun,Other,Collaborator
440,"Hospital Sungai Buloh, Selangor",Other,Collaborator
440,Kuala Lumpur General Hospital,Other,Collaborator
440,"Hospital Tuanku Jaafar, Seremban, Negeri Sembilan",Other,Collaborator
440,"Hospital Melaka, Melaka",Other,Collaborator
440,"Hospital Enche Besar Hajjah Khalsom, Kluang, Johor",Other,Collaborator
440,"Hospital Raja Perempuan Zainab II, Kota Bahru, Kelantan",Other,Collaborator
440,"Hospital Sultanah Nur Zahirah, Kuala Terengganu, Terengganu",Other,Collaborator
440,"Hospital Tengku Ampuan Afzan, Kuantan, Pahang",Other,Collaborator
440,Sarawak General Hospital,Other,Collaborator
440,"Hospital Queen Elizabeth, Malaysia",Other,Collaborator
441,Cambridge University Hospitals NHS Foundation Trust,Other,Lead
442,IRCCS Azienda Ospedaliero-Universitaria di Bologna,Other,Lead
443,National Institute of Environmental Health Sciences (NIEHS),NIH,Lead
443,National Institutes of Health Clinical Center (CC),Other,Collaborator
444,"Institut National de la Santé Et de la Recherche Médicale, France",Other,Lead
445,University of Pennsylvania,Other,Lead
445,Patient-Centered Outcomes Research Institute,Other,Collaborator
446,Vivek Reddy,Other,Lead
446,Icahn School of Medicine at Mount Sinai,Other,Collaborator
447,"Rigshospitalet, Denmark",Other,Lead
448,Maastricht University Medical Center,Other,Lead
449,"University of Colorado, Denver",Other,Lead
450,University Hospital Schleswig-Holstein,Other,Lead
450,"Charite University, Berlin, Germany",Other,Collaborator
450,Wuerzburg University Hospital,Other,Collaborator
450,German Federal Ministry of Education and Research,Other,Collaborator
451,Gaziosmanpasa Research and Education Hospital,Other,Lead
452,"E25Bio, Inc.",Industry,Lead
452,"SCRI Development Innovations, LLC",Other,Collaborator
453,"Kamada, Ltd.",Industry,Lead
454,Centre Hospitalier Intercommunal Creteil,Other,Lead
455,"University of California, San Francisco",Other,Lead
455,Kaiser Permanente,Other,Collaborator
455,Patient-Centered Outcomes Research Institute,Other,Collaborator
456,"University Hospital, Strasbourg, France",Other,Lead
457,"University Hospital for Infectious Diseases, Croatia",Other,Lead
458,Sanatorio Anchorena San Martin,Other,Lead
459,St George's University Hospitals NHS Foundation Trust,Other,Lead
459,"St George's, University of London",Other,Collaborator
460,University of Bologna,Other,Lead
461,Lymphoma and Leukemia Society,Other,Lead
462,xCures,Industry,Lead
462,Genetic Alliance,Other,Collaborator
462,LunaDNA,Other,Collaborator
462,Cancer Commons,Other,Collaborator
462,REDCap Cloud,Other,Collaborator
463,"University Hospital, Strasbourg, France",Other,Lead
464,Assiut University,Other,Lead
465,Centre Hospitalier Universitaire de Nice,Other,Lead
466,VA Office of Research and Development,U.S. Fed,Lead
466,Mayo Clinic,Other,Collaborator
467,Neuroganics LLC,Industry,Lead
467,Neuroganics Diagnostics LLC,Other,Collaborator
467,Artron Laboratories Inc,Other,Collaborator
467,"Cellex, Inc.",Other,Collaborator
467,AllBio Science Inc.,Other,Collaborator
468,Assistance Publique - Hôpitaux de Paris,Other,Lead
469,Tanta University,Other,Lead
470,Gilberto Cruz Arteaga,Other,Lead
470,"Coordinación de Investigación en Salud, Mexico",Other,Collaborator
471,University of Iowa,Other,Lead
472,"Gamaleya Research Institute of Epidemiology and Microbiology, Health Ministry of the Russian Federation",Other,Lead
472,Acellena Contract Drug Research and Development,Other,Collaborator
473,Indiana University,Other,Lead
474,Centre d'Expertise sur l'Altitude EXALT,Other,Lead
475,Gadjah Mada University,Other,Lead
476,Johns Hopkins Aramco Healthcare,Other,Lead
477,Dr. Francisco Ciruela Alférez,Other,Lead
477,Gerencia Territorial del Área Metropolitana Sur - Instituto Catalán de la Salud,Other,Collaborator
477,Hospital Universitario de Bellvitge,Other,Collaborator
477,Fundació IDIBELL,Other,Collaborator
477,University of Barcelona,Other,Collaborator
478,Assistance Publique Hopitaux De Marseille,Other,Lead
479,Centre Hospitalier St Anne,Other,Lead
479,Hôpital Cochin,Other,Collaborator
480,Olive View-UCLA Education & Research Institute,Other,Lead
481,Dr Sze-Yuan Ooi,Other,Lead
481,The University of New South Wales,Other,Collaborator
481,The George Institute,Other,Collaborator
481,South Eastern Sydney Local Health District,Other,Collaborator
481,"Prince of Wales Hospital, Sydney",Other,Collaborator
482,Direction des Soins de Santé de Base,Other,Lead
482,Eshmoun Clinical Research Centre,Other,Collaborator
482,Dacima Consulting,Other,Collaborator
483,"Southeast University, China",Other,Lead
484,Gaziosmanpasa Research and Education Hospital,Other,Lead
485,Fondazione Policlinico Universitario Agostino Gemelli IRCCS,Other,Lead
486,Johns Hopkins University,Other,Lead
486,State of Maryland,U.S. Fed,Collaborator
486,Bloomberg Foundation,NIH,Collaborator
486,United States Department of Defense,Other,Collaborator
486,National Institute of Allergy and Infectious Diseases (NIAID),Other,Collaborator
487,Universitair Ziekenhuis Brussel,Other,Lead
488,Jon Bailey,Other,Lead
488,Nova Scotia Health Authority,Other,Collaborator
489,National Cancer Institute (NCI),NIH,Lead
489,National Institutes of Health Clinical Center (CC),Other,Collaborator
490,British Columbia Cancer Agency,Other,Lead
491,ASST Fatebenefratelli Sacco,Other,Lead
492,Hospital Galdakao-Usansolo,Other,Lead
492,Hospital Costa del Sol,Other,Collaborator
492,Hospital del Mar,Other,Collaborator
492,University Hospital of the Nuestra Señora de Candelaria,Other,Collaborator
492,Instituto de Salud Carlos III,Other,Collaborator
492,Hospital Universitario Araba,Other,Collaborator
492,Biocruces Bizkaia Health Research Institute,Other,Collaborator
492,Hospital de Basurto,Other,Collaborator
492,Hospital Donostia,Other,Collaborator
493,Centre Hospitalier Universitaire de Nice,Other,Lead
494,East Suffolk and North Essex NHS Foundation Trust,Other,Lead
494,University of Suffolk,Other,Collaborator
495,Sohag University,Other,Lead
496,Assiut University,Other,Lead
497,Damanhour University,Other,Lead
498,Portsmouth Hospitals NHS Trust,Other,Lead
498,University of Portsmouth,Other,Collaborator
499,University of Alberta,Other,Lead
500,Vanderbilt University Medical Center,Other,Lead
501,Fondazione Policlinico Universitario Agostino Gemelli IRCCS,Other,Lead
502,Université de Sherbrooke,Other,Lead
503,Obafemi Awolowo University,Other,Lead
503,University of Liverpool,Other,Collaborator
503,African Centre of Excellence for Genomics of Infectious Diseases,Other,Collaborator
503,Infectious Disease Hospital Olodo,Other,Collaborator
503,Obafemi Awolowo University Teaching Hospitals Complex,Other,Collaborator
503,Osun State Ministry of Health,Other,Collaborator
503,Olabisi Onabanjo University Teaching Hospital,Other,Collaborator
504,I.M. Sechenov First Moscow State Medical University,Other,Lead
505,University of Versailles,Other,Lead
506,Kanuni Sultan Suleyman Training and Research Hospital,Other,Lead
507,Johns Hopkins Bloomberg School of Public Health,Other,Lead
508,Tanta University,Other,Lead
509,Selcuk University,Other,Lead
510,Queen Mary University of London,Other,Lead
510,GlaxoSmithKline,Industry,Collaborator
511,University of Cagliari,Other,Lead
512,Cairo University,Other,Lead
513,Tongji Hospital,Other,Lead
514,Rapid Pathogen Screening,Industry,Lead
514,"Lumos Diagnostics, Inc",Other,Collaborator
514,RapidPS,Other,Collaborator
515,William Beaumont Hospitals,Other,Lead
516,"Centro Studi Internazionali, Italy",Other,Lead
516,"VivaChek Laboratories, Inc.",Other,Collaborator
517,Max R. O'Donnell,Other,Lead
517,New York Blood Center,Other,Collaborator
517,"Amazon.com, Inc.",Other,Collaborator
517,Columbia University,Other,Collaborator
518,The Methodist Hospital System,Other,Lead
519,Hacettepe University,Other,Lead
520,Groupe Hospitalier Paris Saint Joseph,Other,Lead
520,ObvioHealth,Industry,Collaborator
521,Institut d'Investigació Biomèdica de Girona Dr. Josep Trueta,Other,Lead
521,Clinica Nuestra Senora del Rosario,Other,Collaborator
522,"University Hospital, Ghent",Other,Lead
522,University Ghent,Other,Collaborator
523,Centre Hospitalier Intercommunal Creteil,Other,Lead
524,University of Aberdeen,Other,Lead
525,Assiut University,Other,Lead
526,Luxembourg Institute of Health,Other,Lead
526,Centre Hospitalier du Luxembourg,Other,Collaborator
526,Hopitaux Robert Schuman (Luxembourg),Other,Collaborator
526,Laboratoire National de Santé (Luxembourg),Other,Collaborator
526,University of Luxembourg,Other,Collaborator
527,Apeiron Biologics,Industry,Lead
528,Andrew Eisenberger,Other,Lead
528,Columbia University,Other,Collaborator
529,"Ministry of Health, Kuwait",Other,Lead
530,Nanomix,Industry,Lead
531,Max Healthcare Insititute Limited,Other,Lead
532,Schön Klinik Berchtesgadener Land,Other,Lead
533,Dokuz Eylul University,Other,Lead
534,Cliniques universitaires Saint-Luc- Université Catholique de Louvain,Other,Lead
534,BioMérieux,Industry,Collaborator
535,Fundación Santa Fe de Bogota,Other,Lead
536,Providence Therapeutics Holdings Inc.,Industry,Lead
537,Hedi Gharsallah,Other,Lead
537,Dacima Consulting,Other,Collaborator
537,"General Administration of Military Health, Tunisia",Other,Collaborator
538,"Entera Health, Inc",Industry,Lead
538,"Lemus Buhils, SL",Other,Collaborator
538,"Clinical Research Unit, IMIM (Hospital del Mar Medical Research Institute)",Other,Collaborator
539,"University Hospital, Bordeaux",Other,Lead
540,Hanane EL KENZ,Other,Lead
540,Brugmann University Hospital,Other,Collaborator
541,"Ministry of Health, Turkey",Other,Lead
541,"Hacettepe University, School of Medicine",Other,Collaborator
541,Prof. Dr. Cemil Tascıoglu City Hospital,Other,Collaborator
541,Umraniye Training and Research Hospital,Other,Collaborator
541,Istanbul Training and Research Hospital,Other,Collaborator
541,"Sultan Abdulhamid Han Training and Research Hospital, Istanbul, Turkey",Other,Collaborator
541,Tepecik Training and Research Hospital,Other,Collaborator
541,"Istanbul University-Cerrahpasa, Cerrahpasa Faculty of Medicine",Other,Collaborator
541,Ankara University,Other,Collaborator
541,Ankara City Hospital Bilkent,Other,Collaborator
541,Ankara Training and Research Hospital,Other,Collaborator
541,Ege University Hospital (Application and Research Center),Other,Collaborator
541,Derince Training and Research Hospital,Other,Collaborator
541,"Istanbul University, Istanbul Faculty of Medicine",Other,Collaborator
541,Kayseri City Hospital,Other,Collaborator
542,Universidad Nacional de Asunción,Other,Lead
542,"Consejo Nacional de Ciencias y Tecnología, Paraguay",Other,Collaborator
542,"Ministerio de Salud Pública y Bienestar Social, Paraguay",Other,Collaborator
542,"Centro de información y recursos para el desarrollo, Paraguay",Other,Collaborator
543,"Institute of Liver and Biliary Sciences, India",Other,Lead
544,Tabula Rasa HealthCare,Industry,Lead
545,Hopital Foch,Other,Lead
546,Medigen Vaccine Biologics Corp.,Industry,Lead
547,"University Hospital, Bordeaux",Other,Lead
547,Grant Agreement ERC n°715093,Other,Collaborator
547,University of Bordeaux - mission UB-C19,Other,Collaborator
548,Assiut University,Other,Lead
549,Fundacion Miguel Servet,Other,Lead
550,University of Edinburgh,Other,Lead
550,International Severe Acute Respiratory and Emerging Infection Consortium,Other,Collaborator
550,BREATHE Health Data Research Hub,Other,Collaborator
551,Cambridge University Hospitals NHS Foundation Trust,Other,Lead
552,Neuromed IRCCS,Other,Lead
553,Tiva Group,Other,Lead
554,Cristina Avendaño Solá,Other,Lead
554,Instituto de Salud Carlos III,Other,Collaborator
554,Puerta de Hierro University Hospital,Other,Collaborator
555,Hackensack Meridian Health,Other,Lead
556,Lawson Health Research Institute,Other,Lead
556,Cardiac Arrhythmia Network of Canada,Other,Collaborator
557,Kashif Khan,Other,Lead
557,University of Southern California,Other,Collaborator
558,Institute for Transfusion Medicine of RNM,Other,Lead
558,"University Clinic for Infectious Diseases, North Macedonia",Other,Collaborator
559,Assistance Publique - Hôpitaux de Paris,Other,Lead
560,AstraZeneca,Industry,Lead
561,Direction Centrale du Service de Santé des Armées,Other,Lead
561,"University Hospital, Grenoble",Other,Collaborator
562,Hepatopancreatobiliary Surgery Institute of Gansu Province,Other,Lead
562,Renmin Hospital of Wuhan University,Other,Collaborator
562,LanZhou University,Other,Collaborator
562,Minda Hospital Affiliated to Hubei University for Nationalities,Other,Collaborator
562,"Wuhan Union Hospital, China",Other,Collaborator
562,The Central Hospital of Enshi Tujia And Miao Autonomous Prefecture,Other,Collaborator
562,Tianjin Second People's Hospital,Other,Collaborator
562,Sixth People's Hospital of Shenyang,Other,Collaborator
562,Guangxi Zhuang Autonomous Region,Other,Collaborator
562,Shenzhen Third People's Hospital,Other,Collaborator
562,Ankang Central Hospital,Other,Collaborator
562,Xingtai People's Hospital,Other,Collaborator
562,Dalian Sixth People's Hospital,Other,Collaborator
562,The Central Hospital of Lishui City,Other,Collaborator
562,The Affiliated Third Hospital of Jiangsu University,Other,Collaborator
562,"Suizhou Hospital, Hubei University of Medicine",Other,Collaborator
563,Hospital Italiano de Buenos Aires,Other,Lead
564,Associazione Chirurghi Ospedalieri Italiani,Other,Lead
565,Professor Adrian Covic,Other,Lead
565,Falcon Trading Iasi,Other,Collaborator
565,Romanian Academy of Medical Sciences,Other,Collaborator
565,Grigore T. Popa University of Medicine and Pharmacy,Other,Collaborator
566,Catholic University of the Sacred Heart,Other,Lead
567,Mansoura University,Other,Lead
568,Kansas City Heart Rhythm Research Foundation,Other,Lead
569,McMaster University,Other,Lead
569,University of Alberta,Other,Collaborator
569,University of Saskatchewan,Other,Collaborator
569,University of Manitoba,Other,Collaborator
570,Dentaid SL,Industry,Lead
570,IrsiCaixa,Other,Collaborator
570,"Fundación FLS de Lucha Contra el Sida, las Enfermedades Infecciosas y la Promoción de la Salud y la Ciencia",Other,Collaborator
571,Fatima Memorial Hospital,Other,Lead
572,Vatic Ltd.,Industry,Lead
573,Centre Hospitalier Princesse Grace,Other,Lead
574,University Hospitals Cleveland Medical Center,Other,Lead
574,Cuyahoga County Board of Health,Other,Collaborator
574,The Cleveland Clinic,Other,Collaborator
574,MetroHealth Medical Center,Other,Collaborator
574,Case Western Reserve University,Other,Collaborator
575,Medical University Innsbruck,Other,Lead
576,"Services Institute of Medical Sciences, Pakistan",Other,Lead
577,Versailles Hospital,Other,Lead
577,"Bernard LIVAREK, MD, Cardiology department, Versailles Hospital",Other,Collaborator
577,"Jean-Paul BERESSI, MD, Department of diabetology, Versailles Hospital",Other,Collaborator
577,"Mehrsa KOUKABI FRADELIZZI, MD, Emergency department, Versailles Hospital",Other,Collaborator
577,"Floriane GILLES, MD, Cardiology department, Versailles Hospital",Other,Collaborator
577,"Alisson BERTRAND, Cardiology department, Versailles Hospital",Other,Collaborator
577,"Marie DE TOURNEMIRE, Cardiology department, Versailles Hospital",Other,Collaborator
577,"Victorien MONGUILLON, Cardiology department, Versailles Hospital",Other,Collaborator
577,"Maeva PASQUALINI, Cardiology department, Versailles Hospital",Other,Collaborator
577,"Alix PREVOT, Cardiology department, Versailles Hospital",Other,Collaborator
577,"Guillaume ROGER, Cardiology department, Versailles Hospital",Other,Collaborator
577,"Joseph SABA, Cardiology department, Versailles Hospital",Other,Collaborator
577,"Joséphine SOLTANI, Cardiology department, Versailles Hospital",Other,Collaborator
577,"Jean-François PROST, Cardiology department, Versailles Hospital",Other,Collaborator
577,"Cécile LAUREANA, Department of medical information, Versailles Hospital",Other,Collaborator
578,Unity Health Toronto,Other,Lead
579,Institut Pasteur,Industry,Lead
579,Institut Pasteur de la Guyane,Other,Collaborator
579,"Laboratoire de biologie médicale, Institut Pasteur de la Guyane",Other,Collaborator
579,"Laboratoire de biologie médicale de Kourou, French Guiana",Other,Collaborator
579,"Laboratoire de biologie médicale du Centre hospitalier de Saint-Laurent du Maroni, French Guiana",Other,Collaborator
579,"Laboratoire Eurofins Guyane de Rémire-Montjoly, French Guiana",Other,Collaborator
579,"Centres Délocalisés de Prévention et de Soins, Centre Hospitalier Andrée Rosemon de Cayenne, Frech Guiana",Other,Collaborator
580,Kanuni Sultan Suleyman Training and Research Hospital,Other,Lead
580,Orbiteratec (funding),Other,Collaborator
581,Wissenschaftliches Institut Bethanien e.V,Other,Lead
582,National Institute of Allergy and Infectious Diseases (NIAID),NIH,Lead
582,National Institutes of Health Clinical Center (CC),Other,Collaborator
583,"Perseverance Research Center, LLC",Other,Lead
583,Athena Medical Group,Other,Collaborator
584,Assistance Publique - Hôpitaux de Paris,Other,Lead
585,University of Dundee,Other,Lead
585,NHS Tayside,Industry,Collaborator
585,Insmed Incorporated,Other,Collaborator
586,University of the Philippines,Other,Lead
587,"Chris Recknor, MD",Industry,Lead
587,"Senhwa Biosciences, Inc.",Other,Collaborator
588,General and Maternity Hospital of Athens Elena Venizelou,Other,Lead
588,National and Kapodistrian University of Athens,Other,Collaborator
588,"Alexandra Hospital, Athens, Greece",Other,Collaborator
588,University of Ioannina,Other,Collaborator
588,Larissa University Hospital,Other,Collaborator
589,"Rutgers, The State University of New Jersey",Other,Lead
589,"University Hospital - Newark, NJ",Other,Collaborator
590,Direction Centrale du Service de Santé des Armées,Other,Lead
591,"University of California, Los Angeles",Other,Lead
591,Carnegie Mellon University,Other,Collaborator
592,"Centre Hospitalier Universitaire, Amiens",Other,Lead
593,Cambridge University Hospitals NHS Foundation Trust,Other,Lead
593,University of Liverpool,Other,Collaborator
593,Cambridge University Hospitals NHS Foundation Trust (joint Sponsor),Other,Collaborator
593,The University of Cambridge (joint Sponsor),Other,Collaborator
594,University of Milan,Other,Lead
594,Papa Giovanni XXIII Hospital,Other,Collaborator
594,IRCCS Policlinico S. Matteo,Other,Collaborator
594,"Humanitas Hospital, Italy",Other,Collaborator
594,"Ospedale dell'Angelo, Venezia-Mestre",Other,Collaborator
594,University of Pavia,Other,Collaborator
595,University of Sao Paulo General Hospital,Other,Lead
596,University of Vermont,Other,Lead
597,Institute of Progressive Medicine,Other,Lead
598,Igenomix,Industry,Lead
599,Hôpital Européen Marseille,Other,Lead
600,Port Said University,Other,Lead
601,Erasme University Hospital,Other,Lead
602,National Medical Research Radiological Centre of the Ministry of Health of Russia,Other,Lead
603,"University Hospital, Lille",Other,Lead
603,FAI²R (Auto-immune and auto-inflammatory rare diseases French network),Other,Collaborator
604,Jessa Hospital,Other,Lead
605,Hamad Medical Corporation,Industry,Lead
605,Qatar University,Other,Collaborator
605,Weill Cornell Medical College in Qatar,Other,Collaborator
606,Hellenic Cooperative Oncology Group,Other,Lead
607,University of Chile,Other,Lead
607,Columbia University,Other,Collaborator
608,Uşak University,Other,Lead
609,"OncoImmune, Inc.",Industry,Lead
610,Hong Kong Baptist University,Other,Lead
610,The University of Hong Kong,Other,Collaborator
610,Chinese University of Hong Kong,Other,Collaborator
610,The Hong Kong Polytechnic University,Other,Collaborator
610,University of South Wales,Other,Collaborator
610,Yale University,Other,Collaborator
610,"University of California, San Diego",Other,Collaborator
611,Qassim University,Other,Lead
612,"University Hospital, Grenoble",Other,Lead
613,Azienda Ospedaliera Universitaria Integrata Verona,Other,Lead
614,Clene Nanomedicine,Industry,Lead
614,ICL Pharma,Other,Collaborator
614,Azidus Brazil,Other,Collaborator
615,Universidade Federal do Rio de Janeiro,Other,Lead
615,"Ministry of Science and Technology, Brazil",Other,Collaborator
616,Maastricht University Medical Center,Other,Lead
617,Queen's Medical Centre,Other,Lead
618,Salah D. Qanadli,Other,Lead
618,"University of Geneva, Switzerland",Other,Collaborator
618,University of Bern,Other,Collaborator
618,University of Basel,Other,Collaborator
618,University of Zurich,Other,Collaborator
618,University of Lausanne,Other,Collaborator
619,Jiangsu Province Centers for Disease Control and Prevention,Other,Lead
619,West China Hospital,Other,Collaborator
620,Karolinska University Hospital,Other,Lead
620,Karolinska Institutet,Other,Collaborator
621,Pathnostics,Industry,Lead
622,Assistance Publique - Hôpitaux de Paris,Other,Lead
622,"National Research Agency, France",Other,Collaborator
623,Dr. Negrin University Hospital,Other,Lead
623,Li Ka Shing Knowledge Institute,Other,Collaborator
623,"Consorcio Centro de Investigación Biomédica en Red, M.P.",Other,Collaborator
624,University of Chicago,Other,Lead
625,"University Hospital, Montpellier",Other,Lead
626,University Hospital Tuebingen,Other,Lead
626,Max-Planck-Institute Tuebingen,Other,Collaborator
627,Saint Francis Care,Other,Lead
628,The First Affiliated Hospital of Guangzhou Medical University,Other,Lead
629,The University of Queensland,Other,Lead
629,Syneos Health,Other,Collaborator
629,Coalition for Epidemic Preparedness Innovations,Other,Collaborator
630,"Dragonfly Research, LLC",Other,Lead
631,Assistance Publique - Hôpitaux de Paris,Other,Lead
632,Fondation Lenval,Other,Lead
633,R-Pharm,Industry,Lead
633,AstraZeneca,Other,Collaborator
634,Gaziosmanpasa Research and Education Hospital,Other,Lead
635,Technische Universität München,Other,Lead
636,Azienda USL Toscana Nord Ovest,Other,Lead
636,"Fondazione C.N.R./Regione Toscana ""G. Monasterio"", Pisa, Italy",Other,Collaborator
636,Azienda Ospedaliera Universitaria Senese,Other,Collaborator
636,"Azienda Ospedaliero, Universitaria Pisana",Other,Collaborator
637,Hospital Universitario de Fuenlabrada,Other,Lead
637,Centro Nacional de Investigaciones Oncologicas CARLOS III,Other,Collaborator
638,Sociedad Argentina de Reumatologia,Other,Lead
639,"University of California, Irvine",Other,Lead
639,"Applied Biology, Inc.",Industry,Collaborator
640,Columbia University,Other,Lead
641,Quovadis Associazione,Other,Lead
641,Azienda Ospedaliera di Padova,Other,Collaborator
642,Washington University School of Medicine,Other,Lead
643,Alonso Vera Torres,Other,Lead
643,Fundación Santa Fe de Bogota,Other,Collaborator
644,Texas Cardiac Arrhythmia Research Foundation,Other,Lead
645,Ospedale di Latisana,Other,Lead
646,Ayub Teaching Hospital,Other,Lead
646,Universidad de Murcia,Other,Collaborator
647,Ministerio de Salud de Ciudad Autónoma de Buenos Aires,Other,Lead
648,Cadila Pharnmaceuticals,Industry,Lead
648,"Council of Scientific and Industrial Research, India",Other,Collaborator
649,"St. Paul's Hospital, Canada",Other,Lead
650,M.D. Anderson Cancer Center,Other,Lead
651,University of Glasgow,Other,Lead
651,Golden Jubilee National Hospital,Other,Collaborator
651,Robertson Centre for Biostatistics,Other,Collaborator
652,Fondation Ophtalmologique Adolphe de Rothschild,Other,Lead
653,"Central Hospital, Nancy, France",Other,Lead
654,Texas Cardiac Arrhythmia Research Foundation,Other,Lead
655,Swedish Hospital,Other,Lead
656,Centre Hospitalier Régional d'Orléans,Other,Lead
656,Institut Pasteur,Industry,Collaborator
657,Exact Sciences Corporation,Industry,Lead
658,University of L'Aquila,Other,Lead
659,Saglik Bilimleri Universitesi Gazi Yasargil Training and Research Hospital,Other,Lead
660,60 Degrees Pharmaceuticals LLC,Industry,Lead
661,University of British Columbia,Other,Lead
661,University of Virginia,Other,Collaborator
661,University of Utah,Other,Collaborator
662,University of Zurich,Other,Lead
662,Swiss School of Public Health (SSPH+),Other,Collaborator
663,"Institute of Tropical Medicine, Belgium",Other,Lead
663,Centre de Recherche en Santé de Kimpese,Other,Collaborator
663,"Institut National de Recherche Biomédicale. Kinshasa, République Démocratique du Congo",Other,Collaborator
664,"University Hospital, Basel, Switzerland",Other,Lead
665,Koc University Hospital,Other,Lead
666,"University Hospital, Montpellier",Other,Lead
667,King Hussein Cancer Center,Other,Lead
668,"State-Financed Health Facility ""Samara Regional Medical Center Dinasty""",Other,Lead
668,Clinics of the Federal State Budgetary Educational Institution SSMU,Other,Collaborator
668,Samara Regional Clinical Hospital V.D. Seredavin,Other,Collaborator
669,Universitaire Ziekenhuizen Leuven,Other,Lead
669,Max Planck Research Unit for Neurogenetics,Other,Collaborator
669,AZ Sint-Jan Brugge-Oostende AV,Other,Collaborator
669,Hospital Clinic of Barcelona,Other,Collaborator
669,Centro Hospitalar Lisboa Norte,Other,Collaborator
670,Meshalkin Research Institute of Pathology of Circulation,Other,Lead
671,"University of California, Los Angeles",Other,Lead
671,Carnegie Mellon University,Other,Collaborator
672,Bristol-Myers Squibb,Industry,Lead
673,Larkin Community Hospital,Other,Lead
673,Ferrer Medical Innovations,Other,Collaborator
673,Xlear,Other,Collaborator
674,LumiraDx UK Limited,Industry,Lead
675,Hopital Foch,Other,Lead
676,Imperial College London,Other,Lead
677,Tanta University,Other,Lead
678,Hasselt University,Other,Lead
679,Spanish Lung Cancer Group,Other,Lead
680,IRCCS San Raffaele,Other,Lead
680,Regione Lombardia,Industry,Collaborator
680,Orobix Srl,Other,Collaborator
680,Microsoft Corporation,Other,Collaborator
680,ASST Bergamo Est,Other,Collaborator
680,Centro Cardiologico Monzino,Other,Collaborator
680,NVIDIA Corporation,Other,Collaborator
680,PORINI Srl,Other,Collaborator
681,AgelessRx,Industry,Lead
682,Assistance Publique - Hôpitaux de Paris,Other,Lead
682,Brain & Spine Institute (ICM),Other,Collaborator
683,Brno University Hospital,Other,Lead
684,Groupe Hospitalier Paris Saint Joseph,Other,Lead
685,Fundacio Puigvert,Other,Lead
686,Makerere University,Other,Lead
686,"Ministry of Health, Uganda",Other,Collaborator
686,Mbarara University of Science and Technology,Other,Collaborator
686,Joint Clinical Research Center,Other,Collaborator
687,"University Hospital, Geneva",Other,Lead
688,Louisiana State University Health Sciences Center in New Orleans,Other,Lead
689,Joakim Dillner,Other,Lead
689,Danderyd Hospital,Other,Collaborator
689,Karolinska University Hospital,Other,Collaborator
689,Karolinska Institutet,Other,Collaborator
690,Sohag University,Other,Lead
691,Institute of Health Information and Statistics of the Czech Republic,Other,Lead
691,"Ministry of Health, Czech Republic",Other,Collaborator
691,"Faculty of Medicine, Palacky University",Other,Collaborator
691,"Faculty of Medicine, Masaryk University",Other,Collaborator
691,"Faculty of medicine, University of Ostrava",Other,Collaborator
691,"Faculty of Military Health Sciences, University of Defence in Brno",Other,Collaborator
691,"Faculty of Health Studies, J. E. Purkyně University in Ústí nad Labem",Other,Collaborator
691,"First Faculty of Medicine, Charles University, Czech Republic",Other,Collaborator
691,Institute for Clinical and Experimental Medicine,Other,Collaborator
691,"General University Hospital, Prague",Other,Collaborator
691,University Hospital Olomouc,Other,Collaborator
691,Brno University Hospital,Other,Collaborator
691,"Krajská zdravotní, a.s., Ústí nad Labem Region Hospitals",Other,Collaborator
691,"Military University Hospital, Prague",Other,Collaborator
691,Masaryk Memorial Cancer Institute,Other,Collaborator
691,"Institute Of Sociology, Czech Academy of Sciences",Other,Collaborator
691,Czech Statistical Office,Other,Collaborator
691,"Faculty of Medicine in Hradec Králové, Charles University",Other,Collaborator
692,Evidation Health,Industry,Lead
692,Biomedical Advanced Research and Development Authority,U.S. Fed,Collaborator
692,Eli Lilly and Company,Other,Collaborator
692,Bill and Melinda Gates Foundation,Other,Collaborator
692,"Vir Biotechnology, Inc.",Other,Collaborator
692,United States Department of Defense,Other,Collaborator
693,Pär Johansson,Other,Lead
693,"Rigshospitalet, Denmark",Other,Collaborator
694,"Cellular Sciences, inc.",Industry,Lead
694,Missouri State University,Other,Collaborator
694,Dynamic DNA Labs,Other,Collaborator
694,Trinity Health Care,Other,Collaborator
695,"University Hospital, Montpellier",Other,Lead
696,Centre Hospitalier Universitaire Saint Pierre,Other,Lead
696,Institute for Medical Immunology (IMI),Other,Collaborator
696,Laboratoire Hospitalier Universitaire de Bruxelles (LHUB),Other,Collaborator
697,ClinAmygate,Other,Lead
698,Vascular Investigation Network Spanish Society for Angiology and Vascular Surgery,Other,Lead
699,Clalit Health Services,Other,Lead
700,University of Roma La Sapienza,Other,Lead
700,Istituto Superiore di Sanità,Other,Collaborator
701,Trate - Tratamentos Especializados,Other,Lead
702,CENTOGENE GmbH Rostock,Industry,Lead
703,Morgagni Pierantoni Hospital,Other,Lead
704,Namida Lab,Industry,Lead
705,National Institute on Aging (NIA),NIH,Lead
705,National Institutes of Health Clinical Center (CC),Other,Collaborator
706,Assiut University,Other,Lead
707,Henry Ford Health System,Other,Lead
708,Eli Lilly and Company,Industry,Lead
708,AbCellera Biologics Inc.,Other,Collaborator
709,Javier Hidalgo Tallón,Other,Lead
709,Sociedad Española de Ozonoterapia,Other,Collaborator
709,Universidad Católica San Antonio de Murcia,Other,Collaborator
710,"University Hospital, Lille",Other,Lead
711,Maimónides Biomedical Research Institute of Córdoba,Other,Lead
711,Spanish Society of Infectious Diseases and Clinical Microbiology,Other,Collaborator
711,Spanish Society of Pathological Anatomy,Other,Collaborator
712,DalCor Pharmaceuticals,Industry,Lead
712,The Montreal Health Innovations Coordinating Center (MHICC),Other,Collaborator
712,Covance,Other,Collaborator
713,AgelessRx,Industry,Lead
714,Beat COVID LLC,Industry,Lead
715,Hospices Civils de Lyon,Other,Lead
716,Novavax,Industry,Lead
716,Bill and Melinda Gates Foundation,Other,Collaborator
717,Stem Cell and Cancer Research Indonesia,Other,Lead
717,"Provincial Government of Central Java, Indonesia",Other,Collaborator
718,Northwestern Medicine,Other,Lead
719,Assistance Publique - Hôpitaux de Paris,Other,Lead
720,"Max Health, Subsero Health",Other,Lead
721,"Fundación FLS de Lucha Contra el Sida, las Enfermedades Infecciosas y la Promoción de la Salud y la Ciencia",Other,Lead
721,Germans Trias i Pujol Hospital,Industry,Collaborator
721,IrsiCaixa,Other,Collaborator
721,Banc de Sang i Teixits,Other,Collaborator
721,"Grifols Biologicals, LLC",Other,Collaborator
722,"Institute of Agrochemistry and Food Technology, National Research Council",Other,Lead
722,Hospital Clínico Universitario de Valencia,Other,Collaborator
722,Hospital Sant Joan de Deu,Other,Collaborator
722,Hospital Universitario La Fe,Other,Collaborator
722,Hospital Universitario Doctor Peset,Other,Collaborator
722,Fundacion Para La Investigacion Hospital La Fe,Other,Collaborator
722,Universitat Jaume I,Other,Collaborator
722,University of Barcelona,Other,Collaborator
723,Hopital Foch,Other,Lead
723,Hôpital Raymond Poincaré,Other,Collaborator
724,University of Pennsylvania,Other,Lead
725,William Beaumont Hospitals,Other,Lead
726,"Rigshospitalet, Denmark",Other,Lead
727,Salome Kristensen,Other,Lead
727,Aalborg University Hospital,Other,Collaborator
728,Chinese Academy of Medical Sciences,Other,Lead
729,Joakim Dillner,Other,Lead
729,Danderyd Hospital,Other,Collaborator
729,Karolinska Institutet,Other,Collaborator
729,Karolinska University Hospital,Other,Collaborator
730,Mayo Clinic,Other,Lead
731,"University Hospital, Strasbourg, France",Other,Lead
732,University of Chicago,Other,Lead
733,"University Hospital, Grenoble",Other,Lead
734,AstraZeneca,Industry,Lead
734,Iqvia Pty Ltd,Other,Collaborator
735,I.M. Sechenov First Moscow State Medical University,Other,Lead
736,"Western University, Canada",Other,Lead
736,London Health Sciences Centre,Other,Collaborator
737,Appili Therapeutics Inc.,Industry,Lead
737,MOUNT SINAI HOSPITAL,Other,Collaborator
737,Applied Health Research Centre,Other,Collaborator
737,Sunnybrook Health Sciences Centre,Other,Collaborator
737,"University Health Network, Toronto",Other,Collaborator
737,University of Toronto,Other,Collaborator
738,The Hospital for Sick Children,Other,Lead
739,Assistance Publique Hopitaux De Marseille,Other,Lead
740,"Laboratoire De Recherche Sur Le Diabete, Université de Tlemcen",Other,Lead
740,"ATRSS, DGRST, Algeria",Other,Collaborator
741,"University of North Carolina, Chapel Hill",Other,Lead
742,"University Hospital, Basel, Switzerland",Other,Lead
743,"CMN ""20 de Noviembre""",Other,Lead
744,Scripps Whittier Diabetes Institute,Other,Lead
744,National Institute of Diabetes and Digestive and Kidney Diseases (NIDDK),NIH,Collaborator
745,"IRCCS Azienda Ospedaliera Universitaria San Martino - IST Istituto Nazionale per la Ricerca sul Cancro, Genoa, Italy",Other,Lead
746,Assistance Publique Hopitaux De Marseille,Other,Lead
746,Innate Pharma,Industry,Collaborator
747,Hamad Medical Corporation,Industry,Lead
748,Lille Catholic University,Other,Lead
749,"Central Hospital, Nancy, France",Other,Lead
750,Daegu Catholic University Medical Center,Other,Lead
751,Qassim University,Other,Lead
752,Assistance Publique - Hôpitaux de Paris,Other,Lead
753,Hospital Italiano de Buenos Aires,Other,Lead
754,Fundación para la Investigación Biosanitaria del Principado de Asturias,Other,Lead
754,Hospital Universitario Central de Asturias,Other,Collaborator
754,Instituto de Investigación Sanitaria del Principado de Asturias,Other,Collaborator
755,National Institute of Allergy and Infectious Diseases (NIAID),NIH,Lead
755,National Institutes of Health Clinical Center (CC),Other,Collaborator
756,Sadat City University,Other,Lead
757,Nucleo De Pesquisa E Desenvolvimento De Medicamentos Da Universidade Federal Do Ceara,Other,Lead
757,Universidade Federal do Ceará,Other,Collaborator
758,Hillel Yaffe Medical Center,Other,Lead
759,Hospital Universitario Dr. Jose E. Gonzalez,Other,Lead
760,Manchester University NHS Foundation Trust,Other,Lead
761,University of Palermo,Other,Lead
762,Johns Hopkins University,Other,Lead
763,Tomsk National Research Medical Center of the Russian Academy of Sciences,Other,Lead
764,Ology Bioservices,Industry,Lead
764,"Pharm-Olam, LLC",Other,Collaborator
764,"Chemical, Biological, Radiological, and Nuclear Medical",Other,Collaborator
765,University of Nove de Julho,Other,Lead
765,Santa Casa de Misericórdia de Porto Alegre,Other,Collaborator
766,UNICEF,Other,Lead
766,"Pak Emirates Military Hospital Rawalpindi, Pakistan",Other,Collaborator
767,Duke University,Other,Lead
767,Centers for Disease Control and Prevention,U.S. Fed,Collaborator
767,"Children's Hospital Medical Center, Cincinnati",Other,Collaborator
767,Boston Medical Center,Other,Collaborator
768,Kanuni Sultan Suleyman Training and Research Hospital,Other,Lead
769,University of Minnesota,Other,Lead
770,"University Hospital, Ghent",Other,Lead
770,European Society of Intensive Care Medicine,Other,Collaborator
771,"Hospital for Special Surgery, New York",Other,Lead
772,Hospital Italiano de Buenos Aires,Other,Lead
772,Sociedad Argentina de Infectología (SADI) (Argentine Society of Infectious Diseases),Other,Collaborator
773,Great Ormond Street Hospital for Children NHS Foundation Trust,Other,Lead
774,"Federal Budgetary Research Institution State Research Center of Virology and Biotechnology ""Vector""",Other,Lead
775,Max Healthcare Insititute Limited,Other,Lead
776,Jill M Kolesar,Other,Lead
776,University of Kentucky,Other,Collaborator
777,Kafkas University,Other,Lead
777,Pamukkale University Faculty of Medicine,Other,Collaborator
777,Acibadem Mehmet Ali Aydinlar University Faculty of Medicine,Other,Collaborator
778,Francesco De Cobelli,Other,Lead
778,IRCCS San Raffaele,Other,Collaborator
779,Stanford University,Other,Lead
780,Karolinska Institutet,Other,Lead
780,Karolinska Trial Alliance,Other,Collaborator
780,"University of California, San Diego",Other,Collaborator
780,Blekinge County Council Hospital,Other,Collaborator
780,JK Biostatistics AB,Other,Collaborator
780,The Swedish Research Council,Other,Collaborator
780,University of Regensburg,Other,Collaborator
780,University Hospital Bergmannsheil Bochum,Other,Collaborator
781,"University College, London",Other,Lead
781,Public Health England,Other,Collaborator
782,Mahidol University,Other,Lead
783,Spanish Oncology Genito-Urinary Group,Other,Lead
784,Dow University of Health Sciences,Other,Lead
784,Higher Education Commission (Pakistan),Other,Collaborator
785,Montreal Heart Institute,Other,Lead
785,"National Heart, Lung, and Blood Institute (NHLBI)",NIH,Collaborator
785,Bill and Melinda Gates Foundation,Other,Collaborator
785,The Government of Quebec,Other,Collaborator
785,DACIMA Software,Other,Collaborator
786,Bandim Health Project,Other,Lead
786,University of Southern Denmark,Other,Collaborator
786,"Engineers without Borders, Denmark (https://iug.dk/en)",Other,Collaborator
787,"University Hospital, Strasbourg, France",Other,Lead
788,Complejo Hospitalario Universitario de Albacete,Other,Lead
789,University of Alberta,Other,Lead
790,Jaseng Hospital of Korean Medicine,Other,Lead
790,Jaseng Medical Academy,Other,Collaborator
791,Assiut University,Other,Lead
792,Calmy Alexandra,Other,Lead
792,"University Hospital, Geneva",Other,Collaborator
793,Direction Centrale du Service de Santé des Armées,Other,Lead
794,Instituto de Seguridad y Servicios Sociales de los Trabajadores del Estado,Other,Lead
795,University of Thessaly,Other,Lead
796,Igenomix,Industry,Lead
797,Max Healthcare Insititute Limited,Other,Lead
798,Nepal Health Research Council,Other,Lead
799,Massachusetts General Hospital,Other,Lead
800,University of Lisbon,Other,Lead
800,Cardiovascular Centre of Universidade de Lisboa (CCUL),Industry,Collaborator
800,Faculty of Medicine of Universidade de Lisboa (FMUL),Other,Collaborator
800,Centro Hospitalar Universitário Lisboa Norte (CHULN),Other,Collaborator
800,Centro Hospitalar Universitário São João (CHUSJ),Other,Collaborator
800,CINTESIS - Center for Health Technology and Services Research,Other,Collaborator
800,NOVA Medical School of Universidade NOVA de Lisboa,Other,Collaborator
800,"HeartGenetics, Genetics and Biotechnology SA",Other,Collaborator
800,Instituto Gulbenkian de Ciência (IGC),Other,Collaborator
801,Butantan Institute,Other,Lead
802,IRCCS Azienda Ospedaliero-Universitaria di Bologna,Other,Lead
803,Azienda Unità Sanitaria Locale Reggio Emilia,Other,Lead
804,Universidad Nacional de Colombia,Other,Lead
804,Pontificia Universidad Javeriana,Other,Collaborator
804,Clínica Universitaria Colombia,Other,Collaborator
804,Hospital Universitario San Ignacio,Other,Collaborator
804,Hospital Universitario Nacional de Colombia,Other,Collaborator
804,Clínica Reina Sofía,Other,Collaborator
804,Fundación Cardio Infantil,Other,Collaborator
804,Clinica Santa maria del Lago,Other,Collaborator
805,Hospital Central Militar,Other,Lead
806,Sohaib Ashraf,Other,Lead
806,Sheikh Zayed Federal Postgraduate Medical Institute,Other,Collaborator
807,Cadila Pharnmaceuticals,Industry,Lead
807,"Council of Scientific and Industrial Research, India",Other,Collaborator
808,Centre Hospitalier Intercommunal Creteil,Other,Lead
808,Centre Hospitalier Intercommunal Villeneuve St Georges,Other,Collaborator
809,Ain Shams University,Other,Lead
810,Hacettepe University,Other,Lead
811,Guy's and St Thomas' NHS Foundation Trust,Other,Lead
812,Institut Pasteur,Industry,Lead
813,"University Hospital, Basel, Switzerland",Other,Lead
814,The Scientific and Technological Research Council of Turkey,Other,Lead
814,Ankara City Hospital Bilkent,Other,Collaborator
814,Istanbul Umraniye Training and Research Hospital,Other,Collaborator
814,Koç University,Other,Collaborator
814,Monitor CRO,Other,Collaborator
815,University of British Columbia,Other,Lead
815,Genome British Columbia,Industry,Collaborator
815,Canadian Institutes of Health Research (CIHR),Other,Collaborator
815,Canadian Critical Care Trials Group,Other,Collaborator
816,French Innovative Leukemia Organisation,Other,Lead
816,Institut de cancérologie Strasbourg Europe,Other,Collaborator
817,Policlinico Hospital,Other,Lead
818,Medical University of Warsaw,Other,Lead
818,"Human Biome Institute, Poland",Other,Collaborator
819,A.O. Ospedale Papa Giovanni XXIII,Other,Lead
819,"CVPath Institute Inc. Renu Virmani, Aloke Finn",Other,Collaborator
819,"A.O. Ospedale Papa Giovanni XXIII, Anatomia Patologica, Dr Andrea Gianatti, co-PI",Other,Collaborator
820,"All Natural Medicine Clinic, LLC",Other,Lead
821,University of Sao Paulo,Other,Lead
822,Assiut University,Other,Lead
823,Hospital Sultanah Bahiyah,Other,Lead
823,"Hospital Tuanku Fauziah, Kangar, Perlis",Other,Collaborator
823,"Penang Hospital, Malaysia",Other,Collaborator
823,Hospital Raja Permaisuri Bainun,Other,Collaborator
823,"Hospital Sungai Buloh, Selangor",Other,Collaborator
823,Kuala Lumpur General Hospital,Other,Collaborator
823,"Hospital Tuanku Jaafar, Seremban, Negeri Sembilan",Other,Collaborator
823,"Hospital Melaka, Melaka",Other,Collaborator
823,"Hospital Enche Besar Hajjah Khalsom, Kluang, Johor",Other,Collaborator
823,"Hospital Raja Perempuan Zainab II, Kota Bahru, Kelantan",Other,Collaborator
823,"Hospital Sultanah Nur Zahirah, Kuala Terengganu, Terengganu",Other,Collaborator
823,"Hospital Tengku Ampuan Afzan, Kuantan, Pahang",Other,Collaborator
823,Sarawak General Hospital,Other,Collaborator
823,"Hospital Queen Elizabeth, Malaysia",Other,Collaborator
824,"Joseph M. Flynn, D.O., MPH",Other,Lead
824,Norton Healthcare,Other,Collaborator
825,Nantes University Hospital,Other,Lead
826,Polish Mother Memorial Hospital Research Institute,Other,Lead
827,"Nakhle Saba, MD",Other,Lead
827,Tulane University,Other,Collaborator
828,Oslo University Hospital,Other,Lead
829,Mario Negri Institute for Pharmacological Research,Other,Lead
830,Centre Hospitalier Intercommunal Creteil,Other,Lead
830,Association Clinique Thérapeutique Infantile du val de Marne,Other,Collaborator
830,GPIP,Other,Collaborator
830,GFRUP,Other,Collaborator
831,"Central Hospital, Nancy, France",Other,Lead
832,University of Catanzaro,Other,Lead
832,"Azienda Ospedaliera Universitaria Mater Domini, Catanzaro",Other,Collaborator
832,Azienda Sanitaria Provinciale Di Catanzaro,Other,Collaborator
832,"Annunziata Hospital, Cosenza, Italy",Other,Collaborator
832,Azienda Ospedaliera Bianchi-Melacrino-Morelli,Other,Collaborator
833,Clinique Saint Pierre Ottignies,Other,Lead
834,Grand Hôpital de Charleroi,Other,Lead
835,Assiut University,Other,Lead
836,Chromis LLC,Industry,Lead
836,Chemical Diversity Research Institute,Other,Collaborator
837,Dhaka Medical College,Other,Lead
838,St. Joseph's Healthcare Hamilton,Other,Lead
838,Timothy O'Shea,Other,Collaborator
838,Marek Smieja,Other,Collaborator
838,Lawrence Mbuagbaw,Other,Collaborator
839,Brigham and Women's Hospital,Other,Lead
839,Jazz Pharmaceuticals,Industry,Collaborator
840,Hospital Universitario Dr. Jose E. Gonzalez,Other,Lead
841,The University of Hong Kong,Other,Lead
842,Ilaria Colombo,Other,Lead
842,Institute for Research in Biomedicine,Other,Collaborator
842,"Ente Ospedaliero Cantonale, Bellinzona",Other,Collaborator
842,Oncology Institute of Southern Switzerland,Other,Collaborator
843,Johns Hopkins Bloomberg School of Public Health,Other,Lead
843,International Medical Corps,U.S. Fed,Collaborator
843,Centers for Disease Control and Prevention,Other,Collaborator
844,Grigore T. Popa University of Medicine and Pharmacy,Other,Lead
845,Università degli Studi dell'Insubria,Other,Lead
846,Centre de recherche du Centre hospitalier universitaire de Sherbrooke,Other,Lead
846,Lallemand Health Solutions,Industry,Collaborator
847,Assistance Publique - Hôpitaux de Paris,Other,Lead
847,Iltoo Pharma,Industry,Collaborator
848,Spanish Society of Anesthesia and Critical Care (SEDAR),Other,Lead
848,Confederation of Latin American Societies of Anaesthesiology (CLASA),Other,Collaborator
849,Universidad de Granada,Other,Lead
849,Agricultural University of Athens,Other,Collaborator
849,University of Zagreb,Other,Collaborator
849,University of Belgrade,Other,Collaborator
849,"Institute of Technology, Sligo",Other,Collaborator
849,University of Sarajevo,Other,Collaborator
849,Lithuanian University of Health Sciences,Other,Collaborator
849,Jozef Stefan Institute,Other,Collaborator
849,University of Southern Denmark,Other,Collaborator
849,Institut Za Javno Zdeavlje,Other,Collaborator
849,University of Skopje,Other,Collaborator
849,Poznan University of Life Sciences,Other,Collaborator
849,Bezmialem Vakif University,Other,Collaborator
849,"Centro Hospitalar e Universitário de Coimbra, E.P.E.",Other,Collaborator
849,Kuwait University,Other,Collaborator
849,Universidad Nacional de Colombia,Other,Collaborator
849,Manay Rachna International institute of Research and Studies,Other,Collaborator
850,Centre Hospitalier Universitaire de Nīmes,Other,Lead
851,Hospital San Jose Tec de Monterrey,Other,Lead
851,Tecnologico de Monterrey,Other,Collaborator
852,Aarogyam UK,Other,Lead
852,University of Warwick,Other,Collaborator
852,"All India Institute of Ayurveda, Ministry of AYUSH, Government of India",Other,Collaborator
853,AstraZeneca,Industry,Lead
853,QuintilesIMS,Other,Collaborator
854,University of Vienna,Other,Lead
854,SMZ-Ost Donauspital,Other,Collaborator
855,Eastman Dental Insitute and Hospital,Other,Lead
855,"DermBiont, Inc.",Industry,Collaborator
855,University College London Hospitals,Other,Collaborator
855,The Whittington Hospital NHS Trust,Other,Collaborator
856,Shenzhen Geno-Immune Medical Institute,Other,Lead
856,Shenzhen Third People's Hospital,Other,Collaborator
856,Shenzhen Second People's Hospital,Other,Collaborator
857,Assistance Publique - Hôpitaux de Paris,Other,Lead
857,Fondation Université de Paris,Other,Collaborator
857,Fondation Hôpitaux de Paris-Hôpitaux de France,Other,Collaborator
858,Assistance Publique - Hôpitaux de Paris,Other,Lead
859,Poitiers University Hospital,Other,Lead
860,"Institute of Tropical Medicine, Belgium",Other,Lead
861,Clinedem,Other,Lead
861,Alfasigma S.p.A.,Industry,Collaborator
862,Johann Wolfgang Goethe University Hospital,Other,Lead
862,Palas GmbH,Other,Collaborator
863,National Institutes of Health Clinical Center (CC),NIH,Lead
864,Assistance Publique - Hôpitaux de Paris,Other,Lead
865,Egyptian Center for Research and Regenerative Medicine,Other,Lead
865,Cairo University,Other,Collaborator
865,"National Research Centre, Egypt",Other,Collaborator
865,"Academy of Scientific Research and Technology, Egypt",Other,Collaborator
866,Great Ormond Street Hospital for Children NHS Foundation Trust,Other,Lead
867,Nanowear Inc.,Industry,Lead
868,Centro de Educación Medica e Investigaciones Clínicas Norberto Quirno,Other,Lead
869,"University Hospital, Grenoble",Other,Lead
870,"University Hospital, Strasbourg, France",Other,Lead
871,Sociedad Española de Neumología y Cirugía Torácica,Other,Lead
872,European University of Madrid,Other,Lead
873,Yale University,Other,Lead
873,University of Michigan,Other,Collaborator
874,Heidelberg University,Other,Lead
875,"Illumina, Inc.",Industry,Lead
875,"Helix OpCo, LLC",Other,Collaborator
876,Ariel Dogliotti,Other,Lead
876,Centro de Educación Medica e Investigaciones Clínicas Norberto Quirno,Other,Collaborator
877,"Central Hospital, Nancy, France",Other,Lead
878,"Centre Hospitalier Universitaire, Amiens",Other,Lead
879,"University Hospital, Rouen",Other,Lead
880,"Jens D Lundgren, MD",Other,Lead
880,"Ministry of the Interior and Health, Denmark",Other,Collaborator
880,"Rigshospitalet, Denmark",Other,Collaborator
881,"Fondazione IRCCS Ca' Granda, Ospedale Maggiore Policlinico",Other,Lead
882,NMC Specialty Hospital,Other,Lead
883,Tanta University,Other,Lead
884,Fondazione per la Ricerca Ospedale Maggiore,Other,Lead
884,European Leukemia Net,Other,Collaborator
885,Hospices Civils de Lyon,Other,Lead
886,University Hospital of Cologne,Other,Lead
886,"Clinic for Internal Medicine I, University Hospital Cologne, Germany",Other,Collaborator
886,"Institute of Virology, University Hospital Cologne, Germany",Other,Collaborator
886,"Center for Molecular Medicine Cologne (CMMC) Cologne, Germany",Other,Collaborator
887,Centre hospitalier de l'Université de Montréal (CHUM),Other,Lead
888,Corporacion Parc Tauli,Other,Lead
888,Institut de Ciències Fotòniques (ICFO),Other,Collaborator
888,Centre de Recerca Matemàtica,Other,Collaborator
888,Institute of Physics University of Campinas,Other,Collaborator
889,"Wuhan Union Hospital, China",Other,Lead
890,TC Erciyes University,Other,Lead
891,AstraZeneca,Industry,Lead
891,QuintilesIMS,Other,Collaborator
892,National Cancer Institute (NCI),NIH,Lead
893,"CellSight Technologies, Inc.",Industry,Lead
893,"University of California, San Francisco",Other,Collaborator
894,CMC Ambroise Paré,Other,Lead
895,Drägerwerk AG & Co. KGaA,Industry,Lead
896,University of Milan,Other,Lead
897,Universidad Peruana Cayetano Heredia,Other,Lead
897,"National University of San Marcos, Peru",Other,Collaborator
898,Assistance Publique - Hôpitaux de Paris,Other,Lead
899,Cambridge University Hospitals NHS Foundation Trust,Other,Lead
899,University of Cambridge,Other,Collaborator
900,Kocak Farma,Industry,Lead
901,"Corvus Pharmaceuticals, Inc.",Industry,Lead
902,"University Hospital, Strasbourg, France",Other,Lead
903,Bukwang Pharmaceutical,Industry,Lead
904,Vanderbilt University Medical Center,Other,Lead
904,Dolly Parton,NIH,Collaborator
904,National Center for Advancing Translational Science (NCATS),Other,Collaborator
905,Assiut University,Other,Lead
906,Tourcoing Hospital,Other,Lead
907,"University Hospital, Toulouse",Other,Lead
908,Cairo University,Other,Lead
909,University of Roma La Sapienza,Other,Lead
910,Daniel Benjamin,Other,Lead
910,National Center for Advancing Translational Science (NCATS),NIH,Collaborator
910,Biomedical Advanced Research and Development Authority,U.S. Fed,Collaborator
910,Duke University,Other,Collaborator
911,Istinye University,Other,Lead
912,Northeastern University,Other,Lead
913,Arizona State University,Other,Lead
913,Southwest College of Naturopathic Medicine,Other,Collaborator
914,Max Healthcare Insititute Limited,Other,Lead
915,"University Hospital, Strasbourg, France",Other,Lead
916,Fatma Soliman Elsayed Ebeid,Other,Lead
916,Ain Shams University,Other,Collaborator
917,"Reena Mehra, MD",Other,Lead
917,The Cleveland Clinic,Other,Collaborator
918,University of Chicago,Other,Lead
919,Laboratorio Elea Phoenix S.A.,Industry,Lead
919,Universidad Nacional de Salta,Other,Collaborator
919,Centro de Investigación Veterinaria Tandil CIVETAN,Other,Collaborator
919,Hospital de Pediatría Prof Dr. Juan P. Garrahan,Other,Collaborator
919,Universidad Nacional de Quilmes,Other,Collaborator
920,Centre de Recherches et d'Etude sur la Pathologie Tropicale et le Sida,Other,Lead
921,Eskisehir Osmangazi University,Other,Lead
922,Università Vita-Salute San Raffaele,Other,Lead
923,Barts & The London NHS Trust,Other,Lead
923,Queen Mary University of London,Other,Collaborator
924,"Tuberculosis Research Centre, India",Other,Lead
924,"ICMR-National Institute for Research in Tuberculosis, Chennai, Tamil Nadu",Other,Collaborator
924,"All India Institute of Medical Sciences, New Delhi",Other,Collaborator
924,"National Institute for Research in Environmental Health, Bhopal, Madhya Pradesh",Other,Collaborator
924,"National Institute of Occupational Health, Ahmedabad, Gujarat",Other,Collaborator
924,King Edward Memorial Hospital,Other,Collaborator
924,National Institute for Implementation Research on Non-Communicable Disease,Other,Collaborator
925,Tehran University of Medical Sciences,Other,Lead
925,Boston University,Other,Collaborator
926,Hospices Civils de Lyon,Other,Lead
927,Intergroupe Francophone du Myelome,Other,Lead
928,Ricardo Pereira Mestre,Other,Lead
928,Institute of Oncology Research (IOR),Other,Collaborator
928,Istituto Cantonale di Patologia,Other,Collaborator
928,Oncology Institute of Southern Switzerland,Other,Collaborator
929,Tanta University,Other,Lead
930,The Hong Kong Polytechnic University,Other,Lead
931,Raymond Chung,Other,Lead
931,Eiger BioPharmaceuticals,Industry,Collaborator
931,Massachusetts General Hospital,Other,Collaborator
932,Brigham and Women's Hospital,Other,Lead
933,Tongji Hospital,Other,Lead
934,"Charite University, Berlin, Germany",Other,Lead
934,Deutsches Zentrum für Herz-Kreislauf-Forschung (DZHK),Industry,Collaborator
934,Bayer,Other,Collaborator
935,National Human Genome Research Institute (NHGRI),NIH,Lead
935,National Institutes of Health Clinical Center (CC),Other,Collaborator
936,The University Clinic of Pulmonary and Allergic Diseases Golnik,Other,Lead
936,"National Institute of Chemistry, Slovenia",Other,Collaborator
937,Max Healthcare Insititute Limited,Other,Lead
938,GeneCure Biotechnologies,Industry,Lead
939,"University Hospital, Strasbourg, France",Other,Lead
940,"Aivita Biomedical, Inc.",Industry,Lead
940,PT AIVITA Biomedika Indonesia,Other,Collaborator
940,Indonesia Ministry of Health,Other,Collaborator
940,"National Institute of Health Research and Development, Ministry of Health Republic of Indonesia",Other,Collaborator
941,NYU Langone Health,Other,Lead
942,University Medicine Greifswald,Other,Lead
942,Friedrich Loefler Institute for Animal Health,Other,Collaborator
942,EUROIMMUN AG,Other,Collaborator
943,François MACH,Other,Lead
943,"University Hospital, Geneva",Other,Collaborator
944,Mansoura University,Other,Lead
945,Emory University,Other,Lead
946,"Partner Therapeutics, Inc.",Industry,Lead
946,United States Department of Defense,U.S. Fed,Collaborator
947,"Direct Biologics, LLC",Industry,Lead
948,Red de Terapia Celular,Industry,Lead
948,Citospin,Other,Collaborator
948,University of Valladolid,Other,Collaborator
948,Castilla-León Health Service,Other,Collaborator
948,Hospital del Río Hortega,Other,Collaborator
948,Instituto de Salud Carlos III,Other,Collaborator
949,"Central Hospital, Nancy, France",Other,Lead
949,University of Lorraine,Other,Collaborator
949,Métropole du Grand Nancy,Other,Collaborator
950,"University Hospital, Toulouse",Other,Lead
951,Assistance Publique - Hôpitaux de Paris,Other,Lead
952,Faculty of Medicine Baiturrahmah University,Other,Lead
953,Keimyung University Dongsan Medical Center,Other,Lead
953,Yeungnam University College of Medicine,Other,Collaborator
954,Campus Bio-Medico University,Other,Lead
954,National Institute of Environmental Health Sciences (NIEHS),NIH,Collaborator
955,National Institute of Allergy and Infectious Diseases (NIAID),NIH,Lead
955,National Institutes of Health Clinical Center (CC),Other,Collaborator
956,"Beckman Coulter, Inc.",Industry,Lead
957,Puerta de Hierro University Hospital,Other,Lead
957,Hospital Universitario La Paz,Other,Collaborator
957,Hospital Universitario 12 de Octubre,Other,Collaborator
957,Hospital General Universitario Gregorio Marañon,Other,Collaborator
957,Hospital Universitario La Fe,Other,Collaborator
958,"University of California, Los Angeles",Other,Lead
959,Istituto Clinico Humanitas,Other,Lead
960,Assiut University,Other,Lead
961,Shin Poong Pharmaceutical Co. Ltd.,Industry,Lead
962,D'Or Institute for Research and Education,Other,Lead
962,Hospital Sao Rafael,Other,Collaborator
963,Instituto do Cancer do Estado de São Paulo,Other,Lead
964,Piazza della Vittoria 14 Studio Medico - Ginecologia e Ostetricia,Other,Lead
965,"University Hospital, Strasbourg, France",Other,Lead
966,"Federal Budgetary Research Institution State Research Center of Virology and Biotechnology ""Vector""",Other,Lead
967,"CytoDyn, Inc.",Industry,Lead
967,Amarex Clinical Research,Other,Collaborator
968,Mansoura University,Other,Lead
969,"Institute of Liver and Biliary Sciences, India",Other,Lead
970,Fundació Institut de Recerca de l'Hospital de la Santa Creu i Sant Pau,Other,Lead
971,Cairo University,Other,Lead
971,Kasr El Aini Hospital,Other,Collaborator
972,"University Hospital, Strasbourg, France",Other,Lead
973,"Federal Research Clinical Center of Federal Medical & Biological Agency, Russia",Other,Lead
974,University of Malaya,Other,Lead
975,Novartis Pharmaceuticals,Industry,Lead
975,Novartis,Other,Collaborator
976,St. Jude Children's Research Hospital,Other,Lead
977,Mansoura University,Other,Lead
978,"Aventyn, Inc.",Industry,Lead
978,Intel Corporation,Other,Collaborator
978,Abrazo Health Network,Other,Collaborator
978,Karolinska Institutet,Other,Collaborator
978,ASU College of Health Solutions,Other,Collaborator
979,Heidelberg University,Other,Lead
980,University of Alabama at Birmingham,Other,Lead
981,London School of Hygiene and Tropical Medicine,Other,Lead
982,National Research Center for Preventive Medicine,Other,Lead
982,National Medical and Surgical Center named after N.I. Pirogov of the Ministry of Healthcare of the Russian Federation,Other,Collaborator
982,National Medical Research Center for Therapy and Preventive Medicine,Other,Collaborator
983,University of Illinois at Urbana-Champaign,Other,Lead
983,North Jersey Community Research Initiative,NIH,Collaborator
983,National Institute on Minority Health and Health Disparities (NIMHD),Other,Collaborator
983,University of Michigan,Other,Collaborator
984,COVID-19 Prevention Network,Other,Lead
985,Sykehuset Telemark,Other,Lead
985,Sorlandet Hospital HF,Other,Collaborator
985,Norwegian Institute of Public Health,Other,Collaborator
985,"London School of Hygiene and Tropical Medicine, UK",Other,Collaborator
985,Leiden University,Other,Collaborator
985,Aalborg University,Other,Collaborator
986,Konya Training and Research Hospital,Other,Lead
987,University of L'Aquila,Other,Lead
988,"National Research Centre, Egypt",Other,Lead
988,Egyptian Military Medical Services,Other,Collaborator
989,Rapa Therapeutics LLC,Industry,Lead
989,Hackensack Meridian Health,Other,Collaborator
990,Hospices Civils de Lyon,Other,Lead
991,Hadassah Medical Organization,Other,Lead
992,"University of Colorado, Denver",Other,Lead
993,Columbia University,Other,Lead
993,New York State Psychiatric Institute,Other,Collaborator
994,King Saud University,Other,Lead
995,"University Hospital, Toulouse",Other,Lead
995,"Institut National de la Santé Et de la Recherche Médicale, France",Other,Collaborator
996,Emory University,Other,Lead
997,Medical University of Silesia,Other,Lead
998,"physIQ, Inc.",Industry,Lead
998,National Institute for Biomedical Imaging and Bioengineering (NIBIB),NIH,Collaborator
998,National Cancer Institute (NCI),Other,Collaborator
998,University of Illinois at Chicago,Other,Collaborator
999,Juan Fernando Masa Jiménez,Other,Lead
999,University of Extremadura,Other,Collaborator
1000,Ankara City Hospital Bilkent,Other,Lead
1001,"Gustave Roussy, Cancer Campus, Grand Paris",Other,Lead
1002,University Hospitals of North Midlands NHS Trust,Other,Lead
1003,Australian and New Zealand Intensive Care Research Centre,Other,Lead
1003,The Alfred,Other,Collaborator
1004,CHU de Reims,Other,Lead
1005,HealthPartners Institute,Other,Lead
1005,Park Nicollet Foundation,Other,Collaborator
1006,Assistance Publique - Hôpitaux de Paris,Other,Lead
1007,University of Virginia,Other,Lead
1008,Arbeitsgemeinschaft medikamentoese Tumortherapie,Other,Lead
1009,University of British Columbia,Other,Lead
1009,Canadian Institutes of Health Research (CIHR),Other,Collaborator
1009,British Columbia Centre for Disease Control,Other,Collaborator
1009,McGill University Health Centre/Research Institute of the McGill University Health Centre,Other,Collaborator
1009,University of Toronto,Other,Collaborator
1009,University of Ottawa,Other,Collaborator
1009,University of Calgary,Other,Collaborator
1009,University of Alberta,Other,Collaborator
1009,University of Victoria,Other,Collaborator
1009,Wuhan University,Other,Collaborator
1009,Peking Union Medical College,Other,Collaborator
1009,University of Pennsylvania,Other,Collaborator
1010,"Federal Research Clinical Center of Federal Medical & Biological Agency, Russia",Other,Lead
1011,Instituto Mexicano del Seguro Social,Other,Lead
1012,Escola de Saúde Pública do Ceará,Other,Lead
1013,Shanghai Public Health Clinical Center,Other,Lead
1014,Universitair Ziekenhuis Brussel,Other,Lead
1015,University Medical Center Groningen,Other,Lead
1016,Hilton Pharma,Industry,Lead
1017,University of Cape Town,Other,Lead
1017,University of KwaZulu,Other,Collaborator
1018,Louisiana State University Health Sciences Center in New Orleans,Other,Lead
1018,Lafayette General Health,Other,Collaborator
1018,University of Louisiana at Lafayette,Other,Collaborator
1019,"University Hospital, Strasbourg, France",Other,Lead
1020,Sultan Qaboos University,Other,Lead
1021,Uppsala University,Other,Lead
1021,Uppsala University Hospital,Other,Collaborator
1022,Zagazig University,Other,Lead
1023,European Myeloma Network,Other,Lead
1023,Fondazione EMN Italy Onlus,Other,Collaborator
1024,"University Hospital, Caen",Other,Lead
1025,"Becton, Dickinson and Company",Industry,Lead
1026,Baylor Research Institute,Other,Lead
1027,Colorado State University,Other,Lead
1027,University of Colorado Health,Other,Collaborator
1028,University of Milan,Other,Lead
1028,Luigi Sacco University Hospital,Other,Collaborator
1029,Medical University Innsbruck,Other,Lead
1030,Assistance Publique - Hôpitaux de Paris,Other,Lead
1030,"Institut National de la Santé Et de la Recherche Médicale, France",Industry,Collaborator
1030,Commissariat a l'energie atomique et aux energies alternatives,Other,Collaborator
1030,Institut Pasteur,Other,Collaborator
1031,Yale University,Other,Lead
1032,Nantes University Hospital,Other,Lead
1032,WINFOCUS-France,Other,Collaborator
1033,Medical University of Vienna,Other,Lead
1034,Fondazione Policlinico Universitario Agostino Gemelli IRCCS,Other,Lead
1035,Washington University School of Medicine,Other,Lead
1036,Hadassah Medical Organization,Other,Lead
1036,Barzilai Medical Center,Other,Collaborator
1036,Tel-Aviv Sourasky Medical Center,Other,Collaborator
1037,Assistance Publique - Hôpitaux de Paris,Other,Lead
1038,Owlstone Ltd,Industry,Lead
1038,OLVG,Other,Collaborator
1038,Maastricht University,Other,Collaborator
1039,Korea University Guro Hospital,Other,Lead
1040,Uşak University,Other,Lead
1041,Assistance Publique - Hôpitaux de Paris,Other,Lead
1042,ASST Fatebenefratelli Sacco,Other,Lead
1042,Massimo Arquati,Other,Collaborator
1042,Riccardo Colombo,Other,Collaborator
1042,Umberto Russo,Other,Collaborator
1042,Manuela Nebuloni,Other,Collaborator
1042,Spinello Antinori,Other,Collaborator
1043,University of Sao Paulo General Hospital,Other,Lead
1043,Hospital Santa Marcelina,Other,Collaborator
1044,"Sahlgrenska University Hospital, Sweden",Other,Lead
1045,Instituto de Investigación Sanitaria de la Fundación Jiménez Díaz,Other,Lead
1045,Hospital Universitario 12 de Octubre,Other,Collaborator
1045,Fundacion Investigacion Biomedica Hospital 12 de Octubre,Other,Collaborator
1045,Hospital Universitario Fundacion Jimenez Diaz,Other,Collaborator
1045,Hospital Universitario Infanta Elena,Other,Collaborator
1045,Hospital Universitario Virgen de la Arrixaca,Other,Collaborator
1045,Instituto Murciano de Investigación Biosanitaria Virgen de la Arrixaca,Other,Collaborator
1046,Inova Health System,Other,Lead
1046,Davita Clinical Research,Industry,Collaborator
1046,"Clinical Research Consultants, LLC",Other,Collaborator
1047,Hospital San Jose Tec de Monterrey,Other,Lead
1048,Fondation Ophtalmologique Adolphe de Rothschild,Other,Lead
1049,University of Sao Paulo,Other,Lead
1049,Fundação de Amparo à Pesquisa do Estado de São Paulo,Other,Collaborator
1050,Dr. Michael Hill,Other,Lead
1050,Alberta Health Services,Other,Collaborator
1050,University of Alberta,Other,Collaborator
1050,University of Calgary,Other,Collaborator
1050,Calgary Health Trust,Other,Collaborator
1050,Alberta Innovates Health Solutions,Other,Collaborator
1050,Government of Alberta,Other,Collaborator
1051,University of Copenhagen,Other,Lead
1051,Bispebjerg Hospital,Industry,Collaborator
1051,Elysium Health,Other,Collaborator
1052,"Pulmotect, Inc.",Industry,Lead
1052,United States Department of Defense,U.S. Fed,Collaborator
1053,"Central Hospital, Nancy, France",Other,Lead
1054,Assiut University,Other,Lead
1055,IRCCS San Raffaele,Other,Lead
1056,"Pi Research Consultancy Center, Bangladesh",Other,Lead
1056,Dhaka Medical College,Other,Collaborator
1057,Imperial College London,Other,Lead
1058,"University Health Network, Toronto",Other,Lead
1059,"Peter MacCallum Cancer Centre, Australia",Other,Lead
1060,Baylor College of Medicine,Other,Lead
1060,"Center for Cell and Gene Therapy, Baylor College of Medicine",Industry,Collaborator
1060,The Methodist Hospital System,Other,Collaborator
1060,AlloVir,Other,Collaborator
1061,Corporacion Parc Tauli,Other,Lead
1062,Ludwig-Maximilians - University of Munich,Other,Lead
1062,"Gesundheitsreferat (GSR), Landeshauptstadt München",Other,Collaborator
1062,Deutsches Zentrum für Herz-Kreislauf-Forschung (DZHK),Other,Collaborator
1063,Centre Hospitalier Saint Joseph Saint Luc de Lyon,Other,Lead
1064,Ankara City Hospital Bilkent,Other,Lead
1065,Hospital Moinhos de Vento,Other,Lead
1065,Hospital Israelita Albert Einstein,Other,Collaborator
1065,Hospital Sirio-Libanes,Other,Collaborator
1065,Hospital do Coracao,Other,Collaborator
1065,Hospital Alemão Oswaldo Cruz,Other,Collaborator
1065,Beneficência Portuguesa de São Paulo,Other,Collaborator
1065,Brazilian Clinical Research Institute,Other,Collaborator
1065,Brazilian Research In Intensive Care Network,Other,Collaborator
1066,Mario Negri Institute for Pharmacological Research,Other,Lead
1067,Dr. Alexander Supady,Other,Lead
1067,University Hospital Freiburg,Other,Collaborator
1068,University Medical Centre Ljubljana,Other,Lead
1069,University of Pittsburgh,Other,Lead
1069,University of Utah,Other,Collaborator
1069,Johns Hopkins University,Other,Collaborator
1070,Rambam Health Care Campus,Other,Lead
1071,Tychan Pte Ltd.,Industry,Lead
1072,NMC Specialty Hospital,Other,Lead
1073,LifeBridge Health,Other,Lead
1073,Haemonetics Corporation,Industry,Collaborator
1073,Inflammatory Markers Laboratory,Other,Collaborator
1073,Chronolog Corporation,Other,Collaborator
1073,"Precision Biologics, Inc",Other,Collaborator
1074,International Geriatric Radiotherapy Group,Other,Lead
1074,Brigitta G. Baumert,Other,Collaborator
1075,"Gamaleya Research Institute of Epidemiology and Microbiology, Health Ministry of the Russian Federation",Other,Lead
1075,PDC-CRO,Other,Collaborator
1076,Istituti Clinici Scientifici Maugeri SpA,Other,Lead
1076,Universita di Verona,Other,Collaborator
1077,"University Hospital, Grenoble",Other,Lead
1077,Grapheal,Other,Collaborator
1078,Maria Joyera Rodríguez,Other,Lead
1078,Fundacion Clinic per a la Recerca Biomédica,Other,Collaborator
1079,Postgraduate Institute of Medical Education and Research,Other,Lead
1080,Tanta University,Other,Lead
1081,Assiut University,Other,Lead
1082,National Institute of Allergy and Infectious Diseases (NIAID),NIH,Lead
1082,National Institutes of Health Clinical Center (CC),Other,Collaborator
1083,Nantes University Hospital,Other,Lead
1084,Makerere University,Other,Lead
1084,Uganda Blood Transfusion Services,Other,Collaborator
1084,Joint Clinical Research Center,Other,Collaborator
1084,Uganda Peoples Defence Forces Medical Services,Other,Collaborator
1084,"Mulago Hospital, Uganda",Other,Collaborator
1085,Hackensack Meridian Health,Other,Lead
1085,United States Department of Defense,U.S. Fed,Collaborator
1086,Texas Cardiac Arrhythmia Research Foundation,Other,Lead
1087,University of Giessen,Other,Lead
1088,Ain Shams University,Other,Lead
1089,University of Padova,Other,Lead
1089,"Prof. S Masiero, University of Padova, Italy",Other,Collaborator
1089,"Dr. A. Venturin, General Hosipital, Padova, Italy",Other,Collaborator
1089,"Dr. I. Tiberio, General Hospital, Padova, Italy",Other,Collaborator
1089,"Dr. D. Zampieri, University of Padova, Italy",Other,Collaborator
1089,"Dr.ssa M Cattelan, University of Padova, Italy",Other,Collaborator
1089,"Prof. P. Zanatta, University Hosiptal, Verona, Italy",Other,Collaborator
1089,"Dr.ssa C. Carollo, General Hospital, Padova, Italy",Other,Collaborator
1089,"Prof. E. Polati, University Hospital, Verona, Italy",Other,Collaborator
1089,"Prof. K. Donadello, University Hospital, Verona, Italy",Other,Collaborator
1090,Genesis Foundation,Other,Lead
1091,Assiut University,Other,Lead
1092,Istanbul Training and Research Hospital,Other,Lead
1093,Alexandria University,Other,Lead
1094,University of British Columbia,Other,Lead
1095,Jilin University,Other,Lead
1096,Kanuni Sultan Suleyman Training and Research Hospital,Other,Lead
1097,University of British Columbia,Other,Lead
1098,Charles Drew University of Medicine and Science,Other,Lead
1099,Centre Leon Berard,Other,Lead
1100,NHS Lothian,Other,Lead
1101,Benha University,Other,Lead
1102,Medical University Innsbruck,Other,Lead
1102,Ludwig-Maximilians - University of Munich,Other,Collaborator
1102,Deutsches Zentrum für Herz-Kreislauf-Forschung (DZHK),Other,Collaborator
1103,National and Kapodistrian University of Athens,Other,Lead
1103,Hellenic Society of Hematology,Other,Collaborator
1104,Jessa Hospital,Other,Lead
1104,Hasselt University,Other,Collaborator
1105,Kermanshah University of Medical Sciences,Other,Lead
1106,Assistance Publique - Hôpitaux de Paris,Other,Lead
1107,Centre Hospitalier Annecy Genevois,Other,Lead
1108,Universitair Ziekenhuis Brussel,Other,Lead
1109,Centenario Hospital Miguel Hidalgo,Other,Lead
1110,"Hospital San Carlos, Madrid",Other,Lead
1110,Mayo Clinic,Other,Collaborator
1111,Henry Ford Health System,Other,Lead
1112,Providence Health & Services,Other,Lead
1113,Asklepios proresearch,Industry,Lead
1113,Asklepios Kliniken GmbH & Co. KGaA,Other,Collaborator
1114,Oregon Health and Science University,Other,Lead
1115,Hadassah Medical Organization,Other,Lead
1115,Barzilai Medical Center,Other,Collaborator
1115,The Chaim Sheba Medical Center,Other,Collaborator
1116,Nanyang Technological University,Other,Lead
1116,"Ministry of Health, Singapore",Other,Collaborator
1117,"University College, London",Other,Lead
1117,St. Bartholomew's Hospital,Other,Collaborator
1117,Royal Free Hospital NHS Foundation Trust,Other,Collaborator
1117,UCLH,Other,Collaborator
1118,Biosearch S.A.,Industry,Lead
1119,Universitair Ziekenhuis Brussel,Other,Lead
1120,Tanta University,Other,Lead
1121,Royal College of Surgeons in Ireland - Medical University of Bahrain,Other,Lead
1121,Salmaniya Medical Complex,Other,Collaborator
1121,Bahrain Defence Force Hospital,Other,Collaborator
1121,"Mohammed Bin Khalifa Bin Sulman Al Khalifa Cardiac Centre, Awali",Other,Collaborator
1122,Mayo Clinic,Other,Lead
1123,Hospices Civils de Lyon,Other,Lead
1124,Kanuni Sultan Suleyman Training and Research Hospital,Other,Lead
1125,"University Hospital, Lille",Other,Lead
1125,Fondation Santé Roquette,Other,Collaborator
1126,Boston Children's Hospital,Other,Lead
1126,Children's Hospital of Philadelphia,Other,Collaborator
1126,Children's Hospital Colorado,Other,Collaborator
1126,Istituto Giannina Gaslini,Other,Collaborator
1126,The Hospital for Sick Children,Other,Collaborator
1126,Perth Children's Hospital of Western Austrailia,Other,Collaborator
1126,Lurie Children's Hospital of Chicago,Other,Collaborator
1127,Moens Maarten,Other,Lead
1127,Universitair Ziekenhuis Brussel,Other,Collaborator
1128,Azienda USL Toscana Nord Ovest,Other,Lead
1129,Columbia University,Other,Lead
1130,National Institute of Neurological Disorders and Stroke (NINDS),NIH,Lead
1130,National Institutes of Health Clinical Center (CC),Other,Collaborator
1131,"National Polytechnic Institute, Mexico",Other,Lead
1132,Fondazione Don Carlo Gnocchi Onlus,Other,Lead
1133,"University Hospital, Toulouse",Other,Lead
1134,University Hospital Heidelberg,Other,Lead
1134,The German Heart Foundation,Other,Collaborator
1134,Klaus Tschira Stiftung,Other,Collaborator
1134,Freunde und Förderer der Kardiologie Heidelberg,Other,Collaborator
1135,"University Hospital, Geneva",Other,Lead
1135,Thomas Agoritsas,Other,Collaborator
1135,Sebastian Carballo,Other,Collaborator
1135,Pauline Darbellay,Other,Collaborator
1135,Olivier Grosgurin,Other,Collaborator
1135,Christophe Marti,Other,Collaborator
1135,Mathieu Nendaz,Other,Collaborator
1135,Jean-Luc Reny,Other,Collaborator
1135,Jacques Serratrice,Other,Collaborator
1135,Aimad Ourahmoune,Other,Collaborator
1135,Delphine Courvoisier,Other,Collaborator
1135,Virginie Prendki,Other,Collaborator
1135,Christine Serratrice,Other,Collaborator
1135,Dina Zekry,Other,Collaborator
1135,Omar Kherad,Other,Collaborator
1135,Eric Gerstel,Other,Collaborator
1136,Royal College of Surgeons in Ireland - Medical University of Bahrain,Other,Lead
1136,Ebrahim Khalil Kanoo Community Medical Center,Other,Collaborator
1136,Hereditary blood Disorder Centre - Salmaniya Medical Complex,Other,Collaborator
1136,"Mohammed Bin Khalifa Bin Sulman Al Khalifa Cardiac Centre, Awali",Other,Collaborator
1136,Jidhafs COVID-19 Centre,Other,Collaborator
1136,Sitra FICU,Other,Collaborator
1136,Salmaniya Medical Complex- 6th Floor,Other,Collaborator
1136,Salmaniya Medical Complex- Helipad,Other,Collaborator
1137,Assistance Publique - Hôpitaux de Paris,Other,Lead
1137,"Institut National de la Santé Et de la Recherche Médicale, France",Other,Collaborator
1138,Assistance Publique - Hôpitaux de Paris,Other,Lead
1139,German Cancer Research Center,Other,Lead
1140,Hospices Civils de Lyon,Other,Lead
1141,Mayo Clinic,Other,Lead
1142,Marcelo Iastrebner,Other,Lead
1142,Novartis,Industry,Collaborator
1142,Clinica Zabala,Other,Collaborator
1143,University of Alabama at Birmingham,Other,Lead
1144,Chinese University of Hong Kong,Other,Lead
1145,Universidade Federal de Sao Carlos,Other,Lead
1146,Imperial College London,Other,Lead
1147,"Clinical Nutrition Research Centre, Singapore",Other,Lead
1147,"National University Hospital, Singapore",Other,Collaborator
1148,"Ministry of Health and Population, Egypt",Other,Lead
1149,Alexandra Kejner,Other,Lead
1149,University of Kentucky,Other,Collaborator
1150,"Centre Hospitalier Universitaire, Amiens",Other,Lead
1151,National Institute of Arthritis and Musculoskeletal and Skin Diseases (NIAMS),NIH,Lead
1151,National Institutes of Health Clinical Center (CC),Other,Collaborator
1152,D'Or Institute for Research and Education,Other,Lead
1152,Hospital do Coracao,Other,Collaborator
1153,Centre Hospitalier Universitaire de Nīmes,Other,Lead
1153,Technological Innovations for Detection and Diagnosis Laboratory,Other,Collaborator
1154,Ain Shams University,Other,Lead
1155,Linkoeping University,Other,Lead
1155,Region Östergötland,Other,Collaborator
1156,Shahid Beheshti University of Medical Sciences,Other,Lead
1157,Oslo University Hospital,Other,Lead
1157,"University Hospital, Akershus",Other,Collaborator
1157,Vestre Viken Hospital Trust,Other,Collaborator
1157,Østfold Hospital Trust,Other,Collaborator
1157,Haukeland University Hospital,Other,Collaborator
1157,University Hospital of North Norway,Other,Collaborator
1157,St. Olavs Hospital,Other,Collaborator
1158,Baylor College of Medicine,Other,Lead
1158,"Avazzia, Inc",Industry,Collaborator
1159,Fondazione Policlinico Universitario Agostino Gemelli IRCCS,Other,Lead
1160,Massachusetts General Hospital,Other,Lead
1161,Microgen Scientific Industrial Company for Immunobiological Medicines,Other,Lead
1162,Centre Hospitalier Universitaire de Nice,Other,Lead
1163,Centre Hospitalier Universitaire de Nice,Other,Lead
1164,Shahid Beheshti University of Medical Sciences,Other,Lead
1165,"Central Hospital, Nancy, France",Other,Lead
1166,King Hussein Cancer Center,Other,Lead
1166,Amman Pharmaceutical Industries (API),Other,Collaborator
1166,Sana Pharmaceutical Industry,Other,Collaborator
1166,ACDIMA Center for Bioequivalence and Pharmaceutical Studies (ACDIMA BioCenter),Other,Collaborator
1167,"Sultan Abdulhamid Han Training and Research Hospital, Istanbul, Turkey",Other,Lead
1168,"University Hospital, Angers",Other,Lead
1169,"Fadi Haddad, M.D.",Other,Lead
1169,Sharp HealthCare,Other,Collaborator
1170,Swansea University,Other,Lead
1171,Fayoum University,Other,Lead
1172,Oslo University Hospital,Other,Lead
1173,Joshua M Hare,Other,Lead
1173,University of Miami,Other,Collaborator
1174,Sohaib Ashraf,Other,Lead
1174,Sheikh Zayed Federal Postgraduate Medical Institute,Other,Collaborator
1175,Plan Nacional sobre el Sida (PNS),Other,Lead
1175,Effice Servicios Para la Investigacion S.L.,Industry,Collaborator
1176,Azienda Ospedaliero-Universitaria di Parma,Other,Lead
1177,Abderrahmane Mami Hospital,Other,Lead
1177,Eshmoun Clinical Research Centre,Other,Collaborator
1177,Datametrix,Other,Collaborator
1178,Prof. Dr. Umar Farooq,Other,Lead
1178,"Ayub Medical College, Abbottabad",Other,Collaborator
1179,Szeged University,Other,Lead
1179,"Bilogical Research Centre, Szeged",Other,Collaborator
1180,Jiangsu Province Centers for Disease Control and Prevention,Other,Lead
1180,West China Hospital,Other,Collaborator
1181,Stony Brook University,Other,Lead
1182,Karolinska Institutet,Other,Lead
1183,Izmir Bakircay University,Other,Lead
1183,Cigli Regional Training Hospital,Other,Collaborator
1183,Muğla Sıtkı Koçman University,Other,Collaborator
1184,Northwell Health,Other,Lead
1185,Andalusian Network for Design and Translation of Advanced Therapies,Other,Lead
1186,RenJi Hospital,Other,Lead
1187,University of British Columbia,Other,Lead
1187,Vancouver Airport Authority,Other,Collaborator
1187,WestJet Airlines,Other,Collaborator
1187,Providence Health & Services,Other,Collaborator
1188,"Central Hospital, Nancy, France",Other,Lead
1189,"Brii Biosciences, Inc.",Industry,Lead
1189,Brii Biosciences Limited,Other,Collaborator
1190,Gérond'if,Other,Lead
1191,Kafkas University,Other,Lead
1192,Hospices Civils de Lyon,Other,Lead
1193,Somerset NHS Foundation Trust,Other,Lead
1194,Azienda Unità Sanitaria Locale Reggio Emilia,Other,Lead
1195,Hospices Civils de Lyon,Other,Lead
1196,Cairo University,Other,Lead
1197,Hospices Civils de Lyon,Other,Lead
1198,Ottawa Heart Institute Research Corporation,Other,Lead
1199,Medical University of Vienna,Other,Lead
1200,"University of Colorado, Denver",Other,Lead
1201,"University Hospital, Strasbourg, France",Other,Lead
1202,Johns Hopkins University,Other,Lead
1203,Duke University,Other,Lead
1204,University of Alabama at Birmingham,Other,Lead
1205,International Brain Research Foundation,Other,Lead
1206,Postgraduate Institute of Medical Education and Research,Other,Lead
1206,Sir Ganga Ram Hospital,Other,Collaborator
1207,Fujian Provincial Hospital,Other,Lead
1208,Assistance Publique - Hôpitaux de Paris,Other,Lead
1209,"Shanghai Junshi Bioscience Co., Ltd.",Other,Lead
1210,"University Hospital, Grenoble",Other,Lead
1211,"University Hospital, Toulouse",Other,Lead
1212,"Ansun Biopharma, Inc.",Industry,Lead
1213,Max Healthcare Insititute Limited,Other,Lead
1214,University Hospitals of Derby and Burton NHS Foundation Trust,Other,Lead
1215,Harvard Medical School,Other,Lead
1215,"Texas Medical Research Associates, L.L.C.",Other,Collaborator
1216,"Hospital St. Joseph, Marseille, France",Other,Lead
1217,"University Hospital, Limoges",Other,Lead
1218,Universidade do Porto,Other,Lead
1218,"Centro Hospitalar De São João, E.P.E.",Other,Collaborator
1218,Centro Hospitalar do Porto,Other,Collaborator
1218,Universidade do Algarve,Other,Collaborator
1218,Centro Hospitalar Lisboa Ocidental,Other,Collaborator
1219,"University of California, Davis",Other,Lead
1220,Fundación Pública Andaluza para la gestión de la Investigación en Sevilla,Other,Lead
1221,Rennes University Hospital,Other,Lead
1221,Fonds NOMINOE,Other,Collaborator
1222,Royal College of Surgeons in Ireland - Medical University of Bahrain,Other,Lead
1222,Bahrain Defence Force Hospital,Other,Collaborator
1222,Salmaniya Medical Complex,Other,Collaborator
1223,Memorial Sloan Kettering Cancer Center,Other,Lead
1224,Centre Médical Porte Verte,Other,Lead
1225,Prisma Health-Upstate,Other,Lead
1226,"Heinrich-Heine University, Duesseldorf",Other,Lead
1226,"The Federal Ministry of Health, Germany (Bundesministerium für Gesundheit, BMG)",Other,Collaborator
1227,MELISA Institute Genomics & Proteomics Research SpA,Industry,Lead
1227,Universidad Austral,Other,Collaborator
1228,I.M. Sechenov First Moscow State Medical University,Other,Lead
1229,St. Justine's Hospital,Other,Lead
1229,Canadian Institutes of Health Research (CIHR),Other,Collaborator
1229,Laboratoire RIVA,Other,Collaborator
1230,"Charite University, Berlin, Germany",Other,Lead
1231,South African National Blood Service,Other,Lead
1232,Connecticut Children's Medical Center,Other,Lead
1232,The Jackson Laboratory,Other,Collaborator
1233,"University of Witwatersrand, South Africa",Other,Lead
1234,Laboratorios Roemmers S.A.I.C.F.,Industry,Lead
1235,Marinomed Biotech AG,Industry,Lead
1235,Austian Research Promotion Agency,Other,Collaborator
1236,Oslo University Hospital,Other,Lead
1236,"University Hospital, Akershus",Other,Collaborator
1236,Haukeland University Hospital,Other,Collaborator
1236,Helse Stavanger HF,Other,Collaborator
1236,St. Olavs Hospital,Other,Collaborator
1236,University Hospital of North Norway,Other,Collaborator
1236,Vestre Viken Hospital Trust,Other,Collaborator
1236,Sykehuset Telemark,Other,Collaborator
1236,Sykehuset Innlandet HF,Other,Collaborator
1236,Ostfold Hospital Trust,Other,Collaborator
1236,The Hospital of Vestfold,Other,Collaborator
1236,Sorlandet Hospital HF,Other,Collaborator
1236,Nordlandssykehuset HF,Other,Collaborator
1236,Møre og Romsdal Hospital Trust,Other,Collaborator
1237,University of Miami,Other,Lead
1238,Neuromed IRCCS,Other,Lead
1239,Istituto Ortopedico Galeazzi,Other,Lead
1240,"Sorrento Therapeutics, Inc.",Industry,Lead
1241,Sanotize Research and Development corp.,Industry,Lead
1241,"The Emmes Company, LLC",Other,Collaborator
1241,Keyrus Life Science,Other,Collaborator
1242,"Rigshospitalet, Denmark",Other,Lead
1242,Hvidovre University Hospital,Other,Collaborator
1242,Region Hovedstaden,Other,Collaborator
1243,Wroclaw Medical University,Other,Lead
1244,Fundacion Clinica Valle del Lili,Other,Lead
1245,"Instituto Grifols, S.A.",Industry,Lead
1245,Grifols Therapeutics LLC,Other,Collaborator
1246,National Institute of Allergy and Infectious Diseases (NIAID),NIH,Lead
1247,Istituto Clinico Humanitas,Other,Lead
1248,Renmin Hospital of Wuhan University,Other,Lead
1248,"Ansun Biopharma, Inc.",Industry,Collaborator
1249,Health Institutes of Turkey,Other,Lead
1249,TC Erciyes University,Other,Collaborator
1250,Gaziosmanpasa Research and Education Hospital,Other,Lead
1251,University of Edinburgh,Other,Lead
1251,University of Oxford,Other,Collaborator
1251,Latus Therapeutics,Other,Collaborator
1252,Tourcoing Hospital,Other,Lead
1253,Groupe Hospitalier Pitie-Salpetriere,Other,Lead
1254,Zoé van Kempen,Other,Lead
1254,VU University Medical Center,Other,Collaborator
1255,Assistance Publique - Hôpitaux de Paris,Other,Lead
1256,Assiut University,Other,Lead
1257,Medical Practice Prof D. Ivanov,Other,Lead
1258,University of Oklahoma,Other,Lead
1259,Jiangsu Province Centers for Disease Control and Prevention,Other,Lead
1259,"Academy of Military Medical Sciences，Academy of Military Sciences，PLA ZHONGYIANKE Biotech Co, Ltd. LIAONINGMAOKANGYUAN Biotech Co, Ltd",Other,Collaborator
1260,Deutsches Rotes Kreuz DRK-Blutspendedienst Baden-Wurttemberg-Hessen,Other,Lead
1261,Thomas Jefferson University,Other,Lead
1262,"University Hospital, Lille",Other,Lead
1262,Fondation Santé Roquette,Other,Collaborator
1263,"Gamaleya Research Institute of Epidemiology and Microbiology, Health Ministry of the Russian Federation",Other,Lead
1264,Stanford University,Other,Lead
1265,Tourcoing Hospital,Other,Lead
1266,TASK Applied Science,Other,Lead
1267,AGIR à Dom,Other,Lead
1267,Laboratoire TIMC-IMAG,Other,Collaborator
1267,"DrinkHRW, British Columbia, Canada",Other,Collaborator
1268,Hospital Regional de Alta Especialidad del Bajio,Other,Lead
1269,"Rigshospitalet, Denmark",Other,Lead
1269,"Testcenter Danmark, Statens Serum Institut",Other,Collaborator
1269,Copenhagen Emergency Medical Services,Other,Collaborator
1270,Hospital Universitari de Bellvitge,Other,Lead
1271,Henry M. Jackson Foundation for the Advancement of Military Medicine,Other,Lead
1271,"Joint Program Executive Office (JPEO) Chemical, Biological, Radiological, and Nuclear Defense (CBRND) Enabling Biotechnologies (EB)",Other,Collaborator
1272,"SAb Biotherapeutics, Inc.",Industry,Lead
1272,Biomedical Advanced Research and Development Authority,U.S. Fed,Collaborator
1272,"Joint Program Executive Office (JPEO) Chemical, Biological, Radiological, and Nuclear Defense (CBRND) Enabling Biotechnologies (EB)",Other,Collaborator
1273,Instituto Mexicano del Seguro Social,Other,Lead
1274,"University of California, San Francisco",Other,Lead
1275,Duke University,Other,Lead
1276,Hill-Rom,Industry,Lead
1277,Skane University Hospital,Other,Lead
1278,Hayandra Peduli Foundation,Other,Lead
1278,Koja Regional Public Hospital,Other,Collaborator
1279,Assistance Publique - Hôpitaux de Paris,Other,Lead
1280,Yale University,Other,Lead
1280,Stanford University,Other,Collaborator
1280,Innovations for Poverty Action,Other,Collaborator
1280,North South University,Other,Collaborator
1281,National Institute of Allergy and Infectious Diseases (NIAID),NIH,Lead
1281,"Gritstone Oncology, Inc.",Industry,Collaborator
1282,Aga Khan University,Other,Lead
1283,Radboud University,Other,Lead
1283,Takeda,Industry,Collaborator
1284,Certara,Industry,Lead
1284,Bill and Melinda Gates Foundation,Other,Collaborator
1284,Parexel,Other,Collaborator
1285,Centre Hospitalier Universitaire de Saint Etienne,Other,Lead
1285,Institut Pasteur,Industry,Collaborator
1286,Brigham and Women's Hospital,Other,Lead
1286,Harvard Medical School,Industry,Collaborator
1286,Harvard School of Public Health,Other,Collaborator
1286,Fenway Health and Beth Israel Deaconess Medical Center,Other,Collaborator
1286,Tishcon Corporation,Other,Collaborator
1286,Takeda,Other,Collaborator
1286,Quest Diagnostics-Nichols Insitute,Other,Collaborator
1286,Karolinska Institutet,Other,Collaborator
1286,Philanthropic donations,Other,Collaborator
1287,Zan Mitrev Clinic,Other,Lead
1288,Boehringer Ingelheim,Industry,Lead
1289,Assistance Publique - Hôpitaux de Paris,Other,Lead
1290,"National Center for Global Health and Medicine, Japan",Other,Lead
1291,University of Zurich,Other,Lead
1292,Columbia University,Other,Lead
1292,Merck Sharp & Dohme Corp.,Industry,Collaborator
1293,Shirley Ryan AbilityLab,Other,Lead
1294,Thomas Jefferson University,Other,Lead
1295,Assistance Publique - Hôpitaux de Paris,Other,Lead
1296,Università Politecnica delle Marche,Other,Lead
1296,Maria Gabriella Ceravolo,Other,Collaborator
1296,Michela Coccia,Other,Collaborator
1296,Lauredana Ercolani,Other,Collaborator
1296,Elisa Andrenelli,Other,Collaborator
1296,Lucia Pepa,Other,Collaborator
1296,Rossella Cima,Other,Collaborator
1296,Michela Aringolo,Other,Collaborator
1297,Assiut University,Other,Lead
1298,Daewoong Pharmaceutical Co. LTD.,Industry,Lead
1299,Jagiellonian University,Other,Lead
1300,NeoImmuneTech,Industry,Lead
1301,Institut Pasteur,Industry,Lead
1301,National Health Insurance Fund,Other,Collaborator
1301,IPSOS,Other,Collaborator
1302,"National Institute of Respiratory Diseases, Mexico",Other,Lead
1302,Sanofi,Industry,Collaborator
1303,Hvidovre University Hospital,Other,Lead
1304,"Coordinación de Investigación en Salud, Mexico",Other,Lead
1304,Hospital Infantil de Mexico Federico Gomez,Other,Collaborator
1304,Hospital General de México Dr. Eduardo Liceaga,Other,Collaborator
1305,Meyer Children's Hospital,Other,Lead
1306,University Hospital Tuebingen,Other,Lead
1306,Robert Bosch Medical Center,Other,Collaborator
1306,Universitätsklinikum Hamburg-Eppendorf,Other,Collaborator
1306,Bernhard Nocht Institute for Tropical Medicine,Other,Collaborator
1307,Taoyuan General Hospital,Other,Lead
1307,"Center for Drug Evaluation, Taiwan",Other,Collaborator
1307,"Centers for Disease Control, Taiwan",Other,Collaborator
1307,Taiwan Food and Drug Administration,Other,Collaborator
1307,"National Health Research Institutes, Taiwan",Other,Collaborator
1308,Cairo University,Other,Lead
1309,University of Pecs,Other,Lead
1310,Northwell Health,Other,Lead
1310,Cold Spring Harbor Laboratory,Other,Collaborator
1311,University of Kansas Medical Center,Other,Lead
1312,Rennes University Hospital,Other,Lead
1313,National Institutes of Health Clinical Center (CC),NIH,Lead
1314,Centre Hospitalier Universitaire de Nīmes,Other,Lead
1315,Istituto Nazionale di Ricovero e Cura per Anziani,Other,Lead
1316,FMH College of Medicine and Dentistry,Other,Lead
1317,"University Hospital, Montpellier",Other,Lead
1318,Assiut University,Other,Lead
1319,Assistance Publique - Hôpitaux de Paris,Other,Lead
1320,HRH Holdngs Limited,Other,Lead
1320,"GALZU INSTITUTE OF RESEARCH, TEACHING, SCIENCE AND APPLIED TECHNOLOGY, Brazil",Other,Collaborator
1320,"SANTA CASA DE MISERICORDIA DE CAMPOS HOSPITAL (SCMCH), Brazil",Other,Collaborator
1320,"UNIVERSIDADE ESTADUAL DO NORTE FLUMINENSE (UENF), Brazil",Other,Collaborator
1321,Hunter College of City University of New York,Other,Lead
1321,Universidad Autonoma Juan Misael Saracho,Other,Collaborator
1321,Gobierno Autonomo Departamental De Tarija,Other,Collaborator
1321,SEDES - Tarija,Other,Collaborator
1321,CAINCO - Bolivia,Other,Collaborator
1322,UNICANCER,Other,Lead
1323,Groupe Hospitalier Paris Saint Joseph,Other,Lead
1324,Yale University,Other,Lead
1325,AstraZeneca,Industry,Lead
1325,Iqvia Pty Ltd,Other,Collaborator
1326,King Hussein Cancer Center,Other,Lead
1327,Covis Pharma S.à.r.l.,Industry,Lead
1328,Mayo Clinic,Other,Lead
1328,National Institute on Aging (NIA),NIH,Collaborator
1329,Institut Paoli-Calmettes,Other,Lead
1330,Karolinska Institutet,Other,Lead
1331,"Fundación FLS de Lucha Contra el Sida, las Enfermedades Infecciosas y la Promoción de la Salud y la Ciencia",Other,Lead
1332,Lomonosov Moscow State University Medical Research and Educational Center,Other,Lead
1333,Centre Hospitalier Universitaire de Nice,Other,Lead
1334,University of Oxford,Other,Lead
1335,Brugmann University Hospital,Other,Lead
1336,"University Hospital, Tours",Other,Lead
1336,"Institut National de la Santé Et de la Recherche Médicale, France",Other,Collaborator
1337,Fundación GECP,Other,Lead
1338,American Dental Association,Other,Lead
1339,Barcelona Institute for Global Health,Other,Lead
1339,Hospital Clinic of Barcelona,Other,Collaborator
1339,Fundació Institut de Recerca de l'Hospital de la Santa Creu i Sant Pau,Other,Collaborator
1339,University Hospital of Torrejon,Other,Collaborator
1339,Fundación de investigación HM,Other,Collaborator
1339,Hospital Sant Joan de Deu,Other,Collaborator
1339,Hospital del Mar,Other,Collaborator
1339,Hospital Universitario Infanta Leonor,Other,Collaborator
1339,Hospital Universitario Fundación Alcorcón,Other,Collaborator
1339,Hospital General de Segovia,Other,Collaborator
1339,Institut Català de la Salut,Other,Collaborator
1340,Cardresearch,Other,Lead
1341,Chattogram General Hospital,Other,Lead
1341,M Abdur Rahim Medical College and Hospital,Other,Collaborator
1341,First Affiliated Hospital Xi'an Jiaotong University,Other,Collaborator
1342,Kanuni Sultan Suleyman Training and Research Hospital,Other,Lead
1343,Walter K. Kraft,Other,Lead
1343,Thomas Jefferson University,Other,Collaborator
1344,Nordsjaellands Hospital,Other,Lead
1345,Herlev and Gentofte Hospital,Other,Lead
1346,Hamid Al-Essa Organ Transplant Center,Other,Lead
1346,"Ministry of Health, Kuwait",Other,Collaborator
1347,"Sanofi Pasteur, a Sanofi Company",Industry,Lead
1347,GlaxoSmithKline,Other,Collaborator
1347,Sanofi,Other,Collaborator
1348,British Ayurvedic Medical Council,Other,Lead
1348,All Party Parliamentary Group - Indian Traditional Sciences,Other,Collaborator
1348,University of Warwick,Other,Collaborator
1349,Versailles Hospital,Other,Lead
1350,National Institute of Allergy and Infectious Diseases (NIAID),NIH,Lead
1350,"Gritstone Oncology, Inc.",Industry,Collaborator
1351,Imperial College London,Other,Lead
1352,Universidad Internacional de Valencia,Other,Lead
1352,Universidad Nacional Autonoma de Mexico,Other,Collaborator
1352,Universidad Autonoma de Ciudad Juarez,Other,Collaborator
1352,University of Buenos Aires,Other,Collaborator
1353,PENTA Foundation,Other,Lead
1353,"Hospital st pierre, Belgium",Other,Collaborator
1353,University of Athens,Other,Collaborator
1353,University of Cape Town,Other,Collaborator
1353,Hospital General Universitario Gregorio Marañon,Other,Collaborator
1353,Hospital Sant Joan de Deu,Other,Collaborator
1353,Karolinska Institutet,Other,Collaborator
1353,Great Ormond Street Hospital for Children NHS Foundation Trust,Other,Collaborator
1353,Guy's and St Thomas' NHS Foundation Trust,Other,Collaborator
1353,"North Manchester General Hospital (Northern Care Alliance NHS Group), Manchester",Other,Collaborator
1353,University Hospital Birmingham NHS Foundation Trust,Other,Collaborator
1353,Imperial College Healthcare NHS Trust,Other,Collaborator
1353,King's College Hospital NHS Trust,Other,Collaborator
1353,St George's University Hospitals NHS Foundation Trust,Other,Collaborator
1353,CHIPS+ cohort,Other,Collaborator
1353,Medical Research Council,Other,Collaborator
1354,El Zaitoun Specialized Hospital,Other,Lead
1354,Ain Shams University,Other,Collaborator
1355,Chong Kun Dang Pharmaceutical,Industry,Lead
1356,"University Health Network, Toronto",Other,Lead
1357,Celltex Therapeutics Corporation,Industry,Lead
1358,Oslo University Hospital,Other,Lead
1358,Age Labs AS,Other,Collaborator
1359,Tampere University Hospital,Other,Lead
1360,Azienda Ospedaliero-Universitaria di Modena,Other,Lead
1361,Poznan University of Medical Sciences,Other,Lead
1362,Duke University,Other,Lead
1363,"Pulmotect, Inc.",Industry,Lead
1363,United States Department of Defense,U.S. Fed,Collaborator
1364,"University Hospital, Montpellier",Other,Lead
1365,A.O. Ospedale Papa Giovanni XXIII,Other,Lead
1365,Aferetica - Italy (BO),Other,Collaborator
1366,Eli Lilly and Company,Industry,Lead
1366,National Institute of Allergy and Infectious Diseases (NIAID),NIH,Collaborator
1366,AbCellera Biologics Inc.,Other,Collaborator
1366,"Shanghai Junshi Bioscience Co., Ltd.",Other,Collaborator
1367,University of Kansas Medical Center,Other,Lead
1368,"Intermountain Health Care, Inc.",Other,Lead
1368,University of Utah,Other,Collaborator
1369,Duke University,Other,Lead
1370,Kitasato University,Other,Lead
1371,Centre Hospitalier Universitaire Dijon,Other,Lead
1372,"Vir Biotechnology, Inc.",Industry,Lead
1372,GlaxoSmithKline,Other,Collaborator
1373,The University Clinic of Pulmonary and Allergic Diseases Golnik,Other,Lead
1373,"Insitute of Microbiology and Immunology, Faculty of Medicine, University of Ljubljana",Other,Collaborator
1374,"Centre Hospitalier Universitaire, Amiens",Other,Lead
1375,Lawson Health Research Institute,Other,Lead
1376,Max Healthcare Insititute Limited,Other,Lead
1377,"University of Los Andes, Columbia",Other,Lead
1377,United Nations,Other,Collaborator
1378,Persephone Biosciences,Industry,Lead
1379,Shahid Beheshti University of Medical Sciences,Other,Lead
1380,Paradigm Laboratories LLC,Industry,Lead
1381,Allegheny Singer Research Institute (also known as Allegheny Health Network Research Institute),Other,Lead
1381,ElectroCore INC,Industry,Collaborator
1382,Novartis Pharmaceuticals,Industry,Lead
1382,Novartis,Other,Collaborator
1383,"Children's Hospital Medical Center, Cincinnati",Other,Lead
1384,Instituto Nacional de Cardiologia Ignacio Chavez,Other,Lead
1385,University of Sao Paulo General Hospital,Other,Lead
1385,"Ministério da Ciência, Tecnologia, Inovações e Comunicações",Other,Collaborator
1385,Faculty of Medicine of Ribeirão Preto (FMRP-USP),Other,Collaborator
1385,"Hospital de Clínicas, Faculdade de Medicina Universidade Estadual de Campinas",Other,Collaborator
1385,Hospital Sirio-Libanes,Other,Collaborator
1385,Hospital Israelita Albert Einstein,Other,Collaborator
1385,Grupo Hospitalar Conceição,Other,Collaborator
1385,Hospital Ernesto Dornelles,Other,Collaborator
1386,Wonju Severance Christian Hospital,Other,Lead
1387,"University Hospital, Lille",Other,Lead
1388,Research Institute for Biological Safety Problems,Other,Lead
1388,City polyclinic No. 4 of the UZO of Almaty,Other,Collaborator
1388,Clinic of the International Institute of Postgraduate Education,Other,Collaborator
1388,City Multidisciplinary Hospital of the Health Department of the Akimat of Zhambyl Region,Other,Collaborator
1389,Washington University School of Medicine,Other,Lead
1389,Mercy Research,Other,Collaborator
1390,National Institute of Neurological Disorders and Stroke (NINDS),NIH,Lead
1390,National Institutes of Health Clinical Center (CC),Other,Collaborator
1391,BeiGene,Industry,Lead
1392,Enos Bernasconi,Other,Lead
1392,"Ente Ospedaliero Cantonale, Bellinzona",Other,Collaborator
1393,Assiut University,Other,Lead
1394,Assistance Publique - Hôpitaux de Paris,Other,Lead
1395,"Centre Hospitalier Universitaire, Amiens",Other,Lead
1395,"University Hospital, Lille",Other,Collaborator
1395,"University Hospital, Rouen",Other,Collaborator
1396,McGill University Health Centre/Research Institute of the McGill University Health Centre,Other,Lead
1396,"Jewish General Hospital (Montreal, Quebec, Canada)",Other,Collaborator
1396,"Montreal General Hospital (Montreal, Quebec, Canada)",Other,Collaborator
1396,"Université de Lorraine, Centre d'Investigation Clinique- Plurithématique Inserm",Other,Collaborator
1397,Kanuni Sultan Suleyman Training and Research Hospital,Other,Lead
1398,University of Florida,Other,Lead
1399,Dentaid SL,Industry,Lead
1400,Sohail Rao,Other,Lead
1400,DHR Health Institute for Research and Development,Other,Collaborator
1401,Weprom,Other,Lead
1401,Institut Pasteur,Industry,Collaborator
1401,Assistance Publique - Hôpitaux de Paris,Other,Collaborator
1401,DOCAPOST,Other,Collaborator
1401,Direction Générale de l'Offre de Soins,Other,Collaborator
1402,Atrium Health,Other,Lead
1403,"University of North Carolina, Chapel Hill",Other,Lead
1403,North Carolina Translational and Clinical Sciences Institute,Other,Collaborator
1404,Sciensano,Other,Lead
1404,Mensura EDPB,Other,Collaborator
1404,"Institute of Tropical Medicine, Belgium",Other,Collaborator
1404,Université Libre de Bruxelles,Other,Collaborator
1405,Cairo University,Other,Lead
1406,Assistance Publique - Hôpitaux de Paris,Other,Lead
1407,University of the Philippines,Other,Lead
1407,"Asian Hospital and Medical Center, Muntinlupa City, Philippines",Other,Collaborator
1407,"Baguio General Hospital and Medical Center, Baguio City, Philippines",Other,Collaborator
1407,"Cagayan Valley Medical Center, Tuguegarao City, Philippines",Other,Collaborator
1407,"Capitol Medical Center, Quezon City, Philippines",Other,Collaborator
1407,"Cardinal Santos Medical Center, San Juan City, Philippines",Other,Collaborator
1407,"Chong Hua Hospital, Cebu City, Philippines",Other,Collaborator
1407,De La Salle University Medical Center,Other,Collaborator
1407,"East Avenue Medical Center, Philippines",Other,Collaborator
1407,"Jose B. Lingad Memorial Regional Hospital, San Fernando, Pampanga, Philippines",Other,Collaborator
1407,Jose R. Reyes Memorial Medical Center,Other,Collaborator
1407,Lung Center of the Philippines,Other,Collaborator
1407,"Manila Doctors Hospital, Philippines",Other,Collaborator
1407,"Manila Medical Center, Philippines",Other,Collaborator
1407,Makati Medical Center,Other,Collaborator
1407,"New Era General Hospital, Philippines",Other,Collaborator
1407,"Quirino Memorial Medical Center, Philippines",Other,Collaborator
1407,"Ospital ng Makati, Philippines",Other,Collaborator
1407,"Dr. Pablo O. Torre Memorial Hospital, Bacolod City, Philippines",Other,Collaborator
1407,Philippine Heart Center,Other,Collaborator
1407,"Research Institute for Tropical Medicine, Philippines",Other,Collaborator
1407,"San Juan De Dios Educational Foundation Inc. - Hospital, Philippines",Other,Collaborator
1407,"San Lazaro Hospital, Philippines",Other,Collaborator
1407,"Southern Isabela Medical Center, Philippines",Other,Collaborator
1407,"St. Luke's Medical Center, Philippines",Other,Collaborator
1407,"St Lukes Medical Center, Bonifacio Global City, Philippines",Other,Collaborator
1407,Southern Philippines Medical Center,Other,Collaborator
1407,"The Medical City, Philippines",Other,Collaborator
1407,"University of the East Ramon Magsaysay Memorial Medical Center, Inc, Philippines",Other,Collaborator
1407,"University of Santo Tomas Hospital, Philippines",Other,Collaborator
1407,"Veterans Memorial Medical Center, Philippines",Other,Collaborator
1407,"Jose N. Rodriguez Memorial Hospital, Caloocan City",Other,Collaborator
1407,"Zamboanga City Medical Center, Zamboanga City",Other,Collaborator
1407,"Western Visayas Medical Center, Iloilo City",Other,Collaborator
1407,"Northern Mindanao Medical Center, Cagayan de Oro City",Other,Collaborator
1407,"Vicente Sotto Memorial Medical Center, Cebu City",Other,Collaborator
1407,"Perpetual Succor Hospital, Cebu City",Other,Collaborator
1408,Azienda Unità Sanitaria Locale Reggio Emilia,Other,Lead
1409,R-Pharm,Industry,Lead
1410,Johns Hopkins University,Other,Lead
1411,Bastiaan Driehuys,Other,Lead
1411,Duke University,Other,Collaborator
1412,Centre Hospitalier Universitaire de Saint Etienne,Other,Lead
1413,Sheba Medical Center,Other,Lead
1414,Aysu Yıldız Karaahmet,Other,Lead
1414,The Scientific and Technological Research Council of Turkey,Other,Collaborator
1414,Halic University,Other,Collaborator
1415,Romark Laboratories L.C.,Industry,Lead
1416,Erasmus Medical Center,Other,Lead
1416,Leiden University Medical Center,Other,Collaborator
1416,VU University Medical Center,Other,Collaborator
1416,Dutch Society of Physicians for Pulmonology and Tuberculosis,Other,Collaborator
1417,"Tuberculosis Research Centre, India",Other,Lead
1417,National Institutes of Health (NIH),NIH,Collaborator
1418,Marinomed Biotech AG,Industry,Lead
1419,Aljazeera Hospital,Other,Lead
1420,"Heinrich-Heine University, Duesseldorf",Other,Lead
1420,Dr. Wetzchewald,Other,Collaborator
1421,Hannover Medical School,Other,Lead
1421,"Medical Clinic V Nephrology, Academic Teaching Hospital Brunswick",Other,Collaborator
1422,"Black Tie Medical, Inc.",Industry,Lead
1422,"Robert W. Alexander, MD",Other,Collaborator
1423,Massachusetts General Hospital,Other,Lead
1423,"National Heart, Lung, and Blood Institute (NHLBI)",NIH,Collaborator
1424,Edesa Biotech Inc.,Industry,Lead
1424,JSS Medical Research Inc.,Other,Collaborator
1425,ClinAmygate,Other,Lead
1426,"Sorrento Therapeutics, Inc.",Industry,Lead
1427,Centre de Recherche de l'Institut Universitaire de Cardiologie et de Pneumologie de Quebec,Other,Lead
1427,Celgene,Industry,Collaborator
1427,Bristol-Myers Squibb,Other,Collaborator
1427,"Institut universitaire de cardiologie et de pneumologie de Québec, University Laval",Other,Collaborator
1428,King's College London,Other,Lead
1428,Zoe Global Limited,Other,Collaborator
1428,Massachusetts General Hospital,Other,Collaborator
1428,Harvard School of Public Health,Other,Collaborator
1428,Stanford University,Other,Collaborator
1429,"ClinOne, Inc.",Industry,Lead
1429,"BioIntelliSense, Inc",Other,Collaborator
1429,"Phillips North America, LLC",U.S. Fed,Collaborator
1429,"University of Colorado, Denver",Other,Collaborator
1429,United States Department of Defense,Other,Collaborator
1430,Hong Kong Baptist University,Other,Lead
1430,The University of Hong Kong,Other,Collaborator
1430,Chinese University of Hong Kong,Other,Collaborator
1431,Advocate Health Care,Other,Lead
1431,Terika Richardson- President's Fund,Other,Collaborator
1431,Medical Staff Fund- Dr. John Ruge,Other,Collaborator
1431,Advocate Foundation- Ally Regnier and Chrisy Santos,Other,Collaborator
1432,Soroka University Medical Center,Other,Lead
1433,CRG UZ Brussel,Other,Lead
1434,Janssen Vaccines & Prevention B.V.,Industry,Lead
1435,Hamad Medical Corporation,Industry,Lead
1436,Biosearch S.A.,Industry,Lead
1437,Miami Cardiac and Vascular Institute,Other,Lead
1437,"University of California, Los Angeles",Other,Collaborator
1438,Tabula Rasa HealthCare,Industry,Lead
1439,Laval University,Other,Lead
1439,Réseau-1 Québec,Other,Collaborator
1439,Réseau de recherche en santé des populations du Québec,Other,Collaborator
1440,"Sorrento Therapeutics, Inc.",Industry,Lead
1441,National Institute of Allergy and Infectious Diseases (NIAID),NIH,Lead
1441,University of Washington,Other,Collaborator
1441,Implicit Bioscience,Industry,Collaborator
1441,Vanderbilt University Medical Center,Other,Collaborator
1441,PPD,Other,Collaborator
1442,"Institute of Biotechnology, Academy of Military Medical Sciences, PLA of China",Other,Lead
1442,Zhongnan Hospital,Other,Collaborator
1443,F.D. Roosevelt Teaching Hospital with Policlinic Banska Bystrica,Other,Lead
1444,Centre Hospitalier de PAU,Other,Lead
1445,Assistance Publique - Hôpitaux de Paris,Other,Lead
1446,Tufts Medical Center,Other,Lead
1446,Northwell Health,Other,Collaborator
1446,Erasmus Medical Center,Other,Collaborator
1447,National and Kapodistrian University of Athens,Other,Lead
1448,"University Health Network, Toronto",Other,Lead
1448,Serum Institute of India Pvt. Ltd.,Industry,Collaborator
1448,Max Planck Institute for Infection Biology,Other,Collaborator
1448,Verity Pharmaceuticals,Other,Collaborator
1449,Azienda Ospedaliera Universitaria Policlinico Paolo Giaccone Palermo,Other,Lead
1449,"Azienda Ospedaliera, Universitaria Policlinico Vittorio Emanuele",Other,Collaborator
1450,Hellenic Institute for the Study of Sepsis,Other,Lead
1451,Restorbio Inc.,Industry,Lead
1451,National Institute on Aging (NIA),NIH,Collaborator
1452,Current Health,Industry,Lead
1452,Biomedical Advanced Research and Development Authority,U.S. Fed,Collaborator
1453,"University Hospital, Akershus",Other,Lead
1454,SigmaDrugs Research Ltd.,Industry,Lead
1455,Institut Pasteur,Industry,Lead
1455,Institut Pasteur de la Guyane,Other,Collaborator
1455,Centre Hospitalier Andrée Rosemon de Cayenne,Other,Collaborator
1455,Institut Pasteur de la Guadeloupe,Other,Collaborator
1455,Centre Hospitalier de la Guadeloupe,Other,Collaborator
1455,Institut Pasteur de Nouvelle-Calédonie,Other,Collaborator
1455,Centre Hospitalier Territorial de Nouvelle Calédonie,Other,Collaborator
1456,Mayo Clinic,Other,Lead
1457,Takis,Industry,Lead
1457,Rottapharm Biotech,Other,Collaborator
1458,Murielle Surquin,Other,Lead
1458,Brugmann University Hospital,Other,Collaborator
1459,"NeuroRx, Inc.",Industry,Lead
1459,"Lavin Consulting, LLC",Other,Collaborator
1460,Imperial College London,Other,Lead
1460,Imperial College Healthcare NHS Trust,Other,Collaborator
1460,Chelsea and Westminster Hospital NHS Foundation Trust,Other,Collaborator
1460,LONDON NORTH WEST UNIVERSITY HEALTHCARE NHS TRUST,Other,Collaborator
1461,European University at St. Petersburg,Other,Lead
1462,"ANRS, Emerging Infectious Diseases",Other,Lead
1462,"Institut National de la Santé Et de la Recherche Médicale, France",Other,Collaborator
1463,Columbia University,Other,Lead
1464,Lomonosov Moscow State University Medical Research and Educational Center,Other,Lead
1465,"University Hospital, Strasbourg, France",Other,Lead
1466,Molecular Partners AG,Industry,Lead
1466,Novartis Pharmaceuticals,Other,Collaborator
1466,Iqvia Pty Ltd,Other,Collaborator
1466,Datamap,Other,Collaborator
1466,SYNLAB Analytics & Services Switzerland AG,Other,Collaborator
1466,Q2 Solutions,Other,Collaborator
1467,"Profact, Inc.",Other,Lead
1468,Cairo University,Other,Lead
1469,Chinese Academy of Medical Sciences,Other,Lead
1469,West China Second University Hospital,Other,Collaborator
1469,Yunnan Center for Disease Control and Prevention,Other,Collaborator
1470,"University of Wisconsin, Madison",Other,Lead
1471,Stem Cells Arabia,Other,Lead
1472,"Partner Therapeutics, Inc.",Industry,Lead
1472,United States Department of Defense,U.S. Fed,Collaborator
1473,Hope Biosciences,Industry,Lead
1473,Hope Biosciences Stem Cell Research Foundation,Other,Collaborator
1474,National Institute of Allergy and Infectious Diseases (NIAID),NIH,Lead
1474,Benaroya Research Institute,Other,Collaborator
1474,Boston Children's Hospital,Other,Collaborator
1475,"St George's, University of London",Other,Lead
1476,University of Glasgow,Other,Lead
1476,Golden Jubilee National Hospital,Other,Collaborator
1477,Evangelismos Hospital,Other,Lead
1478,"Services Institute of Medical Sciences, Pakistan",Other,Lead
1479,"University Hospital, Strasbourg, France",Other,Lead
1480,Istituto Scientifico Romagnolo per lo Studio e la cura dei Tumori,Other,Lead
1480,AUSL Romagna,Other,Collaborator
1481,Aerogen Pharma Limited,Industry,Lead
1481,Ohio State University,Other,Collaborator
1482,"University Hospital Inselspital, Berne",Other,Lead
1482,ETH Zurich,Other,Collaborator
1483,Hospital Universitario San Ignacio,Other,Lead
1483,Pontificia Universidad Javeriana,Other,Collaborator
1484,M.D. Anderson Cancer Center,Other,Lead
1484,National Cancer Institute (NCI),NIH,Collaborator
1485,Haukeland University Hospital,Other,Lead
1486,Xinqiao Hospital of Chongqing,Other,Lead
1487,Universitätsklinikum Hamburg-Eppendorf,Other,Lead
1487,Altona Children's Hospital,Other,Collaborator
1487,Wilhelmstift Children´s Hospital,Other,Collaborator
1487,Helios Mariahilf Klinik Hamburg,Other,Collaborator
1487,Asklepios Klinik Nord - Heidberg,Other,Collaborator
1488,Seqirus,Industry,Lead
1489,Kirby Institute,Other,Lead
1489,"University of Witwatersrand, South Africa",Industry,Collaborator
1489,University of Liverpool,Other,Collaborator
1489,Université Montpellier,Other,Collaborator
1489,UNITAID,Other,Collaborator
1489,ViiV Healthcare,Other,Collaborator
1490,Hospital del Río Hortega,Other,Lead
1491,"Cytocom, Inc.",Industry,Lead
1492,University of Manitoba,Other,Lead
1492,Function Four Ltd.,Other,Collaborator
1493,Johns Hopkins University,Other,Lead
1493,Eiger BioPharmaceuticals,Industry,Collaborator
1494,Ottawa Hospital Research Institute,Other,Lead
1494,Climate Foundation,Other,Collaborator
1495,Glasgow Royal Infirmary,Other,Lead
1496,HCA International Limited,Other,Lead
1497,Henry M. Jackson Foundation for the Advancement of Military Medicine,Other,Lead
1497,Harvard Medical School,U.S. Fed,Collaborator
1497,Uniformed Services University of the Health Sciences,Other,Collaborator
1497,United States Department of Defense,Other,Collaborator
1497,"Immunization HealthCare Division, Defense Health Agency",Other,Collaborator
1498,Instituto Nacional de Ciencias Medicas y Nutricion Salvador Zubiran,Other,Lead
1498,Hospital San Jose Tec de Monterrey,Other,Collaborator
1498,Instituto Nacional de Enfermedades Respiratorias,Other,Collaborator
1498,Instituto Nacional de Cardiologia Ignacio Chavez,Other,Collaborator
1498,Hospital General Dr. Manuel Gea González,Other,Collaborator
1498,Hospital Regional de Alta Especialidad del Bajio,Other,Collaborator
1498,Instituto Nacional de Cancerologia de Mexico,Other,Collaborator
1499,Fundació Institut de Recerca de l'Hospital de la Santa Creu i Sant Pau,Other,Lead
1500,"University Hospital, Toulouse",Other,Lead
1501,Direction Centrale du Service de Santé des Armées,Other,Lead
1502,Sohaib Ashraf,Other,Lead
1502,Sheikh Zayed Federal Postgraduate Medical Institute,Other,Collaborator
1503,Hackensack Meridian Health,Other,Lead
1504,University of New Mexico,Other,Lead
1505,Azienda Ospedaliera Città della Salute e della Scienza di Torino,Other,Lead
1505,"University of Turin, Italy",Other,Collaborator
1506,R-Pharm,Industry,Lead
1506,AstraZeneca,Other,Collaborator
1506,The Russian Direct Investment Fund (RFIF),Other,Collaborator
1506,The Gamaleya National Center of Epidemiology & Microbiology,Other,Collaborator
1507,Dr. Md. Alimur Reza,Industry,Lead
1507,Beximco Pharmaceuticals Ltd.,Other,Collaborator
1508,Gazi University,Other,Lead
1509,Heidelberg University,Other,Lead
1510,Mansoura University,Other,Lead
1511,Histogen,Industry,Lead
1512,Kanuni Sultan Suleyman Training and Research Hospital,Other,Lead
1513,Hacettepe University,Other,Lead
1514,Withings,Industry,Lead
1515,University of Crete,Other,Lead
1515,Galenica SA,Other,Collaborator
1515,Olvos Science SA,Other,Collaborator
1516,"University College, London",Other,Lead
1517,Assistance Publique - Hôpitaux de Paris,Other,Lead
1518,"University Hospital, Strasbourg, France",Other,Lead
1519,GAAD Medical Research Institute Inc.,Other,Lead
1520,"University College, London",Other,Lead
1521,Tameside General Hospital,Other,Lead
1522,Lahore General Hospital,Other,Lead
1523,Kanuni Sultan Suleyman Training and Research Hospital,Other,Lead
1524,Hospital Italiano de Buenos Aires,Other,Lead
1524,Hospital de Niños R. Gutierrez de Buenos Aires,Other,Collaborator
1524,Salud Comunitaria Ministerio de Salud GCBA,Other,Collaborator
1525,Academisch Medisch Centrum - Universiteit van Amsterdam (AMC-UvA),Other,Lead
1526,Wits Health Consortium (Pty) Ltd,Other,Lead
1526,National Department of Health of South Africa,Industry,Collaborator
1526,"National Institute for Communicable Diseases, South Africa",Other,Collaborator
1526,KwaZulu-Natal Research Innovation and Sequencing Platform - KRISP,Other,Collaborator
1526,Fred Hutchinson Cancer Research Center,Other,Collaborator
1526,Hutchinson Center Research Institute of South Africa (HCRISA),Other,Collaborator
1526,Janssen Vaccines & Prevention B.V.,Other,Collaborator
1526,Bio Analytical Research Corporation,Other,Collaborator
1526,Dis-Chem Pharmacy,Other,Collaborator
1527,The Christie NHS Foundation Trust,Other,Lead
1527,Manchester University NHS Foundation Trust,Other,Collaborator
1527,Aptus Clinical Ltd.,Other,Collaborator
1527,Zenzium Ltd.,Other,Collaborator
1528,"University Hospital, Strasbourg, France",Other,Lead
1529,Shahid Beheshti University of Medical Sciences,Other,Lead
1530,Mekelle University,Other,Lead
1530,Ethiopian Public Health Institute,Other,Collaborator
1530,Liverpool School of Tropical Medicine,Other,Collaborator
1530,Academisch Medisch Centrum - Universiteit van Amsterdam (AMC-UvA),Other,Collaborator
1531,Lahore General Hospital,Other,Lead
1532,University Medical Center Groningen,Other,Lead
1533,Hospices Civils de Lyon,Other,Lead
1534,Lund University,Other,Lead
1534,Region Skane,Other,Collaborator
1535,Selcuk University,Other,Lead
1536,University of Louisville,Other,Lead
1536,Procter and Gamble,Industry,Collaborator
1537,Ankara University,Other,Lead
1538,"Queen's University, Belfast",Other,Lead
1538,Belfast Health and Social Care Trust,Other,Collaborator
1539,Amgen,Industry,Lead
1540,Hospital Italiano de Buenos Aires,Other,Lead
1541,Brigham and Women's Hospital,Other,Lead
1541,Bristol-Myers Squibb,Industry,Collaborator
1541,"University of Colorado, Denver",Other,Collaborator
1541,Anne Arundel Medical Center,Other,Collaborator
1541,Beth Israel Deaconess Medical Center,Other,Collaborator
1541,Jefferson Medical College of Thomas Jefferson University,Other,Collaborator
1542,University of Rostock,Other,Lead
1542,Ludwig-Maximilians - University of Munich,Other,Collaborator
1542,"University College, London",Other,Collaborator
1543,The University of Hong Kong,Other,Lead
1544,Xi'an International Medical Center Hospital,Other,Lead
1545,Butantan Institute,Other,Lead
1546,Yale University,Other,Lead
1547,Teodoro Marcianò,Other,Lead
1547,Azienda Unità Sanitaria Locale di Piacenza,Other,Collaborator
1548,"University Hospital, Strasbourg, France",Other,Lead
1549,Fundación para el Fomento de la Investigación Sanitaria y Biomédica de la Comunitat Valenciana,Other,Lead
1549,Hospital Universitario Fundación Jiménez Díaz,Industry,Collaborator
1549,Hospital Universitario General de Villalba,Other,Collaborator
1549,Hospital Universitario Infanta Elena,Other,Collaborator
1549,Hospital Universitario Virgen de la Arrixaca,Other,Collaborator
1549,Hospital Clínico Universitario de Valencia,Other,Collaborator
1549,Dentaid SL,Other,Collaborator
1550,Lahore General Hospital,Other,Lead
1551,Azienda Usl di Bologna,Other,Lead
1551,Lorenzo Gamberini,Other,Collaborator
1552,Assiut University,Other,Lead
1553,Stanford University,Other,Lead
1554,Ain Shams University,Other,Lead
1555,"University Hospital, Toulouse",Other,Lead
1556,Datar Cancer Genetics Limited,Industry,Lead
1556,Test At Home Pte. Ltd,Other,Collaborator
1556,"National University, Singapore",Other,Collaborator
1557,Pierre Yves MARIE,Other,Lead
1557,"Central Hospital, Nancy, France",Other,Collaborator
1558,Instituto Nacional de Ciencias Medicas y Nutricion Salvador Zubiran,Other,Lead
1558,Instituto Nacional de Medicina Genomica,Other,Collaborator
1559,Instituto Nacional de Ciencias Medicas y Nutricion Salvador Zubiran,Other,Lead
1560,Federico II University,Other,Lead
1561,University of Nottingham,Other,Lead
1562,Octapharma,Industry,Lead
1563,University of Portsmouth,Other,Lead
1563,Portsmouth Hospitals NHS Trust,Other,Collaborator
1563,University of Reading,Other,Collaborator
1564,King Fahad Specialist Hospital Dammam,Other,Lead
1565,Duke University,Other,Lead
1566,Assiut University,Other,Lead
1566,Helwan University,Other,Collaborator
1567,Kyrgyz State Medical Academy,Other,Lead
1567,The University of Edinburgh,Other,Collaborator
1567,International Medical University,Other,Collaborator
1568,"Children's Hospital Medical Center, Cincinnati",Other,Lead
1568,ExThera Medical Corporation,Industry,Collaborator
1569,South Valley University,Other,Lead
1570,University of Pennsylvania,Other,Lead
1570,"Benjamin S. Abella, MD, MPhil",Other,Collaborator
1570,"Marcelo Der Torossian Torres, Ph.D.",Other,Collaborator
1570,"Cesar De La Fuente, Ph.D.",Other,Collaborator
1571,Ludwig Boltzmann Institute for Lung Health,Other,Lead
1572,Ain Shams University,Other,Lead
1573,Hospices Civils de Lyon,Other,Lead
1573,Eurobio Scientific,Other,Collaborator
1574,University of Kansas Medical Center,Other,Lead
1575,Vanderbilt University Medical Center,Other,Lead
1576,University of Illinois at Chicago,Other,Lead
1577,Poitiers University Hospital,Other,Lead
1578,Assistance Publique - Hôpitaux de Paris,Other,Lead
1578,GIS EPI-PHARE,Other,Collaborator
1579,Iqvia Pty Ltd,Industry,Lead
1580,Universidad de Antioquia,Other,Lead
1581,Centre de Recherches et d'Etude sur la Pathologie Tropicale et le Sida,Other,Lead
1582,"Austral University, Argentina",Other,Lead
1583,Abderrahmane Mami Hospital,Other,Lead
1583,Eshmoun Clinical Research Centre,Other,Collaborator
1583,Dacima Consulting,Other,Collaborator
1584,"Humanitas Hospital, Italy",Other,Lead
1584,Centro Cardiologico Monzino,Other,Collaborator
1584,IRCCS Policlinico S. Donato,Other,Collaborator
1584,Istituti Clinici Scientifici Maugeri SpA,Other,Collaborator
1584,Istituto Auxologico Italiano,Other,Collaborator
1585,Cairo University,Other,Lead
1586,Radboud University,Other,Lead
1587,Hospital de Mataró,Other,Lead
1587,Centro Investigación Biomédica en Red de Enfermedades Hepáticas Digestivas,Other,Collaborator
1588,Mayo Clinic,Other,Lead
1589,University of Texas at Austin,Other,Lead
1590,M Abdur Rahim Medical College and Hospital,Other,Lead
1590,First affiliated Hospital Xi'an Jiaoting University,Other,Collaborator
1591,Beni-Suef University,Other,Lead
1591,"Maternity and Children Hospital, Makkah",Other,Collaborator
1591,"Department of clinical pharmacy, faculty of pharmacy, Beni-suef univeristy",Other,Collaborator
1591,University of Arizona,Other,Collaborator
1591,"College of Pharmacy,Department of Pharmacy Practice,University of Arizona",Other,Collaborator
1592,Eli Lilly and Company,Industry,Lead
1592,AbCellera Biologics Inc.,Other,Collaborator
1592,"Shanghai Junshi Bioscience Co., Ltd.",Other,Collaborator
1593,"Evergreen Therapeutics, Inc.",Industry,Lead
1594,Groupe Hospitalier Paris Saint Joseph,Other,Lead
1595,Diskapi Yildirim Beyazit Education and Research Hospital,Other,Lead
1596,"Southeast University, China",Other,Lead
1597,"Charite University, Berlin, Germany",Other,Lead
1597,Allergan,Industry,Collaborator
1598,"Jiangsu Rec-Biotechnology Co., Ltd.",Industry,Lead
1599,"University Hospital, Clermont-Ferrand",Other,Lead
1599,Agence de La Biomédecine,Other,Collaborator
1600,Beijing Tsinghua Chang Gung Hospital,Other,Lead
1600,Institute for precision medicine of Tsinghua University,Other,Collaborator
1600,Institute for artificial intelligent of Tsinghua University,Other,Collaborator
1600,Chinese Medical Doctor Association,Other,Collaborator
1600,Institute for network behavior of Tsinghua University,Other,Collaborator
1600,school of clinical medicine of Tsinghua University,Other,Collaborator
1601,Tanta University,Other,Lead
1602,Lahore General Hospital,Other,Lead
1603,"Saint Petersburg State University, Russia",Other,Lead
1604,Daewoong Pharmaceutical Co. LTD.,Industry,Lead
1605,Capricor Inc.,Industry,Lead
1606,Icahn School of Medicine at Mount Sinai,Other,Lead
1606,Itamar Medical LTD,Industry,Collaborator
1606,"Community Surgical Supply of Toms River, Inc",Other,Collaborator
1606,Philips Healthcare,Other,Collaborator
1607,Assistance Publique - Hôpitaux de Paris,Other,Lead
1608,University of Minnesota,Other,Lead
1608,National Institutes of Health (NIH),NIH,Collaborator
1608,National Institute of Allergy and Infectious Diseases (NIAID),Other,Collaborator
1609,Northwell Health,Other,Lead
1610,"Federal State Budgetary Institution, V. A. Almazov Federal North-West Medical Research Centre, of the Ministry of Health",Other,Lead
1611,South Valley University,Other,Lead
1612,Ain Shams University,Other,Lead
1613,"Steward St. Elizabeth's Medical Center of Boston, Inc.",Other,Lead
1614,State University of New York at Buffalo,Other,Lead
1614,National Center for Advancing Translational Science (NCATS),NIH,Collaborator
1615,Shanghai 10th People's Hospital,Other,Lead
1615,"Chibi People's Hospital, Hubei Province",Other,Collaborator
1616,Darcy Spicer,Other,Lead
1616,University of Southern California,Other,Collaborator
1617,Valentin Fuster,Other,Lead
1617,Icahn School of Medicine at Mount Sinai,Other,Collaborator
1618,Hoffmann-La Roche,Industry,Lead
1618,"Atea Pharmaceuticals, Inc.",Other,Collaborator
1619,Corpometria Institute,Other,Lead
1620,Szeged University,Other,Lead
1621,Universidad de Granada,Other,Lead
1622,"University Hospital, Angers",Other,Lead
1623,Saglik Bilimleri Universitesi Gazi Yasargil Training and Research Hospital,Other,Lead
1624,Fundacion SEIMC-GESIDA,Other,Lead
1624,Roche Pharma AG,Industry,Collaborator
1624,Dynamic Science S.L.,Other,Collaborator
1625,Universidad Autonoma de Madrid,Other,Lead
1626,Melaka Manipal Medical College,Other,Lead
1627,Janssen Vaccines & Prevention B.V.,Industry,Lead
1628,Oncotelic Inc.,Industry,Lead
1628,Mateon Therapeutics,Other,Collaborator
1629,Assistance Publique - Hôpitaux de Paris,Other,Lead
1630,Qassim University,Other,Lead
1631,University of Milano Bicocca,Other,Lead
1632,Atlantic Health System,Other,Lead
1633,Weill Medical College of Cornell University,Other,Lead
1634,Benha University,Other,Lead
1634,Tanta University,Other,Collaborator
1634,Cairo University,Other,Collaborator
1635,Grupo Rescue S.A.S República Dominicana,Other,Lead
1636,Hospital de la Soledad,Other,Lead
1636,Microclinic International,Other,Collaborator
1637,Cairo University,Other,Lead
1638,"David T. Huang, MD, MPH",Other,Lead
1638,University of Pittsburgh Medical Center,Other,Collaborator
1638,Berry Consultants,Other,Collaborator
1638,University of Pittsburgh,Other,Collaborator
1639,Assistance Publique - Hôpitaux de Paris,Other,Lead
1640,"Promomed, LLC",Other,Lead
1641,University of Virginia,Other,Lead
1642,Oslo University Hospital,Other,Lead
1642,European Organisation for Research and Treatment of Cancer - EORTC,Other,Collaborator
1642,Medical University Innsbruck,Other,Collaborator
1642,Johannes Gutenberg University Mainz,Other,Collaborator
1642,Servicio de Navarro de Salud,Other,Collaborator
1642,University of Southampton,Other,Collaborator
1642,Skane University Hospital,Other,Collaborator
1642,Haukeland University Hospital,Other,Collaborator
1642,University of the East Ramon Magsaysay Memorial Medical Center,Other,Collaborator
1642,Sumandeep Vidyapeeth,Other,Collaborator
1642,Birzeit University,Other,Collaborator
1642,National Centre for Infectious Diseases,Other,Collaborator
1642,Komfo Anokye Teaching Hospital,Other,Collaborator
1643,ScandiBio Therapeutics AB,Industry,Lead
1643,Istanbul Medipol University Hospital,Other,Collaborator
1643,Istanbul Umraniye Training and Research Hospital,Other,Collaborator
1643,Bakirkoy Dr. Sadi Konuk Research and Training Hospital,Other,Collaborator
1643,Dr. Lutfi Kirdar Kartal Training and Research Hospital,Other,Collaborator
1643,Bagcilar Training and Research Hospital,Other,Collaborator
1643,Kanuni Sultan Suleyman Training and Research Hospital,Other,Collaborator
1643,Alanya Alaaddin Keykubat University Alanya Training and Research Hospital,Other,Collaborator
1643,Canakkale 18 Mart University Health Research and Application Hospital,Other,Collaborator
1643,Monitor CRO,Other,Collaborator
1644,Meharry Medical College,Other,Lead
1644,St. Jude Children's Research Hospital,Other,Collaborator
1645,Cairo University,Other,Lead
1646,"University Hospital, Angers",Other,Lead
1647,Klinikum Bayreuth GmbH,Industry,Lead
1648,Increase-Tech,Other,Lead
1648,Hospital Clínico Universitario de Valladolid,Other,Collaborator
1648,University of Valladolid,Other,Collaborator
1648,Sanidad de Castilla y León,Other,Collaborator
1649,Hospices Civils de Lyon,Other,Lead
1650,"Centre Hospitalier Universitaire, Amiens",Other,Lead
1651,Fulcrum Therapeutics,Industry,Lead
1652,"University Hospital, Lille",Other,Lead
1653,Al-Azhar University,Other,Lead
1654,"Oxford University Clinical Research Unit, Vietnam",Other,Lead
1654,"Ministry of Health, Vietnam",Other,Collaborator
1654,"Hospital for Tropical Diseases, Ho Chi Minh City, Vietnam",Other,Collaborator
1654,"Cu Chi COVID Hospital, Vietnam",Other,Collaborator
1654,"Can Gio COVID Hospital, Vietnam",Other,Collaborator
1654,Cho Ray Hospital,Other,Collaborator
1654,"National Hospital for Tropical Diseases, Hanoi, Vietnam",Other,Collaborator
1654,"Department of Health, Ho Chi Minh city",Other,Collaborator
1655,Herlev Hospital,Other,Lead
1655,Nordsjaellands Hospital,Other,Collaborator
1655,Hvidovre University Hospital,Other,Collaborator
1655,"Rigshospitalet, Denmark",Other,Collaborator
1655,"Mental Health Services in the Capital Region, Denmark",Other,Collaborator
1655,University Hospital Bispebjerg and Frederiksberg,Other,Collaborator
1656,"The Herb, Inc",Industry,Lead
1656,ProRelix Services LLP,Other,Collaborator
1657,University of Washington,Other,Lead
1657,Bill and Melinda Gates Foundation,Other,Collaborator
1658,University of Oklahoma,Other,Lead
1659,"Institute of Technology, Carlow",Other,Lead
1660,Afyonkarahisar Health Sciences University,Other,Lead
1660,NeuTec Pharma,Industry,Collaborator
1661,Hospital Alemão Oswaldo Cruz,Other,Lead
1661,Bayer,Industry,Collaborator
1661,Hospital Israelita Albert Einstein,Other,Collaborator
1661,Hospital do Coracao,Other,Collaborator
1661,Hospital Sirio-Libanes,Other,Collaborator
1661,Hospital Moinhos de Vento,Other,Collaborator
1661,Brazilian Research In Intensive Care Network,Other,Collaborator
1661,Brazilian Clinical Research Institute,Other,Collaborator
1662,Thomas Jefferson University,Other,Lead
1662,Tevogen Bio Inc,Other,Collaborator
1663,University Hospital Augsburg,Other,Lead
1664,WellStar Health System,Other,Lead
1665,Estudios Clínicos Latino América,Other,Lead
1665,Amarin Pharma Inc.,Industry,Collaborator
1666,University of Pennsylvania,Other,Lead
1666,"University of California, Davis",Other,Collaborator
1666,"University of California, San Francisco",Other,Collaborator
1666,"University of California, Berkeley",Other,Collaborator
1667,Istanbul Training and Research Hospital,Other,Lead
1668,Inmunotek S.L.,Industry,Lead
1669,AUSL Romagna Rimini,Other,Lead
1670,Hakeam Abdulaziz Hakeam,Other,Lead
1670,Buraidah Central Hospital,Other,Collaborator
1670,King Khalid University Hospital,Other,Collaborator
1670,Princess Nourah Bint Abdulrahman University,Other,Collaborator
1670,King Faisal Specialist Hospital & Research Center,Other,Collaborator
1671,Tepecik Training and Research Hospital,Other,Lead
1672,Mohammad Sadegh Bagheri Baghdasht,Other,Lead
1672,Baqiyatallah Medical Sciences University,Other,Collaborator
1673,Misr International University,Other,Lead
1674,Academisch Medisch Centrum - Universiteit van Amsterdam (AMC-UvA),Other,Lead
1674,University of Bari Aldo Moro,Other,Collaborator
1674,Mahidol University,Other,Collaborator
1674,Universitair Ziekenhuis Brussel,Other,Collaborator
1674,Chonburi Hospital,Other,Collaborator
1675,Mersin Training and Research Hospital,Other,Lead
1675,Mersin University,Other,Collaborator
1675,Dicle University,Other,Collaborator
1675,Bezmialem Vakif University,Other,Collaborator
1675,Uludag University,Other,Collaborator
1676,"Clear Creek Bio, Inc.",Industry,Lead
1677,Renmin Hospital of Wuhan University,Other,Lead
1677,"Beijing SH Bio-Tech Corporation, Beijing (CN)",Other,Collaborator
1677,"Utooth Biological Technology Co., Ltd. Hubei (CN)",Other,Collaborator
1678,Gilead Sciences,Industry,Lead
1679,"University Hospital, Clermont-Ferrand",Other,Lead
1680,Sorveglianza Epidemiologica Infezioni Fungine Emopatie Maligne,Other,Lead
1680,European Hematology Association,Other,Collaborator
1681,Jiangsu Province Centers for Disease Control and Prevention,Other,Lead
1681,Academy of Military Medical Sciences，Academy of Military Sciences，PLA,Other,Collaborator
1681,"ZHONGYIANKE Biotech Co, Ltd.",Other,Collaborator
1681,"LIAONINGMAOKANGYUAN Biotech Co, Ltd",Other,Collaborator
1682,Scandinavian Critical Care Trials Group,Other,Lead
1682,"Rigshospitalet, Denmark",Other,Collaborator
1682,"Copenhagen Trial Unit, Center for Clinical Intervention Research",Other,Collaborator
1682,University of Copenhagen,Other,Collaborator
1682,Aarhus University Hospital,Other,Collaborator
1683,University Hospital Tuebingen,Other,Lead
1684,Sanford Health,Other,Lead
1685,Aga Khan University,Other,Lead
1686,CSL Behring,Industry,Lead
1687,Stanford University,Other,Lead
1688,The TIMI Study Group,Other,Lead
1689,Xiyuan Hospital of China Academy of Chinese Medical Sciences,Other,Lead
1690,"Rutgers, The State University of New Jersey",Other,Lead
1690,Boehringer Ingelheim,Industry,Collaborator
1691,Medsavana,Other,Lead
1691,Castilla-La Mancha Health Service,Other,Collaborator
1692,"CMN ""20 de Noviembre""",Other,Lead
1693,"Sky Medical Supplies & Equipments, LLC",Industry,Lead
1694,Maastricht University,Other,Lead
1694,Hersenstichting,Other,Collaborator
1694,Academisch Medisch Centrum - Universiteit van Amsterdam (AMC-UvA),Other,Collaborator
1694,UMC Utrecht,Other,Collaborator
1695,"ImmunityBio, Inc.",Industry,Lead
1696,Cairo University,Other,Lead
1697,Universitätsklinikum Hamburg-Eppendorf,Other,Lead
1698,Centre Hospitalier Universitaire de Nice,Other,Lead
1699,Massachusetts General Hospital,Other,Lead
1700,HonorHealth Research Institute,Other,Lead
1701,University of Vienna,Other,Lead
1702,NYU Langone Health,Other,Lead
1703,Erasmus Medical Center,Other,Lead
1703,Sanquin Plasma Products BV,Other,Collaborator
1704,Semey State Medical University,Other,Lead
1705,Mansoura University,Other,Lead
1706,Centre integre universitaire de sante et de services sociaux du Centre-Sud-de-l'Île-de-Montréal,Other,Lead
1706,Université de Montréal,Other,Collaborator
1707,"Renibus Therapeutics, Inc.",Industry,Lead
1708,FMH College of Medicine and Dentistry,Other,Lead
1709,"Institute of Liver and Biliary Sciences, India",Other,Lead
1710,Fondation Ophtalmologique Adolphe de Rothschild,Other,Lead
1711,Stanford University,Other,Lead
1712,Assiut University,Other,Lead
1713,"Sinovac Research and Development Co., Ltd.",Industry,Lead
1713,"Sinovac Biotech Co., Ltd",Other,Collaborator
1714,University of Cambridge,Other,Lead
1714,Cambridge University Hospitals NHS Foundation Trust,Other,Collaborator
1714,British Heart Foundation,Other,Collaborator
1714,Wellcome Trust,Other,Collaborator
1715,Molecular Partners AG,Industry,Lead
1716,King Khalid University,Other,Lead
1717,Wake Forest University Health Sciences,Other,Lead
1718,Gaziosmanpasa Research and Education Hospital,Other,Lead
1719,University of Miami,Other,Lead
1720,University Medicine Greifswald,Other,Lead
1721,Centre Hospitalier Intercommunal Creteil,Other,Lead
1722,Emanuela Keller,Other,Lead
1722,University of Zurich,Other,Collaborator
1723,"Ministry of Health, Saudi Arabia",Other,Lead
1724,"ImmunityBio, Inc.",Industry,Lead
1725,University of Minho,Other,Lead
1725,Universidad Loyola Andalucia,Other,Collaborator
1725,Catholic University of Croatia,Other,Collaborator
1725,University of Coimbra,Other,Collaborator
1726,Alexandria University,Other,Lead
1727,Nottingham University Hospitals NHS Trust,Other,Lead
1727,University Hospital of Wales,Other,Collaborator
1728,Centre Hospitalier Intercommunal de Toulon La Seyne sur Mer,Other,Lead
1729,Instituto de Investigación Marqués de Valdecilla,Other,Lead
1730,Kafrelsheikh University,Other,Lead
1731,ARCTEC,Industry,Lead
1731,Durham University,Other,Collaborator
1731,Cardiff University,Other,Collaborator
1731,Medical Detection Dogs,Other,Collaborator
1732,"Rigshospitalet, Denmark",Other,Lead
1732,Nordsjaellands Hospital,Other,Collaborator
1732,Hvidovre University Hospital,Other,Collaborator
1732,Herlev Hospital,Other,Collaborator
1732,Technical University of Denmark,Other,Collaborator
1733,Queen Mary University of London,Other,Lead
1733,King's College London,Other,Collaborator
1733,London School of Hygiene and Tropical Medicine,Other,Collaborator
1733,University of Edinburgh,Other,Collaborator
1733,Swansea University,Other,Collaborator
1733,"Queen's University, Belfast",Other,Collaborator
1733,Barts & The London NHS Trust,Other,Collaborator
1734,Benha University,Other,Lead
1735,Northwell Health,Other,Lead
1735,BioSymetrics,Other,Collaborator
1735,Feinstein Institute for Medical Research,Other,Collaborator
1736,King Abdullah International Medical Research Center,Other,Lead
1737,Universidade Federal do Rio de Janeiro,Other,Lead
1737,"Ministry of Science and Technology, Brazil",Other,Collaborator
1737,"National Research Council, Brazil",Other,Collaborator
1737,ATCGen,Other,Collaborator
1737,Complexo Hospitalar Municipal de São Caetano do Sul,Other,Collaborator
1737,Hospital de Transplante Doutor Euryclides de Jesus Zerbini,Other,Collaborator
1737,Secretaria Municipal de Saúde de Bauru,Other,Collaborator
1737,Santa Casa de Misericórdia de Sorocaba,Other,Collaborator
1737,Secretaria Municipal de Saúde de Guarulhos,Other,Collaborator
1737,Hospital e Maternidade Therezinha de Jesus,Other,Collaborator
1737,Secretaria de Estado de Saúde do Distrito Federal,Other,Collaborator
1738,Piazza della Vittoria 14 Studio Medico - Ginecologia e Ostetricia,Other,Lead
1739,"HaEmek Medical Center, Israel",Other,Lead
1740,Washington University School of Medicine,Other,Lead
1740,"Verastem, Inc.",Industry,Collaborator
1741,Instituto de Investigación Hospital Universitario La Paz,Other,Lead
1741,Hospital Universitario La Paz,Other,Collaborator
1742,"University College, London",Other,Lead
1743,South Valley University,Other,Lead
1744,"Ravi Amaravadi, MD",Other,Lead
1744,University of Pennsylvania,Other,Collaborator
1745,University of Milano Bicocca,Other,Lead
1746,Instituto de Investigación Sanitaria de la Fundación Jiménez Díaz,Other,Lead
1747,"University Hospital, Lille",Other,Lead
1747,FAI²R (Auto-immune and auto-inflammatory rare diseases French network),Other,Collaborator
1748,Hacettepe University,Other,Lead
1749,Dhaka Medical College,Other,Lead
1750,"University Hospital, Bordeaux",Other,Lead
1751,University of Aberdeen,Other,Lead
1752,Parkview Medical Center,Other,Lead
1753,Prince of Songkla University,Other,Lead
1754,AstraZeneca,Industry,Lead
1754,Iqvia Pty Ltd,Other,Collaborator
1754,Covance,Other,Collaborator
1755,Nantes University Hospital,Other,Lead
1755,"National Research Agency, France",Other,Collaborator
1756,Azienda Socio Sanitaria Territoriale degli Spedali Civili di Brescia,Other,Lead
1757,Neuromed IRCCS,Other,Lead
1758,Assistance Publique - Hôpitaux de Paris,Other,Lead
1758,Association Française pour l'Etude du Foie (AFEF),Other,Collaborator
1759,Maimónides Biomedical Research Institute of Córdoba,Other,Lead
1760,Regeneron Pharmaceuticals,Industry,Lead
1760,Sanofi,Other,Collaborator
1761,Nepal Health Research Council,Other,Lead
1762,"Upazila Health & Family Planning Officer's (UHFPO) Office, Chakoria, Cox's Bazar",Other,Lead
1763,"University Hospital, Strasbourg, France",Other,Lead
1764,Washington University School of Medicine,Other,Lead
1764,NeoImmune Tech,Other,Collaborator
1765,Saint Luke's Health System,Other,Lead
1765,Saint Luke's Hospital of Kansas City,Industry,Collaborator
1765,AstraZeneca,Other,Collaborator
1765,George Clinical Pty Ltd,Other,Collaborator
1766,University of Toledo Health Science Campus,Other,Lead
1767,Gilead Sciences,Industry,Lead
1768,Assiut University,Other,Lead
1769,University of Sargodha,Other,Lead
1769,"Shanghai General Hospital, Shanghai Jiao Tong University School of Medicine",Other,Collaborator
1769,Shaukat Khanum Memorial Cancer Hospital & Research Centre,Other,Collaborator
1769,Shanghai Jiao Tong University School of Medicine,Other,Collaborator
1769,Teesside University,Other,Collaborator
1770,"R-Pharm International, LLC",Industry,Lead
1770,Data Management 365 LLC,Other,Collaborator
1770,"K-Research, LLC",Other,Collaborator
1770,R-Pharm,Other,Collaborator
1771,"Illumina, Inc.",Industry,Lead
1771,"Helix OpCo, LLC",Other,Collaborator
1772,Tufts Medical Center,Other,Lead
1772,National Institutes of Health (NIH),NIH,Collaborator
1773,Health Ricerca e Sviluppo S.R.L.,Industry,Lead
1773,"Swami Vivekananda Yoga Anusandhana Samsthana, Bangaluru , India",Other,Collaborator
1773,"Yoga Experience Association,Cervia (Ra), Italy",Other,Collaborator
1773,"EJTN GEIE, Brussellese, Belgium",Other,Collaborator
1773,"Casa di Riposo e Ambulatorio Giardino St Lucia, Massa Lomabarda (Ra) Italy",Other,Collaborator
1773,"Halnet Srl, Faenza (Ra), Italy",Other,Collaborator
1774,Imperial College London,Other,Lead
1775,GeoSentinel Foundation,Other,Lead
1776,Universitaire Ziekenhuizen Leuven,Other,Lead
1777,University Hospitals Coventry and Warwickshire NHS Trust,Other,Lead
1777,Immunic AG,Industry,Collaborator
1777,University of Warwick,Other,Collaborator
1777,MODEPHARMA,Other,Collaborator
1778,Instituto Nacional de Perinatologia,Other,Lead
1778,Direccion General de Calidad y Educacion en Salud,Other,Collaborator
1778,Instituto Mexicano del Seguro Social,Other,Collaborator
1778,Hospital Regional de Alta Especialidad Juan Graham Tabasco,Other,Collaborator
1778,Hospital Dr. Ángel Leaño,Other,Collaborator
1778,"National Polytechnic Institute, Mexico",Other,Collaborator
1778,Universidad Juárez Autónoma de Tabasco,Other,Collaborator
1779,"University Hospital, Strasbourg, France",Other,Lead
1780,"Sorrento Therapeutics, Inc.",Industry,Lead
1781,French Cardiology Society,Other,Lead
1781,"Institut National de la Santé Et de la Recherche Médicale, France",Other,Collaborator
1782,"University Hospital, Geneva",Other,Lead
1783,University of Rome Tor Vergata,Other,Lead
1784,Ono Pharmaceutical Co. Ltd,Industry,Lead
1785,NYU Langone Health,Other,Lead
1786,Nantes University Hospital,Other,Lead
1787,Sir Mortimer B. Davis - Jewish General Hospital,Other,Lead
1788,Tongji Hospital,Other,Lead
1789,"Center for Primary Care and Public Health (Unisante), University of Lausanne, Switzerland",Other,Lead
1789,Centre Hospitalier Universitaire Vaudois,Other,Collaborator
1790,"Hospital San Juan de Dios, Santiago",Other,Lead
1791,"Translational Research Institute for Metabolism and Diabetes, Florida",Other,Lead
1792,Hospital Sao Domingos,Other,Lead
1793,Minia University,Other,Lead
1794,Northwell Health,Other,Lead
1795,Soniphi LLC,Industry,Lead
1795,UserWise,Other,Collaborator
1796,Assistance Publique Hopitaux De Marseille,Other,Lead
1797,Lucy Jones,Other,Lead
1797,Cardiff University,Other,Collaborator
1797,University of Oxford,Other,Collaborator
1797,Cwm Taf University Health Board (NHS),Other,Collaborator
1798,University of Birmingham,Other,Lead
1799,Montreal Heart Institute,Other,Lead
1799,Ingenew Pharmaceuticals Inc.,Other,Collaborator
1800,"Örebro University, Sweden",Other,Lead
1800,BioGaia AB,Industry,Collaborator
1801,Stanford University,Other,Lead
1802,Meir Medical Center,Other,Lead
1803,Kanuni Sultan Suleyman Training and Research Hospital,Other,Lead
1804,Maastricht University Medical Center,Other,Lead
1805,Centre Hospitalier Intercommunal Creteil,Other,Lead
1806,Assistance Publique - Hôpitaux de Paris,Other,Lead
1807,Dr. Jurjan Aman,Other,Lead
1807,Simbec Orion,Industry,Collaborator
1807,Exvastat Ltd.,Other,Collaborator
1807,KABS laboratories,Other,Collaborator
1807,VU University Medical Center,Other,Collaborator
1808,Sohaib Ashraf,Other,Lead
1808,Sheikh Zayed Federal Postgraduate Medical Institute,Other,Collaborator
1809,Emergent BioSolutions,Industry,Lead
1809,United States Department of Defense,U.S. Fed,Collaborator
1810,Ethiopian Public Health Institute,Other,Lead
1810,"Netherlands: Ministry of Health, Welfare and Sports",Other,Collaborator
1811,Alexandria University,Other,Lead
1811,"Science, Technology & Innovation Funding Authority (STIFA), Egypt",Other,Collaborator
1812,University Medicine Greifswald,Other,Lead
1812,"Ministry of Education, Science and Culture of the State of Mecklenburg-Vorpommern",Other,Collaborator
1812,"Ministry of Social Affairs, Integration and Equality of the State of Mecklenburg-Vorpommern",Other,Collaborator
1812,State Office for Health and Social Affairs of the State of Mecklenburg-Vorpommern,Other,Collaborator
1813,"University Hospital, Toulouse",Other,Lead
1814,Giuliano Rizzardini,Other,Lead
1814,ASST Fatebenefratelli Sacco,Other,Collaborator
1815,Hospital General de México Dr. Eduardo Liceaga,Other,Lead
1815,CCINSHAE. Secretaría de Salud. México,Other,Collaborator
1815,Instituto Nacional de Ciencias Medicas y Nutricion Salvador Zubiran,Other,Collaborator
1815,"Centro de Investigación en. Enfermedades Infecciosas, Mexico",Other,Collaborator
1816,"Fundación FLS de Lucha Contra el Sida, las Enfermedades Infecciosas y la Promoción de la Salud y la Ciencia",Other,Lead
1816,Dr. Bonaventura Clotet Sala,Other,Collaborator
1816,Dr. Josep Mª LLibre Codina,Other,Collaborator
1816,Dr. Boris Revollo Barriga,Other,Collaborator
1816,Dra. Lidia Ruiz Tabuenca,Other,Collaborator
1816,Dr. Ignacio Blanco Guillermo,Other,Collaborator
1816,Dra. Andrea Alemany Ortiz,Other,Collaborator
1816,Dr. Roger Paredes Deiros,Other,Collaborator
1817,"University Hospital, Strasbourg, France",Other,Lead
1818,Cairo University,Other,Lead
1819,ExThera Medical Europe BV,Industry,Lead
1819,ExThera Medical Corporation,Other,Collaborator
1820,Universita di Verona,Other,Lead
1820,Azienda Ospedaliera Universitaria Integrata Verona,Other,Collaborator
1821,University of Florence,Other,Lead
1821,Azienda Ospedaliero-Universitaria Careggi,Other,Collaborator
1822,"Invivoscribe, Inc.",Industry,Lead
1823,Hospital Ambroise Paré Paris,Other,Lead
1824,Assiut University,Other,Lead
1825,"Ensemble Group Holdings, LLC",Industry,Lead
1826,Cairo University,Other,Lead
1827,Lawson Health Research Institute,Other,Lead
1828,UMC Utrecht,Other,Lead
1829,National Eye Institute (NEI),NIH,Lead
1829,National Institutes of Health Clinical Center (CC),Other,Collaborator
1830,Poitiers University Hospital,Other,Lead
1831,University of Karachi,Other,Lead
1831,Indus Hospital,Other,Collaborator
1831,"Dow University Hospital, Mission Rd, Gulzar-e-Hijri, Scheme 33, Karachi. Tel: (92-21) 38771111",Other,Collaborator
1831,"Dr. Ruth K.M. Pfau Civil Hospital, Karachi",Other,Collaborator
1832,University of Pennsylvania,Other,Lead
1833,Uppsala University,Other,Lead
1834,Javeriana University,Other,Lead
1835,Stanford University,Other,Lead
1836,"University Hospital, Limoges",Other,Lead
1837,Unita Complessa di Ostetricia e Ginecologia,Other,Lead
1838,Federico II University,Other,Lead
1839,Shahid Beheshti University of Medical Sciences,Other,Lead
1840,Pfizer,Industry,Lead
1841,Synairgen Research Ltd.,Industry,Lead
1842,Nanose Medical Ltd.,Industry,Lead
1843,Lumos Diagnostics,Industry,Lead
1843,Rapid Pathogen Screening,Other,Collaborator
1844,"University Hospital, Montpellier",Other,Lead
1845,Region Västmanland,Other,Lead
1846,National Institute of Allergy and Infectious Diseases (NIAID),NIH,Lead
1846,National Institutes of Health Clinical Center (CC),Other,Collaborator
1847,Fundacion Miguel Servet,Other,Lead
1848,University of Cape Town,Other,Lead
1849,Hospital Departamental de Villavicencio,Other,Lead
1849,Clínica Primavera,Other,Collaborator
1849,Clínica Meta,Other,Collaborator
1849,Cooperative University of Colombia,Other,Collaborator
1849,Grupo de Investigación de Villavicencio,Other,Collaborator
1850,IHF GmbH - Institut für Herzinfarktforschung,Other,Lead
1850,"Ministerium für Soziales, Arbeit, Gesundheit und Demografie des Landes Rheinland-Pfalz",Other,Collaborator
1851,Murdoch Childrens Research Institute,Other,Lead
1851,Royal Children's Hospital,Other,Collaborator
1852,Bharat Biotech International Limited,Industry,Lead
1852,Indian Council of Medical Research,Other,Collaborator
1852,Iqvia Pty Ltd,Other,Collaborator
1853,Kafrelsheikh University,Other,Lead
1854,Masaryk University,Other,Lead
1855,"University Hospital, Bordeaux",Other,Lead
1856,Milton S. Hershey Medical Center,Other,Lead
1857,Acerta Pharma BV,Industry,Lead
1857,AstraZeneca,Other,Collaborator
1858,Restorbio Inc.,Industry,Lead
1859,Stanford University,Other,Lead
1860,Assiut University,Other,Lead
1861,Inovio Pharmaceuticals,Industry,Lead
1862,"University Hospital, Tours",Other,Lead
1862,"INSERM CIC-P 1415, University Hospital Center of Tours",Other,Collaborator
1862,Swedish Orphan Biovitrum (SOBI),Other,Collaborator
1863,"Institute of Tropical Medicine, Belgium",Other,Lead
1863,EDCTP,Other,Collaborator
1863,"Instituto Nacional de Saude, Mozambique",Other,Collaborator
1863,Institut de Recherche pour le Developpement,Other,Collaborator
1863,UMC Utrecht,Other,Collaborator
1864,Medical University Innsbruck,Other,Lead
1864,Claudiana Landesfachhochschule,Other,Collaborator
1865,Hong Kong Baptist University,Other,Lead
1865,"Hospital Authority, Hong Kong",Other,Collaborator
1866,Swedish Herbal Institute AB,Industry,Lead
1866,"National Family Medicine Training Centre, Georgia",Other,Collaborator
1866,Tbilisi State Medical University,Other,Collaborator
1866,Phytomed AB,Other,Collaborator
1867,"Mabwell (Shanghai) Bioscience Co., Ltd.",Industry,Lead
1868,"University Hospital, Ghent",Other,Lead
1869,Stanford University,Other,Lead
1869,"National Heart, Lung, and Blood Institute (NHLBI)",NIH,Collaborator
1869,Strategies to Innovate EmeRgENcy Care Clinical Trials Network (SIREN) - Network,Other,Collaborator
1869,University of Pittsburgh,Other,Collaborator
1869,Medical University of South Carolina,Other,Collaborator
1870,Lahore General Hospital,Other,Lead
1871,Brugmann University Hospital,Other,Lead
1872,Hospital de Infecciosas Francisco Javier Muniz,Other,Lead
1873,Mario Negri Institute for Pharmacological Research,Other,Lead
1874,Kufa University,Other,Lead
1875,University of Alabama at Birmingham,Other,Lead
1875,Centers for Disease Control and Prevention,U.S. Fed,Collaborator
1875,Astellas Pharma Inc,Industry,Collaborator
1876,"National University Hospital, Singapore",Other,Lead
1877,"Masonic Cancer Center, University of Minnesota",Other,Lead
1878,Azienda Socio Sanitaria Territoriale di Lodi,Other,Lead
1879,Gangnam Severance Hospital,Other,Lead
1880,Universidade Federal do Ceara,Other,Lead
1880,Conselho Nacional de Desenvolvimento Científico e Tecnológico,Other,Collaborator
1880,São José Hospital for Infectious Diseases - HSJ,Other,Collaborator
1880,Central Laboratory of Public Health of Ceará - Lacen-CE,Other,Collaborator
1881,Kiadis Pharma,Industry,Lead
1882,Halodine LLC,Industry,Lead
1883,Istanbul Medipol University Hospital,Other,Lead
1884,PUNEET MITTAL,Other,Lead
1884,Nutrin GmbH,Other,Collaborator
1885,Ain Shams University,Other,Lead
1886,Assistance Publique - Hôpitaux de Paris,Other,Lead
1887,Grupo Mexicano para el Estudio de la Medicina Intensiva,Other,Lead
1887,Hospital General Naval de Alta Especialidad - Escuela Medico Naval,Other,Collaborator
1887,"National Institute of Pediatrics, Mexico",Other,Collaborator
1887,Instituto Nacional de Enfermedades Respiratorias,Other,Collaborator
1888,Revimmune,Industry,Lead
1888,"University Hospital, Limoges",Other,Collaborator
1888,Amarex Clinical Research,Other,Collaborator
1889,Revimmune,Industry,Lead
1889,Amarex Clinical Research,Other,Collaborator
1890,"University of Colorado, Denver",Other,Lead
1891,"University of Colorado, Denver",Other,Lead
1892,Hacettepe University,Other,Lead
1893,Zeynep Kamil Maternity and Pediatric Research and Training Hospital,Other,Lead
1894,Assistance Publique - Hôpitaux de Paris,Other,Lead
1895,Centre Hospitalier le Mans,Other,Lead
1896,IRCCS San Raffaele,Other,Lead
1897,University of Oxford,Other,Lead
1898,Antonio Secchi,Other,Lead
1898,IRCCS San Raffaele,Other,Collaborator
1899,Institut Investigacio Sanitaria Pere Virgili,Other,Lead
1900,Randy Loftus,Other,Lead
1900,University of Iowa,Other,Collaborator
1901,"Innovation Pharmaceuticals, Inc.",Industry,Lead
1902,"University of Campania ""Luigi Vanvitelli""",Other,Lead
1903,Stanford University,Other,Lead
1904,Milton S. Hershey Medical Center,Other,Lead
1905,Stanford University,Other,Lead
1906,Luxembourg Institute of Health,Other,Lead
1906,Luxembourg National Research Funds,Other,Collaborator
1906,University of Luxembourg/ Luxembourg Centre for Systems Biomedicine,Other,Collaborator
1906,Centre Hospitalier du Luxembourg,Other,Collaborator
1906,TNS-Ilres,Other,Collaborator
1906,Laboratoires Réunis,Other,Collaborator
1906,BioneXt Lab,Other,Collaborator
1906,Ketterthill,Other,Collaborator
1906,Laboratoire National de santé,Other,Collaborator
1907,University of South Alabama,Other,Lead
1908,Duke University,Other,Lead
1909,"Barking, Havering and Redbridge University Hospitals NHS Trust",Other,Lead
1910,Acibadem University,Other,Lead
1910,The Scientific and Technological Research Council of Turkey,Other,Collaborator
1911,Derek Yellon,Other,Lead
1911,University College London Hospitals,Other,Collaborator
1912,University of Modena and Reggio Emilia,Other,Lead
1913,Hospital Universitario San Ignacio,Other,Lead
1913,Pontificia Universidad Javeriana,Other,Collaborator
1913,Hospital Universitario Nacional de Colombia,Other,Collaborator
1913,"Hospital de la Samaritana, Sede Bogotá y Sede Zipaquirá",Other,Collaborator
1913,"Hospital Universitario San Jorge, Pereira.",Other,Collaborator
1913,Fundación Universitaria Autónoma de Las Américas,Other,Collaborator
1913,Universidad Tecnológica de Pereira,Other,Collaborator
1913,Colsanitas,Other,Collaborator
1914,Medical University of Warsaw,Other,Lead
1915,Fundación Cardiovascular de Colombia,Other,Lead
1916,Golden Biotechnology Corporation,Industry,Lead
1917,"Fundación FLS de Lucha Contra el Sida, las Enfermedades Infecciosas y la Promoción de la Salud y la Ciencia",Other,Lead
1917,Germans Trias i Pujol Hospital,Other,Collaborator
1917,"Department of Health, Generalitat de Catalunya",Other,Collaborator
1917,Laboratorios Gebro Pharma SA,Other,Collaborator
1917,Laboratorios Rubió,Other,Collaborator
1917,Institut Catala de Salut,Other,Collaborator
1918,Vielight Inc.,Industry,Lead
1919,Kafrelsheikh University,Other,Lead
1919,Damietta University,Other,Collaborator
1920,Fraser Health,Other,Lead
1920,Fraser Health Authrority Department of Evaluation and Research Services,Other,Collaborator
1920,Surrey Memorial Hospital Clinical Research Unit,Other,Collaborator
1920,Centre for Health Evaluation and Outcome Sciences,Other,Collaborator
1920,Surrey Hospital Foundation,Other,Collaborator
1920,BC Support Unit,Other,Collaborator
1920,University of British Columbia,Other,Collaborator
1920,"Ministry of Health, British Columbia",Other,Collaborator
1920,Clinical Trials BC (part of the BC Academic Health Science Network),Other,Collaborator
1921,Yale University,Other,Lead
1922,Lancashire Teaching Hospitals NHS Foundation Trust,Other,Lead
1922,NIHR Lancashire Clinical Research Facility,Other,Collaborator
1923,Claude Bernard University,Other,Lead
1923,Hospices Civils de Lyon,Other,Collaborator
1924,Abraham Edgar Gracia-Ramos,Other,Lead
1924,"National Polytechnic Institute, Mexico",Other,Collaborator
1924,Hospital Regional de Alta Especialidad de Zumpango,Other,Collaborator
1925,Incyte Corporation,Industry,Lead
1926,Università degli Studi dell'Insubria,Other,Lead
1927,Landspitali University Hospital,Other,Lead
1928,Universidade do Estado do Pará,Other,Lead
1929,University of Michigan,Other,Lead
1929,National Institute on Aging (NIA),NIH,Collaborator
1930,Bursa Postgraduate Hospital,Other,Lead
1931,Consorci Sanitari de Terrassa,Other,Lead
1931,Jordi Gol i Gurina Foundation,Other,Collaborator
1931,Institut Català de la Salut,Other,Collaborator
1932,"Applied Biology, Inc.",Industry,Lead
1933,Instituto Nacional de Rehabilitacion,Other,Lead
1934,Davita Clinical Research,Industry,Lead
1935,Hillel Yaffe Medical Center,Other,Lead
1936,Instituto de Investigación Marqués de Valdecilla,Other,Lead
1936,Gerencia de atención primaria área 1,Other,Collaborator
1936,Gerencia de atención primaria área 2,Other,Collaborator
1936,Gerencia Atencion Primaria Area 3,Other,Collaborator
1936,Gerencia de atención primaria área 4,Other,Collaborator
1937,Groupe Hospitalier de la Rochelle Ré Aunis,Other,Lead
1937,Numa Health International,Other,Collaborator
1938,Rosa Tarrago,Other,Lead
1938,Dentaid SL,Industry,Collaborator
1938,Instituto de Investigación Sanitaria Aragón,Other,Collaborator
1939,"University of Campinas, Brazil",Other,Lead
1939,Conselho Nacional de Desenvolvimento Científico e Tecnológico,Other,Collaborator
1939,Instituto de Infectologia Emílio Ribas,Other,Collaborator
1939,"Pontifícia Universidade Católica de Campinas, PUC-Campinas",Other,Collaborator
1939,Faculty of Medicine of Ribeirão Preto (FMRP-USP),Other,Collaborator
1939,"Faculdade de Medicina de Botucatu, UNESP, Botucatu, Brasil",Other,Collaborator
1939,Federal University of São Paulo,Other,Collaborator
1939,"State Hospital Dr. Leandro Franceschini, Sumaré, Unicamp",Other,Collaborator
1939,Paulinia Municipal Hospital,Other,Collaborator
1940,Cairo University,Other,Lead
1941,Revimmune,Industry,Lead
1941,Memorial Sloan Kettering Cancer Center,Other,Collaborator
1941,Amarex Clinical Research,Other,Collaborator
1941,M.D. Anderson Cancer Center,Other,Collaborator
1941,"Cancer Research Institute, New York City",Other,Collaborator
1942,The University of Hong Kong,Other,Lead
1943,Centre Hospitalier Universitaire de Saint Etienne,Other,Lead
1943,CHU Saint-Etienne - Laboratoire de Pharmacologie - Toxicologie - Gaz du sang,Other,Collaborator
1944,Hospital Universitari de Bellvitge,Other,Lead
1944,Institut d'Investigació Biomèdica de Bellvitge,Other,Collaborator
1945,Therapeutic Solutions International,Industry,Lead
1946,Revimmune,Industry,Lead
1946,Washington University School of Medicine,Other,Collaborator
1946,Amarex Clinical Research,Other,Collaborator
1947,"Sorrento Therapeutics, Inc.",Industry,Lead
1948,Henry Ford Health System,Other,Lead
1949,Sheri Kashmir Institute of Medical Sciences,Other,Lead
1950,Columbia University,Other,Lead
1951,Universitaire Ziekenhuizen Leuven,Other,Lead
1952,"ANRS, Emerging Infectious Diseases",Other,Lead
1952,"Institut National de la Santé Et de la Recherche Médicale, France",Other,Collaborator
1953,Northwell Health,Other,Lead
1954,Research Institute for Biological Safety Problems,Other,Lead
1954,National Scientific Center for Phthisiopulmonology of the Republic of Kazakhstan,Other,Collaborator
1955,"University Hospital, Bordeaux",Other,Lead
1956,"Fundación FLS de Lucha Contra el Sida, las Enfermedades Infecciosas y la Promoción de la Salud y la Ciencia",Other,Lead
1956,Festivals per la Cultura Segura AIE,Other,Collaborator
1957,Wake Forest University Health Sciences,Other,Lead
1958,Hospital Universitario San Ignacio,Other,Lead
1958,Pontificia Universidad Javeriana,Other,Collaborator
1959,Istanbul University,Other,Lead
1960,Thomas Advanced Medical LLC,Industry,Lead
1960,HeartStem Institute,Other,Collaborator
1961,Kermanshah University of Medical Sciences,Other,Lead
1962,"University Hospital, Caen",Other,Lead
1962,"University of Geneva, Switzerland",Other,Collaborator
1963,"University Hospital, Lille",Other,Lead
1964,University of Cape Town,Other,Lead
1964,"Medical Research Council, South Africa",NIH,Collaborator
1964,Aurum Institute,Other,Collaborator
1964,National Institutes of Health (NIH),Other,Collaborator
1964,Texas Tech University Health Sciences Center,Other,Collaborator
1964,University of KwaZulu,Other,Collaborator
1964,Perinatal HIV Research Unit of the University of the Witswatersrand,Other,Collaborator
1965,Kaleido Biosciences,Industry,Lead
1966,E-MO Biology Inc,Industry,Lead
1967,"University Hospital, Montpellier",Other,Lead
1968,University of Aarhus,Other,Lead
1969,Vicore Pharma AB,Industry,Lead
1969,Orphan Reach,Other,Collaborator
1970,University of Oxford,Other,Lead
1971,San Luigi Gonzaga Hospital,Other,Lead
1972,Assiut University,Other,Lead
1973,"Marvin McCreary, MD",Other,Lead
1973,Mount Carmel Health System,Other,Collaborator
1974,"University Hospital, Lille",Other,Lead
1975,Imagine Institute,Other,Lead
1976,University of Derby,Other,Lead
1976,Sheffield Hallam University,Other,Collaborator
1976,University Hospitals of Derby and Burton NHS Foundation Trust,Other,Collaborator
1977,Assiut University,Other,Lead
1978,European Institute of Oncology,Other,Lead
1979,Baptist Health South Florida,Other,Lead
1979,"University of California, Los Angeles",Other,Collaborator
1980,Barts & The London NHS Trust,Other,Lead
1980,Queen Mary University of London,Other,Collaborator
1981,Dr. Zaineb Akram,Other,Lead
1981,"National Institute of Blood and Marrow Transplant (NIBMT), Pakistan",Other,Collaborator
1982,South Valley University,Other,Lead
1983,UMC Utrecht,Other,Lead
1984,SolAeroMed Inc.,Industry,Lead
1985,McGill University Health Centre/Research Institute of the McGill University Health Centre,Other,Lead
1985,CHU de Quebec-Universite Laval,Other,Collaborator
1985,Ministere de la Sante et des Services Sociaux,Other,Collaborator
1986,Can-Fite BioPharma,Industry,Lead
1986,Rabin Medical Center,Other,Collaborator
1987,Duke University,Other,Lead
1988,Institut Pasteur de Dakar,Other,Lead
1988,"Fann Hospital, Senegal",Other,Collaborator
1988,"Ministry of Health, Senegal",Other,Collaborator
1988,"Diamniadio Children Hospital, Senegal",Other,Collaborator
1988,"Dalal Jamm Hospital, Senegal",Other,Collaborator
1988,Institut Pasteur Korea,Other,Collaborator
1989,Jon Simmons,Other,Lead
1989,University of South Alabama,Other,Collaborator
1990,"University Health Network, Toronto",Other,Lead
1991,Cardresearch,Other,Lead
1991,Cardresearch - Cardiologia Assistencial e de Pesquisa LTDA,Industry,Collaborator
1991,Cytel Inc.,Other,Collaborator
1992,Rockefeller University,Other,Lead
1993,"FSD Pharma, Inc.",Industry,Lead
1994,Romark Laboratories L.C.,Industry,Lead
1995,"SerenaGroup, Inc.",Other,Lead
1995,SerenaGroup Research Foundation,Other,Collaborator
1996,"Heinrich-Heine University, Duesseldorf",Other,Lead
1997,Texas A&M University,Other,Lead
1997,Baylor College of Medicine,Other,Collaborator
1997,M.D. Anderson Cancer Center,Other,Collaborator
1997,Cedars-Sinai Medical Center,Other,Collaborator
1997,Harvard University,Other,Collaborator
1998,"University Hospital, Gentofte, Copenhagen",Other,Lead
1999,St. Barnabas Medical Center,Other,Lead
2000,Auxilio Mutuo Cancer Center,Other,Lead
2001,BioNTech SE,Industry,Lead
2001,Pfizer,Other,Collaborator
2002,Vanderson Geraldo Rocha,Other,Lead
2002,University of Sao Paulo General Hospital,Other,Collaborator
2003,Alexandria University,Other,Lead
2004,University of Washington,Other,Lead
2004,Bill and Melinda Gates Foundation,Other,Collaborator
2005,Imperial College London,Other,Lead
2005,Royal Brompton & Harefield NHS Foundation Trust,Other,Collaborator
2005,Chelsea and Westminster NHS Foundation Trust,Other,Collaborator
2005,Imperial College Healthcare NHS Trust,Other,Collaborator
2006,"Beijing Minhai Biotechnology Co., Ltd",Industry,Lead
2006,"Shenzhen Kangtai Biological Products Co., LTD",Other,Collaborator
2006,Jiangsu Province Centers for Disease Control and Prevention,Other,Collaborator
2007,Corpometria Institute,Other,Lead
2008,Tel-Aviv Sourasky Medical Center,Other,Lead
2009,Université Libre de Bruxelles,Other,Lead
2010,"Rigshospitalet, Denmark",Other,Lead
2011,Assistance Publique - Hôpitaux de Paris,Other,Lead
2012,"University Hospital, Toulouse",Other,Lead
2013,Azidus Brasil,Industry,Lead
2013,Farmoquimica S.A.,Other,Collaborator
2014,"Rohto Pharmaceutical Co., Ltd.",Industry,Lead
2015,King Abdullah International Medical Research Center,Other,Lead
2015,"Ministry of Health, Saudi Arabia",Other,Collaborator
2016,Quadram Institute Bioscience,Other,Lead
2016,Norfolk and Norwich University Hospitals NHS Foundation Trust,Other,Collaborator
2017,University of Milano Bicocca,Other,Lead
2018,Assistance Publique - Hôpitaux de Paris,Other,Lead
2019,Assistance Publique Hopitaux De Marseille,Other,Lead
2020,Corporacion Parc Tauli,Other,Lead
2021,Memorial Sloan Kettering Cancer Center,Other,Lead
2022,Valneva Austria GmbH,Industry,Lead
2022,"National Institute for Health Research, United Kingdom",Other,Collaborator
2023,Gazi University,Other,Lead
2024,"National University Hospital, Singapore",Other,Lead
2024,"National University, Singapore",Other,Collaborator
2024,"Agency for Science, Technology and Research",Other,Collaborator
2025,Romark Laboratories L.C.,Industry,Lead
2026,Universidad Nacional de Colombia,Other,Lead
2026,Fundación Salud de los Andes,Other,Collaborator
2027,ProgenaBiome,Other,Lead
2027,DSCS CRO,Other,Collaborator
2028,Hospital Sao Domingos,Other,Lead
2029,Fundación Neumologica Colombiana,Other,Lead
2029,Universidad de la Sabana,Other,Collaborator
2029,Fundación Cardioinfantil Instituto de Cardiología,Other,Collaborator
2029,Clínica Universidad de La Sabana,Other,Collaborator
2030,Asociacion para el Estudio de las Enfermedades Infecciosas,Other,Lead
2031,"Northside Hospital, Inc.",Other,Lead
2032,Hacettepe University,Other,Lead
2033,Jiangsu Province Centers for Disease Control and Prevention,Other,Lead
2033,West China Hospital,Other,Collaborator
2034,"Target PharmaSolutions, Inc.",Industry,Lead
2035,Saisei Pharma,Industry,Lead
2036,Guy's and St Thomas' NHS Foundation Trust,Other,Lead
2036,King's College Hospital NHS Trust,Other,Collaborator
2037,"National Institute on Drug Dependence, China",Other,Lead
2037,Peking University Sixth Hospital,Other,Collaborator
2037,Wuhan Wuchang Hospital,Other,Collaborator
2038,Assiut University,Other,Lead
2039,Health Institutes of Turkey,Other,Lead
2039,Erciyes University Scientific Research Projects Coordination,Other,Collaborator
2040,Inmunova S.A.,Other,Lead
2041,Fundacion Clinica Valle del Lili,Other,Lead
2042,University Hospital of Ferrara,Other,Lead
2043,Chinese Alliance Against Lung Cancer,Other,Lead
2043,Shanghai Respiratory Research Institution,Other,Collaborator
2044,"Genexine, Inc.",Industry,Lead
2045,Legacy Health System,Other,Lead
2046,Massachusetts General Hospital,Other,Lead
2047,"National Institute of Integrative Medicine, Australia",Other,Lead
2048,Institute for Clinical and Experimental Medicine,Other,Lead
2049,The George Institute,Other,Lead
2050,Guangzhou Institute of Respiratory Disease,Other,Lead
2050,Huizhou Municipal Central Hospital,Other,Collaborator
2051,Juan Fernando Masa Jiménez,Other,Lead
2051,University of Extremadura,Other,Collaborator
2052,"University of Colorado, Denver",Other,Lead
2053,Washington University School of Medicine,Other,Lead
2053,Covid-19 Early Treatment Fund,Other,Collaborator
2053,McGill University Health Centre Department of Medicine Clinical Practice Assessment Unit,Other,Collaborator
2054,VA Puget Sound Health Care System,U.S. Fed,Lead
2055,University of Sao Paulo,Other,Lead
2055,Conselho Nacional de Desenvolvimento Científico e Tecnológico,Other,Collaborator
2055,Fundação de Amparo à Pesquisa do Estado de São Paulo,Other,Collaborator
2056,Green Cross Corporation,Industry,Lead
2057,"University Hospital, Geneva",Other,Lead
2057,University of Zurich,Other,Collaborator
2057,University of Lausanne,Other,Collaborator
2058,Aarogyam UK,Other,Lead
2058,University of Warwick,Other,Collaborator
2058,Dr. Sarvepalli Radhakrishnan Rajasthan Ayurved University,Other,Collaborator
2059,CSL Behring,Industry,Lead
2060,Cairo University,Other,Lead
2061,Shahid Beheshti University of Medical Sciences,Other,Lead
2062,National Institute of Allergy and Infectious Diseases (NIAID),NIH,Lead
2062,"ModernaTX, Inc.",Industry,Collaborator
2063,"University Hospital, Ghent",Other,Lead
2063,Flanders Institute of Biotechnology,Other,Collaborator
2064,"University Hospital, Lille",Other,Lead
2065,Helsinki University Central Hospital,Other,Lead
2066,Centre de Recherches et d'Etude sur la Pathologie Tropicale et le Sida,Other,Lead
2067,Vanderbilt-Ingram Cancer Center,Other,Lead
2068,"University Hospital, Montpellier",Other,Lead
2069,Unity Health Toronto,Other,Lead
2069,Sunnybrook Health Sciences Centre,Other,Collaborator
2069,Sinai Health System,Other,Collaborator
2069,Toronto General Hospital,Other,Collaborator
2069,"University Health Network, Toronto",Other,Collaborator
2069,William Osler Health System,Other,Collaborator
2070,"Centre Hospitalier Universitaire, Amiens",Other,Lead
2071,"AI Therapeutics, Inc.",Industry,Lead
2071,Yale University,Other,Collaborator
2072,Johns Hopkins University,Other,Lead
2072,National Institute on Aging (NIA),NIH,Collaborator
2073,Ain Shams University,Other,Lead
2074,"Daiichi Sankyo Co., Ltd.",Industry,Lead
2074,"Daiichi Sankyo, Inc.",Other,Collaborator
2075,"Forman Christian College, Pakistan",Other,Lead
2075,King Edward Medical University,Other,Collaborator
2076,Yaounde Central Hospital,Other,Lead
2077,Columbia University,Other,Lead
2078,Swedish Medical Center,Other,Lead
2079,Hospital Regional de Alta especialidad de Ixtapaluca,Other,Lead
2079,Hospital General de México Dr. Eduardo Liceaga,Other,Collaborator
2080,Damanhour University,Other,Lead
2081,University of Nottingham,Other,Lead
2082,Hopital Foch,Other,Lead
2083,Catherine Klersy,Other,Lead
2083,Policlinico San Matteo Pavia Fondazione IRCCS,Other,Collaborator
2083,IRCCS Policlinico S. Matteo,Other,Collaborator
2084,Region Skane,Other,Lead
2085,"Galera Therapeutics, Inc.",Industry,Lead
2086,Cairo University,Other,Lead
2087,Nevsehir Public Hospital,Other,Lead
2088,Assistance Publique - Hôpitaux de Paris,Other,Lead
2089,Nepal Health Research Council,Other,Lead
2090,"CytoSorbents, Inc",Industry,Lead
2090,CytoSorbents Europe GmbH,Other,Collaborator
2091,Bosnalijek D.D,Industry,Lead
2092,Christian Clarenbach,Other,Lead
2092,University of Zurich,Other,Collaborator
2093,I.M. Sechenov First Moscow State Medical University,Other,Lead
2094,Anewsha Therapeutics Inc.,Industry,Lead
2094,University of Michigan,Other,Collaborator
2094,Biologics Consulting,Other,Collaborator
2095,Northwell Health,Other,Lead
2095,Cold Spring Harbor Laboratory,Other,Collaborator
2096,Hospital of Prato,Other,Lead
2097,Queen Mary University of London,Other,Lead
2098,Tongji Hospital,Other,Lead
2099,"Hospital San Carlos, Madrid",Other,Lead
2099,Universidad Catolica Santiago de Guayaquil,Other,Collaborator
2100,Recep Tayyip Erdogan University Training and Research Hospital,Other,Lead
2100,Turkish Neonatal Society,Other,Collaborator
2101,Hospital Alemão Oswaldo Cruz,Other,Lead
2101,EMS S/A,Other,Collaborator
2101,Hospital do Coracao,Other,Collaborator
2101,Hospital Israelita Albert Einstein,Other,Collaborator
2101,Hospital Sirio-Libanes,Other,Collaborator
2101,Hospital Moinhos de Vento,Other,Collaborator
2101,Brazilian Research In Intensive Care Network,Other,Collaborator
2102,Hospital Clínico Universitario de Valladolid,Other,Lead
2103,Alhasan Mujtaba Al-Mudhaffer,Other,Lead
2103,University of Basrah,Other,Collaborator
2103,"Ministry of Health, Iraq",Other,Collaborator
2103,AlFayhaa General Hospital,Other,Collaborator
2104,"National Blood Center Foundation, Hemolife",Other,Lead
2105,University of Alberta,Other,Lead
2106,Maastricht University Medical Center,Other,Lead
2106,VieCuri Medical Centre,Other,Collaborator
2107,Quantinosis.ai LLC,Industry,Lead
2108,Fundación para el Fomento de la Investigación Sanitaria y Biomédica de la Comunitat Valenciana,Other,Lead
2109,Thirty Respiratory Limited,Industry,Lead
2110,McMaster University,Other,Lead
2111,"Services Institute of Medical Sciences, Pakistan",Other,Lead
2112,GCS Ramsay Santé pour l'Enseignement et la Recherche,Other,Lead
2113,Boston Children's Hospital,Other,Lead
2113,Brigham and Women's Hospital,Other,Collaborator
2113,Massachusetts General Hospital,Other,Collaborator
2114,University of Sao Paulo General Hospital,Other,Lead
2115,Regeneron Pharmaceuticals,Industry,Lead
2116,Memorial Sloan Kettering Cancer Center,Other,Lead
2117,Lund University Hospital,Other,Lead
2118,Shin Poong Pharmaceutical Co. Ltd.,Industry,Lead
2118,Medicines for Malaria Venture,Other,Collaborator
2119,VA Office of Research and Development,U.S. Fed,Lead
2120,Egyptian Biomedical Research Network,Other,Lead
2121,Chongqing Public Health Medical Center,Other,Lead
2121,Chongqing Sidemu Biotech,Other,Collaborator
2121,Zhejiang Qixin Biotech,Other,Collaborator
2122,"University Hospital, Bordeaux",Other,Lead
2122,Programme Hospitalier de Recherche Clinique Inter-Régionale (PHRC-I),Other,Collaborator
2123,Assiut University,Other,Lead
2124,"University Hospital, Basel, Switzerland",Other,Lead
2124,Botnar Research Centre for Child Health,Other,Collaborator
2125,"University Hospital, Strasbourg, France",Other,Lead
2126,Eurnekian Public Hospital,Other,Lead
2127,Oslo University Hospital,Other,Lead
2127,University of Oslo,Other,Collaborator
2127,Norwegian Institute of Public Health,Other,Collaborator
2128,Academisch Medisch Centrum - Universiteit van Amsterdam (AMC-UvA),Other,Lead
2129,"University Hospital, Montpellier",Other,Lead
2129,Lyon Civil Hospitals - Lyon Sud Hospital Center,Other,Collaborator
2129,Marseille University Hospital - Assistance-Publique Hôpitaux de Marseille.,Other,Collaborator
2130,Izmir Dr Suat Seren Chest Diseases and Surgery Education and Research Hospital,Other,Lead
2130,Turkish Respiratory Society,Other,Collaborator
2131,"University Hospital, Montpellier",Other,Lead
2131,Laboratoire CERBA-MPL,Other,Collaborator
2131,CNRS (MIVEGEC),Other,Collaborator
2131,Nîmes University Hospital,Other,Collaborator
2132,Fundación Santa Fe de Bogota,Other,Lead
2133,"Clinical Research Centre, Malaysia",Other,Lead
2133,"Hospital Queen Elizabeth, Malaysia",Other,Collaborator
2134,Temple University,Other,Lead
2135,Appili Therapeutics Inc.,Industry,Lead
2136,Tabula Rasa HealthCare,Industry,Lead
2136,Cambia Health Solutions,Other,Collaborator
2137,Vanderbilt University Medical Center,Other,Lead
2137,AbbVie,Industry,Collaborator
2138,Hospital de Clinicas de Porto Alegre,Other,Lead
2139,Medical University of South Carolina,Other,Lead
2140,RenJi Hospital,Other,Lead
2141,University of Limerick,Other,Lead
2142,University of Chicago,Other,Lead
2143,"Applied Biology, Inc.",Industry,Lead
2144,"Ministry of Health, Turkey",Other,Lead
2144,"Hacettepe University, Faculty of Medicine",Other,Collaborator
2144,Prof. Dr. Cemil Tascıoglu Education and Research Hospital Organization,Other,Collaborator
2144,Umraniye Education and Research Hospital,Other,Collaborator
2144,SB Istanbul Education and Research Hospital,Other,Collaborator
2144,"Sultan Abdulhamid Han Training and Research Hospital, Istanbul, Turkey",Other,Collaborator
2144,Tepecik Training and Research Hospital,Other,Collaborator
2144,"Istanbul University-Cerrahpasa, Cerrahpasa Faculty of Medicine",Other,Collaborator
2144,Ankara University,Other,Collaborator
2144,Ankara City Hospital Bilkent,Other,Collaborator
2144,Ankara Training and Research Hospital,Other,Collaborator
2144,Ege University Hospital (Application and Research Center),Other,Collaborator
2144,Kocaeli Derince Education and Research Hospital,Other,Collaborator
2144,"Istanbul University, Istanbul Faculty of Medicine",Other,Collaborator
2144,Kayseri City Hospital,Other,Collaborator
2145,Hamilton Health Sciences Corporation,Other,Lead
2145,Canadian Blood Services,Other,Collaborator
2145,Héma-Québec,Other,Collaborator
2145,University of Toronto,Other,Collaborator
2145,Université de Montréal,Other,Collaborator
2145,Weill Medical College of Cornell University,Other,Collaborator
2145,New York Blood Centre,Other,Collaborator
2145,McMaster University,Other,Collaborator
2146,Foundation IRCCS San Matteo Hospital,Other,Lead
2146,OSPEDALE CARLO POMA ASST MANTOVA,Other,Collaborator
2147,Israel Institute for Biological Research (IIBR),Other,Lead
2148,Hospices Civils de Lyon,Other,Lead
2149,Cairo University,Other,Lead
2149,Zagazig University,Other,Collaborator
2150,University of Liege,Other,Lead
2150,Laboratoires SMB S.A.,Industry,Collaborator
2151,Ospedale di Circolo - Fondazione Macchi,Other,Lead
2152,Ain Shams University,Other,Lead
2152,Misr International University,Other,Collaborator
2153,City of Hope Medical Center,Other,Lead
2153,National Cancer Institute (NCI),NIH,Collaborator
2153,California Institute for Regenerative Medicine (CIRM),Other,Collaborator
2154,Assiut University,Other,Lead
2155,Methodist Health System,Other,Lead
2156,VA Office of Research and Development,U.S. Fed,Lead
2157,Mansoura University,Other,Lead
2158,Kafrelsheikh University,Other,Lead
2159,Oregon Health and Science University,Other,Lead
2159,OHSU Knight Cancer Institute,Other,Collaborator
2160,"University Hospital Inselspital, Berne",Other,Lead
2160,University of Bern,Other,Collaborator
2161,Assistance Publique Hopitaux De Marseille,Other,Lead
2162,Nantes University Hospital,Other,Lead
2163,Carlos Tornero,Other,Lead
2163,Hospital Clínico Universitario de Valencia,Other,Collaborator
2164,McMaster University,Other,Lead
2164,Canadian Institutes of Health Research (CIHR),Other,Collaborator
2164,Hamilton Academic Health Sciences Organization,Other,Collaborator
2164,Grand River Hospital,Other,Collaborator
2164,Niagara Health System,Other,Collaborator
2164,St. Mary's General Hospital,Other,Collaborator
2164,Hamilton Health Sciences Corporation,Other,Collaborator
2164,St. Joseph's Healthcare Hamilton,Other,Collaborator
2165,University of Catanzaro,Other,Lead
2165,Azienda Ospedaliera Pugliese Ciaccio,Other,Collaborator
2165,"Azienda Ospedaliera Universitaria Mater Domini, Catanzaro",Other,Collaborator
2166,Azienda Ospedaliero-Universitaria di Parma,Other,Lead
2166,University of Parma,Other,Collaborator
2167,NMC Specialty Hospital,Other,Lead
2168,National Institute of Environmental Health Sciences (NIEHS),NIH,Lead
2168,National Institutes of Health Clinical Center (CC),Other,Collaborator
2169,Istituti Clinici Scientifici Maugeri SpA,Other,Lead
2169,Istituto Auxologico Italiano,Other,Collaborator
2170,Aarogyam UK,Other,Lead
2170,University of Warwick,Other,Collaborator
2170,NMP Medical Research Institute,Other,Collaborator
2170,Mothers Touch Foundation,Other,Collaborator
2171,McGill University Health Centre/Research Institute of the McGill University Health Centre,Other,Lead
2172,Kafrelsheikh University,Other,Lead
2172,Foshan University Laboratory of Emerging Infectious Disease Institute of Translational Medicine The First Hospital of Jilin University China,Other,Collaborator
2173,University of Birmingham,Other,Lead
2173,"Christian Medical College and Hospital, Ludhiana, India",Other,Collaborator
2173,"Tamale Teaching Hospital, Ghana.",Other,Collaborator
2173,"University of Lagos, Nigeria",Other,Collaborator
2173,Kigali University Teaching Hospital,Other,Collaborator
2173,Hospital Español Veracruz,Other,Collaborator
2173,Université d'Abomey-Calavi,Other,Collaborator
2173,"University of Witwatersrand, South Africa",Other,Collaborator
2173,University of Edinburgh,Other,Collaborator
2173,Istituto Clinico Humanitas,Other,Collaborator
2173,University of Cape Town,Other,Collaborator
2174,Hospital do Coracao,Other,Lead
2175,Chronomics Limited,Industry,Lead
2176,University Hospital Tuebingen,Other,Lead
2176,Robert Bosch Medical Center,Other,Collaborator
2176,Universitätsklinikum Hamburg-Eppendorf,Other,Collaborator
2176,Bernhard Nocht Institute for Tropical Medicine,Other,Collaborator
2177,"University Hospital, Basel, Switzerland",Other,Lead
2177,"ETH Zurich Department for Biosystems, Science and Engineering",Other,Collaborator
2177,Kanton Basel- Landschaft,Other,Collaborator
2178,Henry M. Jackson Foundation for the Advancement of Military Medicine,Other,Lead
2178,Uniformed Services University of the Health Sciences,U.S. Fed,Collaborator
2179,University of Chicago,Other,Lead
2180,Assistance Publique - Hôpitaux de Paris,Other,Lead
2181,University of Rzeszow,Other,Lead
2182,NHS Lanarkshire,Other,Lead
2183,Heron Therapeutics,Industry,Lead
2184,"Foresee Pharmaceuticals Co., Ltd.",Industry,Lead
2185,Pitié-Salpêtrière Hospital,Other,Lead
2185,Università degli Studi di Ferrara,Other,Collaborator
2185,Rheumazentrum Ruhrgebiet,Other,Collaborator
2185,"University College, London",Other,Collaborator
2185,University of Coimbra,Other,Collaborator
2185,Universidad Complutense de Madrid,Other,Collaborator
2186,"Sinovac Research and Development Co., Ltd.",Industry,Lead
2186,"Sinovac Biotech Co., Ltd",Other,Collaborator
2187,Dascena,Industry,Lead
2188,University of Cologne,Other,Lead
2189,"Tasly Pharmaceuticals, Inc.",Industry,Lead
2189,"Tasly Pharmaceutical Group Co., Ltd",Other,Collaborator
2190,Barry Dewitt,Other,Lead
2190,Dartmouth College,Other,Collaborator
2190,University of Pittsburgh,Other,Collaborator
2190,Carnegie Mellon University,Other,Collaborator
2191,University of Utah,Other,Lead
2192,Assistance Publique - Hôpitaux de Paris,Other,Lead
2192,Debiopharm International SA,Industry,Collaborator
2193,University of Sao Paulo,Other,Lead
2193,Conselho Nacional de Desenvolvimento Científico e Tecnológico,Other,Collaborator
2193,Science Valley Research Institute,Other,Collaborator
2194,Chinese University of Hong Kong,Other,Lead
2195,Indonesia University,Other,Lead
2196,"Jiangsu Famous Medical Technology Co., Ltd.",Industry,Lead
2197,University of Sao Paulo General Hospital,Other,Lead
2198,IRCCS San Raffaele,Other,Lead
2199,Massachusetts General Hospital,Other,Lead
2199,"Department of Anesthesia, MGH",Other,Collaborator
2200,Incyte Corporation,Industry,Lead
2201,Ain Shams University,Other,Lead
2201,Misr International University,Other,Collaborator
2202,Manuel Taboada Muñiz,Other,Lead
2202,Hospital Clinico Universitario de Santiago,Other,Collaborator
2203,Centre Hospitalier Intercommunal de Toulon La Seyne sur Mer,Other,Lead
2204,Somogy Megyei Kaposi Mór Teaching Hospital,Other,Lead
2205,Cedars-Sinai Medical Center,Other,Lead
2206,University of Zurich,Other,Lead
2206,Swiss National Science Foundation,Other,Collaborator
2206,ETH Zurich,Other,Collaborator
2206,Kantonsspital Winterthur KSW,Other,Collaborator
2206,"University Hospital, Zürich",Other,Collaborator
2207,"University Hospital, Akershus",Other,Lead
2208,"University Hospital, Bordeaux",Other,Lead
2208,Société Francophone de Transplantation,Other,Collaborator
2209,University of Utah,Other,Lead
2210,Ain Shams University,Other,Lead
2210,Misr International University,Other,Collaborator
2211,St. Jude Children's Research Hospital,Other,Lead
2212,Fondazione Epatocentro Ticino,Other,Lead
2213,Kocaeli Derince Education and Research Hospital,Other,Lead
2214,"National Bureau of Economic Research, Inc.",Other,Lead
2214,Massachusetts General Hospital,Other,Collaborator
2214,Stanford University,Other,Collaborator
2214,Yale University,Other,Collaborator
2214,Harvard University,Other,Collaborator
2215,The Clatterbridge Cancer Centre NHS Foundation Trust,Other,Lead
2215,University of Edinburgh,Other,Collaborator
2215,University of Oxford,Other,Collaborator
2215,University of Liverpool,Other,Collaborator
2216,Radboud University,Other,Lead
2217,Hospices Civils de Lyon,Other,Lead
2218,Nicolaus Copernicus University,Other,Lead
2219,Atrium Health,Other,Lead
2220,Tongji Hospital,Other,Lead
2221,"Fifth Affiliated Hospital, Sun Yat-Sen University",Other,Lead
2222,Universidad Nacional Andres Bello,Other,Lead
2222,"Hospital Naval Almirante Nef, Viña del Mar, Chile",Other,Collaborator
2223,South Valley University,Other,Lead
2224,Kirby Institute,Other,Lead
2225,South Valley University,Other,Lead
2226,"Clinica San Camilo, Argentina",Other,Lead
2227,Olatec Therapeutics LLC,Industry,Lead
2227,CTI Clinical Trial and Consulting Services,Other,Collaborator
2228,The Royal Wolverhampton Hospitals NHS Trust,Other,Lead
2228,University of Wolverhampton,Other,Collaborator
2229,Hospital Israelita Albert Einstein,Other,Lead
2230,Lebanese American University Medical Center,Other,Lead
2231,"General Administration of Military Health, Tunisia",Other,Lead
2232,Hamad Medical Corporation,Industry,Lead
2233,"James L. Kirkland, MD, PhD",Other,Lead
2233,Mayo Clinic,Other,Collaborator
2234,Université de Sherbrooke,Other,Lead
2234,Lotte & John Hecht Memorial Foundation,Other,Collaborator
2235,Almaza Military Fever Hospital,Other,Lead
2236,"Joint Stock Company ""Farmak""",Industry,Lead
2237,Miltenyi Biomedicine GmbH,Industry,Lead
2238,"University Hospital, Strasbourg, France",Other,Lead
2239,"Saint Petersburg State University, Russia",Other,Lead
2240,Zagazig University,Other,Lead
2241,Instituto de Cardiología de Corrientes,Other,Lead
2242,Groupe Hospitalier Paris Saint Joseph,Other,Lead
2243,Assistance Publique - Hôpitaux de Paris,Other,Lead
2244,University of Oxford,Other,Lead
2244,Pfizer,Industry,Collaborator
2245,"Rigshospitalet, Denmark",Other,Lead
2246,PharmaMar,Industry,Lead
2246,Apices Soluciones S.L.,Other,Collaborator
2247,Universidad de Granada,Other,Lead
2248,St. Olavs Hospital,Other,Lead
2248,Haukeland University Hospital,Other,Collaborator
2248,Ullevaal University Hospital,Other,Collaborator
2248,Nordlandssykehuset HF,Other,Collaborator
2248,Sorlandet Hospital HF,Other,Collaborator
2248,Drammen sykehus,Other,Collaborator
2248,Sykehuset Telemark,Other,Collaborator
2248,Helse Stavanger HF,Other,Collaborator
2248,"University Hospital, Akershus",Other,Collaborator
2249,Massachusetts General Hospital,Other,Lead
2249,"Genentech, Inc.",Industry,Collaborator
2250,Adaptive Biotechnologies,Industry,Lead
2250,Covance,Other,Collaborator
2251,Lisa Barrett,Other,Lead
2251,Nova Scotia Health Authority,Other,Collaborator
2251,Dalhousie University,Other,Collaborator
2252,Memorial Sloan Kettering Cancer Center,Other,Lead
2253,Weill Medical College of Cornell University,Other,Lead
2253,Hamilton Health Sciences Corporation,Other,Collaborator
2254,Symvivo Corporation,Industry,Lead
2255,Vascular Biogenics Ltd. operating as VBL Therapeutics,Industry,Lead
2256,Centre Antoine Lacassagne,Other,Lead
2257,University Hospital Tuebingen,Other,Lead
2258,Jarmo Oksi,Other,Lead
2258,Turku University Hospital,Other,Collaborator
2259,National Institute of Mental Health (NIMH),NIH,Lead
2259,National Institutes of Health Clinical Center (CC),Other,Collaborator
2260,Poitiers University Hospital,Other,Lead
2261,"University Hospital, Linkoeping",Other,Lead
2262,Brown University,Other,Lead
2262,National Institute on Aging (NIA),NIH,Collaborator
2262,Hebrew SeniorLife,Other,Collaborator
2262,"Insight Therapeutics, LLC",Other,Collaborator
2262,New York University,Other,Collaborator
2263,"University Hospital, Tours",Other,Lead
2264,Rhode Island Hospital,Other,Lead
2264,Blackstone Valley Community Health Care,Other,Collaborator
2265,Hospital Universitario Getafe,Other,Lead
2266,"GeneOne Life Science, Inc.",Industry,Lead
2267,Bassett Healthcare,Other,Lead
2267,Reid Health,Other,Collaborator
2267,Goshen Health System,Other,Collaborator
2268,Ain Shams University,Other,Lead
2269,Fundacion Clinica Valle del Lili,Other,Lead
2270,Meiji Pharma Spain S.A.,Industry,Lead
2271,NYU Langone Health,Other,Lead
2272,Assistance Publique - Hôpitaux de Paris,Other,Lead
2273,St. Joseph's Healthcare Hamilton,Other,Lead
2274,Assistance Publique - Hôpitaux de Paris,Other,Lead
2275,Assistance Publique - Hôpitaux de Paris,Other,Lead
2275,Fonds IMMUNOV,Other,Collaborator
2276,"University Hospital, Angers",Other,Lead
2277,University of Padova,Other,Lead
2277,Northwell Health,Other,Collaborator
2277,Donald and Barbara Zucker School of Medicine at Hofstra/Northwell,Other,Collaborator
2278,"Biohaven Pharmaceuticals, Inc.",Industry,Lead
2279,Azienda Socio Sanitaria Territoriale di Mantova,Other,Lead
2280,Chattogram General Hospital,Other,Lead
2280,Health Science Center of Xi'an Jiaotong University,Other,Collaborator
2281,National Institutes of Health Clinical Center (CC),NIH,Lead
2281,Emory University,Other,Collaborator
2281,Harvard Medical School,Other,Collaborator
2281,National Institute of Allergy and Infectious Diseases (NIAID),Other,Collaborator
2281,National Cancer Institute (NCI),Other,Collaborator
2282,Puren Hospital Affiliated to Wuhan University of Science and Technology,Other,Lead
2282,Shanghai University,Other,Collaborator
2282,Qingdao Co-orient Watson Biotechnology group co. LTD,Other,Collaborator
2282,"Basic Medical Sciences, Chinese Academy of Medical Sciences",Other,Collaborator
2283,University Medical Center Groningen,Other,Lead
2283,Akston Biosciences Corporation,Other,Collaborator
2284,Yarmouk University,Other,Lead
2285,"University Hospital, Rouen",Other,Lead
2286,Humanity & Health Medical Group Limited,Other,Lead
2287,Henning Bliddal,Other,Lead
2287,Frederiksberg University Hospital,Other,Collaborator
2288,Gruppo Italiano Malattie EMatologiche dell'Adulto,Other,Lead
2289,Delta University for Science and Technology,Other,Lead
2290,"University Hospital, Strasbourg, France",Other,Lead
2291,Bakirkoy Dr. Sadi Konuk Research and Training Hospital,Other,Lead
2291,Istanbul University,Other,Collaborator
2292,"Meissa Vaccines, Inc.",Industry,Lead
2293,"University Hospital, Toulouse",Other,Lead
2294,Hospital General de Mexico,Other,Lead
2295,NHS Greater Glasgow and Clyde,Other,Lead
2295,University of Glasgow,Other,Collaborator
2296,Dammam University,Other,Lead
2296,Dammam Medical Complex,Other,Collaborator
2296,Institute for Research and medical consultations (IRMC),Other,Collaborator
2297,Assiut University,Other,Lead
2298,Fondation Ophtalmologique Adolphe de Rothschild,Other,Lead
2299,Ain Shams University,Other,Lead
2299,Misr International University,Other,Collaborator
2300,Sharp HealthCare,Other,Lead
2300,"Advanced Cooling Therapy, Inc., d/b/a Attune Medical",Industry,Collaborator
2301,University of Guadalajara,Other,Lead
2302,"IRCCS National Neurological Institute ""C. Mondino"" Foundation",Other,Lead
2303,University of Victoria,Other,Lead
2304,"National University, Singapore",Other,Lead
2305,"Hospital San Carlos, Madrid",Other,Lead
2305,Fundación de Investigación Hospital Clínico San Carlos,Other,Collaborator
2306,University of Southampton,Other,Lead
2307,CSL Behring,Industry,Lead
2308,"Sanofi Pasteur, a Sanofi Company",Industry,Lead
2308,Sanofi,Other,Collaborator
2309,Goethe University,Other,Lead
2310,"Rutgers, The State University of New Jersey",Other,Lead
2311,"Guyguy K Tshima, MD",Other,Lead
2311,Centre Médical de Kinshasa (CMK),Other,Collaborator
2311,University of Kinshasa,Other,Collaborator
2312,University of Malaya,Other,Lead
2313,Vivek Reddy,Other,Lead
2313,Icahn School of Medicine at Mount Sinai,Other,Collaborator
2314,Kanuni Sultan Suleyman Training and Research Hospital,Other,Lead
2315,University of Miami,Other,Lead
2315,Miami Center for AIDS Research (CFAR),Other,Collaborator
2316,Leiden University Medical Center,Other,Lead
2316,Aurinia Pharmaceuticals Inc.,Industry,Collaborator
2317,Emory University,Other,Lead
2318,Henry Ford Health System,Other,Lead
2319,University Hospitals of North Midlands NHS Trust,Other,Lead
2319,University Hospitals of North Midlands NHS Trust Charity,Other,Collaborator
2319,Staffordshire University,Other,Collaborator
2320,Dr. Reddy's Laboratories Limited,Industry,Lead
2320,"Gamaleya Research Institute of Epidemiology and Microbiology, Health Ministry of the Russian Federation",Other,Collaborator
2320,RDIF (Russian Direct Investment Fund),Other,Collaborator
2320,CRO: JSS Medical Research India Pvt. Ltd.,Other,Collaborator
2321,"Rigshospitalet, Denmark",Other,Lead
2322,Brugmann University Hospital,Other,Lead
2323,Imuneks Farma ilac San. Tic. A.S.,Industry,Lead
2324,Istanbul Medipol University Hospital,Other,Lead
2325,"Codagenix, Inc",Industry,Lead
2326,"University Hospital, Tours",Other,Lead
2327,The Royal Wolverhampton Hospitals NHS Trust,Other,Lead
2328,University of Liege,Other,Lead
2329,October 6 University,Other,Lead
2329,Beni-Suef University,Other,Collaborator
2330,Assistance Publique - Hôpitaux de Paris,Other,Lead
2331,MeMed Diagnostics Ltd.,Industry,Lead
2332,Centre Hospitalier Intercommunal de Toulon La Seyne sur Mer,Other,Lead
2332,Hôpital d'instruction des armées Sainte-Anne,Other,Collaborator
2332,Assistance Publique Hopitaux De Marseille,Other,Collaborator
2333,TriHealth Inc.,Other,Lead
2334,Fundacion Miguel Servet,Other,Lead
2334,Complejo Hospitalario de Navarra,Other,Collaborator
2334,Hospital Sant Joan Despí Moisès Broggi,Other,Collaborator
2335,Centre Hospitalier de Cornouaille,Other,Lead
2335,Centre Hospitalier Régional et Universitaire de Brest,Other,Collaborator
2336,The Hospital for Sick Children,Other,Lead
2336,C17 Council (regulatory sponsor),Other,Collaborator
2337,University of Bern,Other,Lead
2337,Interregionale Blutspende SRK Bern,Other,Collaborator
2338,Sidney Kimmel Comprehensive Cancer Center at Johns Hopkins,Other,Lead
2339,Institute of Biophysics and Cell Engineering of National Academy of Sciences of Belarus,Other,Lead
2339,Belarusian State Medical University,Other,Collaborator
2340,Brii Biosciences Limited,Industry,Lead
2340,TSB Therapeutics (Beijing) CO.LTD,Other,Collaborator
2341,Uni-Pharma Kleon Tsetis Pharmaceutical Laboratories S.A.,Industry,Lead
2341,ATTIKON University Hospital,Other,Collaborator
2342,Ain Shams University,Other,Lead
2343,University of Michigan,Other,Lead
2344,Stony Brook University,Other,Lead
2345,Rafik Batroussy,Other,Lead
2345,"Batroussy, Rafik",Other,Collaborator
2346,Beijing Friendship Hospital,Other,Lead
2347,University of Leicester,Other,Lead
2347,"University Hospitals, Leicester",Other,Collaborator
2348,The Hospital for Sick Children,Other,Lead
2348,Unity Health Toronto,Other,Collaborator
2349,Tanta University,Other,Lead
2350,National Institutes of Health Clinical Center (CC),NIH,Lead
2351,Kootenai Health,Other,Lead
2351,Washington State University,Other,Collaborator
2352,Liverpool School of Tropical Medicine,Other,Lead
2352,London School of Hygiene and Tropical Medicine,U.S. Fed,Collaborator
2352,Kenya Medical Research Institute,Other,Collaborator
2352,Groupe de Recherche Action en Sante,Other,Collaborator
2352,"Centres for Disease Control and Prevention, Kenya.",Other,Collaborator
2352,Bill and Melinda Gates Foundation,Other,Collaborator
2352,Centers for Disease Control and Prevention,Other,Collaborator
2353,Mazandaran University of Medical Sciences,Other,Lead
2354,Universidad de Guanajuato,Other,Lead
2354,Hospital General Regional de León,Other,Collaborator
2354,University Medical Center Groningen,Other,Collaborator
2355,University of Baghdad,Other,Lead
2356,Novavax,Industry,Lead
2356,Coalition for Epidemic Preparedness Innovations,Other,Collaborator
2357,McGill University Health Centre/Research Institute of the McGill University Health Centre,Other,Lead
2357,University of Manitoba,Other,Collaborator
2357,University of Alberta,Other,Collaborator
2357,University of British Columbia,Other,Collaborator
2357,McMaster University,Other,Collaborator
2357,Lawson Health Research Institute,Other,Collaborator
2357,Eastern Health,Other,Collaborator
2357,University of Minnesota,Other,Collaborator
2358,Hospital of South West Jutland,Other,Lead
2358,Steno Diabetes Center Odense,Other,Collaborator
2358,Steno Diabetes Center Nordjylland,Other,Collaborator
2358,Steno Diabetes Center Aarhus,Other,Collaborator
2358,Steno Diabetes Center Sjaelland,Other,Collaborator
2358,Steno Diabetes Center Copenhagen,Other,Collaborator
2359,M Abdur Rahim Medical College and Hospital,Other,Lead
2359,First Affiliated Hospital Xi'an Jiaotong University,Other,Collaborator
2359,Cox's Bazar 250 Bed District Sadar Hospital,Other,Collaborator
2359,Chattogram General Hospital,Other,Collaborator
2360,Lawson Health Research Institute,Other,Lead
2361,InflaRx GmbH,Industry,Lead
2362,Imperial College London,Other,Lead
2363,Turkiye Yuksek Ihtisas Education and Research Hospital,Other,Lead
2364,European Institute of Oncology,Other,Lead
2364,Azienda Socio-Sanitaria Territoriale di Cremona,Other,Collaborator
2364,Azienda Ospedaliera Niguarda Cà Granda,Other,Collaborator
2364,Fondazione I.R.C.C.S. Istituto Neurologico Carlo Besta,Other,Collaborator
2364,Papa Giovanni XXIII Hospital,Other,Collaborator
2365,B. Braun Melsungen AG,Industry,Lead
2366,Academisch Medisch Centrum - Universiteit van Amsterdam (AMC-UvA),Other,Lead
2366,"Centre Hospitalier Universitaire de Brussels, Brussels, Belgium",Other,Collaborator
2366,"Miulli Regional Hospital, Acquaviva delle Fonti, Italy",Other,Collaborator
2366,University of Foggia,Other,Collaborator
2366,University of Bari Aldo Moro,Other,Collaborator
2367,First Affiliated Hospital of Wenzhou Medical University,Other,Lead
2367,Second Affiliated Hospital of Wenzhou Medical University,Other,Collaborator
2367,Wenzhou Central Hospital,Other,Collaborator
2368,Shanghai Public Health Clinical Center,Other,Lead
2369,Indiana University,Other,Lead
2370,"MindRhythm, Inc.",Industry,Lead
2370,Wayne State University,Other,Collaborator
2371,Istanbul Bilgi University,Other,Lead
2372,Biosurf LLC.,Industry,Lead
2373,BeiGene,Industry,Lead
2374,EicOsis Human Health Inc.,Industry,Lead
2375,"University of California, San Francisco",Other,Lead
2375,"University of California, Los Angeles",Other,Collaborator
2376,"NeuroActiva, Inc.",Industry,Lead
2376,"Biomed Industries, Inc.",Other,Collaborator
2377,Maastricht University Medical Center,Other,Lead
2377,Raisio Nutrition Ltd.,Other,Collaborator
2378,Novartis Pharmaceuticals,Industry,Lead
2378,Incyte Corporation,Other,Collaborator
2378,Novartis,Other,Collaborator
2379,Hospital Universitari de Bellvitge,Other,Lead
2379,Institut d'Investigació Biomèdica de Bellvitge,Other,Collaborator
2380,"All India Institute of Medical Sciences, New Delhi",Other,Lead
2381,University of Arkansas,Other,Lead
2382,Hellenic Institute for the Study of Sepsis,Other,Lead
2383,"University of California, San Francisco",Other,Lead
2384,University of Sao Paulo,Other,Lead
2384,Conselho Nacional de Desenvolvimento Científico e Tecnológico,Other,Collaborator
2385,Universidad Peruana Cayetano Heredia,Other,Lead
2386,Milton S. Hershey Medical Center,Other,Lead
2387,Hospices Civils de Lyon,Other,Lead
2388,"ImmunityBio, Inc.",Industry,Lead
2389,Radboud University,Other,Lead
2390,HIV Vaccine Trials Network,Other,Lead
2390,National Institute of Allergy and Infectious Diseases (NIAID),NIH,Collaborator
2390,HIV Prevention Trials Network,Other,Collaborator
2391,Seyhmus Kavak,Other,Lead
2391,Saglik Bilimleri Universitesi Gazi Yasargil Training and Research Hospital,Other,Collaborator
2392,Cairo University,Other,Lead
2393,Universidade de Cabo Verde,Other,Lead
2393,University of Southern Denmark,Other,Collaborator
2393,"Institute of Hygiene and Tropical Medicine, NOVA University, Lisbon, Portugal",Other,Collaborator
2393,"National Institute of Public Health of Cape Verde, Praia, Cape Verde",Other,Collaborator
2393,Centro de Investigacao em Saude de Manhica,Other,Collaborator
2393,European and Developing Countries Clinical Trials Partnership (EDCTP),Other,Collaborator
2393,"Bandim Health Project, Bissau, Guinea-Bissau",Other,Collaborator
2394,Argentinian Intensive Care Society,Other,Lead
2395,Società Italiana Talassemie ed Emoglobinopatie,Other,Lead
2396,National Institute of Allergy and Infectious Diseases (NIAID),NIH,Lead
2396,Teva Pharmaceuticals Industries LTD,Other,Collaborator
2397,Sidney Kimmel Comprehensive Cancer Center at Johns Hopkins,Other,Lead
2398,National Opinion Research Center,Other,Lead
2398,Child Trends,Other,Collaborator
2398,"Office of Planning, Research and Evaluation (ACF, DHHS)",Other,Collaborator
2399,"Prothione, LLC",Other,Lead
2400,University of Cagliari,Other,Lead
2401,Ohio State University,Other,Lead
2402,TC Biopharm,Industry,Lead
2403,D'Or Institute for Research and Education,Other,Lead
2403,Hospital Estadual da Criança,Other,Collaborator
2403,Hospital Federal de Bonsucesso,Other,Collaborator
2403,Rio de Janeiro State Research Supporting Foundation (FAPERJ),Other,Collaborator
2404,"Charite University, Berlin, Germany",Other,Lead
2405,Washington University School of Medicine,Other,Lead
2406,Aviron LLC,Industry,Lead
2407,University of Minnesota,Other,Lead
2407,McGill University Health Centre/Research Institute of the McGill University Health Centre,Other,Collaborator
2407,University of Manitoba,Other,Collaborator
2407,University of Alberta,Other,Collaborator
2408,"University Hospital, Lille",Other,Lead
2409,"Stemedica Cell Technologies, Inc.",Industry,Lead
2409,"bioRASI, LLC",Other,Collaborator
2410,Ward Photonics LLC,Industry,Lead
2411,Nemechek Technologies,Industry,Lead
2412,LumiraDx UK Limited,Industry,Lead
2413,Eli Lilly and Company,Industry,Lead
2413,AbCellera Biologics Inc.,Other,Collaborator
2413,"Shanghai Junshi Bioscience Co., Ltd.",Other,Collaborator
2414,"ImmunityBio, Inc.",Industry,Lead
2415,Trustem,Industry,Lead
2415,Fundación Universitaria de Ciencias de la Salud,Other,Collaborator
2415,Hospital de San Jose,Other,Collaborator
2415,Hospital Infantil Universitario de San Jose,Other,Collaborator
2416,Ottawa Hospital Research Institute,Other,Lead
2416,Stem Cell Network,Other,Collaborator
2416,Ontario Research Fund,Other,Collaborator
2417,ObvioHealth,Industry,Lead
2418,Centurion Pharma,Industry,Lead
2418,Klinar CRO,Other,Collaborator
2419,City of Hope Medical Center,Other,Lead
2419,National Cancer Institute (NCI),NIH,Collaborator
2420,"University of California, San Francisco",Other,Lead
2421,University of Sao Paulo General Hospital,Other,Lead
2422,NYU Langone Health,Other,Lead
2423,Stanford University,Other,Lead
2423,National Institute of Allergy and Infectious Diseases (NIAID),NIH,Collaborator
2423,National Cancer Institute (NCI),Other,Collaborator
2423,National Institute of Environmental Health Sciences (NIEHS),Other,Collaborator
2424,Hackensack Meridian Health,Other,Lead
2425,National Institute of Dental and Craniofacial Research (NIDCR),NIH,Lead
2425,National Institutes of Health Clinical Center (CC),Other,Collaborator
2426,Hanna Czajka,Other,Lead
2426,Medical Research Agency - Agencja Badań Medycznych,Other,Collaborator
2426,University of Rzeszow,Other,Collaborator
2427,University Hospital of Ferrara,Other,Lead
2428,Brigham and Women's Hospital,Other,Lead
2429,National Institutes of Health Clinical Center (CC),NIH,Lead
2429,Emory University,Other,Collaborator
2430,Universitair Ziekenhuis Brussel,Other,Lead
2431,Sciensano,Other,Lead
2431,"Institute of Tropical Medicine, Belgium",Other,Collaborator
2432,University of Birmingham,Other,Lead
2433,Italian Group for the study of Inflammatory Bowel Disease (IG-IBD),Other,Lead
2434,Hospital Universitario Infanta Leonor,Other,Lead
2434,Hospital Clínic de Barcelona,Industry,Collaborator
2434,ViiV Healthcare,Other,Collaborator
2435,Jean Liu,Other,Lead
2435,Yale-NUS College,Other,Collaborator
2436,"George Sakoulas, MD",Other,Lead
2436,Octapharma,Industry,Collaborator
2436,Sharp HealthCare,Other,Collaborator
2437,Brugmann University Hospital,Other,Lead
2438,Cardiovascular Research Institute Dublin,Other,Lead
2439,University of Health Sciences Lahore,Other,Lead
2439,University of Lahore,Industry,Collaborator
2439,Amson Vaccine and Pharma (Pvt) Limited,Other,Collaborator
2440,drpykessupplements.com,Industry,Lead
2441,MGC Pharmaceuticals d.o.o,Industry,Lead
2442,"Inmune Bio, Inc.",Industry,Lead
2443,"University Hospital, Ioannina",Other,Lead
2443,"OTORHINOLARYNGOLOGY DEPARTMENT, UNIVERSITY GENERAL HOSPITAL OF IOANNINA",Other,Collaborator
2443,"1st DIVISION OF INTERNAL MEDICINE, UNIVERSITY GENERAL HOSPITAL OF IOANNINA",Other,Collaborator
2444,University of Chicago,Other,Lead
2445,"University of Maryland, Baltimore",Other,Lead
2446,Frontier Biotechnologies Inc.,Industry,Lead
2447,Perspectum,Industry,Lead
2448,VA Office of Research and Development,U.S. Fed,Lead
2449,"Regional Center for Disease Control and Prevention, Jordan",Other,Lead
2449,"Farhat Hached Hospital, Tunisia",Other,Collaborator
2449,"Fattouma Bourguiba, Tunisia",Other,Collaborator
2450,Shanghai Public Health Clinical Center,Other,Lead
2451,AbbVie,Industry,Lead
2452,Canisius-Wilhelmina Hospital,Other,Lead
2452,Kappa Bioscience,Other,Collaborator
2453,Piero Luigi Ruggenenti,Other,Lead
2453,Aferetica,Other,Collaborator
2453,A.O. Ospedale Papa Giovanni XXIII,Other,Collaborator
2454,University of Pennsylvania,Other,Lead
2455,"Health Stream Analytics, LLC",Industry,Lead
2456,Azidus Brasil,Industry,Lead
2456,InCor Heart Institute,Other,Collaborator
2456,Hospital Santa Marcelina,Other,Collaborator
2456,Prevent Senior Institute,Other,Collaborator
2457,University Hospital Bispebjerg and Frederiksberg,Other,Lead
2457,"Rigshospitalet, Denmark",Other,Collaborator
2458,Epicentre,Other,Lead
2458,Université Abdou Moumouni,Other,Collaborator
2458,Centre de Recherche Médicale et Sanitaire,Other,Collaborator
2458,"Ministry of Public Health, Republic of Niger",Other,Collaborator
2459,Assistance Publique - Hôpitaux de Paris,Other,Lead
2460,Erasmus Medical Center,Other,Lead
2460,Lviv Regional AIDS Health Center,Other,Collaborator
2461,Goldhahn Jörg,Other,Lead
2461,ETH Zurich,Other,Collaborator
2462,I.M. Sechenov First Moscow State Medical University,Other,Lead
2463,Assistance Publique Hopitaux De Marseille,Other,Lead
2464,Neurognos,Industry,Lead
2465,Abivax S.A.,Industry,Lead
2466,University of Sao Paulo,Other,Lead
2467,"University Health Network, Toronto",Other,Lead
2467,Oslo University Hospital,Other,Collaborator
2468,"ImmunityBio, Inc.",Industry,Lead
2469,Dr. Reddy's Laboratories Limited,Industry,Lead
2470,University of Kansas Medical Center,Other,Lead
2471,National Institutes of Health Clinical Center (CC),NIH,Lead
2472,Emanuele Bosi,Other,Lead
2472,IRCCS San Raffaele,Other,Collaborator
2473,University of Sao Paulo,Other,Lead
2473,Maria Aparecida de Andrade Moreira Machado,Other,Collaborator
2473,Thais Marchini de Oliveira Valarelli,Other,Collaborator
2474,University of Oxford,Other,Lead
2475,Catholic University of the Sacred Heart,Other,Lead
2476,Beijing Normal University,Other,Lead
2477,Saglik Bilimleri Universitesi Gazi Yasargil Training and Research Hospital,Other,Lead
2478,"Ministry of Public Health, Argentina",Other,Lead
2479,Centre Hospitalier Intercommunal Robert Ballanger,Other,Lead
2479,Groupe Hospitalier Pitie-Salpetriere,Other,Collaborator
2480,Stanford University,Other,Lead
2481,Chinese Academy of Medical Sciences,Other,Lead
2481,West China Second University Hospital,Other,Collaborator
2481,Yunnan Center for Disease Control and Prevention,Other,Collaborator
2482,Centre d'Investigation Clinique et Technologique 805,Other,Lead
2483,Stanford University,Other,Lead
2484,"Oryn Therapeutics, LLC",Industry,Lead
2485,National Institute of Allergy and Infectious Diseases (NIAID),NIH,Lead
2485,National Institutes of Health Clinical Center (CC),Other,Collaborator
2486,University of Utah,Other,Lead
2486,VA Salt Lake City Health Care System,U.S. Fed,Collaborator
2486,University of Pennsylvania,Other,Collaborator
2486,Wake Forest University Health Sciences,Other,Collaborator
2486,University of Florida,Other,Collaborator
2486,Johns Hopkins Bloomberg School of Public Health,Other,Collaborator
2486,Boston University,Other,Collaborator
2486,Northwestern University,Other,Collaborator
2486,Edith Nourse Rogers Memorial Veterans Hospital,Other,Collaborator
2486,Columbia University,Other,Collaborator
2486,MedStar Georgetown University Hospital,Other,Collaborator
2487,University of Salamanca,Other,Lead
2488,Maria de los Angeles Peral de Bruno,Other,Lead
2488,"Ministry of Public Health, Argentina",Other,Collaborator
2489,Capricor Inc.,Industry,Lead
2490,Gunther Meinlschmidt,Other,Lead
2490,Selfapy GmbH,Other,Collaborator
2490,International Psychoanalytic University Berlin,Other,Collaborator
2491,Drexel University,Other,Lead
2492,"Centre Hospitalier Universitaire, Amiens",Other,Lead
2493,"Institute of Liver and Biliary Sciences, India",Other,Lead
2494,Pontificia Universidad Catolica de Chile,Other,Lead
2494,"Fondo Nacional de Desarrollo Científico y Tecnológico, Chile",Other,Collaborator
2495,Hospital Clinic of Barcelona,Other,Lead
2495,Academisch Medisch Centrum - Universiteit van Amsterdam (AMC-UvA),Other,Collaborator
2495,Istituto Auxologico Italiano,Other,Collaborator
2495,St George's University Hospitals NHS Foundation Trust,Other,Collaborator
2495,"University Hospital, Antwerp",Other,Collaborator
2495,European Reference Network for Rare and Low Prevalence Complex Diseases of the Heart (ERN GUARDHEART),Other,Collaborator
2495,European Society of Cardiology,Other,Collaborator
2496,National Institute of Allergy and Infectious Diseases (NIAID),NIH,Lead
2496,Eli Lilly and Company,Industry,Collaborator
2496,AIDS Clinical Trials Group,Other,Collaborator
2496,Brii Biosciences Limited,Other,Collaborator
2496,AstraZeneca,Other,Collaborator
2496,Sagent Pharmaceuticals,Other,Collaborator
2496,Synairgen Research Ltd.,Other,Collaborator
2496,Bristol-Myers Squibb,Other,Collaborator
2497,"University of California, San Francisco",Other,Lead
2498,SBÜ Dr. Sadi Konuk Eğitim ve Araştırma Hastanesi,Other,Lead
2498,Istinye University,Other,Collaborator
2498,Regenerative Medicine and Stem Cell Production Center Liv MedCell,Other,Collaborator
2498,Liv Hospital (Ulus),Other,Collaborator
2499,Bezmialem Vakif University,Other,Lead
2500,"Beijing Minhai Biotechnology Co., Ltd",Industry,Lead
2500,"Shenzhen Kangtai Biological Products Co., LTD",Other,Collaborator
2500,Jiangsu Province Centers for Disease Control and Prevention,Other,Collaborator
2501,Fundación de investigación HM,Other,Lead
2501,"Syntax for Science, S.L",Industry,Collaborator
2502,"Second Affiliated Hospital, School of Medicine, Zhejiang University",Other,Lead
2503,University of Florida,Other,Lead
2504,Siyan Clinical Corporation,Other,Lead
2505,"University Hospital, Strasbourg, France",Other,Lead
2506,Francis Corazza,Other,Lead
2506,Brugmann University Hospital,Other,Collaborator
2507,"University Hospital, Strasbourg, France",Other,Lead
2508,Versailles Hospital,Other,Lead
2509,Assiut University,Other,Lead
2510,Çanakkale Onsekiz Mart University,Other,Lead
2511,Hospital Provincial de Castellon,Other,Lead
2512,Universidad Pública de Navarra,Other,Lead
2512,Fundacion Miguel Servet,Other,Collaborator
2512,Complejo Hospitalario de Navarra,Other,Collaborator
2513,Hospital Israelita Albert Einstein,Other,Lead
2513,"Ministry of Health, Brazil",Other,Collaborator
2514,"University Hospital, Geneva",Other,Lead
2514,"University of Geneva, Switzerland",Other,Collaborator
2515,Centre Hospitalier René Dubos,Other,Lead
2516,"University Hospital, Clermont-Ferrand",Other,Lead
2517,Assistance Publique - Hôpitaux de Paris,Other,Lead
2518,University of Alabama at Birmingham,Other,Lead
2519,McMaster University,Other,Lead
2519,Research St. Joseph's - Hamilton,Other,Collaborator
2519,Cyclomedica Australia Pty Ltd,Other,Collaborator
2520,Mario Negri Institute for Pharmacological Research,Other,Lead
2521,Istituto Clinico Humanitas,Other,Lead
2522,University of Minnesota,Other,Lead
2522,UnitedHealth Group,Industry,Collaborator
2522,Northwestern University,Other,Collaborator
2522,"Hennepin County Medical Center, Minneapolis",Other,Collaborator
2522,"University of Colorado, Denver",Other,Collaborator
2522,Olive View-UCLA Education & Research Institute,Other,Collaborator
2523,CureVac AG,Industry,Lead
2524,Imperial College London,Other,Lead
2525,Cairo University,Other,Lead
2525,Noha Mahmoud Nasreldin Hassan,Other,Collaborator
2526,Centre Hospitalier Intercommunal de Toulon La Seyne sur Mer,Other,Lead
2527,Cliniques universitaires Saint-Luc- Université Catholique de Louvain,Other,Lead
2528,Judit Pich Martínez,Other,Lead
2528,Fundacion Clinic per a la Recerca Biomédica,Other,Collaborator
2529,University of Missouri-Columbia,Other,Lead
2530,HealthTree Foundation,Other,Lead
2530,GlaxoSmithKline,Industry,Collaborator
2531,Peking Union Medical College Hospital,Other,Lead
2531,Zhongda Hospital,Other,Collaborator
2531,Zhongnan Hospital,Other,Collaborator
2531,Renmin Hospital of Wuhan University,Other,Collaborator
2532,Khoo Teck Puat Hospital,Other,Lead
2533,RSV Therapeutics LLC,Industry,Lead
2534,M.D. Anderson Cancer Center,Other,Lead
2534,National Cancer Institute (NCI),NIH,Collaborator
2535,Ciusss de L'Est de l'Île de Montréal,Other,Lead
2535,Covid-19 Early Treatment Fund,Other,Collaborator
2536,Unity Health Toronto,Other,Lead
2536,University of Vermont Medical Center,Other,Collaborator
2537,National Institute of Allergy and Infectious Diseases (NIAID),NIH,Lead
2537,National Institutes of Health Clinical Center (CC),Other,Collaborator
2538,First Affiliated Hospital of Wenzhou Medical University,Other,Lead
2538,Second Affiliated Hospital of Wenzhou Medical University,Other,Collaborator
2538,Wenzhou Central Hospital,Other,Collaborator
2539,Assistance Publique - Hôpitaux de Paris,Other,Lead
2540,Dr David DE BELS,Other,Lead
2540,Brugmann University Hospital,Other,Collaborator
2541,Shahid Beheshti University of Medical Sciences,Other,Lead
2542,"Serhat Gumrukcu, MD PhD",Other,Lead
2542,The Scripps Research Institute,Other,Collaborator
2542,Seraph Research Institute,Other,Collaborator
2543,University of Liverpool,Other,Lead
2543,University of Southampton,Other,Collaborator
2543,Liverpool School of Tropical Medicine,Other,Collaborator
2543,Lancaster University,Other,Collaborator
2543,Liverpool University Hospitals NHS Foundation Trust,Other,Collaborator
2544,Institut Pasteur,Industry,Lead
2544,"Hôpital Lariboisière, AP-HP",Other,Collaborator
2545,"Fujifilm Pharmaceuticals U.S.A., Inc.",Industry,Lead
2546,Beni-Suef University,Other,Lead
2547,"University Hospital, Antwerp",Other,Lead
2548,Poitiers University Hospital,Other,Lead
2549,Andreas Josefsson,Other,Lead
2549,Umeå University,Industry,Collaborator
2549,"Sahlgrenska University Hospital, Sweden",Other,Collaborator
2549,"University Hospital, Umeå",Other,Collaborator
2549,Uppsala University Hospital,Other,Collaborator
2549,Skane University Hospital,Other,Collaborator
2549,Jonkoping County Hospital,Other,Collaborator
2549,Sundsvall Hospital,Other,Collaborator
2549,Helsingborgs Hospital,Other,Collaborator
2549,Göteborg University,Other,Collaborator
2549,Astellas Pharma Europe Ltd.,Other,Collaborator
2549,Norrlands University Hospital,Other,Collaborator
2549,Västerbotten County Council,Other,Collaborator
2550,Xinqiao Hospital of Chongqing,Other,Lead
2551,Tourcoing Hospital,Other,Lead
2552,Raffaele Antonelli Incalzi,Other,Lead
2552,Italian Society of Gerontology and Geriatrics,Other,Collaborator
2552,BLUECOMPANION FRANCE,Other,Collaborator
2552,BLUECOMPANION LTD,Other,Collaborator
2552,Campus Bio-Medico University,Other,Collaborator
2553,"Prof. Stavros Konstantinides, MD",Other,Lead
2553,University of Zurich,Other,Collaborator
2553,Johannes Gutenberg University Mainz,Other,Collaborator
2554,Sialkott College of Physical Therapy,Other,Lead
2555,Laboratorio Elea Phoenix S.A.,Industry,Lead
2555,"Carlos R. Rojo, MD",Other,Collaborator
2555,"Facultad de Medicina, Universidad de Buenos Aires, UBA",Other,Collaborator
2556,Centre Hospitalier Metropole Savoie,Other,Lead
2557,Columbia University,Other,Lead
2557,Constant Therapeutics LLC,Other,Collaborator
2558,VU University Medical Center,Other,Lead
2559,Lowell General Hospital,Other,Lead
2560,Associação Fundo de Incentivo à Pesquisa,Other,Lead
2561,Basaksehir Cam & Sakura Şehir Hospital,Other,Lead
2562,"Clinica Universidad de Navarra, Universidad de Navarra",Other,Lead
2562,Sanofi,Industry,Collaborator
2562,Hospital Universitario Infanta Leonor,Other,Collaborator
2563,"University Hospital, Strasbourg, France",Other,Lead
2564,Hospital Nacional Edgardo Rebagliati Martins,Other,Lead
2564,Universidad de Piura,Other,Collaborator
2565,"ANRS, Emerging Infectious Diseases",Other,Lead
2565,Université de Bordeaux,Other,Collaborator
2565,PACCI Program,Other,Collaborator
2566,IRCCS San Raffaele,Other,Lead
2567,"University Hospital, Montpellier",Other,Lead
2567,French Society of Rheumatology,Other,Collaborator
2568,Erasmus Medical Center,Other,Lead
2568,Sanquin Plasma Products BV,Other,Collaborator
2568,ZonMw: The Netherlands Organisation for Health Research and Development,Other,Collaborator
2568,Leiden University Medical Center,Other,Collaborator
2569,"National Institute of Respiratory Diseases, Mexico",Other,Lead
2569,Sanofi,Industry,Collaborator
2570,Aarogyam UK,Other,Lead
2570,Dr. Sarvepalli Radhakrishnan Rajasthan Ayurved University,Other,Collaborator
2570,"Samta Ayurveda Prakoshtha, India",Other,Collaborator
2571,Children's Hospital of Fudan University,Other,Lead
2572,PharmaMar,Industry,Lead
2573,Poitiers University Hospital,Other,Lead
2574,Izmir Bakircay University,Other,Lead
2574,Cigli Regional Training Hospital,Other,Collaborator
2574,Muğla Sıtkı Koçman University,Other,Collaborator
2575,Hospital General Universitario Morales Meseguer,Other,Lead
2576,Aarogyam UK,Other,Lead
2576,University of Warwick,Other,Collaborator
2576,Igor Sikorsky Kyiv Polytechnic Institute,Other,Collaborator
2576,ClickMedix LLC,Other,Collaborator
2577,"Sinovac Research and Development Co., Ltd.",Industry,Lead
2577,"Sinovac Biotech Co., Ltd",Other,Collaborator
2578,Hospices Civils de Lyon,Other,Lead
2579,Regeneris Medical,Other,Lead
2580,Fabrizio Cantini,Other,Lead
2580,Hospital of Prato,Other,Collaborator
2581,Hamad Medical Corporation,Industry,Lead
2582,S.M. Misericordia Hospital,Other,Lead
2583,Massachusetts General Hospital,Other,Lead
2583,Patient-Centered Outcomes Research Institute,Other,Collaborator
2583,Advocates,Other,Collaborator
2583,Bay Cove Human Services,Other,Collaborator
2583,North Suffolk Mental Health Association,Other,Collaborator
2583,Open Sky Community Services,Other,Collaborator
2583,"Riverside Community Care, Inc.",Other,Collaborator
2583,Dartmouth College,Other,Collaborator
2583,Vinfen Corporation,Other,Collaborator
2584,"Central Hospital, Nancy, France",Other,Lead
2585,Sharon Nachman,Other,Lead
2585,Stony Brook University,Other,Collaborator
2586,Kafrelsheikh University,Other,Lead
2587,The Affiliated Nanjing Drum Tower Hospital of Nanjing University Medical School,Other,Lead
2588,NYU Langone Health,Other,Lead
2589,University of Alabama at Birmingham,Other,Lead
2590,"Sorrento Therapeutics, Inc.",Industry,Lead
2591,Kafrelsheikh University,Other,Lead
2592,"Adagio Therapeutics, Inc.",Industry,Lead
2593,Children's National Research Institute,Other,Lead
2593,National Institute of Allergy and Infectious Diseases (NIAID),NIH,Collaborator
2594,Salveo Diagnostics,Industry,Lead
2595,Instituto Costarricense de Investigaciones Clínicas ICIC,Other,Lead
2596,Gadjah Mada University,Other,Lead
2597,"University Hospital, Lille",Other,Lead
2598,"Gamaleya Research Institute of Epidemiology and Microbiology, Health Ministry of the Russian Federation",Other,Lead
2598,RDIF (Russian Direct Investment Fund),Other,Collaborator
2598,CRO: iPharma,Other,Collaborator
2598,Government of the city of Moscow,Other,Collaborator
2599,Duke University,Other,Lead
2600,University Hospital Tuebingen,Other,Lead
2600,"Institute of Clinical Chemistry and Pathobiochemistry, Department of Internal Medicine",Other,Collaborator
2601,Hospital Universitario Dr. Jose E. Gonzalez,Other,Lead
2602,The University of Hong Kong,Other,Lead
2603,"Clear Creek Bio, Inc.",Industry,Lead
2604,University Hospital Schleswig-Holstein,Other,Lead
2605,Johns Hopkins University,Other,Lead
2606,Prof. Dr. Matthias Preusser,Other,Lead
2606,Medical University of Vienna,Other,Collaborator
2607,Thomas Benfield,Other,Lead
2607,Hvidovre University Hospital,Other,Collaborator
2608,Hospital de Clinicas de Porto Alegre,Other,Lead
2608,"Fundação de Amparo à Pesquisa do Estado do Rio Grande do Sul, Brazil",Other,Collaborator
2608,Instituto Cultural Floresta,Other,Collaborator
2609,Liverpool University Hospitals NHS Foundation Trust,Other,Lead
2610,Imperial College London,Other,Lead
2610,Imperial College Healthcare NHS Trust,Other,Collaborator
2611,Sanotize Research and Development corp.,Industry,Lead
2612,"University Hospital, Ioannina",Other,Lead
2612,"INTERNAL MEDICINE DEPARTMENT, 1ST WARD",Other,Collaborator
2613,Centre Hospitalier Universitaire de Nice,Other,Lead
2614,Hackensack Meridian Health,Other,Lead
2615,University of Oxford,Other,Lead
2616,Hospices Civils de Lyon,Other,Lead
2617,Benha University,Other,Lead
2617,Tanta University,Other,Collaborator
2618,The First Affiliated Hospital of Guangzhou Medical University,Other,Lead
2619,Australian National University,Other,Lead
2620,"Children's Hospital Medical Center, Cincinnati",Other,Lead
2621,University of Chicago,Other,Lead
2622,"Sinovac Research and Development Co., Ltd.",Industry,Lead
2622,"Sinovac Biotech Co., Ltd",Other,Collaborator
2623,Cambridge University Hospitals NHS Foundation Trust,Other,Lead
2624,"Sultan Abdulhamid Han Training and Research Hospital, Istanbul, Turkey",Other,Lead
2625,Quovadis Associazione,Other,Lead
2625,University of Padova,Other,Collaborator
2626,McGill University Health Centre/Research Institute of the McGill University Health Centre,Other,Lead
2626,Hamilton Health Sciences Corporation,Industry,Collaborator
2626,Hoffmann-La Roche,Other,Collaborator
2626,Exactis Innovation,Other,Collaborator
2627,University of Manchester,Other,Lead
2628,University of Siena,Other,Lead
2629,Genova Inc.,Industry,Lead
2630,"BioAge Labs, Inc.",Industry,Lead
2631,Jessa Hospital,Other,Lead
2632,VA Office of Research and Development,U.S. Fed,Lead
2632,Baylor College of Medicine,Other,Collaborator
2633,"Clinica Universidad de Navarra, Universidad de Navarra",Other,Lead
2633,Barcelona Institute for Global Health,Other,Collaborator
2634,Medicago,Industry,Lead
2635,University of Pecs,Other,Lead
2635,HECRIN Consortium,Other,Collaborator
2635,Hungarian Ministry of Innovation and Technology,Other,Collaborator
2636,Fundació Institut de Recerca de l'Hospital de la Santa Creu i Sant Pau,Other,Lead
2636,Instituto de Salud Carlos III,Other,Collaborator
2637,Universidad Complutense de Madrid,Other,Lead
2638,ClarData,Other,Lead
2639,Fagron Iberica S.A.U.,Industry,Lead
2640,Ain Shams University,Other,Lead
2640,Misr International University,Other,Collaborator
2641,Columbia University,Other,Lead
2642,"University Hospital, Toulouse",Other,Lead
2643,Bryn Mawr Hospital,Other,Lead
2643,Sharpe-Strumia Research Foundation,Other,Collaborator
2643,Bryn Mawr Hospital Foundation,Other,Collaborator
2643,Cotswold Foundation,Other,Collaborator
2644,Centre Hospitalier Régional Metz-Thionville,Other,Lead
2645,CareDx,Industry,Lead
2646,Murielle Surquin,Other,Lead
2646,Brugmann University Hospital,Other,Collaborator
2647,McGill University Health Centre/Research Institute of the McGill University Health Centre,Other,Lead
2648,Davita Clinical Research,Industry,Lead
2649,Hegau-Bodensee-Klinikum Singen,Other,Lead
2649,Department of Health and Human Services,U.S. Fed,Collaborator
2650,Dr. Tariq Alhawassi,Other,Lead
2650,King Saud University,Other,Collaborator
2651,Novartis Pharmaceuticals,Industry,Lead
2651,Novartis,Other,Collaborator
2652,Centre Hospitalier Universitaire de Nice,Other,Lead
2653,Nantes University Hospital,Other,Lead
2654,Public Health Foundation of India,Other,Lead
2654,"Centre for Chronic Disease Control, India",Other,Collaborator
2654,University of Cape Town,Other,Collaborator
2654,"World Heart Federation, Geneva, Switzerland",Other,Collaborator
2655,Fundacion GenesisCare,Other,Lead
2655,Hospital La Milagrosa,Other,Collaborator
2655,Hospital Vithas Valencia Consuelo,Other,Collaborator
2656,Chinese University of Hong Kong,Other,Lead
2656,Peking University First Hospital,Other,Collaborator
2656,Hospital Universitario de Torrejón,Other,Collaborator
2656,"Queen Mary Hospital, Hong Kong",Other,Collaborator
2656,Pamela Youde Nethersole Eastern Hospital,Other,Collaborator
2656,"Queen Elizabeth Hospital, Hong Kong",Other,Collaborator
2656,United Christian Hospital,Other,Collaborator
2656,Kwong Wah Hospital,Other,Collaborator
2656,"Princess Margaret Hospital, Hong Kong",Other,Collaborator
2656,Tuen Mun Hospital,Other,Collaborator
2657,U.S. Army Medical Research and Development Command,U.S. Fed,Lead
2658,"University Hospital, Rouen",Other,Lead
2659,Centre Hospitalier Universitaire de Saint Etienne,Other,Lead
2660,"Bryan Burt, MD",Other,Lead
2660,Brigham and Women's Hospital,Other,Collaborator
2660,Baylor College of Medicine,Other,Collaborator
2661,Fundació Institut Germans Trias i Pujol,Other,Lead
2662,University of Sao Paulo General Hospital,Other,Lead
2663,Massachusetts General Hospital,Other,Lead
2663,University of Alabama at Birmingham,Other,Collaborator
2664,"University Hospital, Basel, Switzerland",Other,Lead
2664,Swiss National Science Foundation,Other,Collaborator
2665,"ImmunityBio, Inc.",Industry,Lead
2666,"Rigshospitalet, Denmark",Other,Lead
2667,"University Hospital, Bordeaux",Other,Lead
2668,Hospital Israelita Albert Einstein,Other,Lead
2668,Pfizer,Industry,Collaborator
2669,M.D. Anderson Cancer Center,Other,Lead
2669,National Cancer Institute (NCI),NIH,Collaborator
2670,Sinocelltech Ltd.,Industry,Lead
2671,Sisli Hamidiye Etfal Training and Research Hospital,Other,Lead
2672,Cambridge University Hospitals NHS Foundation Trust,Other,Lead
2673,Assistance Publique - Hôpitaux de Paris,Other,Lead
2673,"INSERM, Epopé team",Other,Collaborator
2674,"Instituto Grifols, S.A.",Industry,Lead
2674,Grifols Therapeutics LLC,Other,Collaborator
2675,Beijing Children's Hospital,Other,Lead
2675,"Capital Institute of Pediatrics, China",Other,Collaborator
2675,The First Affiliated Hospital of Anhui Medical University,Other,Collaborator
2675,China-Japan Friendship Hospital,Other,Collaborator
2675,The First Affiliated Hospital of Xiamen University,Other,Collaborator
2675,Guangzhou Women and Children's Medical Center,Other,Collaborator
2675,Shenzhen Children's Hospital,Other,Collaborator
2675,First Affiliated Hospital of Guangxi Medical University,Other,Collaborator
2675,The Affiliated Hospital Of Guizhou Medical University,Other,Collaborator
2675,Hainan People's Hospital,Other,Collaborator
2675,Children's Hospital of Hebei Province,Other,Collaborator
2675,Wuhan Women and Children's Medical Center,Other,Collaborator
2675,Changchun Children's Hospital,Other,Collaborator
2675,Children's Hospital of Nanjing Medical University,Other,Collaborator
2675,Jiangxi Province Children's Hospital,Other,Collaborator
2675,Shengjing Hospital,Other,Collaborator
2675,Shanxi Provincial Maternity and Children's Hospital,Other,Collaborator
2675,Xian Children's Hospital,Other,Collaborator
2675,Children's Hospital of Chongqing Medical University,Other,Collaborator
2675,Tianjin Children's Hospital,Other,Collaborator
2675,Tianjin Medical University Second Hospital,Other,Collaborator
2675,Kunming Children's Hospital,Other,Collaborator
2675,Second Affiliated Hospital of Wenzhou Medical University,Other,Collaborator
2676,Washington University School of Medicine,Other,Lead
2677,"University Hospital, Strasbourg, France",Other,Lead
2678,University of Oslo,Other,Lead
2678,Modum Bad,Other,Collaborator
2679,FibroGen,Industry,Lead
2680,Aarogyam UK,Other,Lead
2680,Dr. Sarvepalli Radhakrishnan Rajasthan Ayurved University,Other,Collaborator
2681,University Hospital Tuebingen,Other,Lead
2682,Maria del Rosario Garcia de Vicuña Pinedo,Other,Lead
2682,Instituto de Investigación Sanitaria Hospital Universitario de la Princesa,Other,Collaborator
2682,Fundación de Investigación Biomédica - Hospital Universitario de La Princesa,Other,Collaborator
2683,Biotest,Industry,Lead
2684,Indonesia University,Other,Lead
2685,Novartis Pharmaceuticals,Industry,Lead
2685,Novartis,Other,Collaborator
2686,RedHill Biopharma Limited,Industry,Lead
2687,McGill University,Other,Lead
2687,Juvenile Diabetes Research Foundation,Other,Collaborator
2687,Canadian Institutes of Health Research (CIHR),Other,Collaborator
2688,Frederick Health,Other,Lead
2689,Poissy-Saint Germain Hospital,Other,Lead
2689,World Society of Emergency Surgery,Other,Collaborator
2689,"Intercontinental society of Natural Orifice, Endoscopic, and Laparoscopic Surgery",Other,Collaborator
2690,Assiut University,Other,Lead
2691,McGill University Health Centre/Research Institute of the McGill University Health Centre,Other,Lead
2691,Amazon Web Services (AWS) Canada,Other,Collaborator
2691,University of California,Other,Collaborator
2692,Dr. Deneen Vojta,Industry,Lead
2692,PATH,Other,Collaborator
2692,Mayo Clinic,Other,Collaborator
2692,Bill and Melinda Gates Foundation,Other,Collaborator
2692,UnitedHealth Group,Other,Collaborator
2693,Aljazeera Hospital,Other,Lead
2694,Ricardo Pereira Mestre,Other,Lead
2694,Oncology Institute of Southern Switzerland,Other,Collaborator
2694,Institute of Oncology Research,Other,Collaborator
2694,Institute for Research in Biomedicine,Other,Collaborator
2694,"Ente Ospedaliero Cantonale, Bellinzona",Other,Collaborator
2695,University of Minnesota,Other,Lead
2696,Cairo University,Other,Lead
2697,University of Iowa,Other,Lead
2698,Institut Hospitalo-Universitaire Méditerranée Infection,Other,Lead
2698,Hôpital Européen Marseille,Industry,Collaborator
2698,Assistance Publique Hopitaux De Marseille,Other,Collaborator
2698,Institut Paoli-Calmettes,Other,Collaborator
2698,"Beckman Coulter, Inc.",Other,Collaborator
2699,Instituto de Medicina Regenerativa,Industry,Lead
2700,University of Utah,Other,Lead
2701,University of Southern California,Other,Lead
2701,National Cancer Institute (NCI),NIH,Collaborator
2702,Shin Poong Pharmaceutical Co. Ltd.,Industry,Lead
2703,Lars Wik,Other,Lead
2703,University of Stavanger,Other,Collaborator
2703,Oslo University Hospital,Other,Collaborator
2703,Norwegian Telemedicine,Other,Collaborator
2703,University of Basque Country (UPV/EHU),Other,Collaborator
2704,University of Southern Denmark,Other,Lead
2704,"Institute of Hygiene and Tropical Medicine, NOVA University, Lisbon, Portugal",Other,Collaborator
2704,"University of Cape Verde, Praia, Cape Verde",Other,Collaborator
2704,"National Institute of Public Health of Cape Verde, Praia, Cape Verde",Other,Collaborator
2704,Centro de Investigacao em Saude de Manhica,Other,Collaborator
2704,European and Developing Countries Clinical Trials Partnership (EDCTP),Other,Collaborator
2704,"Bandim Health Project, Bissau, Guinea-Bissau",Other,Collaborator
2705,AstraZeneca,Industry,Lead
2705,R-Pharm,Other,Collaborator
2705,The Russian Direct Investment Fund (RDIF),Other,Collaborator
2705,The Gamaleya National Center of Epidemiology & Microbiology,Other,Collaborator
2706,Istanbul University-Cerrahpasa,Other,Lead
2707,Alkarkh Health Directorate-Baghdad,Other,Lead
2708,Ambry Genetics,Industry,Lead
2708,The Saratoga Hospital,Other,Collaborator
2708,St. Joseph Hospital of Orange,Other,Collaborator
2708,Crozer-Keystone Health System,Other,Collaborator
2709,"University Hospital, Basel, Switzerland",Other,Lead
2710,"Sorrento Therapeutics, Inc.",Industry,Lead
2711,Assiut University,Other,Lead
2711,Doaa M.EL Shehaby,Other,Collaborator
2712,Istanbul University-Cerrahpasa,Other,Lead
2713,University of Nottingham,Other,Lead
2713,Nottingham University Hospitals NHS Trust,Other,Collaborator
2714,"University Hospital, Lille",Other,Lead
2715,University of Baghdad,Other,Lead
2716,University Medical Center Groningen,Other,Lead
2717,"Instituto Grifols, S.A.",Industry,Lead
2717,Grifols Therapeutics LLC,Other,Collaborator
2718,NYU Langone Health,Other,Lead
2718,State University of New York - Downstate Medical Center,Other,Collaborator
2719,Wits Health Consortium (Pty) Ltd,Other,Lead
2719,PharmaCentrix (Pty) Ltd,Other,Collaborator
2719,Perinatal HIV Research Unit of the University of the Witwatersrand,Other,Collaborator
2720,"Vir Biotechnology, Inc.",Industry,Lead
2720,GlaxoSmithKline,Other,Collaborator
2721,"University of California, Los Angeles",Other,Lead
2722,"Genexine, Inc.",Industry,Lead
2723,Alkarkh Health Directorate-Baghdad,Other,Lead
2724,CTI BioPharma,Industry,Lead
2725,D'Or Institute for Research and Education,Other,Lead
2725,Rio de Janeiro State Research Supporting Foundation (FAPERJ),Other,Collaborator
2725,Conselho Nacional de Desenvolvimento Científico e Tecnológico,Other,Collaborator
2725,Coordenação de Aperfeiçoamento de Pessoal de Nível Superior.,Other,Collaborator
2726,"Staidson (Beijing) Biopharmaceuticals Co., Ltd",Industry,Lead
2726,Beijing Defengrui Biotechnology Co. Ltd,Other,Collaborator
2727,University of Oregon,Other,Lead
2727,National Institute on Drug Abuse (NIDA),NIH,Collaborator
2727,National Institutes of Health (NIH),Other,Collaborator
2728,Biopharma Plasma LLC,Industry,Lead
2728,Lviv National Medical University,Other,Collaborator
2728,Vinnitsa National Medical University,Other,Collaborator
2729,Lei Li,Other,Lead
2729,Peking Union Medical College Hospital,Other,Collaborator
2730,"ViralClear Pharmaceuticals, Inc.",Industry,Lead
2731,Clover Biopharmaceuticals AUS Pty Ltd,Industry,Lead
2731,Coalition for Epidemic Preparedness Innovations,Other,Collaborator
2731,International Vaccine Institute,Other,Collaborator
2732,Centre Hospitalier Intercommunal Creteil,Other,Lead
2732,Association Clinique Thérapeutique Infantile du val de Marne,Other,Collaborator
2733,"University of Wisconsin, Madison",Other,Lead
2733,National Institutes of Health (NIH),NIH,Collaborator
2734,Synairgen Research Ltd.,Industry,Lead
2735,UPECLIN HC FM Botucatu Unesp,Other,Lead
2736,"National Cancer Institute, Naples",Other,Lead
2737,Grifols Therapeutics LLC,Industry,Lead
2738,"University Hospital, Gentofte, Copenhagen",Other,Lead
2739,Daewoong Pharmaceutical Co. LTD.,Industry,Lead
2740,Institut Curie,Other,Lead
2741,Columbia University,Other,Lead
2741,NYU Langone Health,Industry,Collaborator
2741,CSL Behring,Other,Collaborator
2742,Assiut University,Other,Lead
2743,Ufuk University,Other,Lead
2744,Heart Care Foundation,Other,Lead
2745,Ain Shams University,Other,Lead
2746,Assistance Publique - Hôpitaux de Paris,Other,Lead
2747,University of Zurich,Other,Lead
2747,Kantonsspital Münsterlingen,Other,Collaborator
2747,Triemli Hospital,Other,Collaborator
2747,Cantonal Hospital of St. Gallen,Other,Collaborator
2748,Centre Hospitalier Universitaire Vaudois,Other,Lead
2749,Tufts Medical Center,Other,Lead
2750,BioCryst Pharmaceuticals,Industry,Lead
2750,National Institute of Allergy and Infectious Diseases (NIAID),NIH,Collaborator
2751,Mansoura University,Other,Lead
2752,Centre Hospitalier Universitaire Dijon,Other,Lead
2753,Steno Diabetes Center Copenhagen,Other,Lead
2754,"Sorrento Therapeutics, Inc.",Industry,Lead
2755,Asociación Argentina de Medicina Hiperbárica e Investigación,Other,Lead
2755,Hospital de Infecciosas Francisco Javier Muniz,Other,Collaborator
2755,Hospital General de Agudos D. F. Santojanni,Other,Collaborator
2755,Hospital Central de San Isidro Dr. Melchor Angel Posse,Other,Collaborator
2756,"Government of Punjab, Specialized Healthcare and Medical Education Department",Other,Lead
2756,Mayo Hospital Lahore,Other,Collaborator
2756,"Services Hospital, Lahore",Other,Collaborator
2756,Pakistan Kidney and Liver Institute,Other,Collaborator
2757,Aarogyam UK,Other,Lead
2757,"Samta Ayurveda Prakoshtha, India",Other,Collaborator
2758,LCMC Health,Other,Lead
2759,Samia Girgis,Other,Lead
2759,Ain Shams University,Other,Collaborator
2760,Inmunotek S.L.,Industry,Lead
2760,BioClever 2005 S.L.,Other,Collaborator
2761,Hamad Medical Corporation,Industry,Lead
2762,Jean Liu,Other,Lead
2762,Yale-NUS College,Other,Collaborator
2763,National Institute of Allergy and Infectious Diseases (NIAID),NIH,Lead
2763,International Network for Strategic Initiatives in Global HIV Trials (INSIGHT),Other,Collaborator
2763,University of Copenhagen,U.S. Fed,Collaborator
2763,Medical Research Council,Industry,Collaborator
2763,Kirby Institute,Other,Collaborator
2763,Washington D.C. Veterans Affairs Medical Center,Other,Collaborator
2763,AIDS Clinical Trials Group,Other,Collaborator
2763,"National Heart, Lung, and Blood Institute (NHLBI)",Other,Collaborator
2763,US Department of Veterans Affairs,Other,Collaborator
2763,Prevention and Early Treatment of Acute Lung Injury (PETAL),Other,Collaborator
2763,Cardiothoracic Surgical Trials Network (CTSN),Other,Collaborator
2763,"NeuroRx, Inc.",Other,Collaborator
2764,Shenzhen Geno-Immune Medical Institute,Other,Lead
2764,Shenzhen Third People's Hospital,Other,Collaborator
2764,Shenzhen Second People's Hospital,Other,Collaborator
2765,Institute for Research and Development of Medicinal and Food Plants of Guinea,Other,Lead
2766,Susanne Arnold,Other,Lead
2766,University of Kentucky,Other,Collaborator
2767,Chong Kun Dang Pharmaceutical,Industry,Lead
2768,Alexion Pharmaceuticals,Industry,Lead
2769,French Innovative Leukemia Organisation,Other,Lead
2769,French Intergroup of Myeloproliferative syndromes,Other,Collaborator
2770,Spectral Diagnostics (US) Inc.,Industry,Lead
2771,Hellenic Institute for the Study of Sepsis,Other,Lead
2772,University of Lisbon,Other,Lead
2772,Centro Hospitalar Lisboa Norte,Other,Collaborator
2772,Fundação para a Ciência e a Tecnologia,Other,Collaborator
2772,"Nippon Gases Portugal, Unipessoal, Lda.",Other,Collaborator
2773,Hospital Nacional Profesor Alejandro Posadas,Other,Lead
2774,Assistance Publique - Hôpitaux de Paris,Other,Lead
2774,"Institut National de la Santé Et de la Recherche Médicale, France",Other,Collaborator
2775,Sinocelltech Ltd.,Industry,Lead
2776,Asociacion para el Estudio de las Enfermedades Infecciosas,Other,Lead
2777,National Institute of Allergy and Infectious Diseases (NIAID),NIH,Lead
2778,"Sorrento Therapeutics, Inc.",Industry,Lead
2778,"VetStem Biopharma, Inc.",Other,Collaborator
2778,Fresno Community Hospital and Medical Center,Other,Collaborator
2779,Universiteit Antwerpen,Other,Lead
2779,Sciensano,Other,Collaborator
2779,University of Liege,Other,Collaborator
2780,ReiThera Srl,Industry,Lead
2780,Istituto Nazionale per le Malattie Infettive Lazzaro Spallanzani,Other,Collaborator
2781,Ospedale Policlinico San Martino,Other,Lead
2782,VBI Vaccines Inc.,Industry,Lead
2783,"TrueBinding, Inc.",Industry,Lead
2784,Sheba Medical Center,Other,Lead
2785,Fundació Institut Germans Trias i Pujol,Other,Lead
2785,Germans Trias i Pujol Hospital,Other,Collaborator
2786,AB Biotek,Industry,Lead
2787,"Charite University, Berlin, Germany",Other,Lead
2787,Network University Medicine NUM,Other,Collaborator
2787,Berlin Institute of Health,Other,Collaborator
2788,Dr. Alexander Supady,Other,Lead
2788,Klinikum Ibbenbüren,Other,Collaborator
2788,Ludwig-Maximilians - University of Munich,Other,Collaborator
2788,"University Hospital, Saarland",Other,Collaborator
2788,Klinikum Ludwigsburg,Other,Collaborator
2788,University of Ulm,Other,Collaborator
2788,SLK-Kliniken Heilbronn,Other,Collaborator
2788,Martin-Luther-Universität Halle-Wittenberg,Other,Collaborator
2788,University Hospital Freiburg,Other,Collaborator
2789,Hospital Reg. Lic. Adolfo Lopez Mateos,Other,Lead
2789,Instituto de Terapia Celular: ITC,Other,Collaborator
2790,Indiana University,Other,Lead
2790,Indiana Clinical and Translational Sciences Institute,Other,Collaborator
2791,CES University,Other,Lead
2792,Centre Hospitalier Universitaire de Nice,Other,Lead
2793,"AB Biotics, SA",Industry,Lead
2793,Innovacion y Desarrollo de Estrategias en Salud,Other,Collaborator
2793,Hospital General Dr. Manuel Gea González,Other,Collaborator
2793,Hospital Angeles del Pedregal,Other,Collaborator
2794,"University Hospital, Geneva",Other,Lead
2794,"University Hospital, Basel, Switzerland",Other,Collaborator
2794,Ospedale Regionale di Lugano,Other,Collaborator
2794,Hôpital Fribourgeois,Other,Collaborator
2795,Bezmialem Vakif University,Other,Lead
2795,Didem Ertorul,Other,Collaborator
2796,Izmir Katip Celebi University,Other,Lead
2797,Oslo University Hospital,Other,Lead
2798,Epitech Group SpA,Industry,Lead
2798,"Azienda Ospedaliera ""Sant'Andrea""",Other,Collaborator
2799,"Michael Runyon, MD",Other,Lead
2799,Atrium Health,Other,Collaborator
2800,Columbia University,Other,Lead
2800,GE Healthcare,Industry,Collaborator
2801,University College Hospital Galway,Other,Lead
2802,"Airway Therapeutics, Inc.",Industry,Lead
2803,Emory University,Other,Lead
2803,"Verastem, Inc.",Industry,Collaborator
2803,University of Pennsylvania,Other,Collaborator
2804,"University Hospital, Strasbourg, France",Other,Lead
2805,Stanford University,Other,Lead
2806,Northwestern University,Other,Lead
2807,"Southeast University, China",Other,Lead
2808,"University College, London",Other,Lead
2809,Augusta University,Other,Lead
2810,"University Hospital, Akershus",Other,Lead
2810,St. Olavs Hospital,Other,Collaborator
2810,Helse Stavanger HF,Other,Collaborator
2810,Haukeland University Hospital,Other,Collaborator
2810,University Hospital of North Norway,Other,Collaborator
2810,Alesund Hospital,Other,Collaborator
2810,Norwegian Institute of Public Health,Other,Collaborator
2810,The University of New South Wales,Other,Collaborator
2810,University of Bristol,Other,Collaborator
2810,Sykehuset Ostfold,Other,Collaborator
2810,Nordlandssykehuset HF,Other,Collaborator
2810,Vestre Viken Hospital Trust,Other,Collaborator
2810,Helse Fonna,Other,Collaborator
2810,Levanger Hospital,Other,Collaborator
2810,Oslo University Hospital,Other,Collaborator
2810,Sykehuset Innlandet HF,Other,Collaborator
2811,Universiti Tunku Abdul Rahman,Other,Lead
2811,Sunway University,Other,Collaborator
2812,Groupe Hospitalier Paris Saint Joseph,Other,Lead
2812,Centre Hospitalier Victor Dupouy,Other,Collaborator
2813,Gilead Sciences,Industry,Lead
2814,Jordi Alonso,Other,Lead
2814,Hospital Universitario 12 de Octubre,Other,Collaborator
2814,Instituto de Salud Carlos III,Other,Collaborator
2814,Universitat Pompeu Fabra,Other,Collaborator
2814,Public Health Agency of Barcelona,Other,Collaborator
2814,Jordi Gol i Gurina Foundation,Other,Collaborator
2814,Sistema de Emergencias Médicas de Cataluña (SEM),Other,Collaborator
2814,Agència de Qualitat i Avaluació Sanitàries,Other,Collaborator
2814,Gerencia de Atención Primaria de Madrid-FIIBAP,Other,Collaborator
2814,Hospital del Mar,Other,Collaborator
2814,Fundació Institut de Recerca de l'Hospital de la Santa Creu i Sant Pau,Other,Collaborator
2814,Fundacion Clinic per a la Recerca Biomédica,Other,Collaborator
2814,Hospital Vall d'Hebron,Other,Collaborator
2814,Hospital Clínico Universitario de Valencia,Other,Collaborator
2814,Hospital General Universitario Gregorio Marañon,Other,Collaborator
2814,Hospital Universitario Principe de Asturias,Other,Collaborator
2814,Hospital El Bierzo,Other,Collaborator
2814,Hospital Universitario Araba,Other,Collaborator
2814,Hospital Universitario Donostia,Other,Collaborator
2814,Hospital de Cruces,Other,Collaborator
2814,Hospital Universitario Torrecárdenas,Other,Collaborator
2814,Parc Sanitari Sant Joan de Déu,Other,Collaborator
2814,Hospital del Mar Research Institute (IMIM),Other,Collaborator
2815,Universidad Nacional de Asunción,Other,Lead
2815,"Consejo Nacional de Ciencias y Tecnologia, Paraguay",Other,Collaborator
2815,"Ministerio de Salud Pública y Bienestar Social, Paraguay",Other,Collaborator
2815,"Centro de información y recursos para el desarrollo, Paraguay",Other,Collaborator
2815,"Centro para el Desarrollo de la Investigación Científica, CEDIC, Paraguay",Other,Collaborator
2815,"Instituto Desarrollo, Paraguay",Other,Collaborator
2816,HemoSonics LLC,Industry,Lead
2817,Mayo Clinic,Other,Lead
2818,Brigham and Women's Hospital,Other,Lead
2819,"University Hospital, Toulouse",Other,Lead
2820,Ochsner Health System,Other,Lead
2821,Imperial College London,Other,Lead
2822,Guang'anmen Hospital of China Academy of Chinese Medical Sciences,Other,Lead
2822,Hubei Hospital of Traditional Chinese Medicine,Other,Collaborator
2822,Hubei Provincial Hospital of Integrated Chinese & Western Medicine,Other,Collaborator
2822,Wuhan Hospital of Traditional Chinese Medicine,Other,Collaborator
2822,The Third Hospital of Wuhan,Other,Collaborator
2822,Huangshi Hospital of Traditional Chinese Medicine,Other,Collaborator
2822,Yichang Hospital of Traditional Chinese Medicine,Other,Collaborator
2822,Ezhou Hospital of Traditional Chinese Medicine,Other,Collaborator
2822,The First Hospital of Hunan University of Chinese Medicine,Other,Collaborator
2822,The Hospital of Jiangxi University of Traditional Chinese Medicine,Other,Collaborator
2822,Shenzhen Bao'an Traditional Chinese Medicine Hospital Group,Other,Collaborator
2823,"Kenneth Krantz, MD, PhD",Industry,Lead
2823,"FHI Clinical, Inc.",Other,Collaborator
2823,"Selva Therapeutics, Inc.",Other,Collaborator
2824,The University of Hong Kong,Other,Lead
2825,Lawson Health Research Institute,Other,Lead
2826,Instituto Oncológico Dr Rosell,Other,Lead
2826,IN3BIO,Other,Collaborator
2826,PANGAEA,Other,Collaborator
2827,Reig Jofre Group,Industry,Lead
2828,Kafrelsheikh University,Other,Lead
2829,Guy's and St Thomas' NHS Foundation Trust,Other,Lead
2829,University of Pittsburgh,Other,Collaborator
2830,The University of Hong Kong,Other,Lead
2831,Assiut University,Other,Lead
2832,The University of The West Indies,Other,Lead
2833,Region MidtJylland Denmark,Other,Lead
2833,Aarhus University Hospital,Other,Collaborator
2833,Central Jutland Regional Hospital,Other,Collaborator
2833,Aalborg University Hospital,Other,Collaborator
2834,Walid HABRE,Other,Lead
2834,"University Hospital, Geneva",Other,Collaborator
2835,Lahore General Hospital,Other,Lead
2836,"University Hospital, Linkoeping",Other,Lead
2837,University of New Mexico,Other,Lead
2838,Augusta University,Other,Lead
2839,Shaare Zedek Medical Center,Other,Lead
2839,"Ministry of Health, Israel",Other,Collaborator
2840,Hospital Universitario Infanta Leonor,Other,Lead
2840,Fundación para la Investigación e Innovación Biomédica del Hospital Universitario Infanta Leonor,Industry,Collaborator
2840,"Kern Pharma, S.L.",Other,Collaborator
2841,Sharp HealthCare,Other,Lead
2842,Beth Israel Deaconess Medical Center,Other,Lead
2843,"Centre Hospitalier Universitaire, Amiens",Other,Lead
2844,Milton S. Hershey Medical Center,Other,Lead
2844,The Huck Institutes of the Life Sciences,Other,Collaborator
2844,The Social Science Research Institute,Other,Collaborator
2844,"The Department of Family and Community Medicine, Penn State College of Medicine",Other,Collaborator
2844,The College of Healthcare Information Management Executives (CHIME),Other,Collaborator
2845,Koç University,Other,Lead
2845,"Koc Healthcare Istanbul American Hospital, Marmara University Hospital",Other,Collaborator
2846,RAND,Other,Lead
2846,Stanford University,Other,Collaborator
2846,Clinical Directors Network,Other,Collaborator
2846,Vizient,Other,Collaborator
2847,Australian National University,Other,Lead
2847,Helwan University,Other,Collaborator
2847,"Clinica San Camilo, Argentina",Other,Collaborator
2848,"University Hospital, Antwerp",Other,Lead
2849,Azienda Sanitaria-Universitaria Integrata di Udine,Other,Lead
2850,Kanuni Sultan Suleyman Training and Research Hospital,Other,Lead
2851,Nantes University Hospital,Other,Lead
2852,Feinstein Institute for Medical Research,Other,Lead
2852,Cold Spring Harbor Laboratory,Other,Collaborator
2852,Northwell Health,Other,Collaborator
2853,BioNTech SE,Industry,Lead
2853,Pfizer,Other,Collaborator
2854,Stanford University,Other,Lead
2855,AVEM HealthCare,Industry,Lead
2856,"Corvus Pharmaceuticals, Inc.",Industry,Lead
2857,HealthQuilt,Other,Lead
2857,The Schull Institute,Other,Collaborator
2857,Texas A&M University,Other,Collaborator
2857,The Hildebrand Fund at the Greater Houston Community Foundation,Other,Collaborator
2857,Baylor College of Medicine,Other,Collaborator
2857,"The University of Texas Health Science Center, Houston",Other,Collaborator
2857,"University of Maryland, College Park",Other,Collaborator
2858,Kanuni Sultan Suleyman Training and Research Hospital,Other,Lead
2859,NEURALIS s.a.,Industry,Lead
2860,"Applied Biology, Inc.",Industry,Lead
2860,Hospital Universitario Ramon y Cajal,Other,Collaborator
2861,Yale University,Other,Lead
2862,West Virginia University,Other,Lead
2863,"University Hospital, Angers",Other,Lead
2864,"University Hospital, Montpellier",Other,Lead
2865,Mount Auburn Hospital,Other,Lead
2866,AstraZeneca,Industry,Lead
2866,Acerta Pharma B.V.,Other,Collaborator
2867,AstraZeneca,Industry,Lead
2867,Acerta Pharma B.V.,Other,Collaborator
2868,St George Street Capital,Other,Lead
2869,Fundación Huésped,Other,Lead
2869,Ministerio de Salud de Ciudad Autónoma de Buenos Aires,Industry,Collaborator
2869,Laboratorios Roemmers S.A.I.C.F.,Other,Collaborator
2870,Federal University of Rio Grande do Sul,Other,Lead
2870,Aline Nogueira Haas,Other,Collaborator
2870,Flávia Gomes Martinez,Other,Collaborator
2870,Elren Passos Monteiro,Other,Collaborator
2871,Hadassah Medical Organization,Other,Lead
2871,Sheba Medical Center,Other,Collaborator
2871,Wolfson Medical Center,Other,Collaborator
2872,Centro de Estudos e Pesquisa em Emergencias Medicas e Terapia Intensiva,Other,Lead
2873,Hope Biosciences,Industry,Lead
2874,Massachusetts General Hospital,Other,Lead
2874,Patient-Centered Outcomes Research Institute,Other,Collaborator
2875,Indonesia University,Other,Lead
2876,National Institute of Allergy and Infectious Diseases (NIAID),NIH,Lead
2876,International Network for Strategic Initiatives in Global HIV Trials (INSIGHT),Other,Collaborator
2876,University of Copenhagen,U.S. Fed,Collaborator
2876,Medical Research Council,Industry,Collaborator
2876,Kirby Institute,Other,Collaborator
2876,Washington D.C. Veterans Affairs Medical Center,Other,Collaborator
2876,AIDS Clinical Trials Group,Other,Collaborator
2876,"National Heart, Lung, and Blood Institute (NHLBI)",Other,Collaborator
2876,US Department of Veterans Affairs,Other,Collaborator
2876,Prevention and Early Treatment of Acute Lung Injury (PETAL),Other,Collaborator
2876,Cardiothoracic Surgical Trials Network (CTSN),Other,Collaborator
2876,Eli Lilly and Company,Other,Collaborator
2876,"Vir Biotechnology, Inc.",Other,Collaborator
2876,GlaxoSmithKline,Other,Collaborator
2876,Brii Biosciences Limited,Other,Collaborator
2876,AstraZeneca,Other,Collaborator
2877,University of Hawaii,Other,Lead
2878,"Government of Punjab, Specialized Healthcare and Medical Education Department",Other,Lead
2878,Mayo Hospital Lahore,Other,Collaborator
2878,"Services Institute of Medical Sciences, Pakistan",Other,Collaborator
2878,Pakistan Kidney and Liver Institute,Other,Collaborator
2878,"Forman Christian College, Pakistan",Other,Collaborator
2878,Harvard School of Public Health,Other,Collaborator
2879,Baylor College of Medicine,Other,Lead
2880,"University of California, Davis",Other,Lead
2881,Biocad,Industry,Lead
2882,Weill Medical College of Cornell University,Other,Lead
2882,Swedish Orphan Biovitrum,Industry,Collaborator
2883,Kantonsspital Winterthur KSW,Other,Lead
2884,Assistance Publique - Hôpitaux de Paris,Other,Lead
2885,University of Thessaly,Other,Lead
2886,"University of California, Los Angeles",Other,Lead
2887,Karolinska University Hospital,Other,Lead
2888,University Hospital Padova,Other,Lead
2888,Yokohama City University,Other,Collaborator
2888,University of Zurich,Other,Collaborator
2889,Catholic University of the Sacred Heart,Other,Lead
2889,"Valle del Serchio General Hospital, Lucca, Italy",Other,Collaborator
2889,"University of Trento, Trento, Italy",Other,Collaborator
2889,"Fondazione IRCCS Policlinico San Matteo, University of Pavia, Pavia, Italy",Other,Collaborator
2889,"Bresciamed, Brescia, Italy",Other,Collaborator
2889,"118 USL Nordovest Toscana, Lucca, Italy",Other,Collaborator
2889,"General Hospital, Voghera, Italy",Other,Collaborator
2889,"Lodi General Hospital, Lodi, Italy",Other,Collaborator
2890,"GeneOne Life Science, Inc.",Industry,Lead
2891,University Of Perugia,Other,Lead
2892,Universität des Saarlandes,Other,Lead
2892,MeMed Diagnostics Ltd.,Industry,Collaborator
2893,"Joanne Kurtzberg, MD",Other,Lead
2893,The Marcus Foundation,Other,Collaborator
2893,Duke University,Other,Collaborator
2894,AUVA,Other,Lead
2894,Paracelsus Medical University,Other,Collaborator
2895,Institut Pasteur,Industry,Lead
2896,Xijing Hospital,Other,Lead
2896,"Fondazione IRCCS Ca' Granda, Ospedale Maggiore Policlinico",Other,Collaborator
2897,Centre Hôpital Universitaire Farhat Hached,Other,Lead
2898,CCTU- Cancer Theme,Other,Lead
2898,Cambridge University Hospitals NHS Foundation Trust,Other,Collaborator
2899,Centre Hospitalier Universitaire de Nīmes,Other,Lead
2899,"Institute of Human Genetics, Montpellier",Other,Collaborator
2900,M.D. Anderson Cancer Center,Other,Lead
2900,National Cancer Institute (NCI),NIH,Collaborator
2901,"Federal State Budgetary Institution, V. A. Almazov Federal North-West Medical Research Centre, of the Ministry of Health",Other,Lead
2902,Cynata Therapeutics Limited,Industry,Lead
2902,Cerebral Palsy Alliance Research Institute,Other,Collaborator
2903,AORTICA Group,Other,Lead
2903,Salamanca University Hospital,Other,Collaborator
2903,Instituto de Investigación Biomédica de Salamanca,Other,Collaborator
2904,"Institut National de la Santé Et de la Recherche Médicale, France",Other,Lead
2905,Centre Hospitalier Universitaire de Nīmes,Other,Lead
2906,Universidad de Murcia,Other,Lead
2907,Istituto Auxologico Italiano,Other,Lead
2908,"University Hospital, Toulouse",Other,Lead
2909,H. Lee Moffitt Cancer Center and Research Institute,Other,Lead
2909,Merck Sharp & Dohme Corp.,Industry,Collaborator
2910,"University of California, Los Angeles",Other,Lead
2911,University of Exeter,Other,Lead
2911,King's College London,Other,Collaborator
2911,London School of Economics and Political Science,Other,Collaborator
2911,University of East Anglia,Other,Collaborator
2911,University of Hull,Other,Collaborator
2911,Alzheimer's Society,Other,Collaborator
2912,Chinese Medical Association,Other,Lead
2913,Milton S. Hershey Medical Center,Other,Lead
2913,AXIOM Real Time Metrics,Other,Collaborator
2913,Analytica Ventures LLC,Other,Collaborator
2914,Mayo Clinic,Other,Lead
2915,Universidad Nacional de Colombia,Other,Lead
2915,Fundación Salud de los Andes,Other,Collaborator
2916,Imperial College London,Other,Lead
2916,Hvivo,Industry,Collaborator
2917,B. Braun Melsungen AG,Industry,Lead
2917,CeGaT GmbH,Other,Collaborator
2918,Deborah O'Connor,Other,Lead
2918,University of Toronto,Other,Collaborator
2918,Sinai Health System,Other,Collaborator
2918,The Hospital for Sick Children,Other,Collaborator
2919,Benha University,Other,Lead
2920,Bandim Health Project,Other,Lead
2921,CHU de Reims,Other,Lead
2922,Carilion Clinic,Other,Lead
2923,Hospital Clinic of Barcelona,Other,Lead
2924,Centre Hospitalier Universitaire de Nice,Other,Lead
2925,"Rutgers, The State University of New Jersey",Other,Lead
2926,Dr. Andrew Baker,Other,Lead
2926,Unity Health Toronto,Other,Collaborator
2927,Hamad Medical Corporation,Industry,Lead
2928,"Bangabandhu Sheikh Mujib Medical University, Dhaka, Bangladesh",Other,Lead
2928,Dhaka Medical College,Other,Collaborator
2929,Bristol-Myers Squibb,Industry,Lead
2930,Medical University of Graz,Other,Lead
2931,Tianhe Stem Cell Biotechnologies Inc.,Industry,Lead
2932,Institute for Research and Development of Medicinal and Food Plants of Guinea,Other,Lead
2933,Notitia Biotechnologies Company,Industry,Lead
2933,University of South Florida,Other,Collaborator
2933,Rutgers University,Other,Collaborator
2934,"University Hospital, Clermont-Ferrand",Other,Lead
2934,"Faculty of Medicine and Paramedical Professions, Clermont-Ferrand, France",Other,Collaborator
2935,NeuroBo Pharmaceuticals Inc.,Industry,Lead
2936,Queen's University,Other,Lead
2936,Online PsychoTherapy Clinic,Other,Collaborator
2937,Tanta University,Other,Lead
2938,"Intermountain Health Care, Inc.",Other,Lead
2938,University of Utah,Other,Collaborator
2938,Utah Department of Health,Other,Collaborator
2939,Nantes University Hospital,Other,Lead
2940,Miro Health,Other,Lead
2940,Johns Hopkins University,Other,Collaborator
2940,University of Pittsburgh,Other,Collaborator
2941,Cairo University,Other,Lead
2942,Bioithas SL,Industry,Lead
2943,Centre Hospitalier Universitaire de Nice,Other,Lead
2944,M.D. Anderson Cancer Center,Other,Lead
2944,National Cancer Institute (NCI),NIH,Collaborator
2945,Kaleido Biosciences,Industry,Lead
2946,Bispebjerg Hospital,Other,Lead
2946,Hvidovre University Hospital,Other,Collaborator
2947,Rennes University Hospital,Other,Lead
2948,Stanford University,Other,Lead
2949,Pregistry,Industry,Lead
2949,Harvard School of Public Health,Other,Collaborator
2950,Yale University,Other,Lead
2951,LumiraDx UK Limited,Industry,Lead
2952,Elsan,Other,Lead
2953,Johns Hopkins University,Other,Lead
2953,Novartis,Industry,Collaborator
2953,Socar Research SA,Other,Collaborator
2953,Brigham and Women's Hospital,Other,Collaborator
2954,Chimerix,Industry,Lead
2955,Universiti Sains Islam Malaysia,Other,Lead
2955,Universiti Kebangsaan Malaysia Medical Centre,Other,Collaborator
2956,Beijing 302 Hospital,Other,Lead
2956,"Innovative Precision Medicine Group (IPM), Hangzhou, China.",Other,Collaborator
2956,Huoshenshan Hospital,Other,Collaborator
2956,Tianjin Haihe Hospital,Other,Collaborator
2956,"VCANBIO CELL & GENE ENGINEERING CORP.,LTD, China",Other,Collaborator
2956,Shenzhen Third People's Hospital,Other,Collaborator
2956,"Fifth Affiliated Hospital, Sun Yat-Sen University",Other,Collaborator
2957,Nektar Therapeutics,Industry,Lead
2958,Ankara University,Other,Lead
2959,Massachusetts General Hospital,Other,Lead
2959,Beth Israel Deaconess Medical Center,Other,Collaborator
2959,Dartmouth-Hitchcock Medical Center,Other,Collaborator
2960,PureTech,Industry,Lead
2960,Clinipace Worldwide,Other,Collaborator
2960,Novotech (Australia) Pty Limited,Other,Collaborator
2961,Dr Gerry Gin Wai Kwok,Other,Lead
2961,The University of Hong Kong,Other,Collaborator
2961,"Queen Mary Hospital, Hong Kong",Other,Collaborator
2962,"Jeffrey Jenks, MD, MPH",Other,Lead
2962,"Astellas Pharma Global Development, Inc.",Industry,Collaborator
2962,"University of California, San Diego",Other,Collaborator
2963,Sunnybrook Health Sciences Centre,Other,Lead
2963,AbbVie,Industry,Collaborator
2963,Apotex Inc.,Other,Collaborator
2964,Karolinska Institutet,Other,Lead
2965,"University Hospital, Basel, Switzerland",Other,Lead
2966,University of New Mexico,Other,Lead
2967,Baylx Inc.,Industry,Lead
2968,Massachusetts General Hospital,Other,Lead
2969,Lawson Health Research Institute,Other,Lead
2969,London Health Sciences Centre,Other,Collaborator
2970,"University Hospital, Montpellier",Other,Lead
2971,Hôpital Necker-Enfants Malades,Other,Lead
2972,Weprom,Other,Lead
2972,Kelindi,Other,Collaborator
2972,"Centre National de la Recherche Scientifique, France",Other,Collaborator
2972,Hospital of Tours,Other,Collaborator
2973,University of Cologne,Other,Lead
2974,Bangladesh Medical Research Council (BMRC),Other,Lead
2975,"Charite University, Berlin, Germany",Other,Lead
2976,Chelsea and Westminster NHS Foundation Trust,Other,Lead
2977,Karolinska University Hospital,Other,Lead
2977,Karolinska Institutet,Other,Collaborator
2978,National Institute of Allergy and Infectious Diseases (NIAID),NIH,Lead
2979,G.Gennimatas General Hospital,Other,Lead
2979,Aristotle University Of Thessaloniki,Other,Collaborator
2980,Groupe Hospitalier Paris Saint Joseph,Other,Lead
2981,Centre Hospitalier Universitaire de Nice,Other,Lead
2982,"Sinovac Research and Development Co., Ltd.",Industry,Lead
2982,"Sinovac Biotech Co., Ltd",Other,Collaborator
2983,Institut de cancérologie Strasbourg Europe,Other,Lead
2984,Fundacion para la Investigacion Biomedica del Hospital Universitario Ramon y Cajal,Other,Lead
2985,Academic and Community Cancer Research United,Other,Lead
2985,National Cancer Institute (NCI),NIH,Collaborator
2986,Fundacion Infant,Other,Lead
2987,Imperial College London,Other,Lead
2988,Assiut University,Other,Lead
2989,Megan Landes,Other,Lead
2989,"University Health Network, Toronto",Other,Collaborator
2990,Centre Hospitalier Universitaire Dijon,Other,Lead
2991,Ascension South East Michigan,Other,Lead
2992,Universitätsklinikum Hamburg-Eppendorf,Other,Lead
2992,"University of Schleswig-Holstein, Campus Lübeck",Other,Collaborator
2992,"Universitätsklinikum Schleswig-Holstein, Campus Kiel",Other,Collaborator
2993,ClinAmygate,Other,Lead
2994,Sinocelltech Ltd.,Industry,Lead
2995,Government College University Faisalabad,Other,Lead
2996,FMH College of Medicine and Dentistry,Other,Lead
2997,Harvard School of Public Health,Other,Lead
2997,Foundation for Medical Research,Other,Collaborator
2997,"University Health Network, Toronto",Other,Collaborator
2998,McGill University,Other,Lead
2998,Lady Davis Institute,Other,Collaborator
2999,Gilead Sciences,Industry,Lead
3000,Soroka University Medical Center,Other,Lead
3000,Roche Pharma AG,Industry,Collaborator
3001,University of Rome Tor Vergata,Other,Lead
3002,Regeneron Pharmaceuticals,Industry,Lead
3003,Universidad Católica de Honduras,Other,Lead
3003,Pontificia Universidad Catolica de Chile,Other,Collaborator
3004,Medical University Innsbruck,Other,Lead
3004,Boehringer Ingelheim,Industry,Collaborator
3005,Acibadem University,Other,Lead
3005,Acıbadem Labcell,Other,Collaborator
3006,Poitiers University Hospital,Other,Lead
3007,University of Nebraska,Other,Lead
3008,R-Pharm,Industry,Lead
3008,"Cromos Pharma, LLC",Other,Collaborator
3008,Covance,Other,Collaborator
3009,Centre Hospitalier Universitaire de Nīmes,Other,Lead
3010,Thomas M. Lietman,Other,Lead
3010,Bill and Melinda Gates Foundation,Industry,Collaborator
3010,Pfizer,Other,Collaborator
3010,Stanford University,Other,Collaborator
3010,"University of California, San Francisco",Other,Collaborator
3011,American Dental Association,Other,Lead
3011,American Dental Hygienists Association,Other,Collaborator
3012,PHARMENTERPRISES LLC,Industry,Lead
3013,City of Hope Medical Center,Other,Lead
3013,National Cancer Institute (NCI),NIH,Collaborator
3014,King's College Hospital NHS Trust,Other,Lead
3014,"National Institute for Health Research, United Kingdom",Other,Collaborator
3015,Clínica Medellín - Grupo Quirónsalud,Other,Lead
3016,"University Hospital, Rouen",Other,Lead
3017,PT Kalbe Genexine Biologics,Industry,Lead
3017,"Genexine, Inc.",Other,Collaborator
3018,M.D. Anderson Cancer Center,Other,Lead
3018,National Cancer Institute (NCI),NIH,Collaborator
3019,Aspire Health Science,Other,Lead
3020,Groupe Hospitalier Paris Saint Joseph,Other,Lead
3021,Butantan Institute,Other,Lead
3022,Evandro Chagas National Institute of Infectious Disease,Other,Lead
3022,Hospital Universitario Pedro Ernesto,Other,Collaborator
3022,Universidade Federal do Rio de Janeiro,Other,Collaborator
3022,Hospital Couto Maia/SES/BA,Other,Collaborator
3022,Hospital São José de Doenças Infecciosas - HSJ / Secretaria de Saúde Fortaleza,Other,Collaborator
3022,Hospital Estadual Sumaré Dr. Leandro Francheschini,Other,Collaborator
3022,Universidade Federal de Santa Maria,Other,Collaborator
3022,Hospital Regional de São José - Dr. Homero de Miranda Gomes,Other,Collaborator
3022,Hospital dos Servidores do Estado do Rio de Janeiro,Other,Collaborator
3022,Federal University of Minas Gerais,Other,Collaborator
3022,Hospital Universitário Gaffrée Guinle,Other,Collaborator
3022,Hospital Nossa Senhora da Conceicao,Other,Collaborator
3022,Instituto de Infectologia Emílio Ribas,Other,Collaborator
3023,University of Sao Paulo,Other,Lead
3023,Federal University of São Paulo,Other,Collaborator
3024,Johns Hopkins University,Other,Lead
3024,Fast Grants,Other,Collaborator
3025,D'Or Institute for Research and Education,Other,Lead
3026,Assiut University,Other,Lead
3027,Fondazione Policlinico Universitario Agostino Gemelli IRCCS,Other,Lead
3028,Ain Shams University,Other,Lead
3029,"First Wave Bio, Inc.",Industry,Lead
3030,"University Health Network, Toronto",Other,Lead
3031,Tanta University,Other,Lead
3032,Cristina Avendaño Solá,Other,Lead
3032,Puerta de Hierro University Hospital,Other,Collaborator
3033,University of Pennsylvania,Other,Lead
3034,"CytoDyn, Inc.",Industry,Lead
3035,Solve ME/CFS Initiative,Other,Lead
3036,Federal University of Paraíba,Other,Lead
3036,City University of New York,Other,Collaborator
3036,University of Michigan,Other,Collaborator
3036,Rio de Janeiro State University,Other,Collaborator
3037,"University Hospital, Lille",Other,Lead
3038,"Caladrius Biosciences, Inc.",Industry,Lead
3039,Cordio Medical,Industry,Lead
3040,Tjhin Wiguna,Other,Lead
3040,Fakultas Kedokteran Universitas Indonesia,Other,Collaborator
3040,Dr Cipto Mangunkusumo General Hospital,Other,Collaborator
3041,Voronezh Regional Clinical Consultative and Diagnostic Center,Other,Lead
3041,Voronezh State Medical University named after N.N. Burdenko,Other,Collaborator
3041,"Charles University, Czech Republic",Other,Collaborator
3042,Heidelberg University,Other,Lead
3043,AbbVie,Industry,Lead
3044,University of Alberta,Other,Lead
3044,Canadian VIGOUR Centre,Other,Collaborator
3045,"United Biomedical Inc., Asia",Industry,Lead
3045,COVAXX,Other,Collaborator
3046,Gilead Sciences,Industry,Lead
3047,Bridge to Health Medical and Dental USA,Other,Lead
3048,Boehringer Ingelheim,Industry,Lead
3049,Centre Hospitalier Universitaire de Besancon,Other,Lead
3050,Salomeh Keyhani MD,U.S. Fed,Lead
3050,San Francisco VA Health Care System,Other,Collaborator
3051,"Gamaleya Research Institute of Epidemiology and Microbiology, Health Ministry of the Russian Federation",Other,Lead
3051,RDIF (Russian Direct Investment Fund),Other,Collaborator
3052,Diskapi Yildirim Beyazit Education and Research Hospital,Other,Lead
3053,Karolinska University Hospital,Other,Lead
3053,Karolinska Institutet,Other,Collaborator
3054,"University of Witwatersrand, South Africa",Other,Lead
3054,Synavir Corporation,Other,Collaborator
3055,"Shanghai Junshi Bioscience Co., Ltd.",Other,Lead
3056,Laval University,Other,Lead
3056,VITAM: Research Center on Sustainable Health,Other,Collaborator
3056,Centre de recherche CERVO,Other,Collaborator
3056,Centre interdisciplinaire de recherche en réadaptation et intégration sociale,Other,Collaborator
3056,Centre de recherche universitaire sur les jeunes et les familles,Other,Collaborator
3056,Réseau québécois de recherche sur le vieillissement,Other,Collaborator
3056,Participation sociale et villes inclusives,Other,Collaborator
3056,Société inclusive,Other,Collaborator
3056,CISSS de Chaudière-Appalaches,Other,Collaborator
3056,Centre intégré de santé et de services sociaux de la Côte-Nord,Other,Collaborator
3056,Fondation Mirella et Lino Saputo,Other,Collaborator
3056,Ville de Québec,Other,Collaborator
3056,Living Lab de Charlevoix,Other,Collaborator
3056,Centre intégré de santé et de services sociaux du Bas St-Laurent,Other,Collaborator
3056,Réseau provincial de recherche en adaptation réadaptation,Other,Collaborator
3056,Réseau international sur le Processus de production du handicap,Other,Collaborator
3056,Centre de recherche intégrée pour un système apprenant en santé et services sociaux,Other,Collaborator
3056,Regroupement des organismes de personnes handicapées de la région 03,Other,Collaborator
3057,William Beaumont Hospitals,Other,Lead
3058,European Society for Emergency Medicine (EUSEM) Research Network,Other,Lead
3059,The Methodist Hospital System,Other,Lead
3060,Istinye University,Other,Lead
3061,Gilead Sciences,Industry,Lead
3062,Tanta University,Other,Lead
3063,DR. JASSIM ALGHAITH,Other,Lead
3063,"Ministry of Health, Kuwait",Other,Collaborator
3064,Imagine Institute,Other,Lead
3065,National Institute of Allergy and Infectious Diseases (NIAID),NIH,Lead
3065,National Institutes of Health Clinical Center (CC),Other,Collaborator
3066,"Institut National de la Santé Et de la Recherche Médicale, France",Other,Lead
3067,Medical University of Graz,Other,Lead
3067,CBmed Ges.m.b.H.,Other,Collaborator
3068,ASST Fatebenefratelli Sacco,Other,Lead
3068,Ospedale Infermi Rimini,Other,Collaborator
3068,S. Anna Hospital,Other,Collaborator
3068,"Azienda Ospedaliero, Universitaria Ospedali Riuniti",Other,Collaborator
3069,UMC Utrecht,Other,Lead
3069,Radboud University,Other,Collaborator
3070,Assistance Publique - Hôpitaux de Paris,Other,Lead
3071,Medical University of Warsaw,Other,Lead
3071,Wrocław Medical University,Other,Collaborator
3071,University of Warsaw,Other,Collaborator
3072,Matteo Rottoli,Other,Lead
3072,University of Bologna,Other,Collaborator
3073,Sheba Medical Center,Other,Lead
3074,Cairo University,Other,Lead
3075,Kayseri City Hospital,Other,Lead
3076,NHS Greater Clyde and Glasgow,Other,Lead
3077,Windtree Therapeutics,Industry,Lead
3078,Chelsea and Westminster NHS Foundation Trust,Other,Lead
3078,NEAT ID Foundation,Industry,Collaborator
3078,"FUJIFILM Toyama Chemical Co., Ltd.",Other,Collaborator
3078,Imperial College London,Other,Collaborator
3078,Universitaire Ziekenhuizen Leuven,Other,Collaborator
3079,General Practitioners Research Institute,Other,Lead
3079,Huisartsenzorg Drenthe,Other,Collaborator
3080,"Sanofi Pasteur, a Sanofi Company",Industry,Lead
3080,GlaxoSmithKline,Other,Collaborator
3080,Sanofi,Other,Collaborator
3081,"University Health Network, Toronto",Other,Lead
3082,4D pharma plc,Industry,Lead
3083,Medical University Innsbruck,Other,Lead
3084,"University Hospital, Limoges",Other,Lead
3085,Guy's and St Thomas' NHS Foundation Trust,Other,Lead
3085,University Hospital Muenster,Other,Collaborator
3086,Gordon Saxe,Other,Lead
3086,"University of California, Los Angeles",Other,Collaborator
3086,"University of California, Irvine",Other,Collaborator
3086,"University of California, San Diego",Other,Collaborator
3087,Verily Life Sciences LLC,Industry,Lead
3088,Matthew Dallos,Other,Lead
3088,Bristol-Myers Squibb,Industry,Collaborator
3088,Columbia University,Other,Collaborator
3089,Universidad Peruana Cayetano Heredia,Other,Lead
3089,Barcelona Institute for Global Health,Other,Collaborator
3090,Universidad Autonoma de Coahuila,Other,Lead
3090,"National Council of Science and Technology, Mexico",Other,Collaborator
3091,"ModernaTX, Inc.",Industry,Lead
3091,Biomedical Advanced Research and Development Authority,U.S. Fed,Collaborator
3092,"St Carlos Hospital, Madrid, Spain",Other,Lead
3093,M.D. Anderson Cancer Center,Other,Lead
3093,National Cancer Institute (NCI),NIH,Collaborator
3094,"First Wave Bio, Inc.",Industry,Lead
3095,Tanta University,Other,Lead
3096,BioNTech SE,Industry,Lead
3096,"Shanghai Fosun Pharmaceutical Development Co, Ltd.",Other,Collaborator
3097,M.D. Anderson Cancer Center,Other,Lead
3097,National Cancer Institute (NCI),NIH,Collaborator
3097,William Marsh Rice University,Other,Collaborator
3098,Hospital Nacional Carlos Alberto Seguin Escobedo - EsSalud,Other,Lead
3099,University of Texas Southwestern Medical Center,Other,Lead
3100,Johns Hopkins University,Other,Lead
3100,Duke University,Industry,Collaborator
3100,University of North Carolina,Other,Collaborator
3100,University of Miami,Other,Collaborator
3100,University of Pittsburgh,Other,Collaborator
3100,"Smith & Nephew, Inc.",Other,Collaborator
3100,Nox Medical Iceland,Other,Collaborator
3101,University of Modena and Reggio Emilia,Other,Lead
3102,University of Aarhus,Other,Lead
3103,Edda Sciutto Conde,Other,Lead
3103,Hospital General de México Dr. Eduardo Liceaga,Other,Collaborator
3103,Instituto Nacional de Cardiologia Ignacio Chavez,Other,Collaborator
3103,El Instituto Nacional de Neurologia y Neurocirugia Manuel Velasco Suarez,Other,Collaborator
3103,Universidad Nacional Autonoma de Mexico,Other,Collaborator
3104,Zagazig University,Other,Lead
3105,Princess Nourah Bint Abdulrahman University,Other,Lead
3106,"Central Hospital, Nancy, France",Other,Lead
3107,"University of California, San Francisco",Other,Lead
3107,Rush University Medical Center,NIH,Collaborator
3107,University of Michigan,Other,Collaborator
3107,University of California,Other,Collaborator
3107,National Institute of Diabetes and Digestive and Kidney Diseases (NIDDK),Other,Collaborator
3108,Hospital Regional de Alta especialidad de Ixtapaluca,Other,Lead
3109,Groupe Hospitalier Paris Saint Joseph,Other,Lead
3110,"University Hospital, Caen",Other,Lead
3111,"National Institute of Medical Sciences and Nutrition, Salvador Zubiran",Other,Lead
3112,Villanova University,Other,Lead
3113,"University Hospital, Geneva",Other,Lead
3114,Al-Azhar University,Other,Lead
3114,Helwan University,Other,Collaborator
3114,"National Liver Institute, Egypt",Other,Collaborator
3115,Hospices Civils de Lyon,Other,Lead
3116,The University of Texas Health Science Center at San Antonio,Other,Lead
3116,Claude D. Pepper Older Americans Independence Center,Other,Collaborator
3117,Versailles Hospital,Other,Lead
3118,Northwestern University,Other,Lead
3118,United States Department of Defense,U.S. Fed,Collaborator
3119,Imanuel Lerman,Other,Lead
3119,SecondWave Systems Inc.,Industry,Collaborator
3119,MCDC (Unites States Department of Defense),Other,Collaborator
3119,"University of California, San Diego",Other,Collaborator
3120,BioNTech SE,Industry,Lead
3120,Pfizer,Other,Collaborator
3121,Aerpio Therapeutics,Industry,Lead
3121,Medical Technology Enterprise Consortium (MTEC),Other,Collaborator
3122,University of Kansas Medical Center,Other,Lead
3123,University of Missouri-Columbia,Other,Lead
3124,Indonesia University,Other,Lead
3124,"National Institute of Health Research and Development, Ministry of Health Republic of Indonesia",Other,Collaborator
3125,Medical University of Vienna,Other,Lead
3126,University of Alberta,Other,Lead
3127,"University Hospital, Angers",Other,Lead
3128,Hospital de Mataró,Other,Lead
3129,"Centre Hospitalier Universitaire, Amiens",Other,Lead
3130,Hope Biosciences,Industry,Lead
3130,Advanced Diagnostics Healthcare,Other,Collaborator
3130,Hope Biosciences Stem Cell Research Foundation,Other,Collaborator
3130,United Memorial Medical Center,Other,Collaborator
3131,Groupe Hospitalier Paris Saint Joseph,Other,Lead
3132,Aga Khan University,Other,Lead
3132,University of Karachi,Other,Collaborator
3133,Vanda Pharmaceuticals,Industry,Lead
3134,Rhode Island Hospital,Other,Lead
3135,Universidade Federal do Rio de Janeiro,Other,Lead
3135,"Ministry of Science and Technology, Brazil",Other,Collaborator
3135,"National Research Council, Brazil",Other,Collaborator
3135,Financiadora de Estudos e Projetos,Other,Collaborator
3135,ATCGen,Other,Collaborator
3135,"Hospital Central da Aeronáutica, Rio de Janeiro",Other,Collaborator
3135,Hospital da Força Aérea do Galeão,Other,Collaborator
3135,Hospital Naval Marcilio Dias,Other,Collaborator
3135,Hospital Universitario Pedro Ernesto,Other,Collaborator
3135,Hospital de Força Aérea de São Paulo,Other,Collaborator
3135,Hospital das Clínicas Luzia de Pinho Melo,Other,Collaborator
3135,Complexo Hospitalar Municipal de São Caetano do Sul,Other,Collaborator
3135,Hospital Municipal de Barueri Dr Francisco Moran,Other,Collaborator
3135,Hospital Regional de Sorocaba Dr Adib Domingos Jatene,Other,Collaborator
3135,Hospital Geral de São Mateus Dr Manoel Bifulco,Other,Collaborator
3135,Santa Casa de Misericórdia de Belo Horizonte,Other,Collaborator
3135,"Mater Dei Hospital, Brazil",Other,Collaborator
3135,Hospital Eduardo de Menezes,Other,Collaborator
3135,Hospital das Clínicas da Universidade Federal de Pernambuco,Other,Collaborator
3135,"Hospital das Forças Armadas, Brazil",Other,Collaborator
3135,"Hospital Regional da Asa Norte, Brazil",Other,Collaborator
3135,Complexo Hospitalar do Trabalhador de Curitiba,Other,Collaborator
3135,Hospital Estadual de Doenças Tropicais Dr Anuar Auad,Other,Collaborator
3135,Hospital Geral de Fortaleza,Other,Collaborator
3136,"Copenhagen University Hospital, Hvidovre",Other,Lead
3137,Wake Forest University Health Sciences,Other,Lead
3138,University Medical Center Groningen,Other,Lead
3138,Hanze University of Applied Sciences Groningen,Other,Collaborator
3139,Hospices Civils de Lyon,Other,Lead
3140,Duke University,Other,Lead
3140,"Caption Health, Inc.",Industry,Collaborator
3141,Weill Medical College of Cornell University,Other,Lead
3141,"Akili Interactive Labs, Inc.",Industry,Collaborator
3142,Hamad Medical Corporation,Industry,Lead
3143,Pharma VAM,Other,Lead
3144,Jessa Hospital,Other,Lead
3145,Cairo University,Other,Lead
3146,Assistance Publique - Hôpitaux de Paris,Other,Lead
3147,"University Hospital, Lille",Other,Lead
3148,Chinese University of Hong Kong,Other,Lead
3149,Fundació Institut de Recerca de l'Hospital de la Santa Creu i Sant Pau,Other,Lead
3150,"Institute of Cardiology, Warsaw, Poland",Other,Lead
3151,COVID-19 Prevention Network,Other,Lead
3151,National Institute of Allergy and Infectious Diseases (NIAID),NIH,Collaborator
3152,Ameera Gamal Abdelhameed,Other,Lead
3152,"Ministry of Health, Kuwait",Other,Collaborator
3152,Mansoura University,Other,Collaborator
3153,Dr. Alexander Supady,Other,Lead
3153,University Hospital Freiburg,Other,Collaborator
3154,Johns Hopkins University,Other,Lead
3154,National Institute of Allergy and Infectious Diseases (NIAID),NIH,Collaborator
3155,Azienda Unità Sanitaria Locale Reggio Emilia,Other,Lead
3156,The University of Queensland,Other,Lead
3157,Institut Bergonié,Other,Lead
3158,Washington University School of Medicine,Other,Lead
3158,Incyte Corporation,Industry,Collaborator
3159,Zagazig University,Other,Lead
3160,Imagine Institute,Other,Lead
3161,"University Hospital, Strasbourg, France",Other,Lead
3162,"University of Campania ""Luigi Vanvitelli""",Other,Lead
3163,Oslo Metropolitan University,Other,Lead
3163,Norwegian Institute of Public Health,Other,Collaborator
3164,Longeveron LLC,Industry,Lead
3165,Asan Medical Center,Other,Lead
3166,"University Health Network, Toronto",Other,Lead
3167,Theravance Biopharma,Industry,Lead
3168,"University Hospital, Ghent",Other,Lead
3168,Belgium Health Care Knowledge Centre,Other,Collaborator
3169,"Medecins Sans Frontieres, Spain",Other,Lead
3169,Mahidol Oxford Tropical Medicine Research Unit (MORU),Other,Collaborator
3169,"International Centre for Diarrhoeal Disease Research, Bangladesh",Other,Collaborator
3169,"Foundation for Innovative New Diagnostics, Switzerland",Other,Collaborator
3170,Aalborg University Hospital,Other,Lead
3170,"Rigshospitalet, Denmark",Other,Collaborator
3170,"Copenhagen Trial Unit, Center for Clinical Intervention Research",Other,Collaborator
3171,"University Hospital, Montpellier",Other,Lead
3172,Hoffmann-La Roche,Industry,Lead
3173,Rabin Medical Center,Other,Lead
3174,Hospital General San Juan del Rio,Other,Lead
3174,Instituto Nacional de Cancerologia de Mexico,Other,Collaborator
3175,BioNTech SE,Industry,Lead
3175,Pfizer,Other,Collaborator
3176,Chita State Regional Clinical Hospital Number 1,Other,Lead
3177,Samah Lutfy,Other,Lead
3177,Zagazig University,Other,Collaborator
3178,Instituto Nacional de Enfermedades Respiratorias,Other,Lead
3179,Population Health Research Institute,Other,Lead
3179,Bayer,Industry,Collaborator
3180,"Penang Hospital, Malaysia",Other,Lead
3180,Enche' Besar Hajjah Khalsom Hospital,Other,Collaborator
3180,Jasin Hospital,Other,Collaborator
3180,Kepala Batas Hospital,Other,Collaborator
3180,Melaka Hospital,Other,Collaborator
3180,Permai Hospital,Other,Collaborator
3180,Queen Elizabeth Hospital,Other,Collaborator
3180,Raja Perempuan Zainab II Hospital,Other,Collaborator
3180,Raja Permaisuri Bainun Hospital,Other,Collaborator
3180,Sultanah Aminah Hospital,Other,Collaborator
3180,Sultanah Nur Zahirah Hospital,Other,Collaborator
3180,Sungai Buloh Hospital,Other,Collaborator
3180,Tampin Hospital,Other,Collaborator
3180,Tengku Ampuan Afzan Hospital,Other,Collaborator
3180,Tuanku Fauziah Hospital,Other,Collaborator
3180,Tuanku Jaafar Hospital,Other,Collaborator
3180,Tumpat Hospital,Other,Collaborator
3180,Institute for Clinical Research,Other,Collaborator
3181,NYU Langone Health,Other,Lead
3182,Medical University Innsbruck,Other,Lead
3182,Universitaet Innsbruck,Other,Collaborator
3183,Blade Therapeutics,Industry,Lead
3183,Clinipace Worldwide,Other,Collaborator
3184,Albert Einstein College of Medicine,Other,Lead
3185,Instituto Mexicano del Seguro Social,Other,Lead
3186,Ohio State University Comprehensive Cancer Center,Other,Lead
3187,Tanta University,Other,Lead
3188,Northwestern University,Other,Lead
3189,Groupe Hospitalier Paris Saint Joseph,Other,Lead
3189,Versailles Hospital,Other,Collaborator
3189,Centre Hospitalier Victor Dupouy,Other,Collaborator
3190,"Federal State Budgetary Institution, Pulmonology Scientific Research Institute",Other,Lead
3190,"Medsi Clinic #1, Moscow",Other,Collaborator
3190,Moscow State University of Medicine and Dentistry,Other,Collaborator
3191,Beth Israel Deaconess Medical Center,Other,Lead
3191,Boston Children's Hospital,Industry,Collaborator
3191,Bristol-Myers Squibb,Other,Collaborator
3191,Brigham and Women's Hospital,Other,Collaborator
3192,Brazilian Clinical Research Institute,Other,Lead
3192,Hospital Israelita Albert Einstein,Other,Collaborator
3192,Hospital do Coracao,Other,Collaborator
3192,Hospital Sirio-Libanes,Other,Collaborator
3192,Hospital Moinhos de Vento,Other,Collaborator
3192,Hospital Alemão Oswaldo Cruz,Other,Collaborator
3192,Beneficência Portuguesa de São Paulo,Other,Collaborator
3192,Brazilian Research In Intensive Care Network,Other,Collaborator
3193,Auxilio Mutuo Cancer Center,Other,Lead
3194,"Leading BioSciences, Inc",Industry,Lead
3195,"Hospital San Carlos, Madrid",Other,Lead
3196,"St. Francis Hospital, New York",Other,Lead
3197,Stanford University,Other,Lead
3198,"University Hospital, Brest",Other,Lead
3199,CHU de Reims,Other,Lead
3200,Vladimír Džavík,Other,Lead
3200,Unity Health Toronto,Other,Collaborator
3200,Canadian Institutes of Health Research (CIHR),Other,Collaborator
3200,University of Toronto,Other,Collaborator
3200,"University Health Network, Toronto",Other,Collaborator
3201,Andalusian Network for Design and Translation of Advanced Therapies,Other,Lead
3202,Assistance Publique - Hôpitaux de Paris,Other,Lead
3202,"Institut National de la Santé Et de la Recherche Médicale, France",Industry,Collaborator
3202,GE Healthcare,Other,Collaborator
3202,Orange healthcare,Other,Collaborator
3202,TheraPanacea,Other,Collaborator
3203,"University Hospital Inselspital, Berne",Other,Lead
3203,Roche Pharma AG,Industry,Collaborator
3204,ClinAmygate,Other,Lead
3205,NHS Greater Glasgow and Clyde,Other,Lead
3205,University of Glasgow,Other,Collaborator
3206,D'Or Institute for Research and Education,Other,Lead
3206,Brazilian Clinical Research Institute,Other,Collaborator
3207,"St. Francis Hospital, New York",Other,Lead
3208,LumiraDx UK Limited,Industry,Lead
3209,Lebanese American University Medical Center,Other,Lead
3210,King Faisal Specialist Hospital & Research Center,Other,Lead
3211,University Hospital Goettingen,Other,Lead
3211,Universitätsklinikum Hamburg-Eppendorf,Other,Collaborator
3211,"University Hospital, Aachen",Other,Collaborator
3211,Transplantationszentrum Köln-Merheim,Other,Collaborator
3212,Sciensano,Other,Lead
3212,KU Leuven,Other,Collaborator
3212,McGill University,Other,Collaborator
3213,"Janssen Pharmaceutica N.V., Belgium",Industry,Lead
3214,Jena University Hospital,Other,Lead
3215,Royal Marsden NHS Foundation Trust,Other,Lead
3215,"St George's, University of London",Industry,Collaborator
3215,Mologic Ltd,Other,Collaborator
3215,The Royal Marsden Cancer Charity,Other,Collaborator
3215,National Institute for Health Research Biomedical Research Centre,Other,Collaborator
3216,"Central Hospital, Nancy, France",Other,Lead
3216,"University Hospital, Limoges",Industry,Collaborator
3216,Inotrem,Other,Collaborator
3217,Sheba Medical Center,Other,Lead
3218,Oslo University Hospital,Other,Lead
3218,St. Olavs Hospital,Other,Collaborator
3218,Sykehuset Telemark,Other,Collaborator
3218,Sykehuset Ostfold,Other,Collaborator
3218,"University Hospital, Akershus",Other,Collaborator
3218,Sorlandet Hospital HF,Other,Collaborator
3218,Helse Fonna HF,Other,Collaborator
3219,"Thomas Ortel, M.D., Ph.D.",Other,Lead
3219,"National Heart, Lung, and Blood Institute (NHLBI)",NIH,Collaborator
3219,Duke University,Other,Collaborator
3220,Hospital Italiano de Buenos Aires,Other,Lead
3221,Azienda Ospedaliera Universitaria Integrata Verona,Other,Lead
3221,University of Milan,Other,Collaborator
3222,Yale University,Other,Lead
3222,Pfizer,Industry,Collaborator
3223,Guy's and St Thomas' NHS Foundation Trust,Other,Lead
3224,Tokat Gaziosmanpasa University,Other,Lead
3225,Scandinavian Critical Care Trials Group,Other,Lead
3225,"Copenhagen Trial Unit, Center for Clinical Intervention Research",Other,Collaborator
3225,Centre for Research in Intensive Care (CRIC),Other,Collaborator
3225,Aarhus University Hospital,Other,Collaborator
3225,Aalborg University Hospital,Other,Collaborator
3225,"Rigshospitalet, Denmark",Other,Collaborator
3225,"The George Institute for Global Health, Australia",Other,Collaborator
3226,David Grant U.S. Air Force Medical Center,U.S. Fed,Lead
3227,The University of Hong Kong,Other,Lead
3228,Zagazig University,Other,Lead
3229,China Academy of Chinese Medical Sciences,Other,Lead
3230,Eli Lilly and Company,Industry,Lead
3231,"Central Hospital, Nancy, France",Other,Lead
3232,"ModernaTX, Inc.",Industry,Lead
3232,Biomedical Advanced Research and Development Authority,U.S. Fed,Collaborator
3232,National Institute of Allergy and Infectious Diseases (NIAID),NIH,Collaborator
3233,"Regenexx, LLC",Industry,Lead
3234,University Hospital Center of Martinique,Other,Lead
3235,Xijing Hospital,Other,Lead
3236,"University Hospital, Lille",Other,Lead
3237,ClinAmygate,Other,Lead
3238,Zhenhua Zen,Other,Lead
3238,Nanfang Hospital of Southern Medical University,Other,Collaborator
3239,The Royal Wolverhampton Hospitals NHS Trust,Other,Lead
3240,Ostfold Hospital Trust,Other,Lead
3241,Hasselt University,Other,Lead
3241,Ziekenhuis Oost-Limburg,Other,Collaborator
3242,"Altimmune, Inc.",Industry,Lead
3243,Liaquat University of Medical & Health Sciences,Other,Lead
3243,Universidad de Murcia,Other,Collaborator
3244,Medical University of Graz,Other,Lead
3245,Universitätsklinikum Hamburg-Eppendorf,Other,Lead
3246,Universität des Saarlandes,Other,Lead
3247,"University Hospital, Ghent",Other,Lead
3247,UCB Pharma,Industry,Collaborator
3248,Laurent Pharmaceuticals Inc.,Industry,Lead
3249,"Cytovale, Inc.",Industry,Lead
3249,Biomedical Advanced Research and Development Authority,U.S. Fed,Collaborator
3250,University of Melbourne,Other,Lead
3250,The Peter Doherty Institute for Infection and Immunity,Other,Collaborator
3250,Australasian Society for Infectious Diseases,Other,Collaborator
3250,Middlemore Clinical Trials,Other,Collaborator
3250,The George Institute,Other,Collaborator
3250,Hunter Medical Research Institute,Other,Collaborator
3250,The University of Queensland,Other,Collaborator
3251,Boehringer Ingelheim,Industry,Lead
3252,Kinevant Sciences GmbH,Industry,Lead
3252,"Roivant Sciences, Inc.",Other,Collaborator
3253,University of Nebraska,Other,Lead
3254,Boston University,Other,Lead
3255,Hôpital Cochin,Other,Lead
3255,"Institut National de la Santé Et de la Recherche Médicale, France",Other,Collaborator
3256,"ModernaTX, Inc.",Industry,Lead
3256,Biomedical Advanced Research and Development Authority,U.S. Fed,Collaborator
3257,University Hospital Plymouth NHS Trust,Other,Lead
3258,Tongji Hospital,Other,Lead
3259,Assistance Publique - Hôpitaux de Paris,Other,Lead
3260,Jacobs University Bremen gGmbH,Other,Lead
3260,Dr. Becker Klinikgruppe,Other,Collaborator
3260,Dr. Becker Burg-Klinik (Burg),Other,Collaborator
3260,Dr. Becker Klinik Norddeich (NOR),Other,Collaborator
3260,Dr. Becker Klinik Juliana (JUL),Other,Collaborator
3260,Dr. Becker Klinik Möhnesee,Other,Collaborator
3260,Paracelsus Klinik Bremen,Other,Collaborator
3261,"Orpheris, Inc.",Industry,Lead
3262,"Ministry of Health, Kuwait",Other,Lead
3263,Centre Antoine Lacassagne,Other,Lead
3264,Federal University of Rio Grande do Sul,Other,Lead
3264,Hospital de Clinicas de Porto Alegre,Other,Collaborator
3264,Conselho Nacional de Desenvolvimento Científico e Tecnológico,Other,Collaborator
3264,Hospital Moinhos de Vento,Other,Collaborator
3264,Federal University of Health Science of Porto Alegre,Other,Collaborator
3264,Universidade de Passo Fundo,Other,Collaborator
3264,Hospital Nossa Senhora da Conceicao,Other,Collaborator
3265,Corporacion Parc Tauli,Other,Lead
3265,Institut de Ciències Fotòniques (ICFO),Other,Collaborator
3265,Centre de Recerca Matemàtica,Other,Collaborator
3265,Institute of Physics University of Campinas,Other,Collaborator
3266,Wissenschaftliches Institut Bethanien e.V,Other,Lead
3267,Frank C Sciurba,Other,Lead
3267,"National Heart, Lung, and Blood Institute (NHLBI)",NIH,Collaborator
3267,University of Pittsburgh,Other,Collaborator
3268,International Vaccine Institute,Other,Lead
3268,Coalition for Epidemic Preparedness Innovations,Industry,Collaborator
3268,Inovio Pharmaceuticals,Other,Collaborator
3269,The Canadian College of Naturopathic Medicine,Other,Lead
3269,Ottawa Hospital Research Institute,Other,Collaborator
3270,Bill & Melinda Gates Medical Research Institute,Other,Lead
3271,Cambridge University Hospitals NHS Foundation Trust,Other,Lead
3271,University of Cambridge,Other,Collaborator
3272,Robert Schilz,Other,Lead
3272,Case Western Reserve University,Other,Collaborator
3272,University Hospitals Cleveland Medical Center,Other,Collaborator
3273,"University Hospital, Antwerp",Other,Lead
3273,Medtronic,Industry,Collaborator
3274,The University of Hong Kong,Other,Lead
3274,"Hospital Authority, Hong Kong",Other,Collaborator
3275,University of Kinshasa,Other,Lead
3275,University Ghent,Other,Collaborator
3275,Université de Montréal,Other,Collaborator
3276,Region Skane,Other,Lead
3277,Eurnekian Public Hospital,Other,Lead
3278,Hospital General Universitario de Valencia,Other,Lead
3278,University of Valencia,Other,Collaborator
3279,Assiut University,Other,Lead
3280,The University of The West Indies,Other,Lead
3281,Universitätsklinikum Hamburg-Eppendorf,Other,Lead
3282,"University of California, San Francisco",Other,Lead
3282,"Rowpar Pharmaceuticals, Inc.",Industry,Collaborator
3283,"Rigshospitalet, Denmark",Other,Lead
3284,Fatih Sultan Mehmet Training and Research Hospital,Other,Lead
3285,Pregistry,Industry,Lead
3285,Harvard School of Public Health,Other,Collaborator
3286,University Hospital Birmingham NHS Foundation Trust,Other,Lead
3287,Brigham and Women's Hospital,Other,Lead
3287,Icahn School of Medicine at Mount Sinai,Other,Collaborator
3287,Montefiore Medical Center,Other,Collaborator
3287,Baylor College of Medicine,Other,Collaborator
3287,Baylor Health Care System,Other,Collaborator
3287,Beth Israel Deaconess Medical Center,Other,Collaborator
3287,"University of Colorado, Denver",Other,Collaborator
3287,Cook County Hospital,Other,Collaborator
3287,The Cooper Health System,Other,Collaborator
3287,Duke University,Other,Collaborator
3287,Georgetown University,Other,Collaborator
3287,Hackensack mountainside hospital,Other,Collaborator
3287,Hackensack Meridian Health,Other,Collaborator
3287,Indiana University Health Methodist Hospital,Other,Collaborator
3287,Johns Hopkins University,Other,Collaborator
3287,Loma Linda University,Other,Collaborator
3287,Mayo Clinic,Other,Collaborator
3287,Medical College of Wisconsin,Other,Collaborator
3287,Northwestern,Other,Collaborator
3287,Weill Medical College of Cornell University,Other,Collaborator
3287,NYU Langone Health,Other,Collaborator
3287,Ochsner Health System,Other,Collaborator
3287,Oregon Health and Science University,Other,Collaborator
3287,Renown Health,Other,Collaborator
3287,Rush University Medical Center,Other,Collaborator
3287,New Jersey Medical School,Other,Collaborator
3287,"Advanced Endoscopy Research, Robert Wood Johnson Medical School Rutgers University",Other,Collaborator
3287,Stanford University,Other,Collaborator
3287,Temple University,Other,Collaborator
3287,Tufts Medical Center,Other,Collaborator
3287,Tulane University,Other,Collaborator
3287,"University of California, Davis",Other,Collaborator
3287,"University of California, Los Angeles",Other,Collaborator
3287,"University of California, San Diego",Other,Collaborator
3287,"University of California, San Francisco",Other,Collaborator
3287,"University of North Carolina, Chapel Hill",Other,Collaborator
3287,University Hospitals Cleveland Medical Center,Other,Collaborator
3287,University Medical Center of Southern Nevada,Other,Collaborator
3287,University of Alabama at Birmingham,Other,Collaborator
3287,University of Chicago,Other,Collaborator
3287,University of Florida,Other,Collaborator
3287,University of Illinois at Chicago,Other,Collaborator
3287,University of Kentucky,Other,Collaborator
3287,University of Miami,Other,Collaborator
3287,University of Michigan,Other,Collaborator
3287,University of Oklahoma,Other,Collaborator
3287,University of Pennsylvania,Other,Collaborator
3287,University of Pittsburgh Medical Center,Other,Collaborator
3287,University of Tennessee Health Science Center,Other,Collaborator
3287,University of Washington,Other,Collaborator
3287,"University of Texas, Southwestern Medical Center at Dallas",Other,Collaborator
3287,Yale University,Other,Collaborator
3288,Medable Inc.,Other,Lead
3288,Datavant,Industry,Collaborator
3288,American Heart Association,Other,Collaborator
3288,BioIntelliSense,Other,Collaborator
3288,PWNHealth,Other,Collaborator
3289,Hospital Universitario Ramon y Cajal,Other,Lead
3290,Grifols Therapeutics LLC,Industry,Lead
3291,Sheba Medical Center,Other,Lead
3292,Centre Hospitalier Intercommunal Creteil,Other,Lead
3292,Association Clinique Thérapeutique Infantile du val de Marne,Other,Collaborator
3292,GPIP,Other,Collaborator
3292,AFPA,Other,Collaborator
3292,GFRUP,Other,Collaborator
3293,Charles Drew University of Medicine and Science,Other,Lead
3294,Cambridge University Hospitals NHS Foundation Trust,Other,Lead
3294,"R Antakia, A Xanthis, F Georgiades, V Hudson, J Ashcroft, S Rooney, AA Singh, JR O'Neill, N Fearnhead, RH Hardwick, RJ Davies, John M Bennett",Other,Collaborator
3295,Hope Biosciences Stem Cell Research Foundation,Other,Lead
3295,Hope Biosciences,Other,Collaborator
3296,Federation Francophone de Cancerologie Digestive,Other,Lead
3296,ARCAGY/ GINECO GROUP,Other,Collaborator
3296,GERCOR - Multidisciplinary Oncology Cooperative Group,Other,Collaborator
3296,GORTEC,Other,Collaborator
3296,IFCT,Other,Collaborator
3296,Association de Neuro-Oncologues d'Expression Francaise,Other,Collaborator
3297,Hospital Clinic of Barcelona,Other,Lead
3298,Verona Pharma Inc,Industry,Lead
3298,Verona Pharma plc,Other,Collaborator
3299,Hospital do Coracao,Other,Lead
3299,"Ionis Pharmaceuticals, Inc.",Industry,Collaborator
3299,Hospital Moinhos de Vento,Other,Collaborator
3300,National Institute of Mental Health (NIMH),NIH,Lead
3300,National Institutes of Health Clinical Center (CC),Other,Collaborator
3301,Postgraduate Institute of Medical Education and Research,Other,Lead
3302,G. d'Annunzio University,Other,Lead
3303,"University of Maryland, Baltimore",Other,Lead
3304,Terra Biological LLC,Industry,Lead
3305,General and Teaching Hospital Celje,Other,Lead
3306,Poudre Valley Health System,Other,Lead
3307,Science Valley Research Institute,Other,Lead
3307,Bayer,Industry,Collaborator
3308,Vanderbilt University Medical Center,Other,Lead
3309,University of Kentucky,Other,Lead
3310,I.M. Sechenov First Moscow State Medical University,Other,Lead
3311,IRCCS Policlinico S. Matteo,Other,Lead
3312,Nature Cell Co. Ltd.,Industry,Lead
3313,University of New Mexico,Other,Lead
3313,Albuquerque area indian health board (AAIHB),Other,Collaborator
3314,Groupe Hospitalier du Havre,Other,Lead
3315,Dr. Servet Akar,Other,Lead
3315,Dokuz Eylul University,Other,Collaborator
3315,Hacettepe University,Other,Collaborator
3315,Izmir Katip Celebi University,Other,Collaborator
3316,Ottawa Heart Institute Research Corporation,Other,Lead
3317,Icahn School of Medicine at Mount Sinai,Other,Lead
3318,"Bangabandhu Sheikh Mujib Medical University, Dhaka, Bangladesh",Other,Lead
3318,"Anwar Khan Mordern Medical College and Hospital, Dhaka",Other,Collaborator
3318,"Mugda Medical College and Hospital, Dhaka",Other,Collaborator
3319,Boston Medical Center,Other,Lead
3320,University of Oxford,Other,Lead
3320,Intensive Care National Audit & Research Centre,Other,Collaborator
3321,Elaraby Hospital,Other,Lead
3321,Shebin El-Kom Teaching Hospital,Other,Collaborator
3322,University of Jena,Other,Lead
3323,Nottingham University Hospitals NHS Trust,Other,Lead
3323,East Midlands Academic Health Sciences Network,Other,Collaborator
3324,Azienda Ospedaliera Universitaria Policlinico Paolo Giaccone Palermo,Other,Lead
3325,Hamad Medical Corporation,Industry,Lead
3326,Eli Lilly and Company,Industry,Lead
3327,University of Extremadura,Other,Lead
3328,"University Hospital, Lille",Other,Lead
3329,University Hospital Padova,Other,Lead
3330,University of Louisville,Other,Lead
3331,"HaEmek Medical Center, Israel",Other,Lead
3331,T MAY BIOPHARMA LTD.,Other,Collaborator
3332,Maastricht University Medical Center,Other,Lead
3332,European chapter of the Extracorporeal Life Support Organization,Other,Collaborator
3332,Erasmus Medical Center,Other,Collaborator
3332,Leiden University Medical Center,Other,Collaborator
3332,UMC Utrecht,Other,Collaborator
3332,IRCCS Azienda Ospedaliero-Universitaria di Bologna,Other,Collaborator
3332,Papa Giovanni XXIII Hospital,Other,Collaborator
3332,Niguarda Hospital,Other,Collaborator
3332,Ospedale San Donato,Other,Collaborator
3332,Ospedale S. Giovanni Bosco,Other,Collaborator
3332,IRCCS Policlinico S. Matteo,Other,Collaborator
3332,The Mediterranean Institute for Transplantation and Advanced Specialized Therapies,Other,Collaborator
3332,Azienda Socio Sanitaria Territoriale degli Spedali Civili di Brescia,Other,Collaborator
3332,"Ospedale dell'Angelo, Venezia-Mestre",Other,Collaborator
3332,"University Hospital, Udine, Italy",Other,Collaborator
3332,San Gerardo Hospital,Other,Collaborator
3332,Ospedali Riuniti Ancona,Other,Collaborator
3332,"San Camillo Hospital, Rome",Other,Collaborator
3332,San Giorgio Clinic,Other,Collaborator
3332,GVM Care & Research,Other,Collaborator
3332,"San Raffaele University Hospital, Italy",Other,Collaborator
3332,Ospedale San Bortolo di Vicenza,Other,Collaborator
3332,"Klinik Hirslanden, Zurich",Other,Collaborator
3332,University of Zurich,Other,Collaborator
3332,Cardiocentro Ticino,Other,Collaborator
3332,Vilnius University Hospital Santaros Klinikos,Other,Collaborator
3332,Universitätsklinikum Düsseldorf,Other,Collaborator
3332,Klinikum Nürnberg,Other,Collaborator
3332,Hannover Medical School,Other,Collaborator
3332,Heart Center Leipzig - University Hospital,Other,Collaborator
3332,University Hospital Regensburg,Other,Collaborator
3332,"University Hospital, Essen",Other,Collaborator
3332,German Heart Center,Other,Collaborator
3332,"University Hospital, Aachen",Other,Collaborator
3332,University Heart Center Freiburg - Bad Krozingen,Other,Collaborator
3332,Klinikum Kassel,Other,Collaborator
3332,"General University Hospital, Prague",Other,Collaborator
3332,Universitaire Ziekenhuizen Leuven,Other,Collaborator
3332,Onze Lieve Vrouwziekenhuis Aalst,Other,Collaborator
3332,Erasme University Hospital,Other,Collaborator
3332,"University Hospital, Antwerp",Other,Collaborator
3332,Hôpital Civil Marie Curie de Charleroi,Other,Collaborator
3332,"University Hospital, Ghent",Other,Collaborator
3332,Centre Hospitalier Universitaire Saint Pierre,Other,Collaborator
3332,Hospital Vall d'Hebron,Other,Collaborator
3332,Hospital Universitario Ramon y Cajal,Other,Collaborator
3332,Hospital Miguel Servet,Other,Collaborator
3332,Henri Mondor University Hospital,Other,Collaborator
3332,Hospices Civils de Lyon,Other,Collaborator
3332,Pitié-Salpêtrière Hospital,Other,Collaborator
3332,Rennes University Hospital,Other,Collaborator
3332,Guy's and St Thomas' NHS Foundation Trust,Other,Collaborator
3332,Karolinska University Hospital,Other,Collaborator
3332,Hospital Sao Joao,Other,Collaborator
3332,Medical University of Warsaw,Other,Collaborator
3332,Universitätskliniken Innsbruck,Other,Collaborator
3332,Medical University of Vienna,Other,Collaborator
3332,"University Hospital, Alexandroupolis",Other,Collaborator
3332,Novosibirsk City Hospital #2,Other,Collaborator
3332,"City Clinical Hospital No. 67, Moscow, Russia",Other,Collaborator
3332,"City Hospital No 40, Saint Petersburg, Russia",Other,Collaborator
3332,Krasnodar Regional Hospital no 1,Other,Collaborator
3332,Kemerovo Regional Clinical Cardiological Center named after academician L.S. Barbarash,Other,Collaborator
3332,"City Hospital No 41, Ekaterinburg, Russia",Other,Collaborator
3332,"G. Pasquinucci Heart Hospital, Massa",Other,Collaborator
3332,"Charles University, Czech Republic",Other,Collaborator
3332,"University Hospital, Bordeaux",Other,Collaborator
3332,Bambino Gesù Hospital and Research Institute,Other,Collaborator
3332,Policlinico Hospital Milan,Other,Collaborator
3332,Gaslini Children's Hospital,Other,Collaborator
3332,"Children's Medical Hospital, University of Essen, Essen, Germany",Other,Collaborator
3332,"University Hospital, Geneva",Other,Collaborator
3332,Newcastle-upon-Tyne Hospitals NHS Trust,Other,Collaborator
3332,Paediatric Intensive Care Glasgow,Other,Collaborator
3332,Paris South University Hospitals,Other,Collaborator
3332,University of Groningen,Other,Collaborator
3332,Great Ormond Street Hospital for Children NHS Foundation Trust,Other,Collaborator
3332,Hospital Sant Joan de Deu,Other,Collaborator
3332,Heim Pal Children's Hospital,Other,Collaborator
3332,"University Hospital, Montpellier",Other,Collaborator
3332,Royal Brompton & Harefield NHS Foundation Trust,Other,Collaborator
3332,Lund University Hospital,Other,Collaborator
3332,Landesklinikum Sankt Polten,Other,Collaborator
3332,Chelyabinsk Regional Clinical Hospital,Other,Collaborator
3332,ECMO Centers Israel,Other,Collaborator
3332,Copenhagen University Hospital at Herlev,Other,Collaborator
3332,Ospedale Maurizio Bufalini,Other,Collaborator
3332,A.O.U. Città della Salute e della Scienza - Molinette Hospital,Other,Collaborator
3332,Mauriziano Umberto I Hospital,Other,Collaborator
3332,University of Bern,Other,Collaborator
3332,"University Hospital, Basel, Switzerland",Other,Collaborator
3332,University of Lausanne Hospitals,Other,Collaborator
3332,University Hospital Tuebingen,Other,Collaborator
3332,Universitätsklinikum Köln,Other,Collaborator
3332,Chirec,Other,Collaborator
3332,Universitair Ziekenhuis Brussel,Other,Collaborator
3332,CHU de Liege,Other,Collaborator
3332,La Louvière Hopital,Other,Collaborator
3332,Leicester Royal Infirmary NHS Trust,Other,Collaborator
3333,Enzychem Lifesciences Corporation,Industry,Lead
3334,Institut de Recherches Cliniques de Montreal,Other,Lead
3334,Pharmascience Inc.,Industry,Collaborator
3334,"SCiAN Services, Inc.",Other,Collaborator
3334,Quercis Pharma AG,Other,Collaborator
3335,Royal Centre for Defence Medicine,Other,Lead
3335,Leeds Beckett University,Other,Collaborator
3335,Liverpool John Moores University,Other,Collaborator
3336,"University of California, San Diego",Other,Lead
3337,Ziekenhuis Oost-Limburg,Other,Lead
3338,University of Sao Paulo,Other,Lead
3339,D'Or Institute for Research and Education,Other,Lead
3339,Apis Flora Industrial e Comercial Ltda,Other,Collaborator
3340,BioAegis Therapeutics Inc.,Industry,Lead
3341,BioNTech SE,Industry,Lead
3342,NMC Specialty Hospital,Other,Lead
3343,"University Hospital, Grenoble",Other,Lead
3343,University Grenoble Alps,Other,Collaborator
3344,"University Health Network, Toronto",Other,Lead
3344,National Institute on Deafness and Other Communication Disorders (NIDCD),NIH,Collaborator
3344,McMaster University,Other,Collaborator
3344,University of Florida,Other,Collaborator
3345,Federal Research and Clinical Center of Physical-Chemical Medicine,Other,Lead
3345,Burnasyan Federal Medical Biophysical Center,Other,Collaborator
3345,"Federal Research Clinical Center of Federal Medical & Biological Agency, Russia",Other,Collaborator
3345,Moscow city hospital named after S.I. Spasokukotskiy,Other,Collaborator
3345,"Federal State Public Scientific Institution, Scientific Center for Family Health and Human Reproduction Problems",Other,Collaborator
3345,"Federal State Budgetary Healthcare Institution, Hospital RAS",Other,Collaborator
3346,Ina-Respond,Other,Lead
3346,"Center for Research and Development of Health Resources and Services, National Institute of Health Research and Development (NIHRD), Indonesia",Other,Collaborator
3347,CureVac AG,Industry,Lead
3348,"Heinrich-Heine University, Duesseldorf",Other,Lead
3349,Estudios Clínicos Latino América,Other,Lead
3349,Population Health Research Institute,Other,Collaborator
3350,"University Hospital, Montpellier",Other,Lead
3351,Generon (Shanghai) Corporation Ltd.,Industry,Lead
3352,Steno Diabetes Center Copenhagen,Other,Lead
3353,ReiThera Srl,Industry,Lead
3353,Istituto Nazionale per le Malattie Infettive Lazzaro Spallanzani,Other,Collaborator
3354,Camillo Ricordi,Other,Lead
3354,University of Miami,Other,Collaborator
3355,University of Alabama at Birmingham,Other,Lead
3355,Mereo BioPharma,Industry,Collaborator
3356,"University Health Network, Toronto",Other,Lead
3356,University of Toronto,Other,Collaborator
3357,"University of Colorado, Denver",Other,Lead
3358,University of Cologne,Other,Lead
3358,ZKS Köln,Industry,Collaborator
3358,Boehringer Ingelheim,Other,Collaborator
3359,"Genexine, Inc.",Industry,Lead
3360,ETICA,Other,Lead
3360,Spring Research Foundation,Other,Collaborator
3361,Modum Bad,Other,Lead
3361,University of Oslo,Other,Collaborator
3362,Fondation Lenval,Other,Lead
3363,"University Hospital, Toulouse",Other,Lead
3364,Hadassah Medical Organization,Other,Lead
3365,Medical University of Vienna,Other,Lead
3366,University Hospitals of Derby and Burton NHS Foundation Trust,Other,Lead
3367,London School of Hygiene and Tropical Medicine,Other,Lead
3368,Asan Medical Center,Other,Lead
3369,"Institut National de la Santé Et de la Recherche Médicale, France",Other,Lead
3370,"University of Turin, Italy",Other,Lead
3370,San Luigi Gonzaga Hospital,Other,Collaborator
3371,Assiut University,Other,Lead
3372,Societa Italiana di Chirurgia ColoRettale,Other,Lead
3372,Gaetano Gallo,Other,Collaborator
3372,Alessandro Sturiale,Other,Collaborator
3372,Veronica De Simone,Other,Collaborator
3372,Gian Luca Di Tanna,Other,Collaborator
3372,Iacopo Giani,Other,Collaborator
3372,Ugo Grossi,Other,Collaborator
3373,Fundacion para la Investigacion Biomedica del Hospital Universitario Ramon y Cajal,Other,Lead
3374,"Charite University, Berlin, Germany",Other,Lead
3375,"Center for Primary Care and Public Health (Unisante), University of Lausanne, Switzerland",Other,Lead
3376,"Blessing Corporate Services, Inc",Other,Lead
3376,"Takeda Pharmaceuticals North America, Inc.",Industry,Collaborator
3377,"University Hospital, Limoges",Other,Lead
3378,Cadila Healthcare Limited,Industry,Lead
3379,Ankara City Hospital Bilkent,Other,Lead
3380,Apogenix AG,Industry,Lead
3381,University of Pittsburgh,Other,Lead
3382,Centre Hospitalier Universitaire de Besancon,Other,Lead
3383,"ARCA Biopharma, Inc.",Industry,Lead
3383,Colorado Prevention Center,Other,Collaborator
3384,"Heinrich-Heine University, Duesseldorf",Other,Lead
3384,Universitätsklinikum Hamburg-Eppendorf,Other,Collaborator
3384,"University Hospital, Frankfurt",Other,Collaborator
3384,"St. Georg Hospital Leipzig, Germany",Other,Collaborator
3384,"Hospital Schwabing Munich, Germany",Other,Collaborator
3384,"Missioklinik, Wuerzburg, Germany",Other,Collaborator
3385,Hospices Civils de Lyon,Other,Lead
3386,Jonathan Gerber,Other,Lead
3386,"University of Massachusetts, Worcester",Other,Collaborator
3387,"Clinica Universidad de Navarra, Universidad de Navarra",Other,Lead
3388,Prisma Health-Upstate,Other,Lead
3389,Thrombosis Research Institute,Other,Lead
3389,Sanofi,Industry,Collaborator
3390,Rennes University Hospital,Other,Lead
3391,Noxopharm Limited,Industry,Lead
3392,Assiut University,Other,Lead
3393,Thomas Jefferson University,Other,Lead
3394,Universitair Ziekenhuis Brussel,Other,Lead
3395,Universidad Internacional de Valencia,Other,Lead
3395,Universidad Nacional Autonoma de Mexico,Other,Collaborator
3395,Universidad Autonoma de Ciudad Juarez,Other,Collaborator
3396,University of Bern,Other,Lead
3396,Selbsthilfegruppe Kartagener Syndrom und Primäre Ciliäre Dyskinesie,Other,Collaborator
3396,Verein Kartagener Syndrom und PCD,Other,Collaborator
3396,PCD Family Support Group,Other,Collaborator
3396,PCD Foundation,Other,Collaborator
3396,PCD Australia,Other,Collaborator
3396,European Lung Foundation,Other,Collaborator
3396,University of Southampton,Other,Collaborator
3396,University of Lucerne,Other,Collaborator
3397,McMaster University,Other,Lead
3397,University of Alberta,Other,Collaborator
3398,Harvard University,Other,Lead
3398,Abdul Latif Jameel Poverty Action Lab,Other,Collaborator
3398,Government of Minnesota,Other,Collaborator
3399,"Central Hospital, Nancy, France",Other,Lead
3400,Henry Ford Health System,Other,Lead
3401,Biruni University,Other,Lead
3402,Harvard Pilgrim Health Care,Other,Lead
3402,Patient-Centered Outcomes Research Institute,Other,Collaborator
3402,Asthma and Allergy Foundation of America,Other,Collaborator
3402,"University of North Carolina, Chapel Hill",Other,Collaborator
3402,Harvard School of Public Health,Other,Collaborator
3403,"TScan Therapeutics, Inc.",Industry,Lead
3404,The University of Hong Kong,Other,Lead
3404,Hong Kong Council on Smoking and Health,Other,Collaborator
3405,Katarina Hedin,Other,Lead
3405,"Research Unit of General Practice, Aalborg",Other,Collaborator
3405,Utrecht University,Other,Collaborator
3405,"National University of Ireland, Galway, Ireland",Other,Collaborator
3405,Region Jönköping County,Other,Collaborator
3406,McGill University,Other,Lead
3407,"HeNan Sincere Biotech Co., Ltd",Industry,Lead
3408,Sagent Pharmaceuticals Inc.,Industry,Lead
3409,Centre Hospitalier St Anne,Other,Lead
3409,Groupe Hospitalier Universitaire Paris psychiatrie & neurosciences,Industry,Collaborator
3409,Laboratoire français de Fractionnement et de Biotechnologies,Other,Collaborator
3410,"University College, London",Other,Lead
3410,Newcastle-upon-Tyne Hospitals NHS Trust,Other,Collaborator
3410,Sheffield Teaching Hospitals NHS Foundation Trust,Other,Collaborator
3410,The Leeds Teaching Hospitals NHS Trust,Other,Collaborator
3410,Nottingham University Hospitals NHS Trust,Other,Collaborator
3410,University College London Hospitals,Other,Collaborator
3411,Centre Hospitalier Arras,Other,Lead
3412,University of Utah,Other,Lead
3413,Zhejiang Hisun Pharmaceutical Co. Ltd.,Industry,Lead
3413,"Opera CRO, a TIGERMED Group Company",Other,Collaborator
3414,Miguel Ayala León,Other,Lead
3414,Hospital Beneficencia Espanola de Puebla,Other,Collaborator
3415,Medical College of Wisconsin,Other,Lead
3416,Matthew Neal MD,Other,Lead
3416,"National Heart, Lung, and Blood Institute (NHLBI)",NIH,Collaborator
3416,University of Pittsburgh,Other,Collaborator
3417,Vastra Gotaland Region,Other,Lead
3418,Nguyen Thu Ngan Trinh,Industry,Lead
3418,Hexoskin,Other,Collaborator
3419,Hoffmann-La Roche,Industry,Lead
3420,BonusBio Group Ltd,Industry,Lead
3421,French Innovative Leukemia Organisation,Other,Lead
3421,Acute Leukemia French Association,Other,Collaborator
3421,Group for Research in Adult Acute Lymphoblastic Leukemia,Other,Collaborator
3422,NYU Langone Health,Other,Lead
3423,"Rigshospitalet, Denmark",Other,Lead
3424,Vaxart,Industry,Lead
3425,"Institute of Biotechnology, Academy of Military Medical Sciences, PLA of China",Other,Lead
3425,CanSino Biologics Inc.,Industry,Collaborator
3425,Jiangsu Province Centers for Disease Control and Prevention,Other,Collaborator
3425,Hubei Provincial Center for Disease Control and Prevention,Other,Collaborator
3425,Zhongnan Hospital,Other,Collaborator
3426,Cadila Healthcare Limited,Industry,Lead
3427,Direction Centrale du Service de Santé des Armées,Other,Lead
3428,"ImmuneMed, Inc.",Industry,Lead
3429,Rabin Medical Center,Other,Lead
3430,Assaf-Harofeh Medical Center,Other,Lead
3431,Sheba Medical Center,Other,Lead
3432,"Institute of Biomedical Technologies-National Research Council, Italy",Other,Lead
3432,"National Research Council, Institute of Clinical Physiology, Italy",Other,Collaborator
3432,Institute of Neuroscience-National Research Council,Other,Collaborator
3432,University of Milan,Other,Collaborator
3432,Italian Society of Geriatrics and Gerontology,Other,Collaborator
3432,Italian Society of Infectious and Tropical Diseases,Other,Collaborator
3433,"EuBiologics Co.,Ltd",Industry,Lead
3434,NYU Langone Health,Other,Lead
3435,University of Alabama at Birmingham,Other,Lead
3436,Prof. Dr. Fridoon Jawad Ahmad,Other,Lead
3436,University of Lahore,Other,Collaborator
3436,bahria international hospital,Other,Collaborator
3436,University of Health Sciences Lahore,Other,Collaborator
3437,Assistance Publique - Hôpitaux de Paris,Other,Lead
3438,Memorial Sloan Kettering Cancer Center,Other,Lead
3439,Ampio Pharmaceuticals. Inc.,Industry,Lead
3440,Institut Mutualiste Montsouris,Other,Lead
3441,Ahmed Essam,Other,Lead
3441,Beni-Suef University,Other,Collaborator
3441,October 6 University,Other,Collaborator
3442,University of Arkansas,Other,Lead
3443,Universidad de Granada,Other,Lead
3444,UMC Utrecht,Other,Lead
3444,ZonMw: The Netherlands Organisation for Health Research and Development,Other,Collaborator
3445,Hospital San Vicente Fundación,Other,Lead
3445,Clínica León XIII,Other,Collaborator
3445,Grupo de Inmunodeficiencias primarias Universidad de Antioquia,Other,Collaborator
3445,Clínica Universitaria Bolivariana,Other,Collaborator
3445,Hospital Pablo Tobón Uribe,Other,Collaborator
3445,Clínica Rosario El Tesoro,Other,Collaborator
3445,Clínica Las Américas,Other,Collaborator
3445,Clínica Cardiovid,Other,Collaborator
3446,"Institute of Tropical Medicine, Belgium",Other,Lead
3446,"Institut National de Recherche Biomédicale. Kinshasa, République Démocratique du Congo",Other,Collaborator
3447,Jessa Hospital,Other,Lead
3448,Adamis Pharmaceuticals Corporation,Industry,Lead
3449,Centre Hospitalier de Lens,Other,Lead
3450,Atriva Therapeutics GmbH,Industry,Lead
3451,Indonesia University,Other,Lead
3451,Dr Cipto Mangunkusumo General Hospital,Other,Collaborator
3451,Fakultas Kedokteran Universitas Indonesia,Other,Collaborator
3452,Savicell Diagnostics Ltd,Other,Lead
3453,EmitBio Inc.,Industry,Lead
3453,KNOWBio Inc.,Other,Collaborator
3454,Enzychem Lifesciences Corporation,Industry,Lead
3455,University of Chile,Other,Lead
3456,"ImmuneMed, Inc.",Industry,Lead
3457,Materno-Perinatal Hospital of the State of Mexico,Other,Lead
3457,Laboratorios Liomont,Industry,Collaborator
3458,Novartis Pharmaceuticals,Industry,Lead
3458,Novartis is the Marketing Authorization Holder for Jakavi outside the US.,Other,Collaborator
3458,Novartis,Other,Collaborator
3459,"Genentech, Inc.",Industry,Lead
3460,Uni-Pharma Kleon Tsetis Pharmaceutical Laboratories S.A.,Industry,Lead
3460,Athens General Hospital Hippokrateio,Other,Collaborator
3460,Athens General Hospital of Thoracic Diseases SOTIRIA,Other,Collaborator
3460,General Hospital of Athens Sismanoglio,Other,Collaborator
3460,Divine Providence Hospital Pammakaristos,Other,Collaborator
3460,AHEPA University Hospital,Other,Collaborator
3460,University General Hospital of Ioannina,Other,Collaborator
3460,Corfu General Hospital Agia Irini,Other,Collaborator
3461,Azienda Ospedaliero-Universitaria di Parma,Other,Lead
3462,"State Budgetary Healthcare Institution, National Medical Surgical Center N.A. N.I. Pirogov, Ministry of Health of Russia",Other,Lead
3463,Enlivex Therapeutics Ltd.,Industry,Lead
3464,Nucleo De Pesquisa E Desenvolvimento De Medicamentos Da Universidade Federal Do Ceara,Other,Lead
3465,Medical College of Wisconsin,Other,Lead
3465,Advancing a Healthier Wisconsin Endowment,Other,Collaborator
3466,Genoscience Pharma,Industry,Lead
3467,Ampio Pharmaceuticals. Inc.,Industry,Lead
3468,Istituto Superiore di Sanità,Other,Lead
3468,Gruppo Italiano Malattie EMatologiche dell'Adulto,Other,Collaborator
3468,Agenzia Italiana del Farmaco,Other,Collaborator
3469,University of Padova,Other,Lead
3469,San Bortolo Hospital - Vicenza,Other,Collaborator
3470,"University Hospital, Tours",Other,Lead
3470,INSERM CIC-P 1415,Other,Collaborator
3471,Nitric Oxide Innovations LLC,Industry,Lead
3472,University of Nebraska,Other,Lead
3473,Iran University of Medical Sciences,Other,Lead
3474,Cancer Research UK,Other,Lead
3474,Latus Therapeutics,Other,Collaborator
3475,University of Sao Paulo,Other,Lead
3475,Hospital das Clínicas da Faculdade de Medicina da USP,Other,Collaborator
3475,Fundação de Amparo à Pesquisa do Estado de São Paulo,Other,Collaborator
3476,Ampio Pharmaceuticals. Inc.,Industry,Lead
3477,Emory University,Other,Lead
3478,Cairo University,Other,Lead
3479,Johns Hopkins All Children's Hospital,Other,Lead
3480,"Centre Hospitalier Universitaire, Amiens",Other,Lead
3481,Alder Hey Children's NHS Foundation Trust,Other,Lead
3482,Duke University,Other,Lead
3483,Wladimir Szpirt,Other,Lead
3483,Aalborg University Hospital,Other,Collaborator
3483,Aarhus University Hospital,Other,Collaborator
3483,Odense University Hospital,Other,Collaborator
3483,Zealand University Hospital,Other,Collaborator
3483,"Rigshospitalet, Denmark",Other,Collaborator
3484,"ImmuneMed, Inc.",Industry,Lead
3485,Tang-Du Hospital,Other,Lead
3486,Northwell Health,Other,Lead
3487,"Bangabandhu Sheikh Mujib Medical University, Dhaka, Bangladesh",Other,Lead
3488,Hospital Italiano de Buenos Aires,Other,Lead
3488,Ministerio de Salud de Ciudad Autónoma de Buenos Aires,Other,Collaborator
3489,Assistance Publique - Hôpitaux de Paris,Other,Lead
3490,Hospital Clinic of Barcelona,Other,Lead
3491,University Hospitals of Derby and Burton NHS Foundation Trust,Other,Lead
3492,IRCCS Azienda Ospedaliero-Universitaria di Bologna,Other,Lead
3492,Azienda Unità Sanitaria Locale Reggio Emilia,Other,Collaborator
3492,Azienda Ospedaliera di Bolzano,Other,Collaborator
3492,Azienda Ospedaliero-Universitaria di Modena,Other,Collaborator
3493,Centro de Estudios en Infectogía Pediatrica,Other,Lead
3494,"University of California, Los Angeles",Other,Lead
3495,First Affiliated Hospital of Fujian Medical University,Other,Lead
3496,CHU de Reims,Other,Lead
3497,Koç University,Other,Lead
3498,National Institute of Allergy and Infectious Diseases (NIAID),NIH,Lead
3498,"ModernaTX, Inc.",Industry,Collaborator
3499,University of Minnesota,Other,Lead
3500,Effector Therapeutics,Industry,Lead
3500,"Medpace, Inc.",Other,Collaborator
3501,Groupe Hospitalier Paris Saint Joseph,Other,Lead
3502,Capital Medical University,Other,Lead
3502,Chinese Academy of Medical Sciences,Other,Collaborator
3503,Centre Chirurgical Marie Lannelongue,Other,Lead
3504,Jonsson Comprehensive Cancer Center,Other,Lead
3505,U.S. Army Medical Research and Development Command,U.S. Fed,Lead
3505,Walter Reed Army Institute of Research (WRAIR),Other,Collaborator
3505,Henry M. Jackson Foundation for the Advancement of Military Medicine,Other,Collaborator
3506,Orthopaedic Innovation Centre,Other,Lead
3507,Sinocelltech Ltd.,Industry,Lead
3508,Ictal Group,Other,Lead
3509,Fundación Instituto de Estudios de Ciencias de la Salud de Castilla y León,Other,Lead
3509,Instituto de Investigación Biomédica de Salamanca,Other,Collaborator
3510,Clinical Exercise Physiology and Rehabilitation Reasearch Laboratory,Other,Lead
3510,University of Athens,Other,Collaborator
3510,University of Ioannina,Other,Collaborator
3510,University of Thessaly,Other,Collaborator
3511,St. David's HealthCare,Other,Lead
3512,Qilu Hospital of Shandong University,Other,Lead
3512,Renmin Hospital of Wuhan University,Other,Collaborator
3512,Ialy Moriggia Pelascini Gravedona Hospital S.p.A,Other,Collaborator
3512,Wuhan University,Other,Collaborator
3512,Jiangbei Union Hospital of Huazhong University of science and technology,Other,Collaborator
3512,Shandong Provincial Chest Hospital,Other,Collaborator
3513,Assistance Publique Hopitaux De Marseille,Other,Lead
3514,"University of North Carolina, Chapel Hill",Other,Lead
3515,Theravance Biopharma,Industry,Lead
3516,Barts & The London NHS Trust,Other,Lead
3516,University College London Hospitals,Other,Collaborator
3516,"Barking, Havering and Redbridge University Hospitals NHS Trust",Other,Collaborator
3516,Mid and South Essex NHS Foundation Trust,Other,Collaborator
3516,Frimley Park Hospital NHS Trust,Other,Collaborator
3516,The Hillingdon Hospitals NHS Foundation Trust,Other,Collaborator
3517,Assiut University,Other,Lead
3518,Assiut University,Other,Lead
3519,"University Hospital, Montpellier",Other,Lead
3519,societe SkillCell - 97198 Jarry,Other,Collaborator
3519,CNRS Alcediag UMR9005 - societe Sys2Diag - 34184 Montpellier,Other,Collaborator
3520,Senti Tech Ltd,Industry,Lead
3520,Liverpool University Hospitals NHS Foundation Trust,Other,Collaborator
3521,Azidus Brasil,Industry,Lead
3521,Farmoquimica S.A.,Other,Collaborator
3521,Hospital Vera Cruz,Other,Collaborator
3521,Hospital Casa de Saúde - Vera Cruz - Campinas - SP - Brazil,Other,Collaborator
3521,Centro de Genomas - UNIFESP,Other,Collaborator
3521,Emilio Ribas Institute of Infectious Diseases,Other,Collaborator
3522,Kafrelsheikh University,Other,Lead
3523,"University Hospital, Bordeaux",Other,Lead
3523,Societe Francaise de Rhumatologie,Other,Collaborator
3524,Kocaeli Derince Education and Research Hospital,Other,Lead
3525,University of Aarhus,Other,Lead
3526,Daewoong Pharmaceutical Co. LTD.,Industry,Lead
3527,University of Leicester,Other,Lead
3527,Leicester Hospitals Charity,Other,Collaborator
3527,The Francis Crick Institute,Other,Collaborator
3528,"Bausch Health Americas, Inc.",Industry,Lead
3529,Grupo Cooperativo de Hemopatías Malignas,Other,Lead
3530,Azidus Brasil,Industry,Lead
3530,Farmoquimica S.A.,Other,Collaborator
3530,Hospital Casa de Saúde - Vera Cruz - Campinas - SP - Brazil,Other,Collaborator
3531,Izmir Bakircay University,Other,Lead
3531,Cigli Regional Training Hospital,Other,Collaborator
3531,Muğla Sıtkı Koçman University,Other,Collaborator
3532,Centre Hospitalier Princesse Grace,Other,Lead
3533,"Chania General Hospital ""St. George""",Other,Lead
3533,"AHEPA University Hospital of Thessaloniki Thessaloniki, Greece",Other,Collaborator
3534,Duke University,Other,Lead
3535,University of Oxford,Other,Lead
3535,University of Plymouth,Other,Collaborator
3535,Nuffield Trust,Other,Collaborator
3536,Columbia University,Other,Lead
3537,"Cellenkos, Inc.",Industry,Lead
3538,Royal Cornwall Hospitals Trust,Other,Lead
3539,Istituto Clinico Humanitas,Other,Lead
3540,Adrian Hernandez,Other,Lead
3540,Patient-Centered Outcomes Research Institute,Other,Collaborator
3540,Duke University,Other,Collaborator
3541,Montefiore Medical Center,Other,Lead
3542,Universidad de Guanajuato,Other,Lead
3542,University Medical Center Groningen,Other,Collaborator
3543,Azidus Brasil,Industry,Lead
3543,Farmoquimica S.A.,Other,Collaborator
3544,Medigen Vaccine Biologics Corp.,Industry,Lead
3545,Manuel Monreal,Other,Lead
3545,Foundation for the study of VTE diseases. (FUENTE),Other,Collaborator
3546,"Bausch Health Americas, Inc.",Industry,Lead
3547,UNION therapeutics,Industry,Lead
3548,Novartis Pharmaceuticals,Industry,Lead
3548,Novartis,Other,Collaborator
3549,Joseah Bio,Industry,Lead
3550,Centre Chirurgical Marie Lannelongue,Other,Lead
3551,"Institute of Tropical Medicine, Belgium",Other,Lead
3551,"University Hospital, Antwerp",Other,Collaborator
3552,Prisma Health-Upstate,Other,Lead
3552,Clemson University,Other,Collaborator
3553,Pharmamel S.L.,Industry,Lead
3553,Hospital Universitario La Paz,Other,Collaborator
3553,Instituto de Investigación Hospital Universitario La Paz,Other,Collaborator
3554,Azidus Brasil,Industry,Lead
3555,"University Hospital, Bordeaux",Other,Lead
3555,Bordeaux PharmacoEpi,Other,Collaborator
3556,"Revive Therapeutics, Ltd.",Industry,Lead
3557,University of Milan,Other,Lead
3558,Szeged University,Other,Lead
3558,Furtwangen University,Other,Collaborator
3558,BUDAPEST UNIVERSITY OF TECHNOLOGY AND ECONOMICS,Other,Collaborator
3559,Pontificia Universidad Catolica de Chile,Other,Lead
3559,Telethon Kids Institute,Other,Collaborator
3560,Groupe Hospitalier de la Region de Mulhouse et Sud Alsace,Other,Lead
3561,Hebrew University of Jerusalem,Other,Lead
3561,Barzilai Medical Center,Other,Collaborator
3562,Abderrahmane Mami Hospital,Other,Lead
3562,Eshmoun Clinical Research Centre,Other,Collaborator
3562,Datametrix,Other,Collaborator
3563,"Rutgers, The State University of New Jersey",Other,Lead
3564,"aTyr Pharma, Inc.",Industry,Lead
3565,Azidus Brasil,Industry,Lead
3565,Cellavita Pesquisa Científica Ltda,Other,Collaborator
3565,Hospital Vera Cruz,Other,Collaborator
3566,Azidus Brasil,Industry,Lead
3567,Gaziosmanpasa Research and Education Hospital,Other,Lead
3568,Assistance Publique Hopitaux De Marseille,Other,Lead
3568,Innate Pharma,Industry,Collaborator
3569,Queen's Medical Centre,Other,Lead
3570,Kaleido Biosciences,Industry,Lead
3571,Jiangsu Pacific Meinuoke Bio Pharmaceutical Co Ltd,Industry,Lead
3572,University of Cincinnati,Other,Lead
3573,Ankara Education and Research Hospital,Other,Lead
3574,University of Rome Tor Vergata,Other,Lead
3575,Baylor College of Medicine,Other,Lead
3575,"Center for Cell and Gene Therapy, Baylor College of Medicine",Other,Collaborator
3575,The Methodist Hospital System,Other,Collaborator
3576,Institute of Cell Therapy,Industry,Lead
3576,Kyiv City Clinical Hospital # 4,Other,Collaborator
3577,Ankara City Hospital Bilkent,Other,Lead
3578,NYU Langone Health,Other,Lead
3578,National Center for Advancing Translational Science (NCATS),NIH,Collaborator
3578,Albert Einstein College of Medicine,Other,Collaborator
3578,Yale University,Other,Collaborator
3578,"The University of Texas Health Science Center, Houston",Other,Collaborator
3578,The University of Texas Health Science Center at Tyler,Other,Collaborator
3578,University of Miami,Other,Collaborator
3579,"Shenyang Tonglian Group CO., Ltd",Industry,Lead
3580,"University of California, San Diego",Other,Lead
3580,Pfizer,Industry,Collaborator
3581,Alexion Pharmaceuticals,Industry,Lead
3582,Johns Hopkins University,Other,Lead
3583,"Cellid Co., Ltd.",Industry,Lead
3584,Istanbul Gelisim University,Other,Lead
3585,Sara Ghandehari,Other,Lead
3585,IBSA Institut Biochimique SA,Industry,Collaborator
3585,Cedars-Sinai Medical Center,Other,Collaborator
3586,Shaperon,Industry,Lead
3587,Rennes University Hospital,Other,Lead
3588,"University Hospital, Strasbourg, France",Other,Lead
3589,Rajaie Cardiovascular Medical and Research Center,Other,Lead
3589,Brigham and Women's Hospital,Other,Collaborator
3589,Tehran Heart Center,Other,Collaborator
3589,Masih Daneshvari Hospital,Other,Collaborator
3589,Hazrat Rasool Hospital,Other,Collaborator
3589,Modarres Hospital,Other,Collaborator
3589,Firuzgar hospital affiliated to Iran University of Medical Sciences,Other,Collaborator
3589,Imam Khomeini Hospital,Other,Collaborator
3589,"Sina Hospital, Iran",Other,Collaborator
3589,Tabriz University of Medical Sciences,Other,Collaborator
3589,Shariati Hospital,Other,Collaborator
3589,Imam Ali Hospital,Other,Collaborator
3589,Labbafinejhad Hospital,Other,Collaborator
3590,Henan Provincial People's Hospital,Other,Lead
3591,Shahid Beheshti University of Medical Sciences,Other,Lead
3592,Massachusetts General Hospital,Other,Lead
3593,Bellerophon Pulse Technologies,Industry,Lead
3593,Bellerophon,Other,Collaborator
3594,Università Politecnica delle Marche,Other,Lead
3594,Azienda Ospedaliera Ospedali Riuniti Marche Nord,Other,Collaborator
3594,"Ospedale Civile Santo Spirito, Pescara",Other,Collaborator
3594,"Università Magna Grecia, Catanzaro",Other,Collaborator
3594,"ASST Papa Giovanni XXIII, Bergamo",Other,Collaborator
3594,"Azienda Ospedaliero Universitaria Policlinico Umberto I, Roma",Other,Collaborator
3594,"ASST Cremona, Cremona",Other,Collaborator
3594,"Fondazione IRCCS Cà Granda, Ospedale Maggiore Policlinico, Milano",Other,Collaborator
3594,"Ospedale di Circolo e Fondazione Macchi, Varese",Other,Collaborator
3595,Karolinska Institutet,Other,Lead
3596,Hospices Civils de Lyon,Other,Lead
3597,Mayo Clinic,Other,Lead
3598,Methodist Health System,Other,Lead
3599,Azienda Ospedaliera Universitaria Policlinico Paolo Giaccone Palermo,Other,Lead
3600,Roger Alvarez,Other,Lead
3600,Bellerophon Therapeutics,Other,Collaborator
3600,University of Miami,Other,Collaborator
3601,Assistance Publique - Hôpitaux de Paris,Other,Lead
3602,Shire,Industry,Lead
3602,"Takeda Development Center Americas, Inc.",Other,Collaborator
3602,Takeda,Other,Collaborator
3603,Centre Hospitalier Universitaire de Nice,Other,Lead
3604,University of Salamanca,Other,Lead
3605,Sheba Medical Center,Other,Lead
3606,Altura,Industry,Lead
3607,Indonesia University,Other,Lead
3607,Leiden University Medical Center,Other,Collaborator
3608,East Carolina University,Other,Lead
3609,"Evelo Biosciences, Inc.",Industry,Lead
3610,CMC Ambroise Paré,Other,Lead
3611,"International Centre for Diarrhoeal Disease Research, Bangladesh",Other,Lead
3612,Derince Training and Research Hospital,Other,Lead
3613,Dompé Farmaceutici S.p.A,Industry,Lead
3614,Celularity Incorporated,Industry,Lead
3614,IDRI,Other,Collaborator
3614,Lung Biotechnology PBC,Other,Collaborator
3614,California Institute for Regenerative Medicine (CIRM),Other,Collaborator
3615,Assaf-Harofeh Medical Center,Other,Lead
3616,Doncaster And Bassetlaw Hospitals NHS Foundation Trust,Other,Lead
3617,Astana Medical University,Other,Lead
3618,University of Ulm,Other,Lead
3619,"University Hospital, Ghent",Other,Lead
3620,"University Hospital, Brest",Other,Lead
3621,"University Hospital, Ghent",Other,Lead
3622,University of Milan,Other,Lead
3623,Eli Lilly and Company,Industry,Lead
3623,AbCellera Biologics Inc.,Other,Collaborator
3624,"Atea Pharmaceuticals, Inc.",Industry,Lead
3625,University of Southern California,Other,Lead
3625,National Cancer Institute (NCI),NIH,Collaborator
3626,"Wuhan Union Hospital, China",Other,Lead
3626,"Wuhan Hamilton Bio-technology Co., Ltd, China.",Other,Collaborator
3627,Sialkott College of Physical Therapy,Other,Lead
3628,Federico II University,Other,Lead
3629,Kanuni Sultan Suleyman Training and Research Hospital,Other,Lead
3630,"Chronic Obstructive Pulmonary Disease Trial Network, Denmark",Other,Lead
3631,Bayside Health,Other,Lead
3632,African Wood Inc,Other,Lead
3632,Alupe University College,Other,Collaborator
3633,Bio-Thera Solutions,Industry,Lead
3634,ASST Fatebenefratelli Sacco,Other,Lead
3635,Assistance Publique - Hôpitaux de Paris,Other,Lead
3636,Hellenic Cooperative Oncology Group,Other,Lead
3636,"Fondazione IRCCS Istituto Nazionale dei Tumori, Milano",Other,Collaborator
3636,Grupo Español de Tratamiento de Tumores de Cabeza y Cuello,Other,Collaborator
3636,"National Cancer Centre, Singapore",Other,Collaborator
3636,Emory University,Other,Collaborator
3636,University of Toronto,Other,Collaborator
3636,University of Birmingham,Other,Collaborator
3636,The University of Queensland,Other,Collaborator
3637,University of Rochester,Other,Lead
3637,National Institute of Allergy and Infectious Diseases (NIAID),NIH,Collaborator
3637,New York University,Other,Collaborator
3638,Columbia University,Other,Lead
3639,Assistance Publique - Hôpitaux de Paris,Other,Lead
3640,Universidad Peruana Cayetano Heredia,Other,Lead
3641,Federico II University,Other,Lead
3642,Rambam Health Care Campus,Other,Lead
3642,Rabin Medical Center,Other,Collaborator
3643,Instituto Nacional de Cancerologia de Mexico,Other,Lead
3643,Roche Pharma AG,Industry,Collaborator
3644,UNICEF,Other,Lead
3644,Pak Emirates Military Hospital Rawalpindi,Other,Collaborator
3645,Siew Chien NG,Other,Lead
3645,Chinese University of Hong Kong,Other,Collaborator
3646,Medical University of Vienna,Other,Lead
3646,Kaiser Franz Josef Hospital,Other,Collaborator
3646,SMZ-Ost Donauspital,Other,Collaborator
3646,Otto Wagner Hospital,Other,Collaborator
3646,Hospital Hietzing,Other,Collaborator
3646,Wilhelminenspital Vienna,Other,Collaborator
3646,Medical University Innsbruck,Other,Collaborator
3646,Medical University of Graz,Other,Collaborator
3646,Kepler University Hospital,Other,Collaborator
3647,University of Pecs,Other,Lead
3647,HECRIN Consortium,Other,Collaborator
3647,Hungarian Ministry of Innovation and Technology,Other,Collaborator
3648,Mayo Clinic,Other,Lead
3649,"National University of Ireland, Galway, Ireland",Other,Lead
3650,Tel-Aviv Sourasky Medical Center,Other,Lead
3651,Noorik Biopharmaceuticals AG,Industry,Lead
3652,Cambridge Health Alliance,Other,Lead
3652,National Center for Complementary and Integrative Health (NCCIH),NIH,Collaborator
3652,Penn State University,Other,Collaborator
3653,University of Malaya,Other,Lead
3654,Cairo University,Other,Lead
3654,"Ministry of Health and Population, Egypt",Other,Collaborator
3654,National Hepatology & Tropical Medicine Research Institute,Other,Collaborator
3655,Assistance Publique - Hôpitaux de Paris,Other,Lead
3656,"Frantisek Duska, MD, PhD",Other,Lead
3656,Masaryk Hospital Usti nad Labem,Other,Collaborator
3656,University Hospital Pilsen,Other,Collaborator
3656,The Faculty Hospital Na Bulovce,Other,Collaborator
3656,"St. Anne's University Hospital Brno, Czech Republic",Other,Collaborator
3656,"University Hospital, Motol",Other,Collaborator
3656,"General University Hospital, Prague",Other,Collaborator
3656,University Hospital Olomouc,Other,Collaborator
3656,"Charles University, Czech Republic",Other,Collaborator
3657,CanSino Biologics Inc.,Industry,Lead
3657,Beijing Institute of Biotechnology,Other,Collaborator
3658,Hvidovre University Hospital,Other,Lead
3659,"University Hospital, Lille",Other,Lead
3660,NYU Langone Health,Other,Lead
3661,Jordi Gol i Gurina Foundation,Other,Lead
3661,Institut Català de la Salut,Other,Collaborator
3662,Hvidovre University Hospital,Other,Lead
3662,Innovation Fund Denmark,Other,Collaborator
3663,Washington University School of Medicine,Other,Lead
3663,"University of Missouri, Kansas City",NIH,Collaborator
3663,"Hugo W. Moser Research Institute at Kennedy Krieger, Inc.",Other,Collaborator
3663,National Institutes of Health (NIH),Other,Collaborator
3664,"Genentech, Inc.",Industry,Lead
3665,"University of Colorado, Denver",Other,Lead
3665,Children's Hospital Colorado,Other,Collaborator
3666,"St. Luke's Health System, Boise, Idaho",Other,Lead
3666,Patient-Centered Outcomes Research Institute,Other,Collaborator
3666,"Idaho Suicide Prevention Hotline (Jannus, Inc.)",Other,Collaborator
3666,University of Washington,Other,Collaborator
3667,Natureceuticals Sdn Bhd,Industry,Lead
3668,Istanbul Medeniyet University,Other,Lead
3669,Assistance Publique Hopitaux De Marseille,Other,Lead
3670,Erzincan University,Other,Lead
3671,Western Sussex Hospitals NHS Trust,Other,Lead
3672,Hospital Italiano de Buenos Aires,Other,Lead
3672,Hospital de Niños R. Gutierrez de Buenos Aires,Other,Collaborator
3672,Ministerio de Salud GCBA,Other,Collaborator
3673,BioNTech SE,Industry,Lead
3673,Pfizer,Other,Collaborator
3674,Imperial College London,Other,Lead
3674,CW+ Charity,Other,Collaborator
3675,Takeda,Industry,Lead
3676,Fasa University of Medical Sciences,Other,Lead
3677,Imperial College London,Other,Lead
3677,Imperial College Healthcare NHS Trust,Industry,Collaborator
3677,Rigel Pharmaceuticals,Other,Collaborator
3677,Novartis,Other,Collaborator
3678,Hoffmann-La Roche,Industry,Lead
3678,Gilead Sciences,Other,Collaborator
3679,Assistance Publique Hopitaux De Marseille,Other,Lead
3680,Ibrahim Khrais,Other,Lead
3680,University of Jordan,Other,Collaborator
3681,KK Women's and Children's Hospital,Other,Lead
3681,King Chulalongkorn Memorial Hospital,Other,Collaborator
3681,Ramathibodi Hospital,Other,Collaborator
3681,"Postgraduate Institute of Medical Education and Research, Chandigarh",Other,Collaborator
3681,Rumah Sakit Anak dan Bunda Harapan Kita,Other,Collaborator
3681,"National University Hospital, Singapore",Other,Collaborator
3681,St. Marianna University School of Medicine,Other,Collaborator
3681,"Tokyo Metropolitan Children's Medical Center, Japan",Other,Collaborator
3681,"Aichi Children's Health and Medical Center, Japan",Other,Collaborator
3681,RS H Adam Malik,Other,Collaborator
3681,Children's Hospital of Chongqing Medical University,Other,Collaborator
3681,"Zhengzhou Children's Hospital, China",Other,Collaborator
3681,Universiti Kebangsaan Malaysia Medical Centre,Other,Collaborator
3681,"Penang Hospital, Malaysia",Other,Collaborator
3681,Vicente Sotto Memorial Medical Center,Other,Collaborator
3681,Hyogo Prefectural Kobe Children's Hospital,Other,Collaborator
3681,Singapore Clinical Research Institute,Other,Collaborator
3682,University of Nove de Julho,Other,Lead
3682,Hospital Tacchini/RS,Other,Collaborator
3683,Vitamin D Study Group,Other,Lead
3683,"Ag Nac Promoción de la Investigación, el Desarrollo Tecnológico y la Innovación",Other,Collaborator
3684,Diffusion Pharmaceuticals Inc,Industry,Lead
3685,Goethe University,Other,Lead
3686,Genova Inc.,Industry,Lead
3687,IRCCS Sacro Cuore Don Calabria di Negrar,Other,Lead
3687,Istituto Di Ricerche Farmacologiche Mario Negri,Other,Collaborator
3688,Icahn School of Medicine at Mount Sinai,Other,Lead
3689,Cedars-Sinai Medical Center,Other,Lead
3690,The Camelot Foundation,Other,Lead
3691,Mayo Clinic,Other,Lead
3691,Hennepin Healthcare Research Institute,Other,Collaborator
3691,Mountain Park Health Center,Other,Collaborator
3692,University Of Anbar,Other,Lead
3693,Washington University School of Medicine,Other,Lead
3694,Radboud University,Other,Lead
3695,University of British Columbia,Other,Lead
3695,Canadian Institutes of Health Research (CIHR),Other,Collaborator
3696,Baqiyatallah Medical Sciences University,Other,Lead
3697,University of Zurich,Other,Lead
3698,"Humanigen, Inc.",Industry,Lead
3699,"Anhui Zhifei Longcom Biologic Pharmacy Co., Ltd.",Industry,Lead
3700,"University of North Carolina, Chapel Hill",Other,Lead
3700,Colgate Palmolive,Industry,Collaborator
3701,NPO Petrovax,Industry,Lead
3702,Erasmus Medical Center,Other,Lead
3703,Centre Hospitalier Universitaire de Besancon,Other,Lead
3704,Grupo de Investigación Clínica en Oncología Radioterapia,Other,Lead
3704,Hospital Universitario Madrid Sanchinarro,Other,Collaborator
3704,Hospital del Mar,Other,Collaborator
3704,Hospital Universitari Sant Joan de Reus,Other,Collaborator
3705,Fundacion Clinic per a la Recerca Biomédica,Other,Lead
3706,ShuGuang Hospital,Other,Lead
3706,Hubei Hospital of Traditional Chinese Medicine,Other,Collaborator
3706,Jingmen No.1 People's Hospital,Other,Collaborator
3706,Tongji Hospital,Other,Collaborator
3706,Wenzhou Central Hospital,Other,Collaborator
3706,Wuhan No.1 Hospital,Other,Collaborator
3706,"Wuhan Union Hospital, China",Other,Collaborator
3706,Wuhan Third Hospital,Other,Collaborator
3707,NYU Langone Health,Other,Lead
3708,Hospital Universitario Dr. Jose E. Gonzalez,Other,Lead
3709,AO GENERIUM,Industry,Lead
3710,Angion Biomedica Corp,Industry,Lead
3710,CTI Clinical Trial and Consulting Services,Other,Collaborator
3711,Gyeongsang National University Hospital,Other,Lead
3712,"University of Maryland, Baltimore",Other,Lead
3713,Shahid Beheshti University of Medical Sciences,Other,Lead
3713,praxisgemeinschaft für zelltherapie,Other,Collaborator
3714,University of Bonn,Other,Lead
3715,"University Hospital, Akershus",Other,Lead
3716,Slavko Rogan,Other,Lead
3716,Bern University of Applied Sciences,Other,Collaborator
3717,Direction Centrale du Service de Santé des Armées,Other,Lead
3718,University of Chile,Other,Lead
3719,Medical University of Graz,Other,Lead
3720,Centre Hospitalier Universitaire de Nice,Other,Lead
3721,University of Calgary,Other,Lead
3721,Sunnybrook Research Institute,Other,Collaborator
3722,Inotrem,Industry,Lead
3723,"Wuhan Union Hospital, China",Other,Lead
3724,Queen Mary University of London,Other,Lead
3724,Barts & The London NHS Trust,Industry,Collaborator
3724,Pharma Nord,Other,Collaborator
3724,Fischer Family Trust,Other,Collaborator
3724,The AIM Foundation,Other,Collaborator
3724,Synergy Biologics Ltd,Other,Collaborator
3724,Cytoplan Ltd,Other,Collaborator
3725,RedHill Biopharma Limited,Industry,Lead
3726,University of Sao Paulo General Hospital,Other,Lead
3727,Universitaire Ziekenhuizen Leuven,Other,Lead
3727,Federal Knowledge Centre (KCE),Other,Collaborator
3728,Oslo University Hospital,Other,Lead
3729,Haydarpasa Numune Training and Research Hospital,Other,Lead
3730,University Hospital Hradec Kralove,Other,Lead
3731,Kanuni Sultan Suleyman Training and Research Hospital,Other,Lead
3731,Ayşegül Bestel,Other,Collaborator
3731,İbrahim Polat,Other,Collaborator
3731,Merve Aldıkaçtıoğlu Talmaç,Other,Collaborator
3732,University of Roma La Sapienza,Other,Lead
3733,Universidad Miguel Hernandez de Elche,Other,Lead
3733,Universidad de Santander,Other,Collaborator
3733,Universidad Antonio Nariño,Other,Collaborator
3733,University of Sao Paulo,Other,Collaborator
3733,Universidad Catolica Santiago de Guayaquil,Other,Collaborator
3733,Pontificia Universidad Catolica de Chile,Other,Collaborator
3734,Columbia University,Other,Lead
3735,Hospital Universitari Vall d'Hebron Research Institute,Other,Lead
3736,Nordsjaellands Hospital,Other,Lead
3737,Mesoblast International Sàrl,Industry,Lead
3737,"Mesoblast, Ltd.",Other,Collaborator
3738,University of Manitoba,Other,Lead
3738,"Chronic Disease Innovation Centre, Seven Oaks Hospital",Other,Collaborator
3739,"ImmunityBio, Inc.",Industry,Lead
3740,Brigham and Women's Hospital,Other,Lead
3740,3M,Industry,Collaborator
3741,"OPKO Health, Inc.",Industry,Lead
3742,Metro Infectious Disease Consultants,Other,Lead
3743,"University Hospital, Lille",Other,Lead
3744,Postgraduate Institute of Medical Education and Research,Other,Lead
3745,MGC Pharmaceuticals d.o.o,Industry,Lead
3746,University of Giessen,Other,Lead
3746,Masaryk University,Other,Collaborator
3746,University of Kiel,Other,Collaborator
3747,National and Kapodistrian University of Athens,Other,Lead
3748,Hospitales Universitarios Virgen del Rocío,Other,Lead
3749,Ina-Respond,Other,Lead
3749,"National Institute of Health Research and Development, Ministry of Health Republic of Indonesia",Industry,Collaborator
3749,Daewoong Pharmaceutical Co. LTD.,Other,Collaborator
3750,Jessa Hospital,Other,Lead
3751,Assistance Publique - Hôpitaux de Paris,Other,Lead
3751,BioMérieux,Industry,Collaborator
3752,University of Minnesota,Other,Lead
3752,The Minnesota Foundation,Other,Collaborator
3753,"University of Social Sciences and Humanities, Warsaw",Other,Lead
3754,Mansoura University,Other,Lead
3755,Guy's and St Thomas' NHS Foundation Trust,Other,Lead
3755,Harvard Medical School,Other,Collaborator
3756,University of Texas at Austin,Other,Lead
3756,Perrigo Company,Industry,Collaborator
3757,"NeuroRx, Inc.",Industry,Lead
3758,Frederick Health,Other,Lead
3759,Akdeniz University,Other,Lead
3760,Hooman Poor,Other,Lead
3760,"Genentech, Inc.",Industry,Collaborator
3760,Icahn School of Medicine at Mount Sinai,Other,Collaborator
3761,Columbia University,Other,Lead
3762,"Endourage, LLC",Industry,Lead
3763,Centre Hospitalier Universitaire de Nīmes,Other,Lead
3764,Elaine Cristina Pereira <elaine.cpereira@einstein.br>,Other,Lead
3764,Hospital Israelita Albert Einstein,Other,Collaborator
3765,Centre Hospitalier le Mans,Other,Lead
3765,ONCOPL,Other,Collaborator
3766,Hospices Civils de Lyon,Other,Lead
3766,BioMérieux,Industry,Collaborator
3767,Baqiyatallah Medical Sciences University,Other,Lead
3768,Mesoblast International Sàrl,Industry,Lead
3768,"Mesoblast, Ltd.",Other,Collaborator
3769,Tanta University,Other,Lead
3770,Queen Mary University of London,Other,Lead
3771,Assistance Publique - Hôpitaux de Paris,Other,Lead
3772,Henan Provincial People's Hospital,Other,Lead
3773,University of Aarhus,Other,Lead
3773,Aarhus University Hospital,Other,Collaborator
3773,Odense University Hospital,Other,Collaborator
3773,Aalborg University Hospital,Other,Collaborator
3773,Hvidovre University Hospital,Other,Collaborator
3774,Hill-Rom,Industry,Lead
3774,Emory University,Other,Collaborator
3774,Northwestern University,Other,Collaborator
3775,"University Hospital, Rouen",Other,Lead
3776,University of Pecs,Other,Lead
3777,Centre Hospitalier Universitaire de Besancon,Other,Lead
3778,University of Zurich,Other,Lead
3779,Assistance Publique - Hôpitaux de Paris,Other,Lead
3780,Texas Cardiac Arrhythmia Research Foundation,Other,Lead
3781,OSF Healthcare System,Other,Lead
3782,Hospital do Coracao,Other,Lead
3783,Memorial Sloan Kettering Cancer Center,Other,Lead
3784,Johan Normark,Other,Lead
3784,Umeå University,Other,Collaborator
3784,Västerbotten County Council,Other,Collaborator
3785,M.D. Anderson Cancer Center,Other,Lead
3785,National Cancer Institute (NCI),NIH,Collaborator
3786,Universitat Internacional de Catalunya,Other,Lead
3787,"Reven Pharmaceuticals, Inc.",Industry,Lead
3788,"Fondazione IRCCS Istituto Nazionale dei Tumori, Milano",Other,Lead
3788,University of Parma,Other,Collaborator
3788,University of Milan,Other,Collaborator
3788,University of Milano Bicocca,Other,Collaborator
3789,Banc de Sang i Teixits,Other,Lead
3790,"The University of Texas Health Science Center, Houston",Other,Lead
3790,Akebia Therapeutics Inc.,Other,Collaborator
3791,Children's Hospital of Philadelphia,Other,Lead
3792,Universitaire Ziekenhuizen Leuven,Other,Lead
3793,Beijing YouAn Hospital,Other,Lead
3793,"Shenyang Tonglian Group CO., Ltd",Industry,Collaborator
3793,"Institute of Medicine and Biotechnology, Chinese Academy of Medical Sciences",Other,Collaborator
3793,Huangshi Central Hospital,Other,Collaborator
3793,Shenyang Pharmaceutical University,Other,Collaborator
3793,First Affiliated Hospital of Chongqing Medical University,Other,Collaborator
3793,The Second Affiliated Hospital of Harbin Medical University,Other,Collaborator
3793,No.2 People's Hospital of Fuyang City,Other,Collaborator
3793,First Affiliated Hospital Bengbu Medical College,Other,Collaborator
3793,Renmin Hospital of Wuhan University,Other,Collaborator
3793,The sixth people's hospital of Shenyang,Other,Collaborator
3793,Nanyang Central Hospital,Other,Collaborator
3794,"University of Colorado, Denver",Other,Lead
3795,Hospital Universitario Dr. Jose E. Gonzalez,Other,Lead
3796,"OMNI Medical Services, LLC",Other,Lead
3796,OMNI Medical Services Inc,Other,Collaborator
3797,"Heinrich-Heine University, Duesseldorf",Other,Lead
3798,Hofseth Biocare ASA,Industry,Lead
3798,KGK Science Inc.,Other,Collaborator
3799,Medical University of Graz,Other,Lead
3800,Goethe University,Other,Lead
3800,Nationwide Network of University Medicine (NUM) on Covid-19,Other,Collaborator
3801,"University Hospital, Clermont-Ferrand",Other,Lead
3802,"University Hospital, Montpellier",Other,Lead
3803,"Sahlgrenska University Hospital, Sweden",Other,Lead
3804,Assistance Publique - Hôpitaux de Paris,Other,Lead
3805,CHU de Reims,Other,Lead
3806,Versailles Hospital,Other,Lead
3807,"Azienda Ospedaliero, Universitaria Pisana",Other,Lead
3808,Ospedale Policlinico San Martino,Other,Lead
3809,Institut d'Investigació Biomèdica de Girona Dr. Josep Trueta,Other,Lead
3810,Nantes University Hospital,Other,Lead
3811,Lancaster General Hospital,Other,Lead
3812,Yasemin Çırak,Other,Lead
3812,Istinye University,Other,Collaborator
3813,"Ansun Biopharma, Inc.",Industry,Lead
3814,National Institute of Mental Health (NIMH),NIH,Lead
3814,National Institutes of Health Clinical Center (CC),Other,Collaborator
3815,Jordan Collaborating Cardiology Group,Other,Lead
3816,University Hospital Bispebjerg and Frederiksberg,Other,Lead
3817,"Ridgeback Biotherapeutics, LP",Industry,Lead
3818,Dasman Diabetes Institute,Other,Lead
3818,"Ministry of Health, Kuwait",Other,Collaborator
3818,Texas Diabetes Institute,Other,Collaborator
3818,Kuwait University,Other,Collaborator
3819,Hospital Civil de Guadalajara,Other,Lead
3820,Sisli Hamidiye Etfal Training and Research Hospital,Other,Lead
3821,Assiut University,Other,Lead
3822,A.O. Ospedale Papa Giovanni XXIII,Other,Lead
3823,"University Hospital, Montpellier",Other,Lead
3824,Centre hospitalier de l'Université de Montréal (CHUM),Other,Lead
3824,Hôpital Maisonneuve-Rosemont,Other,Collaborator
3824,Centre de recherche du Centre hospitalier universitaire de Sherbrooke,Other,Collaborator
3824,Hopital du Sacre-Coeur de Montreal,Other,Collaborator
3824,St. Justine's Hospital,Other,Collaborator
3824,Institut de Cardiologie de Montréal,Other,Collaborator
3824,McGill University Health Centre/Research Institute of the McGill University Health Centre,Other,Collaborator
3824,CHU de Quebec-Universite Laval,Other,Collaborator
3824,Institut universitaire de cardiologie et de pneumologie de Québec,Other,Collaborator
3825,Direction Centrale du Service de Santé des Armées,Other,Lead
3826,Fundacion para la Formacion e Investigacion Sanitarias de la Region de Murcia,Other,Lead
3827,Centre Hospitalier Universitaire Dijon,Other,Lead
3828,NYU Langone Health,Other,Lead
3828,"Reata Pharmaceuticals, Inc.",Industry,Collaborator
3829,Zhong Wang,Other,Lead
3829,Wuhan Leishenshan Hospital,Other,Collaborator
3829,The First Affiliated Hospital of Dalian Medical University,Other,Collaborator
3829,Tanshan People's Hospital,Other,Collaborator
3829,North China University of Science and Technology Affiliated Hospital,Other,Collaborator
3829,Jizhong Energy Fengfeng Group Hospital,Other,Collaborator
3829,China Academy of Chinese Medical Sciences,Other,Collaborator
3830,Odense University Hospital,Other,Lead
3831,St. Justine's Hospital,Other,Lead
3831,Dymedso Inc.,Other,Collaborator
3831,Réseau de Recherche en Santé Respiratoire du Québec,Other,Collaborator
3831,Fonds de la Recherche en Santé du Québec,Other,Collaborator
3832,I-Mab Biopharma Co. Ltd.,Industry,Lead
3833,Brno University Hospital,Other,Lead
3833,Masaryk University,Other,Collaborator
3833,"Vascular surgery, University hospital Královské Vinohrady, Prague",Other,Collaborator
3833,General University Hospital in Prague,Other,Collaborator
3833,University Hospital Ostrava,Other,Collaborator
3833,St. Anne's University Hospital Brno,Other,Collaborator
3833,University Hospital Motol Prague,Other,Collaborator
3833,University Hospital Olomouc,Other,Collaborator
3833,University Hospital Plzeň,Other,Collaborator
3833,Tomáš Baťa Regional Hospital,Other,Collaborator
3833,Military University Hospital Praha,Other,Collaborator
3834,Bahçeşehir University,Other,Lead
3834,Medipol University,Other,Collaborator
3834,The Scientific and Technological Research Council of Turkey,Other,Collaborator
3835,Jinnah Hospital,Other,Lead
3835,Johns Hopkins University,Other,Collaborator
3836,Rennes University Hospital,Other,Lead
3837,University of Michigan,Other,Lead
3837,Rush University,Other,Collaborator
3837,"Copenhagen University Hospital, Hvidovre",Other,Collaborator
3837,University of Athens,Other,Collaborator
3837,"Heinrich-Heine University, Duesseldorf",Other,Collaborator
3837,University of Thessaly,Other,Collaborator
3837,"Charite University, Berlin, Germany",Other,Collaborator
3838,Assistance Publique - Hôpitaux de Paris,Other,Lead
3838,Boehringer Ingelheim,Industry,Collaborator
3839,David Grant U.S. Air Force Medical Center,U.S. Fed,Lead
3840,Guy's and St Thomas' NHS Foundation Trust,Other,Lead
3840,Australian and New Zealand Intensive Care Research Centre,Other,Collaborator
3840,Monash University,Other,Collaborator
3840,Royal Surrey County Hospital NHS Foundation Trust,Other,Collaborator
3841,Mayo Clinic,Other,Lead
3842,Philipps University Marburg Medical Center,Other,Lead
3843,Fondation Ophtalmologique Adolphe de Rothschild,Other,Lead
3844,Pfizer,Industry,Lead
3845,AVM Biotechnology LLC,Industry,Lead
3845,"Medpace, Inc.",Other,Collaborator
3846,Kanuni Sultan Suleyman Training and Research Hospital,Other,Lead
3847,Beijing 302 Hospital,Other,Lead
3847,Huoshenshan Hospital,Other,Collaborator
3847,Maternal and Child Health Hospital of Hubei Province,Other,Collaborator
3847,"General Hospital of Central Theater Command, Wuhan, China",Other,Collaborator
3847,"VCANBIO CELL & GENE ENGINEERING CORP.,LTD, China",Other,Collaborator
3848,Assistance Publique Hopitaux De Marseille,Other,Lead
3849,Boston Children's Hospital,Other,Lead
3849,Brigham and Women's Hospital,Other,Collaborator
3850,University of Trieste,Other,Lead
3851,AdventHealth,Other,Lead
3852,Guangzhou Institute of Respiratory Disease,Other,Lead
3852,Guangzhou Eighth People's Hospital,Other,Collaborator
3852,"Tongji Hospital, Huazhong University of Science & Technology",Other,Collaborator
3852,"Guangzhou Cellgenes Biotechnology Co.,Ltd",Other,Collaborator
3853,University of Cologne,Other,Lead
3853,ZKS Köln,Industry,Collaborator
3853,Boehringer Ingelheim,Other,Collaborator
3854,University of Ulm,Other,Lead
3855,Hospices Civils de Lyon,Other,Lead
3856,Direction Centrale du Service de Santé des Armées,Other,Lead
3857,"ReAlta Life Sciences, Inc.",Industry,Lead
3858,Maimonides Medical Center,Other,Lead
3859,Assistance Publique - Hôpitaux de Paris,Other,Lead
3860,Tanta University,Other,Lead
3861,Azienda Ospedaliera Universitaria Integrata Verona,Other,Lead
3862,Kristin Hudock,Other,Lead
3862,"Kiniksa Pharmaceuticals, Ltd.",Industry,Collaborator
3862,University of Cincinnati,Other,Collaborator
3863,Takeda,Industry,Lead
3864,Rennes University Hospital,Other,Lead
3865,"Hospital St. Joseph, Marseille, France",Other,Lead
3866,Instituto de Seguridad y Servicios Sociales de los Trabajadores del Estado,Other,Lead
3866,SECRETARIA DE SALUD DEL ESTADO DE SONORA,Other,Collaborator
3866,CENTRO ESTATAL DE LA TRANSFUSION SANGUINEA,Other,Collaborator
3866,HOSPITAL CENTRAL NACIONAL PEMEX NORTE,Other,Collaborator
3866,HOSPITAL DE ZONA No. 2 IMSS,Other,Collaborator
3866,HOSPITAL DE ZONA No.14 IMSS,Other,Collaborator
3866,HOSPITAL GENERAL DEL ESTADO DE SONORA,Other,Collaborator
3867,University of Texas Southwestern Medical Center,Other,Lead
3868,William Beaumont Hospitals,Other,Lead
3869,Dr. Behcet Uz Children's Hospital,Other,Lead
3870,Eurasian Association of Therapists,Other,Lead
3871,MediciNova,Industry,Lead
3872,Instituto Materno Infantil Prof. Fernando Figueira,Other,Lead
3873,National Institute of Allergy and Infectious Diseases (NIAID),NIH,Lead
3873,"Gritstone Oncology, Inc.",Industry,Collaborator
3874,Rambam Health Care Campus,Other,Lead
3874,Constant Therapeutics,Other,Collaborator
3875,University of Lahore,Other,Lead
3876,Universidad Peruana Cayetano Heredia,Other,Lead
3876,Johns Hopkins University,Other,Collaborator
3876,London School of Hygiene and Tropical Medicine,Other,Collaborator
3877,University of L'Aquila,Other,Lead
3878,National Institute of Allergy and Infectious Diseases (NIAID),NIH,Lead
3879,KU Leuven,Other,Lead
3880,Centro de Educación Medica e Investigaciones Clínicas Norberto Quirno,Other,Lead
3881,The Cleveland Clinic,Other,Lead
3881,"Kiniksa Pharmaceuticals, Ltd.",Industry,Collaborator
3882,Hospital de Clinicas José de San Martín,Other,Lead
3882,SILVATEAM,Other,Collaborator
3883,National Institute of Mental Health (NIMH),NIH,Lead
3883,National Institutes of Health Clinical Center (CC),Other,Collaborator
3884,Royal Free Hospital NHS Foundation Trust,Other,Lead
3884,"University College, London",Other,Collaborator
3885,National Institute of Allergy and Infectious Diseases (NIAID),NIH,Lead
3886,Okan University,Other,Lead
3887,Icahn School of Medicine at Mount Sinai,Other,Lead
3888,"Dr. Pradip Gyanwali,MD",Other,Lead
3888,"Ministry of Health and Population, Nepal",Other,Collaborator
3888,Nepal Health Research Council,Other,Collaborator
3889,RedHill Biopharma Limited,Industry,Lead
3890,University of Zurich,Other,Lead
3891,Zagazig University,Other,Lead
3892,"University Hospital, Lille",Other,Lead
3892,I-site University Lille North Europe,Other,Collaborator
3893,4YouandMe,Other,Lead
3893,Center for International Emergency Medical Services,Industry,Collaborator
3893,Evidation Health,Other,Collaborator
3893,Vector Institute for Artificial Intelligence,Other,Collaborator
3893,Cambridge Cognition Ltd,Other,Collaborator
3893,Bill and Melinda Gates Foundation,Other,Collaborator
3894,University Hospital Hradec Kralove,Other,Lead
3895,Vakzine Projekt Management GmbH,Industry,Lead
3895,FGK Clinical Research GmbH,Other,Collaborator
3896,Hospices Civils de Lyon,Other,Lead
3897,Centre Hospitalier Intercommunal de Toulon La Seyne sur Mer,Other,Lead
3898,Instituto Nacional de Ciencias Medicas y Nutricion Salvador Zubiran,Other,Lead
3899,"Dalarna County Council, Sweden",Other,Lead
3900,Canadian Cancer Trials Group,Other,Lead
3900,Immodulon Therapeutics Ltd,Industry,Collaborator
3900,BioCan Rx,Other,Collaborator
3900,Canadian Cancer Society (CCS),Other,Collaborator
3900,ATGen Canada Inc,Other,Collaborator
3900,Canadian Centre for Applied Research in Cancer Control (ARCC),Other,Collaborator
3900,Ontario Institute for Cancer Research,Other,Collaborator
3901,Icahn School of Medicine at Mount Sinai,Other,Lead
3901,Eiger BioPharmaceuticals,Industry,Collaborator
3902,Federico II University,Other,Lead
3903,Queen's University,Other,Lead
3903,"University Health Network, Toronto",Other,Collaborator
3904,Radboud University,Other,Lead
3905,"Hospital San Carlos, Madrid",Other,Lead
3906,KU Leuven,Other,Lead
3906,Universiteit Antwerpen,Other,Collaborator
3906,University Ghent,Other,Collaborator
3906,Université de Liège,Other,Collaborator
3906,Vrije Universiteit Brussel,Other,Collaborator
3907,Northwell Health,Other,Lead
3908,"University Hospital, Clermont-Ferrand",Other,Lead
3908,GIRCI Auvergne Rhône-Alpes,Other,Collaborator
3908,"Ministry of Health, France",Other,Collaborator
3909,"University Hospital, Akershus",Other,Lead
3909,Oslo University Hospital,Other,Collaborator
3909,Ostfold Hospital Trust,Other,Collaborator
3909,Haukeland University Hospital,Other,Collaborator
3909,St. Olavs Hospital,Other,Collaborator
3909,"The National Association for Heart and Lung Disease, Jessheim, Norway",Other,Collaborator
3910,Clover Biopharmaceuticals AUS Pty Ltd,Industry,Lead
3911,"Direct Biologics, LLC",Industry,Lead
3912,Fondation Ophtalmologique Adolphe de Rothschild,Other,Lead
3912,"University Hospital, Strasbourg, France",Other,Collaborator
3912,Centre Hospitalier Régional Metz-Thionville,Other,Collaborator
3913,UnitedHealth Group,Industry,Lead
3913,ProHealth Care Associates,Other,Collaborator
3913,University of Pennsylvania Perelman School of Medicine,Other,Collaborator
3914,National Institute of Allergy and Infectious Diseases (NIAID),NIH,Lead
3915,"Adaptive Phage Therapeutics, Inc.",Industry,Lead
3916,Tel-Aviv Sourasky Medical Center,Other,Lead
3917,Medical College of Wisconsin,Other,Lead
3917,Versiti,Other,Collaborator
3918,Sage Therapeutics,Industry,Lead
3919,Ecole Polytechnique Fédérale de Lausanne,Other,Lead
3919,Mindmaze SA,Industry,Collaborator
3920,Dr. Deneen Vojta,Industry,Lead
3920,Quest Diagnostics-Nichols Insitute,Other,Collaborator
3920,Bill and Melinda Gates Foundation,Other,Collaborator
3920,UnitedHealth Group,Other,Collaborator
3921,Sciensano,Other,Lead
3921,Jessa Hospital,Other,Collaborator
3922,"AgenTus Therapeutics, Inc.",Industry,Lead
3922,Agenus Inc.,Other,Collaborator
3923,University of Minho,Other,Lead
3923,Universidad Loyola Andalucia,Other,Collaborator
3923,Beder College University. Albania,Other,Collaborator
3923,"Mackenzie Presbiterian University, São Paulo, Brazil",Other,Collaborator
3923,Medical University of Sofia,Other,Collaborator
3923,European University Cyprus,Other,Collaborator
3923,Groupe Hospitalier du Havre,Other,Collaborator
3923,University of Athens,Other,Collaborator
3923,"Bar-Ilan University, Israel",Other,Collaborator
3923,University of Malta,Other,Collaborator
3923,Mount Carmel Health System,Other,Collaborator
3923,University of Coimbra,Other,Collaborator
3923,Universidade Católica Portuguesa,Other,Collaborator
3923,Instituto de Saude Publica da Universidade do Porto,Other,Collaborator
3923,University of Huelva,Other,Collaborator
3923,Instituto de Investigação Biomédica de Malaga. Spain,Other,Collaborator
3923,Universidad Nacional de Educación a Distancia,Other,Collaborator
3923,Kırklareli University,Other,Collaborator
3923,King's College London,Other,Collaborator
3923,Universidad de Concepcion,Other,Collaborator
3924,Amyndas Pharmaceuticals S.A.,Industry,Lead
3925,Hospital Universitario Getafe,Other,Lead
3925,Hospital Universitario del Tajo,Other,Collaborator
3925,Puerta de Hierro University Hospital,Other,Collaborator
3925,Hospital de Henares,Other,Collaborator
3925,Hospital Universitario Ramon y Cajal,Other,Collaborator
3925,Hospital Universitario de Móstoles,Other,Collaborator
3925,Hospital Universitario Severo Ochoa,Other,Collaborator
3925,Fundación de Investigación Biomédica - Hospital Universitario de La Princesa,Other,Collaborator
3925,Hospital Universitario Madrid Sanchinarro,Other,Collaborator
3925,Hospital Universitario Santa Creu i Sant Pau,Other,Collaborator
3925,Hospital Universitario Infanta Cristina,Other,Collaborator
3925,Hospital General Universitario Gregorio Marañon,Other,Collaborator
3925,Hospital Universitario de Torrejón,Other,Collaborator
3925,Hospital Universitario La Paz,Other,Collaborator
3925,Hospital Universitario 12 de Octubre,Other,Collaborator
3926,Rush University Medical Center,Other,Lead
3927,Federal University of Rio Grande do Sul,Other,Lead
3928,"Aevi Genomic Medicine, LLC, a Cerecor company",Industry,Lead
3928,Cerecor Inc,Other,Collaborator
3929,Biocerna LLC,Industry,Lead
3930,"Central Hospital, Nancy, France",Other,Lead
3931,Darrell Tan,Other,Lead
3931,Unity Health Toronto,Other,Collaborator
3932,RedHill Biopharma Limited,Industry,Lead
3933,University of Oxford,Other,Lead
3934,"Noveome Biotherapeutics, formerly Stemnion",Industry,Lead
3934,IQVIA Biotech,Other,Collaborator
3935,Centre Hospitalier Princesse Grace,Other,Lead
3936,San Salvatore Hospital of L'Aquila,Other,Lead
3937,Firalis SA,Industry,Lead
3937,"Istanbul University, Istanbul Faculty of Medicine",Other,Collaborator
3938,Gazi University,Other,Lead
3939,D'Or Institute for Research and Education,Other,Lead
3940,Bangladesh Medical Research Council (BMRC),Other,Lead
3941,University of Trieste,Other,Lead
3941,Centro di Riferimento Oncologico - Aviano,Other,Collaborator
3941,National Institute for the Infectious Diseases (L. Spallanzani) - Rome,Other,Collaborator
3942,Beijing Chao Yang Hospital,Other,Lead
3943,Escola Superior de Ciencias da Saude,Other,Lead
3943,University of Brasilia,Other,Collaborator
3943,JBS/CNPq,Other,Collaborator
3944,Assistance Publique - Hôpitaux de Paris,Other,Lead
3945,University of Manitoba,Other,Lead
3945,"University Health Network, Toronto",Other,Collaborator
3946,Fondation Ophtalmologique Adolphe de Rothschild,Other,Lead
3947,"Oncovir, Inc.",Industry,Lead
3947,University of Calgary,Other,Collaborator
3948,BioNTech SE,Industry,Lead
3948,Pfizer,Other,Collaborator
3949,"Centre Hospitalier Universitaire, Amiens",Other,Lead
3950,Anglia Ruskin University,Other,Lead
3951,Manuel Castellà,Other,Lead
3951,Hospital Clinic of Barcelona,Other,Collaborator
3952,"Ola Blennow, MD, PhD",Other,Lead
3952,Karolinska University Hospital,Other,Collaborator
3952,Danderyd Hospital,Other,Collaborator
3952,Centrallasarettet Västerås,Other,Collaborator
3952,St Goran's Hospital,Other,Collaborator
3953,Centre Hospitalier Intercommunal Creteil,Other,Lead
3954,King Abdulaziz University,Other,Lead
3955,University of Roma La Sapienza,Other,Lead
3955,"Azienda Ospedaliero, Universitaria Pisana",Other,Collaborator
3955,Azienda Ospedaliera di Padova,Other,Collaborator
3955,IRCCS Azienda Ospedaliero-Universitaria di Bologna,Other,Collaborator
3955,IRCCS Policlinico S. Donato,Other,Collaborator
3955,University of Rome Tor Vergata,Other,Collaborator
3955,Azienda Ospedaliera Città della Salute e della Scienza di Torino,Other,Collaborator
3955,Humanitas Clinical and Research Center,Other,Collaborator
3955,"Azienda Ospedaliero Universitaria, Santa Maria della Misericordia di Udine, Italy",Other,Collaborator
3956,"Azienda Ospedaliero, Universitaria Pisana",Other,Lead
3957,Bellerophon,Industry,Lead
3958,Instituto de Investigacion Sanitaria La Fe,Other,Lead
3958,Hospital Universitario Doctor Peset,Other,Collaborator
3958,Hospital Clinic of Barcelona,Other,Collaborator
3958,Hospital Universitario La Paz,Other,Collaborator
3958,Hospital Universitario La Fe,Other,Collaborator
3958,Hospital de Sant Joan Despí Moisès Broggi,Other,Collaborator
3958,University of Navarrra Hospital (Clinica Universitaria),Other,Collaborator
3958,Hospital Universitario Cruces,Other,Collaborator
3959,D'Or Institute for Research and Education,Other,Lead
3960,"University of Massachusetts, Amherst",Other,Lead
3961,Singapore General Hospital,Other,Lead
3962,Uskudar University,Other,Lead
3962,New York Medical College,Other,Collaborator
3963,"Janssen Research & Development, LLC",Industry,Lead
3964,Fundación de investigación HM,Other,Lead
3964,Apices Soluciones S.L.,Industry,Collaborator
3965,Hospital Universitario Infanta Leonor,Other,Lead
3966,Royal Brompton & Harefield NHS Foundation Trust,Other,Lead
3967,Diskapi Yildirim Beyazit Education and Research Hospital,Other,Lead
3968,Atrium Health,Other,Lead
3969,MedRegen LLC,Industry,Lead
3969,ICON plc,Other,Collaborator
3970,Istanbul University-Cerrahpasa,Other,Lead
3971,"Combined Military Hospital, Pakistan",Other,Lead
3972,Regeneron Pharmaceuticals,Industry,Lead
3973,Capital Medical University,Other,Lead
3974,Technische Universität Dresden,Other,Lead
3974,Universitätsklinikum Leipzig,Other,Collaborator
3974,Klinikum St. Georg gGmbH,Other,Collaborator
3974,"Charite University, Berlin, Germany",Other,Collaborator
3974,DRK-Blutspendedienst Nord-Ost gemeinnützige GmbH / Dresden,Other,Collaborator
3974,DRK-Blutspendedienst Nord-Ost gemeinnützige GmbH / Institut Plauen,Other,Collaborator
3975,"University Hospital Inselspital, Berne",Other,Lead
3976,St. Joseph's Healthcare Hamilton,Other,Lead
3977,Attgeno AB,Industry,Lead
3978,Yolanda Marcen Roman,Other,Lead
3978,Universidad de Zaragoza,Other,Collaborator
3978,Instituto de Investigación Sanitaria Aragón,Other,Collaborator
3979,Cliniques universitaires Saint-Luc- Université Catholique de Louvain,Other,Lead
3980,"Promundo, United States",Other,Lead
3980,Rwanda Men's Resource Center (Rwamrec),Other,Collaborator
3980,Ministry of Health/Rwanda Biomedical Center,Other,Collaborator
3981,University of Kentucky,Other,Lead
3981,Ashley Montgomery-Yates,Other,Collaborator
3982,China-Japan Friendship Hospital,Other,Lead
3982,Wuhan lung Hospital,Other,Collaborator
3982,Wuhan Central Hospital,Other,Collaborator
3982,Wuhan University,Other,Collaborator
3982,Ai You Foundation,Other,Collaborator
3983,"University Hospital, Toulouse",Other,Lead
3984,"University Hospital, Montpellier",Other,Lead
3985,"Tasly Pharmaceuticals, Inc.",Industry,Lead
3986,Makerere University,Other,Lead
3987,Karolinska University Hospital,Other,Lead
3987,Karolinska Institutet,Other,Collaborator
3987,Karolinska Trial Alliance,Other,Collaborator
3988,Tanta University,Other,Lead
3989,Centre Hospitalier Régional Metz-Thionville,Other,Lead
3990,Region Zealand,Other,Lead
3991,CHU de Reims,Other,Lead
3992,Westyn Branch-Elliman,U.S. Fed,Lead
3992,VA Boston Healthcare System,Other,Collaborator
3993,Assiut University,Other,Lead
3994,Adimmune Corporation,Industry,Lead
3995,"Kiniksa Pharmaceuticals, Ltd.",Industry,Lead
3996,Health Science Center of Xi'an Jiaotong University,Other,Lead
3996,Pakistan Institute of Medical Sciences Islamabad Pakistan,Other,Collaborator
3996,District Headquarter Hospital Bannu Pakistan,Other,Collaborator
3997,Sisli Hamidiye Etfal Training and Research Hospital,Other,Lead
3998,CureVac AG,Industry,Lead
3999,Gaziosmanpasa Research and Education Hospital,Other,Lead
4000,Bursa City Hospital,Other,Lead
4001,Istanbul Kültür University,Other,Lead
4001,Istanbul University-Cerrahpasa,Other,Collaborator
4002,UConn Health,Other,Lead
4003,"National Heart, Lung, and Blood Institute (NHLBI)",NIH,Lead
4003,National Institutes of Health Clinical Center (CC),Other,Collaborator
4004,Assistance Publique - Hôpitaux de Paris,Other,Lead
4004,The Association for Research into Arterial Structure and Physiology,Other,Collaborator
4004,"Institut National de la Santé Et de la Recherche Médicale, France",Other,Collaborator
4005,CureVac AG,Industry,Lead
4006,Hull University Teaching Hospitals NHS Trust,Other,Lead
4007,"University Hospital, Bordeaux",Other,Lead
4007,University of Bordeaux,Other,Collaborator
4008,KTO Karatay University,Other,Lead
4009,Laboratorios Silanes S.A. de C.V.,Industry,Lead
4010,"CytoDyn, Inc.",Industry,Lead
4011,Bandim Health Project,Other,Lead
4011,Odense Patient Data Explorative Network,Other,Collaborator
4011,Odense University Hospital,Other,Collaborator
4011,Municipality of Odense,Other,Collaborator
4012,Groupe Hospitalier Paris Saint Joseph,Other,Lead
4012,Hopital Forcilles,Other,Collaborator
4013,University of Liege,Other,Lead
4013,KCE,Other,Collaborator
4014,Applied Science Private University,Other,Lead
4015,Bandim Health Project,Other,Lead
4015,University of Southern Denmark,Other,Collaborator
4016,Biophytis,Industry,Lead
4017,"Żelazna Medical Centre, LLC",Other,Lead
4017,"University of Medicine, Tirana",Other,Collaborator
4017,"Royal Prince Alfred Hospital, Sydney, Australia",Other,Collaborator
4017,"Charles University, Czech Republic",Other,Collaborator
4017,Hôpital Necker-Enfants Malades,Other,Collaborator
4017,"Charite University, Berlin, Germany",Other,Collaborator
4017,Chinese University of Hong Kong,Other,Collaborator
4017,Meir Medical Center,Other,Collaborator
4017,Università degli Studi di Brescia,Other,Collaborator
4017,American University of Beirut Medical Center,Other,Collaborator
4017,Karolinska Institutet,Other,Collaborator
4017,Pomeranian Medical University Szczecin,Other,Collaborator
4017,Nicolaus Copernicus University,Other,Collaborator
4017,Centre of Postgraduate Medical Education,Other,Collaborator
4017,Polish Academy of Sciences,Other,Collaborator
4017,"Central Clinical Hospital of the Ministry of Internal Affairs and Administration, Warsaw, Poland",Other,Collaborator
4017,"Fundación Para la Investigación y el Desarrollode la Medicina Materno-Fetal y Neonatal ""iMaterna"", Madrid",Other,Collaborator
4017,"Taiji Clinic, Taipei",Other,Collaborator
4017,Wayne State University,Other,Collaborator
4017,Chang Gung University,Other,Collaborator
4017,University of Tromso,Other,Collaborator
4018,"University Hospital, Strasbourg, France",Other,Lead
4019,Equillium,Industry,Lead
4019,Biocon Limited,Other,Collaborator
4020,Centre Hospitalier René Dubos,Other,Lead
4021,Fundación para el Fomento de la Investigación Sanitaria y Biomédica de la Comunitat Valenciana,Other,Lead
4022,Merck Sharp & Dohme Corp.,Industry,Lead
4023,"Restem, LLC.",Industry,Lead
4024,Fondazione Policlinico Universitario Agostino Gemelli IRCCS,Other,Lead
4025,Algernon Pharmaceuticals,Industry,Lead
4025,Novotech (Australia),Other,Collaborator
4026,Guangzhou Blood Center,Other,Lead
4027,Istituto Ortopedico Galeazzi,Other,Lead
4028,Catalysis SL,Industry,Lead
4029,Fundacion Infant,Other,Lead
4030,"University Hospital, Limoges",Other,Lead
4031,University of Malaga,Other,Lead
4031,Instituto de Investigacion Biomedica de Malaga,Other,Collaborator
4031,Carlos III Health Institute,Other,Collaborator
4032,Cambridge University Hospitals NHS Foundation Trust,Other,Lead
4032,Imperial College Healthcare NHS Trust,Other,Collaborator
4032,Royal Cornwall Hospitals Trust,Other,Collaborator
4033,Bangladesh University of Engineering and Technology,Other,Lead
4033,Dhaka Medical College,Other,Collaborator
4034,Emory University,Other,Lead
4035,"Institute of Tropical Medicine, Belgium",Other,Lead
4035,Jessa Hospital,Other,Collaborator
4035,"University Hospital, Antwerp",Other,Collaborator
4035,Universiteit Antwerpen,Other,Collaborator
4035,Sciensano,Other,Collaborator
4035,Mensura,Other,Collaborator
4036,"National Bureau of Economic Research, Inc.",Other,Lead
4036,Massachusetts General Hospital,Other,Collaborator
4036,Stanford University,Other,Collaborator
4036,Yale University,Other,Collaborator
4036,Massachusetts Institute of Technology,Other,Collaborator
4036,Harvard University,Other,Collaborator
4037,Alexandria University,Other,Lead
4038,Assistance Publique - Hôpitaux de Paris,Other,Lead
4039,"SK Bioscience Co., Ltd.",Industry,Lead
4039,Coalition for Epidemic Preparedness Innovations,Other,Collaborator
4039,GlaxoSmithKline,Other,Collaborator
4039,"SK Chemicals Co., Ltd.",Other,Collaborator
4040,"SK Bioscience Co., Ltd.",Industry,Lead
4040,Coalition for Epidemic Preparedness Innovations,Other,Collaborator
4040,"SK Chemicals Co., Ltd.",Other,Collaborator
4041,Kine Kinesiologia Deportiva y Funcional,Other,Lead
4042,"Rutgers, The State University of New Jersey",Other,Lead
4043,Universitair Ziekenhuis Brussel,Other,Lead
4044,"University Hospital, Montpellier",Other,Lead
4045,Maimónides Biomedical Research Institute of Córdoba,Other,Lead
4045,Consejería de Salud y Familias - Junta de Andalucía,Other,Collaborator
4045,Red Andaluza de Ensayos Clínicos en Enfermedades Infecciosas (Red ANCRAID),Other,Collaborator
4046,"University Hospital, Strasbourg, France",Other,Lead
4047,"University College, London",Other,Lead
4048,"University Hospital, Lille",Other,Lead
4049,Second Affiliated Hospital of Wenzhou Medical University,Other,Lead
4049,"Wanbangde Pharmaceutical Group Co., LTD",Industry,Collaborator
4050,The Christie NHS Foundation Trust,Other,Lead
4051,Radboud University,Other,Lead
4052,NPO Petrovax,Industry,Lead
4053,"EMD Serono Research & Development Institute, Inc.",Industry,Lead
4053,"Merck KGaA, Darmstadt, Germany",Other,Collaborator
4053,EMD Serono,Other,Collaborator
4054,University of Malaya,Other,Lead
4054,"Ministry of Health, Malaysia",Other,Collaborator
4055,"University Hospital, Toulouse",Other,Lead
4056,Instituto de Seguridad y Servicios Sociales de los Trabajadores del Estado,Other,Lead
4057,University of East London,Other,Lead
4057,University of Manchester,Other,Collaborator
4058,Hospital Israelita Albert Einstein,Other,Lead
4059,"Kaligia Biosciences, LLC",Industry,Lead
4059,University of South Florida,Other,Collaborator
4060,Tomsk National Research Medical Center of the Russian Academy of Sciences,Other,Lead
4060,Siberian State Medical University,Other,Collaborator
4061,Hospices Civils de Lyon,Other,Lead
4062,Sunnybrook Health Sciences Centre,Other,Lead
4063,University of Southern California,Other,Lead
4063,"University of California, Los Angeles",Other,Collaborator
4064,University of Liege,Other,Lead
4065,"Sentien Biotechnologies, Inc.",Industry,Lead
4066,"St George's, University of London",Other,Lead
4067,"Centre Hospitalier Universitaire, Amiens",Other,Lead
4067,Centre Hospitaler Beauvais,Other,Collaborator
4067,Central Hospital Saint Quentin,Other,Collaborator
4067,Centre Hospitalier Compiègne,Other,Collaborator
4068,ProgenaBiome,Other,Lead
4068,DSCS CRO,Other,Collaborator
4069,"University of Lagos, Nigeria",Other,Lead
4070,Duke University,Other,Lead
4070,The Joel Cornette Foundation,Other,Collaborator
4071,Karyopharm Therapeutics Inc,Industry,Lead
4072,University Hospital Tuebingen,Other,Lead
4073,University of Michigan,Other,Lead
4073,Vironix Health Incorporated,Other,Collaborator
4074,Assistance Publique - Hôpitaux de Paris,Other,Lead
4074,"Institut National de la Santé Et de la Recherche Médicale, France",Other,Collaborator
4075,University of Pisa,Other,Lead
4076,Icahn School of Medicine at Mount Sinai,Other,Lead
4076,"Mesoblast, Inc.",Industry,Collaborator
4076,"National Heart, Lung, and Blood Institute (NHLBI)",NIH,Collaborator
4077,Karyopharm Therapeutics Inc,Industry,Lead
4078,Hope Pharmaceuticals,Industry,Lead
4079,Dr Christophe LENCLUD,Other,Lead
4079,Versailles Hospital,Other,Collaborator
4080,Assistance Publique - Hôpitaux de Paris,Other,Lead
4081,Hudson Medical,Other,Lead
4082,University of Minnesota,Other,Lead
4082,General Electric Research,Industry,Collaborator
4082,DARPA (Department of Defense),Other,Collaborator
4083,Chongqing Medical University,Other,Lead
4084,Sadat City University,Other,Lead
4085,Cairo University,Other,Lead
4086,"Fondazione IRCCS Ca' Granda, Ospedale Maggiore Policlinico",Other,Lead
4087,Abderrahmane Mami Hospital,Other,Lead
4087,Eshmoun Clinical Research Centre,Other,Collaborator
4087,Datametrix,Other,Collaborator
4088,Octapharma,Industry,Lead
4089,Azienda Ospedaliera Universitaria Integrata Verona,Other,Lead
4090,University of Zurich,Other,Lead
4091,Virginia Commonwealth University,Other,Lead
4091,"Kiniksa Pharmaceuticals, Ltd.",Industry,Collaborator
4092,AB Science,Industry,Lead
4093,Kent State University,Other,Lead
4094,"University Hospital Inselspital, Berne",Other,Lead
4094,"Daiichi Sankyo Europe, GmbH, a Daiichi Sankyo Company",Industry,Collaborator
4095,National Institute of Allergy and Infectious Diseases (NIAID),NIH,Lead
4095,National Institutes of Health Clinical Center (CC),Other,Collaborator
4096,Ramsay Générale de Santé,Other,Lead
4096,"Hôpital Privé Jacques Cartier, service réanimation Dr Bougouin",Other,Collaborator
4097,"SK Bioscience Co., Ltd.",Industry,Lead
4097,"SK Chemicals Co., Ltd.",Other,Collaborator
4098,Okan University,Other,Lead
4098,Yuksek Ihtisas University,Other,Collaborator
4099,"Asklepion Pharmaceuticals, LLC",Industry,Lead
4100,"National Heart, Lung, and Blood Institute (NHLBI)",NIH,Lead
4100,National Institutes of Health Clinical Center (CC),Other,Collaborator
4101,Medical University of Vienna,Other,Lead
4102,Latin American Cooperative Oncology Group,Other,Lead
4102,Oncoclínicas,Other,Collaborator
4103,Universidade do Vale do Sapucai,Other,Lead
4103,Pfizer,Industry,Collaborator
4103,Apsen Farmaceutica S.A.,Other,Collaborator
4103,Dermadia,Other,Collaborator
4103,Methodos Laboratory,Other,Collaborator
4103,Biofarma,Other,Collaborator
4104,Tulane University,Other,Lead
4104,Biostrap,Other,Collaborator
4105,Assistance Publique - Hôpitaux de Paris,Other,Lead
4105,Groupe Hospitalier Pitié-Salpêtrière,Other,Collaborator
4106,Icahn School of Medicine at Mount Sinai,Other,Lead
4106,International Biophysics Corporation,Industry,Collaborator
4106,SPARK Healthcare,Other,Collaborator
4107,Assiut University,Other,Lead
4108,Hellenic Institute for the Study of Sepsis,Other,Lead
4109,Universidad San Jorge,Other,Lead
4109,Hospital Real Nuestra Señora de Gracia,Other,Collaborator
4109,Hospital Royo Villanova,Other,Collaborator
4110,Regina Grossmann,Other,Lead
4110,University of Zurich,Other,Collaborator
4111,South Valley University,Other,Lead
4112,"University College, London",Other,Lead
4112,The Francis Crick Institute,Other,Collaborator
4113,Prof. Dr. Jörg Leuppi,Other,Lead
4113,"Cantonal Hosptal, Baselland",Other,Collaborator
4114,Kafrelsheikh University,Other,Lead
4115,University of Minnesota,Other,Lead
4115,National Institute of Allergy and Infectious Diseases (NIAID),NIH,Collaborator
4115,National Institutes of Health (NIH),Other,Collaborator
4115,The International Network for Strategic Initiatives in Global HIV Trials,Other,Collaborator
4116,"University Hospital, Basel, Switzerland",Other,Lead
4116,sciCORE University of Basel,Other,Collaborator
4116,Leonhard Med IT ETH Zurich,Other,Collaborator
4116,Swiss Institute of Bioinformatics,Other,Collaborator
4117,Hamad Medical Corporation,Industry,Lead
4118,Centre Hospitalier Universitaire de Nice,Other,Lead
4119,BioXcellerator,Industry,Lead
4119,Clinical Somer,Other,Collaborator
4120,King Abdulaziz University,Other,Lead
4121,Brugmann University Hospital,Other,Lead
4122,"Institute of Liver and Biliary Sciences, India",Other,Lead
4123,University of Sao Paulo General Hospital,Other,Lead
4124,Ain Shams University,Other,Lead
4125,Assistance Publique - Hôpitaux de Paris,Other,Lead
4126,Norwegian Centre for Ageing and Health,Other,Lead
4127,Hugo Mendieta Zeron,Other,Lead
4127,Materno-Perinatal Hospital of the State of Mexico,Other,Collaborator
4128,Universitätsklinikum Hamburg-Eppendorf,Other,Lead
4128,German Center for Infection Research,Other,Collaborator
4128,Philipps University Marburg Medical Center,Other,Collaborator
4128,Ludwig-Maximilians - University of Munich,Other,Collaborator
4129,University of Oxford,Other,Lead
4129,UK Research and Innovation,Other,Collaborator
4129,"National Institute for Health Research, United Kingdom",Other,Collaborator
4129,Wellcome,Other,Collaborator
4129,Bill and Melinda Gates Foundation,Other,Collaborator
4129,"Department for International Development, United Kingdom",Other,Collaborator
4129,Health Data Research UK,Other,Collaborator
4129,Medical Research Council Population Health Research Unit,Other,Collaborator
4129,NIHR Clinical Trials Unit Support Funding,Other,Collaborator
4129,NIHR Health Protection Research Unit in Emerging and Zoonotic Infections,Other,Collaborator
4130,Sanofi,Industry,Lead
4131,Sultan Qaboos University,Other,Lead
4131,The Research Council,Other,Collaborator
4131,Oman Medical Specialty Board,Other,Collaborator
4132,University Hospital of Ferrara,Other,Lead
4133,Groupe Hospitalier Paris Saint Joseph,Other,Lead
4133,Centre Hospitalier Victor Dupouy,Other,Collaborator
4134,Composite Interceptive Med Science,Industry,Lead
4134,Pharmalectin Inc,Other,Collaborator
4135,Beneficência Portuguesa de São Paulo,Other,Lead
4135,Hospital do Coracao,Other,Collaborator
4135,Hospital Israelita Albert Einstein,Other,Collaborator
4135,Hospital Sirio-Libanes,Other,Collaborator
4135,Hospital Alemão Oswaldo Cruz,Other,Collaborator
4135,Brazilian Research In Intensive Care Network,Other,Collaborator
4135,Hospital Moinhos de Vento,Other,Collaborator
4135,Brazilian Clinical Research Institute,Other,Collaborator
4135,Federal University of São Paulo,Other,Collaborator
4136,University of Utah,Other,Lead
4137,Radboud University,Other,Lead
4137,Bernhoven Hospital,Other,Collaborator
4138,NHS Greater Glasgow and Clyde,Other,Lead
4138,Altair Medical,Other,Collaborator
4138,Storm ID,Other,Collaborator
4139,Bakirkoy Dr. Sadi Konuk Research and Training Hospital,Other,Lead
4140,Assiut University,Other,Lead
4141,Centre Francois Baclesse,Other,Lead
4142,Institut de cancérologie Strasbourg Europe,Other,Lead
4142,"LEAF4Life, Inc.",Other,Collaborator
4143,Gaziosmanpasa Research and Education Hospital,Other,Lead
4144,Kasr El Aini Hospital,Other,Lead
4145,"University Health Network, Toronto",Other,Lead
4145,William Osler Health System,Other,Collaborator
4145,University of Toronto,Other,Collaborator
4145,Sunnybrook Health Sciences Centre,Other,Collaborator
4146,City of Hope Medical Center,Other,Lead
4146,National Cancer Institute (NCI),NIH,Collaborator
4147,Johns Hopkins University,Other,Lead
4148,Cedars-Sinai Medical Center,Other,Lead
4148,"Genentech, Inc.",Industry,Collaborator
4149,Professor Dr. Bernd Mühlbauer,Other,Lead
4149,"Dept. of Statistics and Medical Biometry, University of Bremen",Other,Collaborator
4149,"INSERM (Institut national de la santé et de la recherche médicale), Paris, France",Other,Collaborator
4149,"World Health Organization (WHO), R&D Blueprint, Geneva, Switzerland",Other,Collaborator
4149,"Klinikum Bremen-Mitte, gGmbH",Other,Collaborator
4150,Franklin School of Integrative Health Sciences,Other,Lead
4151,"Institut National de la Santé Et de la Recherche Médicale, France",Other,Lead
4152,Helio Tedesco Silva Junior,Other,Lead
4152,Hospital do Rim e Hipertensão,Other,Collaborator
4153,"University Hospital, Strasbourg, France",Other,Lead
4154,University Hospital Tuebingen,Other,Lead
4155,University Hospital Tuebingen,Other,Lead
4156,Stanford University,Other,Lead
4156,National Institute of Allergy and Infectious Diseases (NIAID),NIH,Collaborator
4157,Sisli Hamidiye Etfal Training and Research Hospital,Other,Lead
4158,"Third Affiliated Hospital, Sun Yat-Sen University",Other,Lead
4159,Novartis Pharmaceuticals,Industry,Lead
4159,Novartis,Other,Collaborator
4160,Renmin Hospital of Wuhan University,Other,Lead
4161,Modum Bad,Other,Lead
4161,University of Oslo,Other,Collaborator
4162,Istinye University,Other,Lead
4163,Hellenic Institute for the Study of Sepsis,Other,Lead
4164,Rigel Pharmaceuticals,Industry,Lead
4165,Ludwig Boltzmann Institute for Digital Health and Prevention,Other,Lead
4165,"Institute of Sports Medicine, Prevention and Rehabilitation, Salzburg, Austria",Other,Collaborator
4166,Versailles Hospital,Other,Lead
4167,"University of Campania ""Luigi Vanvitelli""",Other,Lead
4168,University of Sao Paulo,Other,Lead
4169,"Ministry of Health, Brazil",Other,Lead
4169,InCor Heart Institute,Other,Collaborator
4170,Beijing Ditan Hospital,Other,Lead
4171,Stanford University,Other,Lead
4171,"Pliant Therapeutics, Inc.",Industry,Collaborator
4172,Damanhour University,Other,Lead
4173,University of Liverpool,Other,Lead
4173,"Christian Medical College, Vellore, India",Other,Collaborator
4173,"Instituto Autoimune, Brazil",Other,Collaborator
4173,University College London Hospitals,Other,Collaborator
4173,Oswaldo Cruz Foundation,Other,Collaborator
4173,University of Malawi College of Medicine,Other,Collaborator
4173,"National Institute of Mental Health and Neuro Sciences, India",Other,Collaborator
4173,"Encephalitis Society, UK",Other,Collaborator
4174,Janette Furuzawa Carballeda,Other,Lead
4174,Instituto Nacional de Ciencias Medicas y Nutricion Salvador Zubiran,Other,Collaborator
4175,"University Hospital, Lille",Other,Lead
4176,Hospital de Clinicas José de San Martín,Other,Lead
4176,Claudio Yaryour,Other,Collaborator
4176,Fermepin Marcelo,Other,Collaborator
4176,Luis Sarotto,Other,Collaborator
4176,Federico Rodriguez Cairoli,Other,Collaborator
4176,Angela Famiglieti,Other,Collaborator
4176,Francisco Appiani,Other,Collaborator
4176,Lucía Gallo Vaulet,Other,Collaborator
4177,Martin-Luther-Universität Halle-Wittenberg,Other,Lead
4178,Ospedale San Raffaele,Other,Lead
4179,"Sahlgrenska University Hospital, Sweden",Other,Lead
4180,Basque Country University,Other,Lead
4180,University of Cadiz,Other,Collaborator
4180,University of Extremadura,Other,Collaborator
4180,Universidad de Zaragoza,Other,Collaborator
4180,Universidad de Granada,Other,Collaborator
4180,University of Castilla-La Mancha,Other,Collaborator
4180,University of Las Palmas de Gran Canaria,Other,Collaborator
4180,Universidad de León,Other,Collaborator
4180,University of Seville,Other,Collaborator
4180,University of Valencia,Other,Collaborator
4180,Universidad Miguel Hernandez de Elche,Other,Collaborator
4180,Technical University of Madrid,Other,Collaborator
4180,Universidad Pública de Navarra,Other,Collaborator
4180,University of the Balearic Islands,Other,Collaborator
4180,Universitat Jaume I,Other,Collaborator
4180,University of Cantabria,Other,Collaborator
4181,Montefiore Medical Center,Other,Lead
4182,Towson University,Other,Lead
4183,"NeuroActiva, Inc.",Industry,Lead
4184,University of Arizona,Other,Lead
4185,Lawson Health Research Institute,Other,Lead
4185,Ontario Ministry of Colleges and Universities,Other,Collaborator
4185,London Health Sciences Foundation,Other,Collaborator
4186,Shanghai Public Health Clinical Center,Other,Lead
4187,McMaster University,Other,Lead
4188,"Sound Pharmaceuticals, Incorporated",Industry,Lead
4189,University College Hospital Galway,Other,Lead
4190,University of Michigan,Other,Lead
4191,Hospital Clinic of Barcelona,Other,Lead
4191,Ubikare company,Other,Collaborator
4192,"Sound Pharmaceuticals, Incorporated",Industry,Lead
4193,"University Hospital, Montpellier",Other,Lead
4194,Pontificia Universidad Catolica de Chile,Other,Lead
4194,Clinica Alemana de Santiago,Other,Collaborator
4194,Hospital Barros Luco Trudeau,Other,Collaborator
4194,University of Chile,Other,Collaborator
4195,Assistance Publique - Hôpitaux de Paris,Other,Lead
4196,The University of Hong Kong,Other,Lead
4197,King Abdullah International Medical Research Center,Other,Lead
4198,Tilman S.A.,Industry,Lead
4198,Artialis,Other,Collaborator
4199,RD Global Araştirma Geliştirme Sağlik Ilaç Inşaat Yatirimlari A.Ş.,Industry,Lead
4200,Weprom,Other,Lead
4200,Kelindi,Other,Collaborator
4201,Centre Hospitalier Universitaire de Saint Etienne,Other,Lead
4202,Canadian Medical and Surgical Knowledge Translation Research Group,Other,Lead
4202,Amarin Corporation,Other,Collaborator
4202,"HLS Therapeutics, Inc",Other,Collaborator
4203,Royan Institute,Other,Lead
4203,Tehran University of Medical Sciences,Other,Collaborator
4203,Shahid Beheshti University of Medical Sciences,Other,Collaborator
4204,Assistance Publique - Hôpitaux de Paris,Other,Lead
4204,Institut Cochin,Other,Collaborator
4205,PTC Therapeutics,Industry,Lead
4206,Groupe Hospitalier Pitie-Salpetriere,Other,Lead
4206,Centre Hospitalier Intercommunal Robert Ballanger,Other,Collaborator
4206,Centre Hospitalier Intercommunal Montfermeil-Le Raincy,Other,Collaborator
4206,CMC Ambroise Paré,Other,Collaborator
4207,Bicetre Hospital,Other,Lead
4208,Massimo Girardis,Other,Lead
4208,University of Modena and Reggio Emilia,Other,Collaborator
4209,"National Research Center for Hematology, Russia",Other,Lead
4209,Foundation for Cancer Research Support (RakFond),Other,Collaborator
4209,Enrollme.ru LLC,Other,Collaborator
4210,"University Hospital, Montpellier",Other,Lead
4210,Unités de CMF des CHU de Paris (Dr Davrou - Pitié salpetrière),Other,Collaborator
4210,Amiens (Dr Dapke),Other,Collaborator
4210,Nantes (Pr Corre),Other,Collaborator
4210,Toulouse (Pr Lauwers - Purpan),Other,Collaborator
4210,Marseille (Dr Foletti - La conception),Other,Collaborator
4210,Nice (Dr Savoldelli),Other,Collaborator
4210,Clermont Ferrand (Dr Sesque),Other,Collaborator
4210,Perpignan (Dr Llobet),Other,Collaborator
4210,Lyon (Dr Bourlet - Croix Rousse),Other,Collaborator
4211,Instituto Nacional de Ciencias Medicas y Nutricion Salvador Zubiran,Other,Lead
4212,University of Pennsylvania,Other,Lead
4212,University of Arizona,NIH,Collaborator
4212,Universidad Católica de Santa María (National Sponsor in Perú),Other,Collaborator
4212,"Hospital Adolfo Guevara Velasco, Peru",Other,Collaborator
4212,Hospital Nacional Edgardo Rebagliati Martins,Other,Collaborator
4212,"Hospital Nacional Alberto Sabogal Sologuren, Peru",Other,Collaborator
4212,"Hospital Nacional Guillermo Almenara Irigoyen, Peru",Other,Collaborator
4212,"Hospital Nacional Carlos Seguín Escobedo, Peru",Other,Collaborator
4212,"Universidad de Santander, Bucaramanga, Colombia (National Sponsor in Colombia)",Other,Collaborator
4212,National Center for Advancing Translational Science (NCATS),Other,Collaborator
4212,"Hospitales Civiles de Guadalajara, Mexico",Other,Collaborator
4213,Pontificia Universidad Catolica de Chile,Other,Lead
4214,Acibadem University,Other,Lead
4215,Zonguldak Bulent Ecevit University,Other,Lead
4215,Prof. Dr. Şule Ecevit Alpar,Other,Collaborator
4216,Guy's and St Thomas' NHS Foundation Trust,Other,Lead
4216,King's College London,Other,Collaborator
4217,"University Hospital, Strasbourg, France",Other,Lead
4218,"University Hospital, Montpellier",Other,Lead
4219,Dana-Farber Cancer Institute,Other,Lead
4219,National Institute on Aging (NIA),NIH,Collaborator
4220,Centre Hospitalier Eure-Seine,Other,Lead
4221,Cambridge Health Alliance,Other,Lead
4222,Juan Victor Lorente,Other,Lead
4222,Edwards Lifesciences,Industry,Collaborator
4222,Andalusian Network for Design and Translation of Advanced Therapies,Other,Collaborator
4223,Rhode Island Hospital,Other,Lead
4224,Beijing Friendship Hospital,Other,Lead
4224,Peking University First Hospital,Other,Collaborator
4224,Peking University People's Hospital,Other,Collaborator
4224,Peking University Third Hospital,Other,Collaborator
4224,Chinese PLA General Hospital,Other,Collaborator
4224,Beijing Hospital,Other,Collaborator
4224,"Xuanwu Hospital, Beijing",Other,Collaborator
4224,Peking Union Medical College Hospital,Other,Collaborator
4224,Beijing Chao Yang Hospital,Other,Collaborator
4224,Beijing Cancer Hospital,Other,Collaborator
4224,China-Japan Friendship Hospital,Other,Collaborator
4224,Peking University Shougang Hospital,Other,Collaborator
4225,NMC Specialty Hospital,Other,Lead
4226,Abant Izzet Baysal University,Other,Lead
4227,"University of Colorado, Denver",Other,Lead
4227,University of Washington,Other,Collaborator
4227,Tulane University,Other,Collaborator
4227,University of Vermont,Other,Collaborator
4227,Penn State University,Other,Collaborator
4227,Columbia University,Other,Collaborator
4227,South Shore Hospital,Other,Collaborator
4227,Evergreen Hospital,Other,Collaborator
4227,Brigham and Women's Hospital,Other,Collaborator
4228,Centre Hospitalier Universitaire de Nīmes,Other,Lead
4229,Hospital do Coracao,Other,Lead
4229,Hospital Israelita Albert Einstein,Industry,Collaborator
4229,Hospital Sirio-Libanes,Other,Collaborator
4229,Brazilian Research In Intensive Care Network,Other,Collaborator
4229,EMS,Other,Collaborator
4230,Cardiol Therapeutics Inc.,Industry,Lead
4231,University of Minnesota,Other,Lead
4231,Bill and Melinda Gates Foundation,Other,Collaborator
4232,Rush University Medical Center,Other,Lead
4233,"SAb Biotherapeutics, Inc.",Industry,Lead
4233,Department of Health and Human Services,U.S. Fed,Collaborator
4233,"Joint Program Executive Office (JPEO) Chemical, Biological, Radiological, and Nuclear Defense (CBRND) Enabling Biotechnologies (EB)",Other,Collaborator
4234,Center for Integrated Care,Other,Lead
4234,University of Utah,Other,Collaborator
4234,"University of California, San Francisco",Other,Collaborator
4235,CCTU- Cancer Theme,Other,Lead
4235,Cambridge Cellular Therapies Laboratory,Other,Collaborator
4235,The Evelyn Trust,Other,Collaborator
4235,Cambridge University Hospitals NHS Foundation Trust,Other,Collaborator
4236,Kansas City Heart Rhythm Institute,Other,Lead
4237,Assistance Publique - Hôpitaux de Paris,Other,Lead
4238,Hospital Universitari Vall d'Hebron Research Institute,Other,Lead
4238,Barcelona Institute for Global Health,Other,Collaborator
4239,University Hospital Muenster,Other,Lead
4240,"University of Colorado, Denver",Other,Lead
4241,Bursa Yüksek İhtisas Education and Research Hospital,Other,Lead
4242,Hams Hamed Abdelrahman,Other,Lead
4242,Alexandria University,Other,Collaborator
4243,University of Michigan,Other,Lead
4244,AbbVie,Industry,Lead
4244,"Janssen Research & Development, LLC",Other,Collaborator
4244,Pharmacyclics LLC (An AbbVie Company),Other,Collaborator
4245,Versailles Hospital,Other,Lead
4246,Centre Francois Baclesse,Other,Lead
4247,SeaStar Medical,Industry,Lead
4248,"Federal State Budgetary Scientific Institution ""Izmerov Research Institute of Occupational Health""",Other,Lead
4249,"Sultan Abdulhamid Han Training and Research Hospital, Istanbul, Turkey",Other,Lead
4250,"University Hospital, Montpellier",Other,Lead
4251,Assistance Publique Hopitaux De Marseille,Other,Lead
4252,University of Bologna,Other,Lead
4253,Pluristem Ltd.,Industry,Lead
4254,Medicago,Industry,Lead
4255,Max Healthcare Insititute Limited,Other,Lead
4256,Tychan Pte Ltd.,Industry,Lead
4257,Shanghai Jiao Tong University School of Medicine,Other,Lead
4258,Lady Davis Institute,Other,Lead
4259,Adiyaman University Research Hospital,Other,Lead
4260,Instituto de Investigación Sanitaria de la Fundación Jiménez Díaz,Other,Lead
4260,Instituto de Investigación Sanitaria y Biomédica de Alicante,Other,Collaborator
4260,Hospital General Universitario Gregorio Marañon,Other,Collaborator
4260,"Clinica Universidad de Navarra, Universidad de Navarra",Other,Collaborator
4260,Hospital Universitario de Salamanca,Other,Collaborator
4260,Hospital General Universitario de Alicante,Other,Collaborator
4260,Hospital Clínico Universitario Virgen de la Arrixaca,Other,Collaborator
4261,IMMUNOe Research Centers,Industry,Lead
4262,"University Health Network, Toronto",Other,Lead
4263,"Charite University, Berlin, Germany",Other,Lead
4263,Reactive Robotics GmbH,Other,Collaborator
4264,University of Chile,Other,Lead
4265,Pluristem Ltd.,Industry,Lead
4266,University of Sao Paulo,Other,Lead
4267,Mansoura University,Other,Lead
4268,Max Healthcare Insititute Limited,Other,Lead
4269,Manuel Monreal,Other,Lead
4269,Foundation for the study of VTE diseases. (FUENTE),Other,Collaborator
4270,University of Catanzaro,Other,Lead
4270,Azienda Ospedaliera Pugliese Ciaccio,Other,Collaborator
4270,"Azienda Ospedaliera Universitaria Mater Domini, Catanzaro",Other,Collaborator
4271,Assistance Publique Hopitaux De Marseille,Other,Lead
4272,Hesham Al-Inany,Other,Lead
4272,Cairo University,Other,Collaborator
4273,Jeremia Held,Other,Lead
4273,University of Zurich,Other,Collaborator
4274,University of Arizona,Other,Lead
4274,"Senhwa Biosciences, Inc.",Industry,Collaborator
4275,Hospices Civils de Lyon,Other,Lead
4276,University of Miami,Other,Lead
4277,University of Arizona,Other,Lead
4278,Koç University,Other,Lead
4279,Shahid Beheshti University of Medical Sciences,Other,Lead
4280,Brigham and Women's Hospital,Other,Lead
4281,ProgenaBiome,Other,Lead
4282,Medical University of Graz,Other,Lead
4283,ProgenaBiome,Other,Lead
4283,"Rinati Skin, LLC",Other,Collaborator
4284,Prof. Dr. Jörg Leuppi,Other,Lead
4284,"Cantonal Hosptal, Baselland",Other,Collaborator
4285,Merck Sharp & Dohme Corp.,Industry,Lead
4286,PhaseBio Pharmaceuticals Inc.,Industry,Lead
4287,Humanity & Health Medical Group Limited,Other,Lead
4288,"University Hospital, Toulouse",Other,Lead
4289,Aethlon Medical Inc.,Industry,Lead
4290,Chinese Academy of Sciences,Other,Lead
4290,Beijing YouAn Hospital,Other,Collaborator
4291,Versailles Hospital,Other,Lead
4292,Assistance Publique - Hôpitaux de Paris,Other,Lead
4293,Lawson Health Research Institute,Other,Lead
4294,Maastricht University,Other,Lead
4294,Wuhan Central Hospital,Other,Collaborator
4295,Pfizer,Industry,Lead
4296,Aveni Foundation,Other,Lead
4297,Medigen Vaccine Biologics Corp.,Industry,Lead
4298,Cancer Trials Ireland,Other,Lead
4299,faida agili,Other,Lead
4299,UR17DN02 : Autoimmune Diseases Research Unit,Other,Collaborator
4299,Military Hospital of Tunis,Other,Collaborator
4300,University of Jordan,Other,Lead
4300,Aysha Alkhayat,Other,Collaborator
4300,Mariam Aljweesri,Other,Collaborator
4300,Reem Alharbi,Other,Collaborator
4300,Zahraa Aljazzaf,Other,Collaborator
4301,CanSino Biologics Inc.,Industry,Lead
4301,"Institute of Biotechnology, Academy of Military Medical Sciences, PLA of China",Other,Collaborator
4301,Jiangsu Province Centers for Disease Control and Prevention,Other,Collaborator
4301,Hubei Provincial Center for Disease Control and Prevention,Other,Collaborator
4301,Tongji Hospital,Other,Collaborator
4302,Instituto Nacional de Ciencias Medicas y Nutricion Salvador Zubiran,Other,Lead
4303,Hospices Civils de Lyon,Other,Lead
4304,Centre Hospitalier Metropole Savoie,Other,Lead
4305,OHSU Knight Cancer Institute,Other,Lead
4305,Oregon Health and Science University,Other,Collaborator
4306,Hospital Israelita Albert Einstein,Other,Lead
4306,EMS,Industry,Collaborator
4306,Hospital do Coracao,Other,Collaborator
4306,Hospital Sirio-Libanes,Other,Collaborator
4306,Brazilian Research In Intensive Care Network,Other,Collaborator
4307,Dokuz Eylul University,Other,Lead
4308,Hospital Universitari Vall d'Hebron Research Institute,Other,Lead
4309,Centre Hospitalier Régional d'Orléans,Other,Lead
4310,Hospices Civils de Lyon,Other,Lead
4311,Eurasian Association of Therapists,Other,Lead
4312,Vendsyssel Hospital,Other,Lead
4312,Aalborg University Hospital,Other,Collaborator
4313,Hospital Reg. Lic. Adolfo Lopez Mateos,Other,Lead
4314,University of Liege,Other,Lead
4315,Qilu Hospital of Shandong University,Other,Lead
4315,Renmin Hospital of Wuhan University,Other,Collaborator
4315,Moriggia-Pelascini Gravedona Hospital,Other,Collaborator
4316,Ohio State University Comprehensive Cancer Center,Other,Lead
4316,Varian Medical Systems,Industry,Collaborator
4317,Denver Health and Hospital Authority,Other,Lead
4317,"Genentech, Inc.",Industry,Collaborator
4317,"University of Colorado, Denver",Other,Collaborator
4317,National Jewish Health,Other,Collaborator
4317,Beth Israel Deaconess Medical Center,Other,Collaborator
4317,Long Island Jewish Medical Center,Other,Collaborator
4317,Scripps Health,Other,Collaborator
4317,St. Mary's Medical Center,Other,Collaborator
4317,University of Miami,Other,Collaborator
4317,Ben Taub Hospital,Other,Collaborator
4317,Methodist Dallas Medical Center,Other,Collaborator
4318,Medway Primary Care Trust,Other,Lead
4319,"Pliant Therapeutics, Inc.",Industry,Lead
4320,University of Giessen,Other,Lead
4321,University Hospital Tuebingen,Other,Lead
4322,Emory University,Other,Lead
4323,McMaster University,Other,Lead
4324,Organicell Regenerative Medicine,Industry,Lead
4325,University of Haifa,Other,Lead
4326,Guangzhou Institute of Respiratory Disease,Other,Lead
4327,"Central Hospital, Nancy, France",Other,Lead
4328,Instituto de Investigación Hospital Universitario La Paz,Other,Lead
4329,University of Oxford,Other,Lead
4329,"Medical Research Council, South Africa",Other,Collaborator
4329,Bill and Melinda Gates Foundation,Other,Collaborator
4329,Wits Health Consortium (Pty) Ltd,Other,Collaborator
4329,"University of Witwatersrand, South Africa",Other,Collaborator
4330,The University of Texas Health Science Center at San Antonio,Other,Lead
4330,National Institute of Diabetes and Digestive and Kidney Diseases (NIDDK),NIH,Collaborator
4331,Nottingham University Hospitals NHS Trust,Other,Lead
4332,National and Kapodistrian University of Athens,Other,Lead
4332,Amalia Fleming General Hospital,Other,Collaborator
4333,University Hospital Tuebingen,Other,Lead
4334,University Hospital Tuebingen,Other,Lead
4335,TMC HealthCare,Other,Lead
4335,"PEEP Medical, LLC",Other,Collaborator
4336,Rush University Medical Center,Other,Lead
4336,Yale University,Other,Collaborator
4336,University of Washington,Other,Collaborator
4336,Thomas Jefferson University,Other,Collaborator
4336,"University of California, Los Angeles",Other,Collaborator
4336,"University of California, San Francisco",Other,Collaborator
4336,University of Texas Southwestern Medical Center,Other,Collaborator
4336,"The University of Texas Health Science Center, Houston",Other,Collaborator
4337,Assistance Publique - Hôpitaux de Paris,Other,Lead
4338,Alexandria University,Other,Lead
4339,Hôpital Louis Mourier,Other,Lead
4340,University of Minnesota,Other,Lead
4341,Rennes University Hospital,Other,Lead
4342,Guangzhou Institute of Respiratory Disease,Other,Lead
4343,University of Pittsburgh,Other,Lead
4344,Universidad Complutense de Madrid,Other,Lead
4344,"Colegio Profesional de Fisioterapeutas de la Comunidad de Madrid, Madrid, Spain",Other,Collaborator
4345,Hospital Sirio-Libanes,Other,Lead
4345,Hospital Israelita Albert Einstein,Industry,Collaborator
4345,Hospital do Coracao,Other,Collaborator
4345,Brazilian Research In Intensive Care Network,Other,Collaborator
4345,Ache Laboratorios Farmaceuticos S.A.,Other,Collaborator
4346,Tetherex Pharmaceuticals Corporation,Industry,Lead
4347,American University of Beirut Medical Center,Other,Lead
4348,Limbic Medical,Other,Lead
4348,Enovex Pharmacy,Other,Collaborator
4349,University of Miami,Other,Lead
4350,Universidad Mayor de San Simón,Other,Lead
4350,Barcelona Institute for Global Health,Other,Collaborator
4350,Université Catholique de Louvain,Other,Collaborator
4351,Theravance Biopharma,Industry,Lead
4352,"Southeast University, China",Other,Lead
4353,Direction Centrale du Service de Santé des Armées,Other,Lead
4354,The Christie NHS Foundation Trust,Other,Lead
4355,"Research Foundation for Mental Hygiene, Inc.",Other,Lead
4356,Xijing Hospital,Other,Lead
4356,Massachusetts General Hospital,Other,Collaborator
4356,"Fondazione IRCCS Ca' Granda, Ospedale Maggiore Policlinico",Other,Collaborator
4357,"Research Foundation for Mental Hygiene, Inc.",Other,Lead
4358,The Second Hospital of Nanjing Medical University,Other,Lead
4359,Hull University Teaching Hospitals NHS Trust,Other,Lead
4360,Ahi Evren Chest and Cardiovascular Surgery Education and Research Hospital,Other,Lead
4361,Bursa Yüksek İhtisas Education and Research Hospital,Other,Lead
4362,University of Bern,Other,Lead
4363,Cedars-Sinai Medical Center,Other,Lead
4363,"Aytu BioScience, Inc.",Industry,Collaborator
4364,Uppsala University,Other,Lead
4365,Marmara University,Other,Lead
4366,Jagiellonian University,Other,Lead
4367,Zealand University Hospital,Other,Lead
4368,"University Hospital, Limoges",Other,Lead
4369,University of Sao Paulo,Other,Lead
4370,Yale University,Other,Lead
4370,Ono Pharmaceutical Co. Ltd,Industry,Collaborator
4371,"Athersys, Inc",Industry,Lead
4372,"Fundación Teófilo Hernando, Spain",Other,Lead
4373,University of Miami,Other,Lead
4374,Alexion Pharmaceuticals,Industry,Lead
4375,Istituto Scientifico Romagnolo per lo Studio e la cura dei Tumori,Other,Lead
4375,University of Bologna,Other,Collaborator
4376,Penn State University,Other,Lead
4377,Biofarma,Other,Lead
4377,Rumah Sakit Pusat Angkatan Darat Gatot Soebroto,Other,Collaborator
4377,Eijkman Institute for Molecular Biology,Other,Collaborator
4378,"Children's Hospital Medical Center, Cincinnati",Other,Lead
4378,Hoxworth Blood Center,Other,Collaborator
4379,Chinese University of Hong Kong,Other,Lead
4379,The University of Hong Kong,Other,Collaborator
4379,Health and Medical Research Fund,Other,Collaborator
4380,Chen-Pin Chou,Other,Lead
4380,Kaohsiung Veterans General Hospital.,Other,Collaborator
4381,"University Hospital, Clermont-Ferrand",Other,Lead
4381,"Faculty of Medicine and Paramedical Professions, Clermont-Ferrand, France",Other,Collaborator
4382,M.D. Anderson Cancer Center,Other,Lead
4382,National Cancer Institute (NCI),NIH,Collaborator
4383,Celltrion,Industry,Lead
4384,AstraZeneca,Industry,Lead
4384,Parexel,Other,Collaborator
4385,"Cytokind, Inc.",Industry,Lead
4385,Louisiana State University Health Sciences Center in New Orleans,Other,Collaborator
4385,Baylor College of Medicine,Other,Collaborator
4386,Dascena,Industry,Lead
4387,Radboud University,Other,Lead
4388,University of Giessen,Other,Lead
4389,Kasr El Aini Hospital,Other,Lead
4390,Fundació d'investigació Sanitària de les Illes Balears,Other,Lead
4390,Universidad de las Islas Baleares,Other,Collaborator
4390,Hospital Universitario Miguel Servet,Other,Collaborator
4390,Fundació Institut de Recerca de l'Hospital de la Santa Creu i Sant Pau,Other,Collaborator
4390,Andalusian School of Public Health,Other,Collaborator
4390,Hospital Son Espases,Other,Collaborator
4391,Maimonides Medical Center,Other,Lead
4392,S.L.A. Pharma AG,Industry,Lead
4393,Harvard University,Other,Lead
4393,Stanford University,Other,Collaborator
4393,Massachusetts Institute of Technology,Other,Collaborator
4394,"University Hospital, Clermont-Ferrand",Other,Lead
4394,"Faculty of Medicine and Paramedical Professions, Clermont-Ferrand, France",Other,Collaborator
4395,Fundación Universitaria de Ciencias de la Salud,Other,Lead
4395,Hospital de San Jose,Other,Collaborator
4396,"Claus Anders Bertelsen, PhD, MD",Other,Lead
4396,Nordsjaellands Hospital,Other,Collaborator
4397,Universidad de Granada,Other,Lead
4398,Beyond Air Inc.,Industry,Lead
4399,"Centre hospitalier de Ville-Evrard, France",Other,Lead
4400,Duke University,Other,Lead
4400,MEDEX,Other,Collaborator
4401,Ebru Calik Kutukcu,Other,Lead
4401,Hacettepe University,Other,Collaborator
4402,Professor Adrian Covic,Other,Lead
4402,Medical Sciences Academy - Romania,Other,Collaborator
4402,Victor Babes Clinical Hospital of Infectious Diseases - Bucharest,Other,Collaborator
4402,Grigore T. Popa University of Medicine and Pharmacy,Other,Collaborator
4403,Gregory Yanik,Other,Lead
4403,Jazz Pharmaceuticals,Industry,Collaborator
4403,University of Michigan,Other,Collaborator
4404,Shehnoor Azhar,Other,Lead
4404,University of Health Sciences Lahore,Other,Collaborator
4405,University of Brasilia,Other,Lead
4405,"University of Campinas, Brazil",Industry,Collaborator
4405,Centro de Pesquisa em Biotecnologia Ltda,Other,Collaborator
4405,Hospital Regional da Asa Norte (HRAN),Other,Collaborator
4405,Hospital da Região Leste (HRL),Other,Collaborator
4405,Hospital Universitário de Brasília (HUB/UnB),Other,Collaborator
4406,Washington University School of Medicine,Other,Lead
4407,Anahuac University,Other,Lead
4408,"GeneOne Life Science, Inc.",Industry,Lead
4409,Gruppo Italiano Malattie EMatologiche dell'Adulto,Other,Lead
4410,Mayo Clinic,Other,Lead
4411,Louisiana State University Health Sciences Center in New Orleans,Other,Lead
4411,Parsemus Foundation,Other,Collaborator
4412,Laboratorios Silanes S.A. de C.V.,Industry,Lead
4413,"Arcturus Therapeutics, Inc.",Industry,Lead
4414,"Roberto Poscia MD, PhD",Other,Lead
4414,Azienda Policlinico Umberto I,Other,Collaborator
4415,Klaus Reither,Other,Lead
4415,SolidarMed,Other,Collaborator
4415,Human Sciences Research Council,Other,Collaborator
4415,"Institute of Tropical Medicine, Belgium",Other,Collaborator
4415,Radboud University,Other,Collaborator
4415,"Charite University, Berlin, Germany",Other,Collaborator
4415,"University Hospital, Basel, Switzerland",Other,Collaborator
4415,"Foundation for Innovative New Diagnostics, Switzerland",Other,Collaborator
4415,European and Developing Countries Clinical Trials Partnership (EDCTP),Other,Collaborator
4415,"Ministry of Health, Lesotho",Other,Collaborator
4415,Swiss Tropical & Public Health Institute,Other,Collaborator
4416,The First Affiliated Hospital of Guangzhou Medical University,Other,Lead
4417,Universidad Miguel Hernandez de Elche,Other,Lead
4417,Universidad Catolica Santiago de Guayaquil,Other,Collaborator
4417,Universidad de Santander,Other,Collaborator
4417,University of Sao Paulo,Other,Collaborator
4417,Pontificia Universidad Catolica de Chile,Other,Collaborator
4418,Beyond Air Inc.,Industry,Lead
4419,University of Oxford,Other,Lead
4420,Implicit Bioscience,Industry,Lead
4421,Instituto Nacional de Enfermedades Respiratorias,Other,Lead
4422,The Ninth Hospital of Nanchang,Other,Lead
4422,"Ascletis Pharmaceuticals Co., Ltd.",Industry,Collaborator
4423,Karolinska Institutet,Other,Lead
4423,"Stockholm County Council, Sweden",Other,Collaborator
4424,Providence Health & Services,Other,Lead
4424,Center for Outcomes Research and Education,Other,Collaborator
4424,"Providence Cancer Center, Earle A. Chiles Research Institute",Other,Collaborator
4425,Children's Healthcare of Atlanta,Other,Lead
4425,"Children's Hospital Medical Center, Cincinnati",Other,Collaborator
4425,Children's of Alabama,Other,Collaborator
4425,The Hospital for Sick Children,Other,Collaborator
4426,Yale-NUS College,Other,Lead
4427,Huoshenshan Hospital,Other,Lead
4427,"Ascletis Pharmaceuticals Co., Ltd.",Industry,Collaborator
4428,Organicell Regenerative Medicine,Industry,Lead
4428,"bioRASI, LLC",Other,Collaborator
4429,Singapore General Hospital,Other,Lead
4430,Yale-NUS College,Other,Lead
4431,Peking University Third Hospital,Other,Lead
4432,"Kubra Koce, MSc PT",Other,Lead
4432,Istanbul University-Cerrahpasa,Other,Collaborator
4433,Tongji Hospital,Other,Lead
4433,Hubei Xinhua Hospital,Other,Collaborator
4433,Wuhan No.1 Hospital,Other,Collaborator
4433,Wuhan Central Hospital,Other,Collaborator
4434,Centre Hospitalier René Dubos,Other,Lead
4435,MedSIR,Other,Lead
4436,Massachusetts General Hospital,Other,Lead
4437,Tuen Mun Hospital,Other,Lead
4437,"Anaesthesia & Operation Theatre Service, Tuen Mun Hospital, Hong Kong",Other,Collaborator
4437,"Intensive Care Unit, Tuen Mun Hospital, Hong Kong",Other,Collaborator
4438,Chongqing Medical University,Other,Lead
4439,"Rutgers, The State University of New Jersey",Other,Lead
4440,University of Manchester,Other,Lead
4441,Centre Leon Berard,Other,Lead
4442,University of Alabama at Birmingham,Other,Lead
4443,Sisli Hamidiye Etfal Training and Research Hospital,Other,Lead
4444,SeaStar Medical,Industry,Lead
4445,Oslo University Hospital,Other,Lead
4445,The Research Council of Norway,Other,Collaborator
4446,Diakonhjemmet Hospital,Other,Lead
4446,"University Hospital, Akershus",Other,Collaborator
4447,University of Pennsylvania,Other,Lead
4448,"University Hospital, Brest",Other,Lead
4449,"University Hospital, Limoges",Other,Lead
4450,American Society of Clinical Oncology,Other,Lead
4451,Sara Varea,Other,Lead
4451,Fundacion Clinic per a la Recerca Biomédica,Other,Collaborator
4452,The Miriam Hospital,Other,Lead
4453,Nantes University Hospital,Other,Lead
4453,Paion UK Ltd.,Industry,Collaborator
4454,University of Calgary,Other,Lead
4454,Alberta Health Services,Other,Collaborator
4455,Brigham and Women's Hospital,Other,Lead
4456,Aarogyam UK,Other,Lead
4457,Puren Hospital Affiliated to Wuhan University of Science and Technology,Other,Lead
4457,"Wuhan Hamilton Bio-technology Co., Ltd",Other,Collaborator
4458,Universidad de Granada,Other,Lead
4459,Celltrion,Industry,Lead
4460,Sunnybrook Health Sciences Centre,Other,Lead
4461,Asociacion para el Estudio de las Enfermedades Infecciosas,Other,Lead
4461,Fundacion para la Investigacion Biomedica del Hospital Universitario Ramon y Cajal,Other,Collaborator
4462,Ottawa Hospital Research Institute,Other,Lead
4463,Merck Sharp & Dohme Corp.,Industry,Lead
4464,"Ridgeback Biotherapeutics, LP",Industry,Lead
4465,Treviso Regional Hospital,Other,Lead
4465,Gaetano Gallo,Other,Collaborator
4465,Gian Luca Di Tanna,Other,Collaborator
4466,University of Zurich,Other,Lead
4466,Wroclaw Medical University,Other,Collaborator
4467,Yeditepe University,Other,Lead
4468,University of Texas at Austin,Other,Lead
4468,Way West Hemp Inc.,Other,Collaborator
4468,SunFlora.Inc,Other,Collaborator
4469,"University College, London",Other,Lead
4469,LifeArc,Other,Collaborator
4470,University of Alabama at Birmingham,Other,Lead
4471,"Wuhan Union Hospital, China",Other,Lead
4472,Al-Azhar University,Other,Lead
4473,Chinese University of Hong Kong,Other,Lead
4473,Health and Medical Research Fund,Other,Collaborator
4474,Huilan Zhang,Other,Lead
4474,Tongji Hospital,Other,Collaborator
4475,Hamad Medical Corporation,Industry,Lead
4476,Brazilian Clinical Research Institute,Other,Lead
4476,Hospital Israelita Albert Einstein,Other,Collaborator
4476,Hospital do Coracao,Other,Collaborator
4476,Hospital Sirio-Libanes,Other,Collaborator
4476,Hospital Moinhos de Vento,Other,Collaborator
4476,Hospital Alemão Oswaldo Cruz,Other,Collaborator
4476,Beneficência Portuguesa de São Paulo,Other,Collaborator
4476,Brazilian Research In Intensive Care Network,Other,Collaborator
4477,Erasme University Hospital,Other,Lead
4477,Fonds Erasme pour la Recherche Médicale,Other,Collaborator
4478,"Institute of Vaccines and Medical Biologicals, Vietnam",Industry,Lead
4478,"National Institute of Hygiene and Epidemiology, Vietnam",Other,Collaborator
4478,Hanoi Medical University,Other,Collaborator
4478,Center for Disease Control of Thai Binh Province,Other,Collaborator
4479,Merck Sharp & Dohme Corp.,Industry,Lead
4480,Centre de Recherche de l'Institut Universitaire en santé Mentale de Montréal,Other,Lead
4480,Yale University,Other,Collaborator
4481,Jagiellonian University,Other,Lead
4482,The Hospital for Sick Children,Other,Lead
4483,Apsen Farmaceutica S.A.,Industry,Lead
4483,Federal University of São Paulo,Other,Collaborator
4484,Hôpital Raymond Poincaré,Other,Lead
4484,Dominique FLETCHER MD-PhD,Other,Collaborator
4484,Guillaume GERI MD-PhD,Other,Collaborator
4484,Clement DURET MD,Other,Collaborator
4485,University of Oslo,Other,Lead
4485,Modum Bad,Other,Collaborator
4486,Azienda Sanitaria-Universitaria Integrata di Udine,Other,Lead
4486,Fondazione Toscana Gabriele Monasterio,Other,Collaborator
4486,"Policlinico Militare, Roma - Italy",Other,Collaborator
4486,Ospedale San Liberatore di Atri,Other,Collaborator
4486,Ospedale Umberto I di Torino,Other,Collaborator
4486,Università di Siena,Other,Collaborator
4486,Ospedale Civile di Lucca,Other,Collaborator
4486,Ospedale di Siracusa,Other,Collaborator
4486,Azienda Sanitaria Locale di Vercelli,Other,Collaborator
4487,"University Hospital, Toulouse",Other,Lead
4488,"University Hospital, Angers",Other,Lead
4489,Syndax Pharmaceuticals,Industry,Lead
4490,Beijing 302 Hospital,Other,Lead
4491,University of Pittsburgh,Other,Lead
4492,The Hospital for Sick Children,Other,Lead
4493,Wake Forest University Health Sciences,Other,Lead
4493,"William Madison Satterwhite III, MD",Other,Collaborator
4494,Nantes University Hospital,Other,Lead
4494,BPIfrance,Industry,Collaborator
4494,Xenothera SAS,Other,Collaborator
4495,Memorial Hermann Health System,Other,Lead
4496,ProgenaBiome,Other,Lead
4496,Topelia Therapeutics,Other,Collaborator
4497,Stanford University,Other,Lead
4498,Wroclaw Medical University,Other,Lead
4499,University of Milano Bicocca,Other,Lead
4500,Universidade Federal de Pernambuco,Other,Lead
4501,Barbara Carlson,Other,Lead
4501,Oklahoma Medical Research Foundation,Other,Collaborator
4501,University of Oklahoma,Other,Collaborator
4502,Pharming Technologies B.V.,Industry,Lead
4503,BioNTech RNA Pharmaceuticals GmbH,Industry,Lead
4503,"Shanghai Fosun Pharmaceutical Development Co, Ltd.",Other,Collaborator
4503,BioNTech SE,Other,Collaborator
4504,Case Western Reserve University,Other,Lead
4504,Duke University,NIH,Collaborator
4504,"Metro Health, Michigan",Other,Collaborator
4504,"National Heart, Lung, and Blood Institute (NHLBI)",Other,Collaborator
4504,University Hospitals Cleveland Medical Center,Other,Collaborator
4505,Assistance Publique - Hôpitaux de Paris,Other,Lead
4506,"University Hospital, Basel, Switzerland",Other,Lead
4506,Pharming Technologies B.V.,Industry,Collaborator
4507,The Cleveland Clinic,Other,Lead
4508,University Hospital Tuebingen,Other,Lead
4508,University Hospital Freiburg,Other,Collaborator
4508,RWTH Aachen University,Other,Collaborator
4508,University Hospital Muenster,Other,Collaborator
4509,Montefiore Medical Center,Other,Lead
4510,Ghurki Trust and Teaching Hospital,Other,Lead
4511,Dr. Behcet Uz Children's Hospital,Other,Lead
4512,Lazarski University,Other,Lead
4512,Poznan University of Medical Sciences,Other,Collaborator
4512,Medical University of Bialystok,Other,Collaborator
4512,Wroclaw Medical University,Other,Collaborator
4513,Regeneron Pharmaceuticals,Industry,Lead
4514,Hospices Civils de Lyon,Other,Lead
4515,Assistance Publique - Hôpitaux de Paris,Other,Lead
4516,University Hospital Erlangen,Other,Lead
4517,Providence Health & Services,Other,Lead
4517,OncoSec Medical Incorporated,Industry,Collaborator
4518,Maimónides Biomedical Research Institute of Córdoba,Other,Lead
4518,"Junta de Andalucía - Consejería de Salud y Familias, Spain",Industry,Collaborator
4518,Dynamic Solutions,Other,Collaborator
4518,"Faes Farma, S.A.",Other,Collaborator
4519,Hôpital de Verdun,Other,Lead
4520,Stanford University,Other,Lead
4521,Portsmouth Hospitals NHS Trust,Other,Lead
4522,"University Hospital, Ghent",Other,Lead
4523,Duke University,Other,Lead
4524,Geisinger Clinic,Other,Lead
4525,Negovsky Reanimatology Research Institute,Other,Lead
4525,Demikhov Municipal Clinical Hospital 68,Other,Collaborator
4526,Hospital Israelita Albert Einstein,Other,Lead
4526,Colgate Palmolive,Industry,Collaborator
4527,Hospital General Universitario de Valencia,Other,Lead
4528,Universidad de Granada,Other,Lead
4528,Chair in Conscience and Development (UGR),Other,Collaborator
4528,"Mind, Brain and Behaviour Research Centre (CIMCYC)",Other,Collaborator
4529,El Instituto Nacional de Neurologia y Neurocirugia Manuel Velasco Suarez,Other,Lead
4529,"Hospital Psiquiatrico Infantil Dr. Juan N. Navarro, Mexico",Other,Collaborator
4530,Massachusetts General Hospital,Other,Lead
4530,Xijing Hospital,Other,Collaborator
4530,"Fondazione IRCCS Ca' Granda, Ospedale Maggiore Policlinico",Other,Collaborator
4530,Niguarda Hospital,Other,Collaborator
4531,Regeneron Pharmaceuticals,Industry,Lead
4532,"Masonic Cancer Center, University of Minnesota",Other,Lead
4533,University of Erlangen-Nürnberg Medical School,Other,Lead
4534,UMC Utrecht,Other,Lead
4535,ProgenaBiome,Other,Lead
4535,Big Corona Ltd.,Other,Collaborator
4536,The University of Queensland,Other,Lead
4536,Griffith University,Other,Collaborator
4536,The Prince Charles Hospital,Other,Collaborator
4536,"Princess Alexandra Hospital, Brisbane, Australia",Other,Collaborator
4536,Telethon Kids Institute,Other,Collaborator
4536,"Queensland Children's Hospital, Brisbane, Australia",Other,Collaborator
4537,Burnasyan Federal Medical Biophysical Center,Other,Lead
4538,Ayan Sen,Other,Lead
4538,Mayo Clinic,Other,Collaborator
4539,"US Biotest, Inc.",Industry,Lead
4540,Arch Biopartners Inc.,Industry,Lead
4541,"University Hospital, Strasbourg, France",Other,Lead
4542,Klinikum der Universitaet Muenchen,Other,Lead
4543,Corat Therapeutics Gmbh,Industry,Lead
4544,Fondation Ophtalmologique Adolphe de Rothschild,Other,Lead
4544,Hopital Lariboisière,Other,Collaborator
4545,Gilead Sciences,Industry,Lead
4546,MedinCell S.A,Industry,Lead
4546,MAC Clinical Research,Other,Collaborator
4547,Immunic AG,Industry,Lead
4547,FGK Clinical Research GmbH,Other,Collaborator
4548,"Shanghai General Hospital, Shanghai Jiao Tong University School of Medicine",Other,Lead
4549,"Centro en Insuficiencia Cardiaca, Mexico",Other,Lead
4549,Instituto Nacional de Cardiologia Ignacio Chavez,Other,Collaborator
4549,Medica Sur Clinic & Foundation,Other,Collaborator
4550,University of Sao Paulo General Hospital,Other,Lead
4550,InCor Heart Institute,Other,Collaborator
4551,Mansoura University,Other,Lead
4552,NPO Petrovax,Industry,Lead
4552,CanSino Biologics Inc.,Other,Collaborator
4553,"Central Hospital, Nancy, France",Other,Lead
4554,ContraFect,Industry,Lead
4555,"Università degli Studi del Piemonte Orientale ""Amedeo Avogadro""",Other,Lead
4556,"Central Hospital, Nancy, France",Other,Lead
4556,Reims University Hospital,Other,Collaborator
4557,Massachusetts General Hospital,Other,Lead
4557,Patient-Centered Outcomes Research Institute,Other,Collaborator
4558,National Institute on Alcohol Abuse and Alcoholism (NIAAA),NIH,Lead
4558,National Institutes of Health Clinical Center (CC),Other,Collaborator
4559,"United Biomedical Inc., Asia",Industry,Lead
4559,COVAXX,Other,Collaborator
4560,University of Zimbabwe,Other,Lead
4560,"Ministry of Health and Child Care, Zimbabwe",Industry,Collaborator
4560,Centre for Sexual Health and HIV/AIDS Research Zimbabwe (CeSHHAR Zimbabwe),Other,Collaborator
4560,PENTA Foundation,Other,Collaborator
4560,ViiV Healthcare,Other,Collaborator
4560,"University College, London",Other,Collaborator
4561,University Children's Hospital Basel,Other,Lead
4562,BeiGene,Industry,Lead
4563,Hamad Medical Corporation,Industry,Lead
4564,Centre Hospitalier Universitaire de la Réunion,Other,Lead
4565,Belfast Health and Social Care Trust,Other,Lead
4565,"Queen's University, Belfast",Other,Collaborator
4565,Northern Ireland Clinical Trials Unit,Other,Collaborator
4565,NHS Blood and Transplant,Other,Collaborator
4566,Centre Hospitalier Universitaire Dijon,Other,Lead
4567,"Apellis Pharmaceuticals, Inc.",Industry,Lead
4568,University of Minnesota,Other,Lead
4569,National Human Genome Research Institute (NHGRI),NIH,Lead
4569,National Institutes of Health Clinical Center (CC),Other,Collaborator
4570,"University Hospital, Montpellier",Other,Lead
4571,University of Roma La Sapienza,Other,Lead
4572,Northwell Health,Other,Lead
4573,Karolinska Institutet,Other,Lead
4573,Sophiahemmet University,Other,Collaborator
4574,SENAI CIMATEC,Other,Lead
4575,Centre Hospitalier Universitaire Dijon,Other,Lead
4576,"Level 42 AI, Inc.",Industry,Lead
4576,Schmidt Futures,Other,Collaborator
4576,Johns Hopkins University,Other,Collaborator
4577,Assistance Publique - Hôpitaux de Paris,Other,Lead
4578,"University Hospital, Toulouse",Other,Lead
4578,"Institut National de la Santé Et de la Recherche Médicale, France",Other,Collaborator
4579,GlaxoSmithKline,Industry,Lead
4580,Hospital Universitari Vall d'Hebron Research Institute,Other,Lead
4581,Química Luar SRL,Industry,Lead
4581,"National Council of Scientific and Technical Research, Argentina",Other,Collaborator
4581,Centro de Excelencia en Productos y Procesos Córdoba,Other,Collaborator
4582,Pfizer,Industry,Lead
4583,University Hospitals of Derby and Burton NHS Foundation Trust,Other,Lead
4583,Nottingham Biomedical Research Centre,Other,Collaborator
4584,Uşak University,Other,Lead
4585,"University Hospital, Basel, Switzerland",Other,Lead
4585,Novartis,Industry,Collaborator
4585,Swiss National Science Foundation,Other,Collaborator
4586,Centre Hospitalier Sud Francilien,Other,Lead
4587,DILEK SAYIK,Other,Lead
4587,Eskisehir Osmangazi University,Other,Collaborator
4588,Assistance Publique - Hôpitaux de Paris,Other,Lead
4589,"University Hospital, Angers",Other,Lead
4590,Cambridge University Hospitals NHS Foundation Trust,Other,Lead
4591,Centre Hospitalier Universitaire de Saint Etienne,Other,Lead
4592,Islamia University of Bahawalpur,Other,Lead
4593,Sharp HealthCare,Other,Lead
4594,National Cancer Institute (NCI),NIH,Lead
4595,Wenwen Yin,Other,Lead
4595,Xuzhou No.1 Peoples Hospital,Other,Collaborator
4596,Instituto Mexicano del Seguro Social,Other,Lead
4597,Unity Health Toronto,Other,Lead
4597,Defence Research and Development Canada,Industry,Collaborator
4598,"Third Affiliated Hospital, Sun Yat-Sen University",Other,Lead
4599,Lawson Health Research Institute,Other,Lead
4600,French Cardiology Society,Other,Lead
4600,"Institut National de la Santé Et de la Recherche Médicale, France",Other,Collaborator
4601,IRCCS San Raffaele,Other,Lead
4601,Department of Transfusion Medicine Venice Area,Other,Collaborator
4601,"Istituto per lo Studio, la Prevenzione e la Rete Oncologica",Other,Collaborator
4602,Icahn School of Medicine at Mount Sinai,Other,Lead
4602,Boehringer Ingelheim,Industry,Collaborator
4603,"NGM Biopharmaceuticals, Inc",Industry,Lead
4604,"National Institute of Cardiology, Laranjeiras, Brazil",Other,Lead
4605,Swedish Orphan Biovitrum,Industry,Lead
4606,Misr University for Science and Technology,Other,Lead
4607,University of Sao Paulo General Hospital,Other,Lead
4607,Unity Health Toronto,Other,Collaborator
4607,University of Vermont Medical Center,Other,Collaborator
4608,Centre Hospitalier Universitaire de Nice,Other,Lead
4609,Hampshire Hospitals NHS Foundation Trust,Other,Lead
4610,"University Hospital, Clermont-Ferrand",Other,Lead
4610,Hospital Clínico Universitario de Valencia,Other,Collaborator
4610,University Hospital Schleswig-Holstein,Other,Collaborator
4610,Groupe Hospitalier Pitie-Salpetriere,Other,Collaborator
4611,Northwell Health,Other,Lead
4612,Hospital Universitari Vall d'Hebron Research Institute,Other,Lead
4613,Duke University,Other,Lead
4613,Patient-Centered Outcomes Research Institute,Other,Collaborator
4614,Gulhane Training and Research Hospital,Other,Lead
4615,Nobelpharma,Industry,Lead
4616,Centre Georges Francois Leclerc,Other,Lead
4617,Adana City Training and Research Hospital,Other,Lead
4618,Kirby Institute,Other,Lead
4618,"St Vincent's Hospital, Sydney",Industry,Collaborator
4618,Garvan Institute of Medical Research,Other,Collaborator
4618,"Westmead Hospital, Sydney, Australia",Other,Collaborator
4618,"Blacktown Hospital, Sydney, Australia",Other,Collaborator
4618,Holdsworth House Medical Practice,Other,Collaborator
4618,Royal North Shore Hospital,Other,Collaborator
4618,Melanoma Institute Australia,Other,Collaborator
4618,"Prince of Wales Hospital, Sydney",Other,Collaborator
4618,Gilead Sciences,Other,Collaborator
4618,Cancer Institute NSW,Other,Collaborator
4618,Cancer Council New South Wales,Other,Collaborator
4618,Positive Life NSW,Other,Collaborator
4618,"St George Hospital, Australia",Other,Collaborator
4618,"Liverpool Hospital, Sydney",Other,Collaborator
4619,Kafkas University,Other,Lead
4620,Ivano-Frankivsk National Medical University,Other,Lead
4621,University of Oslo,Other,Lead
4621,Modum Bad,Other,Collaborator
4622,"University Hospital, Montpellier",Other,Lead
4623,Pregistry,Industry,Lead
4623,Harvard School of Public Health,Other,Collaborator
4624,ZhiYong Peng,Other,Lead
4624,Tuohua Biological Technology Co. Ltd,Other,Collaborator
4624,Zhongnan Hospital,Other,Collaborator
4625,University of Edinburgh,Other,Lead
4626,"Central Hospital, Nancy, France",Other,Lead
4626,"Ministry of Health, France",Other,Collaborator
4626,Grand Est Region,Other,Collaborator
4626,University Hospital of Saint-Etienne,Other,Collaborator
4627,University of Cologne,Other,Lead
4628,Athena Robinson,Industry,Lead
4628,Stanford University,Other,Collaborator
4628,"Woebot Labs, Inc.",Other,Collaborator
4629,"University Hospital, Montpellier",Other,Lead
4630,Charité Research Organisation GmbH,Other,Lead
4630,Bayer,Industry,Collaborator
4631,"ND Sciences, LLC",Industry,Lead
4631,"University of California, Irvine",Other,Collaborator
4632,Hasselt University,Other,Lead
4632,Jessa Hospital,Other,Collaborator
4633,Sheffield Teaching Hospitals NHS Foundation Trust,Other,Lead
4633,University of Sheffield,Other,Collaborator
4634,Somerset NHS Foundation Trust,Other,Lead
4634,University of Exeter,Other,Collaborator
4634,University of Plymouth,Other,Collaborator
4635,National Human Genome Research Institute (NHGRI),NIH,Lead
4635,National Institutes of Health Clinical Center (CC),Other,Collaborator
4636,Universidad Autónoma de Encarnación,Other,Lead
4636,Salumedia Labs,Industry,Collaborator
4636,University of Valencia,Other,Collaborator
4637,Direction Centrale du Service de Santé des Armées,Other,Lead
4638,Jennifer Woyach,Other,Lead
4638,National Cancer Institute (NCI),NIH,Collaborator
4638,"Janssen Scientific Affairs, LLC",Industry,Collaborator
4638,Ohio State University Comprehensive Cancer Center,Other,Collaborator
4639,Bharat Biotech International Limited,Industry,Lead
4639,Indian Council of Medical Research,Other,Collaborator
4640,The Cleveland Clinic,Other,Lead
4640,Novartis,Industry,Collaborator
4641,Investigación en Hemofilia y Fisioterapia,Other,Lead
4642,"University College, London",Other,Lead
4643,Naser Morina,Other,Lead
4643,The University of New South Wales,Other,Collaborator
4643,University of Zurich,Other,Collaborator
4644,Laval University,Other,Lead
4645,University of Hawaii,Other,Lead
4645,Queens Medical Center,Other,Collaborator
4646,National Taiwan University Hospital,Other,Lead
4647,National Institute of Neurological Disorders and Stroke (NINDS),NIH,Lead
4647,National Institutes of Health Clinical Center (CC),Other,Collaborator
4648,Brigham and Women's Hospital,Other,Lead
4649,"CalciMedica, Inc.",Industry,Lead
4650,King Faisal Specialist Hospital & Research Center,Other,Lead
4650,Society of Critical Care Medicine,Other,Collaborator
4651,Sisli Hamidiye Etfal Training and Research Hospital,Other,Lead
4652,Szeged University,Other,Lead
4653,Centre Hospitalier Universitaire de Saint Etienne,Other,Lead
4653,CHU Saint-Etienne - Laboratoire de Pharmacologie - Toxicologie - Gaz du sang,Other,Collaborator
4654,University Medicine Greifswald,Other,Lead
4655,Bangkok Metropolitan Administration Medical College and Vajira Hospital,Other,Lead
4656,UKK Institute,Other,Lead
4656,North Karelia Hospital District,Other,Collaborator
4656,University of Eastern Finland,Other,Collaborator
4657,The University of Hong Kong,Other,Lead
4658,Istituto Oncologico Veneto IRCCS,Other,Lead
4659,"University Hospital, Angers",Other,Lead
4659,Mylan Laboratories,Industry,Collaborator
4660,Yale University,Other,Lead
4660,Agency for Healthcare Research and Quality (AHRQ),U.S. Fed,Collaborator
4661,Baqiyatallah Medical Sciences University,Other,Lead
4662,"University Hospital, Angers",Other,Lead
4663,"Teachers College, Columbia University",Other,Lead
4663,University of Michigan,Other,Collaborator
4664,Montefiore Medical Center,Other,Lead
4665,"University Health Network, Toronto",Other,Lead
4666,"University Hospital Inselspital, Berne",Other,Lead
4666,University of Bern,Other,Collaborator
4666,Lucerne University of Applied Sciences and Arts,Other,Collaborator
4667,Hospital General de Niños Pedro de Elizalde,Other,Lead
4668,"ModernaTX, Inc.",Industry,Lead
4669,Changhai Hospital,Other,Lead
4670,Direction Centrale du Service de Santé des Armées,Other,Lead
4670,Institut de Recherche Biomedicale des Armees,Other,Collaborator
4671,"University Hospital, Toulouse",Other,Lead
4672,University of Oslo,Other,Lead
4672,Modum Bad,Other,Collaborator
4672,Oslo Metropolitan University,Other,Collaborator
4672,University of Bergen,Other,Collaborator
4673,Lazarski University,Other,Lead
4673,Poznan University of Medical Sciences,Other,Collaborator
4673,Wroclaw Medical University,Other,Collaborator
4673,Medical University of Bialystok,Other,Collaborator
4674,University Ghent,Other,Lead
4675,Centre Hospitalier Universitaire Dijon,Other,Lead
4676,Universidad de Sonora,Other,Lead
4677,"University Health Network, Toronto",Other,Lead
4678,CanSino Biologics Inc.,Industry,Lead
4678,Beijing Institute of Biotechnology,Other,Collaborator
4678,Jiangsu Province Centers for Disease Control and Prevention,Other,Collaborator
4679,St. Joseph's Healthcare Hamilton,Other,Lead
4680,University of Oslo,Other,Lead
4680,Modum Bad,Other,Collaborator
4681,National Institutes of Health Clinical Center (CC),NIH,Lead
4682,Hull University Teaching Hospitals NHS Trust,Other,Lead
4683,Ology Bioservices,Industry,Lead
4683,Enabling Biotechnologies (EB),Other,Collaborator
4684,"University Hospital, Montpellier",Other,Lead
4684,"Epsylon Laboratory, EA 4556, University Paul Valéry Montpellier 3, France",Other,Collaborator
4684,"Laboratoy LIP/PC2S, University Grenobles-Alpes, Grenoble, France",Other,Collaborator
4684,"Centre référent de réhabilitation psychosociale de Grenoble, Grenoble, France",Other,Collaborator
4685,Norwegian Department of Health and Social Affairs,Other,Lead
4686,University of Minnesota,Other,Lead
4687,Entos Pharmaceuticals Inc.,Industry,Lead
4687,Canadian Institutes of Health Research (CIHR),Other,Collaborator
4688,Hacettepe University,Other,Lead
4689,Tanta University,Other,Lead
4690,Temple University,Other,Lead
4691,University of Oslo,Other,Lead
4691,Modum Bad,Other,Collaborator
4692,Vastra Gotaland Region,Other,Lead
4692,Detectivio AB,Other,Collaborator
4693,Acibadem University,Other,Lead
4694,COVAXX,Industry,Lead
4694,Diagnósticos da América S/A (DASA),Other,Collaborator
4695,"University of California, Irvine",Other,Lead
4695,City University of Hong Kong,Other,Collaborator
4695,"University of California, Los Angeles",Other,Collaborator
4696,Bangkok Metropolitan Administration Medical College and Vajira Hospital,Other,Lead
4697,M.D. Anderson Cancer Center,Other,Lead
4697,National Cancer Institute (NCI),NIH,Collaborator
4698,University of Lahore,Other,Lead
4699,Islamia University of Bahawalpur,Other,Lead
4700,University of Chile,Other,Lead
4701,Istanbul University-Cerrahpasa,Other,Lead
4702,University of Milan,Other,Lead
4702,"Fondazione ""Un Cuore per Milano"" - a no profit foundation",Other,Collaborator
4703,Marker Therapeutics AG,Industry,Lead
4703,Terumo BCT,Other,Collaborator
4704,"Central Hospital, Nancy, France",Other,Lead
4705,Duke University,Other,Lead
4706,"University Hospital, Strasbourg, France",Other,Lead
4707,Weill Medical College of Cornell University,Other,Lead
4708,Merck Sharp & Dohme Corp.,Industry,Lead
4709,"University of California, Irvine",Other,Lead
4710,University of Milano Bicocca,Other,Lead
4710,Azienda Ospedaliera San Gerardo di Monza,Other,Collaborator
4711,Cliniques universitaires Saint-Luc- Université Catholique de Louvain,Other,Lead
4712,Universidad Politecnica de Madrid,Other,Lead
4712,Hospital Severo Ochoa,Other,Collaborator
4712,Puerta de Hierro University Hospital,Other,Collaborator
4712,Hospital Vall d'Hebron,Other,Collaborator
4712,Hospital Universitario de Torrejón de Ardoz,Other,Collaborator
4712,Clínica Zuatzu de San Sebastián,Other,Collaborator
4713,Ankara Yildirim Beyazıt University,Other,Lead
4714,Columbia University,Other,Lead
4715,National Taiwan University Hospital,Other,Lead
4716,University Hospitals Cleveland Medical Center,Other,Lead
4716,Northwestern University,Other,Collaborator
4717,Hengenix Biotech Inc,Industry,Lead
4718,"University Health Network, Toronto",Other,Lead
4719,NHS Greater Glasgow and Clyde,Other,Lead
4719,"Jean Brown Bequest Fund, Glasgow",Other,Collaborator
4720,Universitat Internacional de Catalunya,Other,Lead
4721,Duke University,Other,Lead
4721,National Center for Complementary and Integrative Health (NCCIH),NIH,Collaborator
4722,"University Health Network, Toronto",Other,Lead
4722,Sunnybrook Health Sciences Centre,Other,Collaborator
4722,University of Toronto,Other,Collaborator
4723,Bursa Yüksek İhtisas Education and Research Hospital,Other,Lead
4724,"Mount Sinai Hospital, Canada",Other,Lead
4724,Canadian Institutes of Health Research (CIHR),Other,Collaborator
4725,The University of Hong Kong,Other,Lead
4725,"Queen Mary Hospital, Hong Kong",Other,Collaborator
4726,University of British Columbia,Other,Lead
4726,University of Victoria,Other,Collaborator
4727,Lawson Health Research Institute,Other,Lead
4727,Art of Living Foundation,Other,Collaborator
4728,Cliniques universitaires Saint-Luc- Université Catholique de Louvain,Other,Lead
4729,"National Bureau of Economic Research, Inc.",Other,Lead
4729,Massachusetts Institute of Technology,Other,Collaborator
4729,Harvard University,Other,Collaborator
4729,Massachusetts General Hospital,Other,Collaborator
4729,Yale University,Other,Collaborator
4729,Stanford University,Other,Collaborator
4730,University of Sao Paulo,Other,Lead
4730,Federal University of Paraíba,Other,Collaborator
4730,Federal University of São Paulo,Other,Collaborator
4731,Fondazione I.R.C.C.S. Istituto Neurologico Carlo Besta,Other,Lead
4731,University of Milano Bicocca,Other,Collaborator
4732,Clinical Exercise Physiology and Rehabilitation Reasearch Laboratory,Other,Lead
4732,University of Thessaly,Other,Collaborator
4733,Sanofi,Industry,Lead
4733,Regeneron Pharmaceuticals,Other,Collaborator
4734,University of Leicester,Other,Lead
4734,"University Hospitals, Leicester",Other,Collaborator
4735,University of Bern,Other,Lead
4735,Ursula Wirz Stiftung,Other,Collaborator
4736,Hopital Foch,Other,Lead
4736,Hospital Ambroise Paré Paris,Other,Collaborator
4736,"University Hospital, Brest",Other,Collaborator
4737,"Telios Pharma, Inc.",Industry,Lead
4738,Shaare Zedek Medical Center,Other,Lead
4739,Maastricht University Medical Center,Other,Lead
4740,Astana Medical University,Other,Lead
4741,"ISPA - Instituto Universitario de Ciencias Psicologicas, Sociais e da Vida",Other,Lead
4741,Fundação para a Ciência e a Tecnologia,Other,Collaborator
4742,Hospices Civils de Lyon,Other,Lead
4743,Derince Training and Research Hospital,Other,Lead
4744,Universitätsklinikum Hamburg-Eppendorf,Other,Lead
4745,Applied Science Private University,Other,Lead
4746,Centre Hospitalier Universitaire de Nice,Other,Lead
4747,University Hospital Southampton NHS Foundation Trust,Other,Lead
4747,Dorset HealthCare University NHS Foundation Trust,Other,Collaborator
4748,Semmelweis University,Other,Lead
4749,Biocon Limited,Industry,Lead
4750,"University Hospital, Toulouse",Other,Lead
4751,Centre Hospitalier Universitaire de Saint Etienne,Other,Lead
4752,Lazarski University,Other,Lead
4752,Poznan University of Medical Sciences,Other,Collaborator
4752,Medical University of Bialystok,Other,Collaborator
4752,Wroclaw Medical University,Other,Collaborator
4753,"University Hospital, Essen",Other,Lead
4754,Alan Bryce,Other,Lead
4754,Academic and Community Cancer Research United,Other,Collaborator
4755,Fatih Sultan Mehmet Training and Research Hospital,Other,Lead
4756,Khalifa University for Science and Technology,Other,Lead
4756,Zayed Military Hospital,Industry,Collaborator
4756,Abu Dhabi University,Other,Collaborator
4756,Cleveland Clinic Abu Dhabi,Other,Collaborator
4756,Sheikh Khalifa Medical City,Other,Collaborator
4756,Sheikh Shakhbout Medical City,Other,Collaborator
4756,Mediclinic Middle East,Other,Collaborator
4756,Myriad Global Solutions,Other,Collaborator
4757,NHS Greater Glasgow and Clyde,Other,Lead
4757,University of Strathclyde,Other,Collaborator
4757,Glasgow Royal Infirmary,Other,Collaborator
4758,VA Office of Research and Development,U.S. Fed,Lead
4759,"University of California, Riverside",Other,Lead
4759,University of South Florida,Other,Collaborator
4759,University of Southern California,Other,Collaborator
4759,HIV+Aging Research Project-Palm Springs,Other,Collaborator
4760,Istanbul University-Cerrahpasa,Other,Lead
4761,AusculSciences Canada Inc.,Industry,Lead
4761,Ottawa Heart Institute Research Corporation,Other,Collaborator
4762,"Sironax USA, Inc.",Industry,Lead
4763,Dascena,Industry,Lead
4764,University Hospital Center of Martinique,Other,Lead
4765,Duke University,Other,Lead
4766,Durect,Industry,Lead
4767,Kars State Hospital,Other,Lead
4768,Ohio State University,Other,Lead
4769,Assiut University,Other,Lead
4770,University of Oslo,Other,Lead
4770,Modum Bad,Other,Collaborator
4771,Ain Shams University,Other,Lead
4772,Catalysis SL,Industry,Lead
4773,Universidade Estadual de Londrina,Other,Lead
4774,University of Alabama at Birmingham,Other,Lead
4774,"University of California, San Francisco",Other,Collaborator
4774,Tulane University,Other,Collaborator
4775,Sisli Hamidiye Etfal Training and Research Hospital,Other,Lead
4776,University of Lahore,Other,Lead
4777,"University Hospital, Angers",Other,Lead
4778,Istanbul University-Cerrahpasa,Other,Lead
4779,University of Oslo,Other,Lead
4779,Modum Bad,Other,Collaborator
4780,Seoul National University Hospital,Other,Lead
4781,"University Hospital, Essen",Other,Lead
4782,Karolinska Institutet,Other,Lead
4782,"Stockholm County Council, Sweden",Other,Collaborator
4783,Unity Health Toronto,Other,Lead
4783,Providence Healthcare,Other,Collaborator
4784,Centre Hospitalier Universitaire de Saint Etienne,Other,Lead
4784,University of Saint-Etienne,Other,Collaborator
4784,Laboratoire des Adaptations Métaboliques à l'Exercice en conditions Physiologiques et Pathologiques,Other,Collaborator
4785,"Brian Tiffany, MD",Other,Lead
4785,Chandler Regional Medical Center,Other,Collaborator
4785,Arizona General Hospital,Other,Collaborator
4785,Mercy Gilbert Medical Center,Other,Collaborator
4785,"St. Joseph's Hospital and Medical Center, Phoenix",Other,Collaborator
4786,Peking Union Medical College Hospital,Other,Lead
4786,"Tongji Hospital of Tongji Medical College, Huazhong University of Science and Technology",Other,Collaborator
4787,Rush University Medical Center,Other,Lead
4787,Central Michigan University,Other,Collaborator
4788,Assistance Publique - Hôpitaux de Paris,Other,Lead
4788,"Institut National de la Santé Et de la Recherche Médicale, France",Other,Collaborator
4789,Fundación Pública Andaluza para la gestión de la Investigación en Sevilla,Other,Lead
4789,Spanish Network for Research in Infectious Diseases,Other,Collaborator
4789,Grupo de Estudio de la Infección en el Trasplante (GESITRA),Other,Collaborator
4790,Dr Medhat Khafagy,Other,Lead
4790,Cairo University,Other,Collaborator
4791,University of Sao Paulo,Other,Lead
4792,"University of California, San Francisco",Other,Lead
4793,The Cleveland Clinic,Other,Lead
4794,Hospital de Clinicas de Porto Alegre,Other,Lead
4795,Pierre and Marie Curie University,Other,Lead
4796,"Institute of Cancer Research, United Kingdom",Other,Lead
4796,Royal Marsden NHS Foundation Trust,Other,Collaborator
4797,Hunter Holmes Mcguire Veteran Affairs Medical Center,U.S. Fed,Lead
4797,McGuire Research Institute,Other,Collaborator
4798,"Rutgers, The State University of New Jersey",Other,Lead
4798,Harvard Medical School,Other,Collaborator
4799,"Clinical Nutrition Research Center, Illinois Institute of Technology",Industry,Lead
4800,Austin Health,Other,Lead
4801,"University Hospital, Angers",Other,Lead
4802,Medipol University,Other,Lead
4803,Jennifer Couturier,Other,Lead
4803,McMaster University,Other,Collaborator
4804,Veru Inc.,Industry,Lead
4805,Fundación Pública Andaluza para la Investigación de Málaga en Biomedicina y Salud,Other,Lead
4806,University of Chile,Other,Lead
4807,University of Toronto,Other,Lead
4808,KK Women's and Children's Hospital,Other,Lead
4808,Duke University,Other,Collaborator
4808,Duke-NUS Graduate Medical School,Other,Collaborator
4808,Sport Singapore,Other,Collaborator
4808,"Health Promotion Board, Singapore",Other,Collaborator
4809,University of Zurich,Other,Lead
4809,"University Hospital Inselspital, Berne",Other,Collaborator
4809,"University Hospital, Geneva",Other,Collaborator
4809,Centre Hospitalier Universitaire Vaudois,Other,Collaborator
4809,"University Hospital, Basel, Switzerland",Other,Collaborator
4809,Oncology Institute of Southern Switzerland,Other,Collaborator
4809,Clinica Luganese Moncucco,Other,Collaborator
4810,Sumeyra Yılmaz,Other,Lead
4810,Saglik Bilimleri Universitesi,Other,Collaborator
4811,"University Hospital, Strasbourg, France",Other,Lead
4811,"VISIBLE PATIENT, E-MEDIA",Other,Collaborator
4812,"Rutgers, The State University of New Jersey",Other,Lead
4812,SynaVir,Other,Collaborator
4813,Universitaire Ziekenhuizen Leuven,Other,Lead
4814,Ain Shams University,Other,Lead
4815,Tongji Hospital,Other,Lead
4816,Fundação de Medicina Tropical Dr. Heitor Vieira Dourado,Other,Lead
4817,Humanetics Corporation,Industry,Lead
4817,NYU Langone Health,Other,Collaborator
4817,National Institute of Allergy and Infectious Diseases (NIAID),NIH,Collaborator
4818,KTO Karatay University,Other,Lead
4819,University of Manchester,Other,Lead
4820,Tongji Hospital,Other,Lead
4821,Università Politecnica delle Marche,Other,Lead
4822,Lake Erie College of Osteopathic Medicine,Other,Lead
4823,Royal National Orthopaedic Hospital NHS Trust,Other,Lead
4824,Centre for Addiction and Mental Health,Other,Lead
4825,"Limbix Health, Inc.",Industry,Lead
4826,University of Oslo,Other,Lead
4826,Modum Bad,Other,Collaborator
4827,Centre for Addiction and Mental Health,Other,Lead
4828,Vanda Pharmaceuticals,Industry,Lead
4829,University of Giessen,Other,Lead
4830,"University Hospital, Lille",Other,Lead
4831,University of Lahore,Other,Lead
4832,Tongji Hospital,Other,Lead
4833,Real Centro Universitario Maria Cristina,Other,Lead
4833,University of Birmingham,Other,Collaborator
4833,Instituto de Investigación Sanitaria de la Fundación Jiménez Díaz,Other,Collaborator
4833,Université du Québec à Trois-Rivières,Other,Collaborator
4834,Peking University People's Hospital,Other,Lead
4835,"University of California, Los Angeles",Other,Lead
4836,MJM Bonten,Other,Lead
4836,Australian and New Zealand Intensive Care Research Centre,Other,Collaborator
4836,Medical Research Institute of New Zealand,Other,Collaborator
4836,Unity Health,Other,Collaborator
4836,Berry Consultants,Other,Collaborator
4836,Global Coalition for Adaptive Research,Other,Collaborator
4836,University of Pittsburgh Medical Center,Other,Collaborator
4836,UMC Utrecht,Other,Collaborator
4837,Ontario Medical Association,Other,Lead
4837,The Behavioural Insights Team,Other,Collaborator
4838,Guangzhou Blood Center,Other,Lead
4839,NPO Petrovax,Industry,Lead
4840,Boston Medical Center,Other,Lead
4840,Patient-Centered Outcomes Research Institute,U.S. Fed,Collaborator
4840,United States Department of Agriculture (USDA),Other,Collaborator
4840,Krupp Family Foundation,Other,Collaborator
4840,Waldron Charitable Fund,Other,Collaborator
4841,Peking University Third Hospital,Other,Lead
4841,"School of Pharmaceutical Sciences, Peking University, Beijing, China",Other,Collaborator
4841,"Department of Medicine, Queen's University, Kingston, Ontario, Canada",Other,Collaborator
4842,Sanofi,Industry,Lead
4843,"University Hospital, Montpellier",Other,Lead
4844,Changhai Hospital,Other,Lead
4845,"Consorcio Centro de Investigación Biomédica en Red, M.P.",Other,Lead
4845,Barcelona Supercomputing Center,Other,Collaborator
4845,Carlos III Health Institute,Other,Collaborator
4846,Tongji Hospital,Other,Lead
4847,Assistance Publique - Hôpitaux de Paris,Other,Lead
4848,"University Hospital, Angers",Other,Lead
4849,CanSino Biologics Inc.,Industry,Lead
4849,Beijing Institute of Biotechnology,Other,Collaborator
4849,Jiangsu Province Centers for Disease Control and Prevention,Other,Collaborator
4850,Rumah Sakit Pusat Angkatan Darat Gatot Soebroto,Other,Lead
4851,Medical University of Vienna,Other,Lead
4852,Medipol University,Other,Lead
4853,"University Hospital, Strasbourg, France",Other,Lead
4854,Viela Bio,Industry,Lead
4855,Bakirkoy Dr. Sadi Konuk Research and Training Hospital,Other,Lead
4856,Istinye University,Other,Lead
4857,Groupe Hospitalier Pitie-Salpetriere,Other,Lead
4857,CMC Ambroise Paré,Other,Collaborator
4858,CHU de Reims,Other,Lead
4859,University of Lethbridge,Other,Lead
4860,Acticor Biotech,Industry,Lead
4861,University of Oslo,Other,Lead
4861,Modum Bad,Other,Collaborator
4862,Guangzhou Blood Center,Other,Lead
4863,Northwell Health,Other,Lead
4864,King's College London,Other,Lead
4864,Guy's & St Thomas NHS Foundation Trust,Other,Collaborator
4865,Aarogyam UK,Other,Lead
4865,NMP Medical Research Institute,Other,Collaborator
4865,Dr. Sarvepalli Radhakrishnan Rajasthan Ayurved University,Other,Collaborator
4866,Investigacion Biomedica para el Desarrollo de Farmacos S.A. de C.V.,Other,Lead
4867,Fundação de Medicina Tropical Dr. Heitor Vieira Dourado,Other,Lead
4868,Guangzhou Blood Center,Other,Lead
4869,University of Sheffield,Other,Lead
4869,Sheffield Teaching Hospitals NHS Foundation Trust,Other,Collaborator
4869,The Leeds Teaching Hospitals NHS Trust,Other,Collaborator
4869,York Teaching Hospitals NHS Foundation Trust,Other,Collaborator
4869,Bradford Teaching Hospitals NHS Foundation Trust,Other,Collaborator
4870,Drexel University,Other,Lead
4870,National Institute of Mental Health (NIMH),NIH,Collaborator
4871,ShuGuang Hospital,Other,Lead
4871,Hubei Hospital of Traditional Chinese Medicine,Other,Collaborator
4871,Jingmen No.1 People's Hospital,Other,Collaborator
4872,Fondazione Don Carlo Gnocchi Onlus,Other,Lead
4873,Real Centro Universitario Maria Cristina,Other,Lead
4873,Université du Québec à Trois-Rivières,Other,Collaborator
4873,University of Birmingham,Other,Collaborator
4874,Menoufia University,Other,Lead
4875,"University Hospital, Clermont-Ferrand",Other,Lead
4876,University of Erlangen-Nürnberg Medical School,Other,Lead
4876,Friedrich-Alexander-Universität Erlangen-Nürnberg,Other,Collaborator
4877,IRCCS Policlinico S. Matteo,Other,Lead
4878,Vanderbilt University Medical Center,Other,Lead
4879,Hebrew University of Jerusalem,Other,Lead
4880,University of Missouri-Columbia,Other,Lead
4881,"Universidad Iberoamericana A.C., Mexico",Other,Lead
4882,University of Pisa,Other,Lead
4883,Princess Alexandra Hospital NHS Trust,Other,Lead
4884,Roswell Park Cancer Institute,Other,Lead
4884,National Cancer Institute (NCI),NIH,Collaborator
4884,AIM ImmunoTech Inc.,Industry,Collaborator
4885,"ModernaTX, Inc.",Industry,Lead
4886,"Genentech, Inc.",Industry,Lead
4887,Centre Leon Berard,Other,Lead
4888,Saint-Joseph University,Other,Lead
4889,University of Sydney,Other,Lead
4889,"Bionet Co., Ltd",Industry,Collaborator
4889,Technovalia,Other,Collaborator
4889,Telethon Kids Institute,Other,Collaborator
4889,Institute for Clinical Pathology and Medical Research,Other,Collaborator
4890,Medical University of South Carolina,Other,Lead
4890,National Institutes of Health (NIH),NIH,Collaborator
4890,National Institute of General Medical Sciences (NIGMS),Other,Collaborator
4891,University of Oslo,Other,Lead
4891,Modum Bad,Other,Collaborator
4892,University of Sao Paulo,Other,Lead
4893,Aarogyam UK,Other,Lead
4894,University of Oslo,Other,Lead
4894,Modum Bad,Other,Collaborator
4895,Laval University,Other,Lead
4896,"CalciMedica, Inc.",Industry,Lead
4896,Northwestern University,Other,Collaborator
4897,Monash University Malaysia,Other,Lead
4898,State University of New York at Buffalo,Other,Lead
4899,Chinese University of Hong Kong,Other,Lead
4900,University Ghent,Other,Lead
4901,"University Hospital, Montpellier",Other,Lead
4902,University of Oslo,Other,Lead
4902,Modum Bad,Other,Collaborator
4903,University of New Mexico,Other,Lead
4904,Centre Hospitalier Universitaire Dijon,Other,Lead
4905,"University Hospital, Geneva",Other,Lead
4906,"Western University, Canada",Other,Lead
4906,Duke University,Other,Collaborator
4907,University of Oslo,Other,Lead
4907,Modum Bad,Other,Collaborator
4908,"University Hospital, Montpellier",Other,Lead
4908,"University of Montpellier 3 (Pr. Stéphane Raffard, PhD)",Other,Collaborator
4908,University of Reims Champagne-Ardenne (Ali Oker PhD),Other,Collaborator
4909,Prof. Dr. Andrew Gloster,Other,Lead
4909,"State Secretariat for Education Research and Innovation, Switzerland",Other,Collaborator
4909,ETH Zurich (Switzerland),Other,Collaborator
4909,University of Basel,Other,Collaborator
4910,The University of Queensland,Other,Lead
4910,University of Sydney,Other,Collaborator
4910,"University of California, San Diego",Other,Collaborator
4911,Uppsala University,Other,Lead
4911,"Västmanland County Council, Sweden",Other,Collaborator
4912,Université de Montréal,Other,Lead
4913,Karolinska Institutet,Other,Lead
4914,Larkin Community Hospital,Other,Lead
4915,Poitiers University Hospital,Other,Lead
4916,University of Sao Paulo General Hospital,Other,Lead
4917,Betsi Cadwaladr University Health Board,Other,Lead
4917,Oxford Brookes University,Other,Collaborator
4918,Assistance Publique - Hôpitaux de Paris,Other,Lead
4919,Federal University of Pelotas,Other,Lead
4920,Queen Mary University of London,Other,Lead
4920,Closed Loop Medicine Ltd,Other,Collaborator
4920,Innovate UK,Other,Collaborator
4921,Jiangxi Qingfeng Pharmaceutical Co. Ltd.,Industry,Lead
4922,Inovio Pharmaceuticals,Industry,Lead
4922,Coalition for Epidemic Preparedness Innovations,Other,Collaborator
4923,Lawson Health Research Institute,Other,Lead
4924,Assiut University,Other,Lead
4925,Istituto Ortopedico Rizzoli,Other,Lead
4926,ELHARRAR Xavier,Other,Lead
4926,Centre Hospitalier Intercommunal Aix-Pertuis,Other,Collaborator
4927,Sheffield Teaching Hospitals NHS Foundation Trust,Other,Lead
4928,Dermatrials Research,Other,Lead
4929,Bharat Biotech International Limited,Industry,Lead
4930,"University Hospital, Clermont-Ferrand",Other,Lead
4930,"Faculty of Medicine and Paramedical Professions, Clermont-Ferrand, France",Other,Collaborator
4931,Desmond Tutu HIV Foundation,Other,Lead
4931,ViiV Healthcare,Industry,Collaborator
4931,Karolinska Institutet,Other,Collaborator
4931,"University of North Carolina, Chapel Hill",Other,Collaborator
4931,University of KwaZulu,Other,Collaborator
4932,University of Sao Paulo General Hospital,Other,Lead
4933,Instituto Nacional de Ciencias Medicas y Nutricion Salvador Zubiran,Other,Lead
4934,NHS Greater Glasgow and Clyde,Other,Lead
4934,"Jean Brown Bequest Fund, Glasgow, UK",Other,Collaborator
4935,Boehringer Ingelheim,Industry,Lead
4936,Veru Inc.,Industry,Lead
4937,Prof. Dr. Cemil Tascıoglu Education and Research Hospital Organization,Other,Lead
4938,Erasme University Hospital,Other,Lead
4938,Université Libre de Bruxelles,Other,Collaborator
4938,King Baudouin Foundation,Other,Collaborator
4939,University of Michigan,Other,Lead
4939,National Center for Complementary and Integrative Health (NCCIH),NIH,Collaborator
4940,Erasme University Hospital,Other,Lead
4940,Federal University of Minas Gerais,Other,Collaborator
4940,Angitec,Other,Collaborator
4940,Fonds Erasme pour la Recherche Medicale,Other,Collaborator
4941,Xinxiang medical university,Other,Lead
4941,First Affiliated Hospital of Xinjiang Medical University,Other,Collaborator
4942,Instituto Mexicano del Seguro Social,Other,Lead
4943,Université Catholique de Louvain,Other,Lead
4944,National University of Natural Medicine,Other,Lead
4945,NP Therapeutics,Other,Lead
4946,Tel Aviv University,Other,Lead
4947,Università Politecnica delle Marche,Other,Lead
4947,Azienda Ospedaliera Ospedali Riuniti Marche Nord,Other,Collaborator
4948,"Arcturus Therapeutics, Inc.",Industry,Lead
4949,Ottawa Hospital Research Institute,Other,Lead
4950,University Hospital Southampton NHS Foundation Trust,Other,Lead
4950,Cambridge University Hospitals NHS Foundation Trust,Other,Collaborator
4950,Alder Hey Children's Hospital,Other,Collaborator
4950,Birmingham Children's Hospital,Other,Collaborator
4950,Bradford Royal Infirmary,Other,Collaborator
4950,Bristol Royal Hospital for Children,Other,Collaborator
4950,Cardiff and Vale University Health Board,Other,Collaborator
4950,Great North Children's Hospital,Other,Collaborator
4950,Great Ormond Street Hospital for Children NHS Foundation Trust,Other,Collaborator
4950,Oxford University Hospitals NHS Trust,Other,Collaborator
4950,Leeds Teaching Hospitals NHS Trust,Other,Collaborator
4950,Norfolk and Norwich University Hospitals NHS Foundation Trust,Other,Collaborator
4950,Nottingham Children's Hospital,Other,Collaborator
4950,Royal Alexandra Children's Hospital,Other,Collaborator
4950,"Royal Hospital for Sick Children, Glasgow",Other,Collaborator
4950,Royal Manchester Children's Hospital,Other,Collaborator
4950,Royal Marsden NHS Foundation Trust,Other,Collaborator
4950,Northern Care Alliance NHS Group,Other,Collaborator
4950,Royal Sussex County Hospital,Other,Collaborator
4950,Sheffield Children's NHS Foundation Trust,Other,Collaborator
4950,St George's University Hospital National Health Service Foundation Trust,Other,Collaborator
4950,Swansea Bay University Health Board,Other,Collaborator
4950,University College London Hospitals,Other,Collaborator
4950,University Hospitals Coventry and Warwickshire National Health Service Trust,Other,Collaborator
4950,East Lancashire Hospitals National Health Service Trust,Other,Collaborator
4950,Imperial College Healthcare National Health Service Trust,Other,Collaborator
4950,National Heatlh Service Ayrshire and Arran,Other,Collaborator
4951,Hospital Clinica Nova,Other,Lead
4952,University Hospital Southampton NHS Foundation Trust,Other,Lead
4952,Macmillan Cancer Support,Other,Collaborator
4952,CanRehab Trust,Other,Collaborator
4952,Wessex Cancer Alliance,Other,Collaborator
4953,Klinikum Bayreuth GmbH,Industry,Lead
4954,King Faisal Specialist Hospital & Research Center,Other,Lead
4955,Assistance Publique - Hôpitaux de Paris,Other,Lead
4956,University of Minnesota,Other,Lead
4956,Makerere University,Other,Collaborator
4957,Regeneron Pharmaceuticals,Industry,Lead
4958,Bioaraba Health Research Institute,Other,Lead
4958,Fundación Eduardo Anitua,Other,Collaborator
4959,Institute of Mountain Emergency Medicine,Other,Lead
4960,Sanatorio Anchorena San Martin,Other,Lead
4961,Vakzine Projekt Management GmbH,Industry,Lead
4961,FGK Clinical Research GmbH,Other,Collaborator
4962,"University of Campania ""Luigi Vanvitelli""",Other,Lead
4963,University of Ottawa,Other,Lead
4963,Hopital du Sacre-Coeur de Montreal,Other,Collaborator
4963,Sunnybrook Health Sciences Centre,Other,Collaborator
4963,Southlake Regional Health Centre,Other,Collaborator
4963,The Ottawa Hospital Research Institute,Other,Collaborator
4963,Centre Integre Universitaire de Sante et Services Sociaux du Nord de l'ile de Montreal,Other,Collaborator
4963,Centre for Addiction and Mental Health,Other,Collaborator
4963,CHEO Research Institute,Other,Collaborator
4963,Ottawa Heart Institute Research Corporation,Other,Collaborator
4963,McGill University,Other,Collaborator
4963,Johns Hopkins University,Other,Collaborator
4963,Université de Montréal,Other,Collaborator
4963,The Royal's Institute of Mental Health Research,Other,Collaborator
4964,University of British Columbia,Other,Lead
4965,Istanbul Saglik Bilimleri University,Other,Lead
4966,University of Calgary,Other,Lead
4967,"National University, Singapore",Other,Lead
4968,"Research Foundation for Mental Hygiene, Inc.",Other,Lead
4969,Mayo Clinic,Other,Lead
4970,Taipei City Hospital,Other,Lead
4970,National Yang Ming University,Other,Collaborator
4971,Bicetre Hospital,Other,Lead
4972,Eli Lilly and Company,Industry,Lead
4972,AbCellera Biologics Inc.,Other,Collaborator
4973,Cairo University,Other,Lead
4974,Royal Marsden NHS Foundation Trust,Other,Lead
4974,The Francis Crick Institute,Other,Collaborator
4975,Marius Henriksen,Other,Lead
4975,Frederiksberg University Hospital,Other,Collaborator
4976,University of Saskatchewan,Other,Lead
4976,Government of Canada,Other,Collaborator
4976,Government of Saskatchewan,Other,Collaborator
4976,Vaccine Formulation Institute (VFI),Other,Collaborator
4976,SEPPIC,Other,Collaborator
4977,"University of Wisconsin, Madison",Other,Lead
4977,Chan Zuckerberg Initiative,Other,Collaborator
4977,Healthy Minds Innovations,Other,Collaborator
4977,Center for Healthy Minds,Other,Collaborator
4978,"Altimmune, Inc.",Industry,Lead
4979,Qilu Hospital of Shandong University,Other,Lead
4980,Fuzhou General Hospital,Other,Lead
4981,Fundação de Medicina Tropical Dr. Heitor Vieira Dourado,Other,Lead
4981,Marcus Vinícius Guimarães de Lacerda,Other,Collaborator
4981,Mayla Gabriela Silva Borba,Other,Collaborator
4981,Wuelton Marcelo Monteiro,Other,Collaborator
4981,Gisely Cardoso de Melo,Other,Collaborator
4981,Fernando Fonseca de Almeida e Val,Other,Collaborator
4981,Felipe Gomes Naveca,Other,Collaborator
4981,Maria Paula Gomes Mourão,Other,Collaborator
4981,Ludmila Abrahão Hajjar,Other,Collaborator
4981,Jorge Souza Mendonça,Other,Collaborator
4982,Daewoong Pharmaceutical Co. LTD.,Industry,Lead
4983,Centre for Addiction and Mental Health,Other,Lead
4984,Duke University,Other,Lead
4985,Centre d'Investigation Clinique et Technologique 805,Other,Lead
4986,Imam Abdulrahman Bin Faisal University,Other,Lead
4987,Istinye University,Other,Lead
4988,Huashan Hospital,Other,Lead
4989,Instituto de Investigación Hospital Universitario La Paz,Other,Lead
4989,Universidad Autonoma de Madrid,Other,Collaborator
4989,Universidad Miguel Hernandez de Elche,Other,Collaborator
4989,Biocruces Bizkaia Health Research Institute,Other,Collaborator
4989,Fundación para el Fomento de la Investigación Sanitaria y Biomédica de la Comunitat Valenciana,Other,Collaborator
4990,University of Cagliari,Other,Lead
4990,Chiara Gerardi - Istituto Di Ricerche Farmacologiche Mario Negri,Other,Collaborator
4990,"Federico Coccolini - General, Emergency and Trauma Surgery, Pisa",Other,Collaborator
4990,"Salomone di Saverio -Department of Surgery, Varese",Other,Collaborator
4990,"Gianluca Pellino - Universitá degli Studi della Campania 'Luigi Vanvitelli', Naples",Other,Collaborator
4990,"Francesco Pata - General Surgery Unit, Nicola Giannettasio Hospital, Corigliano-Rossano",Other,Collaborator
4990,"Benedetto Ielpo - HPB Surgery Unit, Hospital del Mar, Barcelona",Other,Collaborator
4990,"Francesco Virdis - Trauma and Acute Care Surgery Unit, Milan",Other,Collaborator
4990,"Dimitrios Damaskos - Royal Infirmary of Edinburgh, Edinburgh",Other,Collaborator
4990,"Stavros Gourgiotis - Addenbrooke's Hospital, Cambridge",Other,Collaborator
4990,"Gaetano Poillucci - Department of Surgery ""Paride Stefanini"", Rome",Other,Collaborator
4990,"Daniela Pacella - University of Naples Federico II, Naples",Other,Collaborator
4990,"Kumar Jayant- University of Chicago, USA",Other,Collaborator
4990,"Ferdinando Agresta- Vittorio Veneto Civil Hospital, Italy",Other,Collaborator
4990,"Ari Leppaniemi - University of Helsinki, Finland",Other,Collaborator
4990,"Fausto Catena - Maggiore Hospital, Parma",Other,Collaborator
4990,"Yoram Kluger - Rambam Health care campus, Haifa",Other,Collaborator
4990,"Adolfo Pisanu - University of Cagliari, Cagliari",Other,Collaborator
4991,Academisch Ziekenhuis Maastricht,Other,Lead
4992,Fondazione Don Carlo Gnocchi Onlus,Other,Lead
4993,Baylor Research Institute,Other,Lead
4994,University of Alabama at Birmingham,Other,Lead
4995,Centre Hospitalier Universitaire de Saint Etienne,Other,Lead
4996,Fayoum University,Other,Lead
4997,The New School,Other,Lead
4997,George Washington University,Other,Collaborator
4998,Groupe Hospitalier Paris Saint Joseph,Other,Lead
4998,Centre Hospitalier de Versailles André Mignot,Other,Collaborator
4998,Centre Hospitalier Victor Dupouy,Other,Collaborator
4998,Groupe Hospitalo-Universitaire Paris (Hôpital Saint-Anne),Other,Collaborator
4999,Osaka University,Other,Lead
4999,Hospital Rebagliati,Other,Collaborator
5000,Virginia Commonwealth University,Other,Lead
5001,Royal Marsden NHS Foundation Trust,Other,Lead
5002,University of Oxford,Other,Lead
5003,University of Oklahoma,Other,Lead
5003,US Department of Veterans Affairs,U.S. Fed,Collaborator
5004,Second Affiliated Hospital of Wenzhou Medical University,Other,Lead
5004,Wenzhou Medical University,Other,Collaborator
5004,First Affiliated Hospital of Wenzhou Medical University,Other,Collaborator
5004,Wenzhou Central Hospital And Sixth People's Hospital of Wenzhou Medical University,Other,Collaborator
5004,Yueqing Hospital of Wenzhou Medical University,Other,Collaborator
5004,Ruian Hospital of Wenzhou Medical University,Other,Collaborator
5004,Cangnan Hospital of Wenzhou Medical University,Other,Collaborator
5004,Pingyang Hospital of Wenzhou Medical University,Other,Collaborator
5004,Yongjia People's Hospital,Other,Collaborator
5005,Research and Practical Clinical Center for Diagnostics and Telemedicine Technologies of the Moscow Health Care Department,Other,Lead
5006,King's College London,Other,Lead
5006,MS Society,Other,Collaborator
5006,Diabetes UK,Other,Collaborator
5006,National Rheumatoid Arthritis Society (NRAS),Other,Collaborator
5006,Kidney Care UK,Other,Collaborator
5007,Tehran University of Medical Sciences,Other,Lead
5008,Emory University,Other,Lead
5008,National Cancer Institute (NCI),NIH,Collaborator
5009,Cambridgeshire Community Services NHS Trust,Other,Lead
5009,Cambridge University Hospitals NHS Foundation Trust,Other,Collaborator
5010,Burnasyan Federal Medical Biophysical Center,Other,Lead
5011,Kafrelsheikh University,Other,Lead
5012,BioNTech SE,Industry,Lead
5013,"Centre Hospitalier Universitaire, Amiens",Other,Lead
5014,"University Hospital, Toulouse",Other,Lead
5015,Azienda Ospedaliera Città della Salute e della Scienza di Torino,Other,Lead
5015,"University of Turin, Italy",Other,Collaborator
5015,Azienda Ospedaliera Ordine Mauriziano di Torino,Other,Collaborator
5016,University of British Columbia,Other,Lead
5017,Uppsala University,Other,Lead
5017,"Center for Clinical Research Dalarna, Sweden",Other,Collaborator
5018,West Virginia University,Other,Lead
5019,Milton S. Hershey Medical Center,Other,Lead
5019,Patient-Centered Outcomes Research Institute,Other,Collaborator
5020,Universidade Metodista de Piracicaba,Other,Lead
5021,Boston University,Other,Lead
5022,"Clinica Universidad de Navarra, Universidad de Navarra",Other,Lead
5022,Centre de Recherche du Centre Hospitalier de l'Université de Montréal,Other,Collaborator
5023,Fondation Ophtalmologique Adolphe de Rothschild,Other,Lead
5024,Clínica del country,Other,Lead
5025,Aljazeera Hospital,Other,Lead
5025,Al-Azhar University,Other,Collaborator
5026,University of Malaya,Other,Lead
5027,ZhiYong Peng,Other,Lead
5027,Zhongnan Hospital,Other,Collaborator
5028,Hôpital Universitaire Fattouma Bourguiba,Other,Lead
5029,Sisli Hamidiye Etfal Training and Research Hospital,Other,Lead
5030,Akesobio Australia Pty Ltd,Industry,Lead
5030,Akeso,Other,Collaborator
5031,Centre Hospitalier Universitaire de Nice,Other,Lead
5032,"University Hospital, Clermont-Ferrand",Other,Lead
5032,"Faculty of Medicine, Clermont-Ferrand, France",Other,Collaborator
5032,"UMR CNRS 6024 LaPSCo, Clermont-Ferrand, France",Other,Collaborator
5032,"Wittyfit, Paris, France",Other,Collaborator
5033,Hospital de Clinicas de Porto Alegre,Other,Lead
5034,University of Southern California,Other,Lead
5035,Research and Practical Clinical Center for Diagnostics and Telemedicine Technologies of the Moscow Health Care Department,Other,Lead
5036,Pinar Ay Sayin,Other,Lead
5036,Sisli Hamidiye Etfal Training and Research Hospital,Other,Collaborator
5037,Wefight,Industry,Lead
5038,Johannes Gutenberg University Mainz,Other,Lead
5039,Chinese University of Hong Kong,Other,Lead
5040,"Rutgers, The State University of New Jersey",Other,Lead
5041,Hospital de Clinicas de Porto Alegre,Other,Lead
5041,Federal University of Rio Grande do Sul,Other,Collaborator
5042,"Kintsugi Mindful Wellness, Inc.",Industry,Lead
5043,IHU Strasbourg,Other,Lead
5043,RDS SAS (Rhythm Diagnostic Systems),Other,Collaborator
5044,"Central Hospital, Nancy, France",Other,Lead
5045,Memorial Sloan Kettering Cancer Center,Other,Lead
5046,Washington University School of Medicine,Other,Lead
5047,KTO Karatay University,Other,Lead
5048,Nevsehir Public Hospital,Other,Lead
5049,"Janssen Research & Development, LLC",Industry,Lead
5050,Icahn School of Medicine at Mount Sinai,Other,Lead
5051,The Cleveland Clinic,Other,Lead
5052,Hospices Civils de Lyon,Other,Lead
5053,University of Malaya,Other,Lead
5054,Radboud University,Other,Lead
5054,European Union,Other,Collaborator
5055,Jieming QU,Other,Lead
5055,Ruijin Hospital,Other,Collaborator
5056,Fundación para la Investigación del Hospital Clínico de Valencia,Other,Lead
5057,University Hospital Southampton NHS Foundation Trust,Other,Lead
5057,Bill and Melinda Gates Foundation,Other,Collaborator
5057,"University College, London",Other,Collaborator
5058,Mansoura University,Other,Lead
5059,University of Washington,Other,Lead
5060,"Rutgers, The State University of New Jersey",Other,Lead
5061,Evdokia Anagnostou,Other,Lead
5061,"Anagnostou, Evdokia, M.D.",Other,Collaborator
5062,Sunnybrook Health Sciences Centre,Other,Lead
5063,Fondazione I.R.C.C.S. Istituto Neurologico Carlo Besta,Other,Lead
5064,Hospital do Rim e Hipertensão,Other,Lead
5065,Alexandria University,Other,Lead
5066,"University Hospital, Grenoble",Other,Lead
5067,Janssen Vaccines & Prevention B.V.,Industry,Lead
5068,"University of California, Davis",Other,Lead
5069,Centro de Hematología y Medicina Interna,Other,Lead
5069,Laboratorios Clínicos de Puebla (Laboratorios Ruiz),Other,Collaborator
5070,Brii Biosciences Limited,Industry,Lead
5070,TSB Therapeutics (Beijing) CO.LTD,Other,Collaborator
5071,"University Hospital, Grenoble",Other,Lead
5072,Escola Superior de Ciencias da Saude,Other,Lead
5073,Brii Biosciences Limited,Industry,Lead
5073,TSB Therapeutics (Beijing) CO.LTD,Other,Collaborator
5074,Brii Biosciences Limited,Industry,Lead
5074,TSB Therapeutics (Beijing) CO.LTD,Other,Collaborator
5075,King's College London,Other,Lead
5075,University of Oxford,Other,Collaborator
5076,"University Hospital, Lille",Other,Lead
5077,University of the State of Santa Catarina,Other,Lead
5078,ClinAmygate,Other,Lead
5079,"University Hospital, Bordeaux",Other,Lead
5080,"Central Hospital, Nancy, France",Other,Lead
5081,Mental Health Society of Ghana,Other,Lead
5082,University of Pennsylvania,Other,Lead
5082,"Jordana B. Cohen, MD, MSCE",Other,Collaborator
5082,"Thomas C. Hanff, MD, MPH",Other,Collaborator
5082,"Division of Cardiology, University of Arizona, Tucson, AZ, USA",Other,Collaborator
5082,"Department of Medicine, Hospital Nacional Carlos Alberto Seguín Escobedo, Arequipa, Peru",Other,Collaborator
5082,"Department of Nephrology, Hospital Nacional Edgardo Rebagliati Martins, Lima, Peru",Other,Collaborator
5082,"Hypertension Unit, Department of Pathology, Hospital Español de Mendoza, National University of Cuyo, IMBECU-CONICET, Mendoza, Argentina",Other,Collaborator
5082,"Division of Nephrology, Stanford University School of Medicine, Stanford, CA, USA",Other,Collaborator
5082,"Division of Infectious Diseases, University of Ottawa and The Ottawa Hospital Research Institute, Ottawa, ON, Canada",Other,Collaborator
5082,"Unidad de VIH, Hospital Civil de Guadalajara and Universidad de Guadalajara, Guadalajara, Mexico",Other,Collaborator
5082,"Universidad Católica de Buenos Aires, Buenos Aires, Argentina",Other,Collaborator
5082,"Departamento de Medicina Interna, Hospital Obrero number 3 Caja Nacional de Salud, Santa Cruz de la Sierra, Bolivia",Other,Collaborator
5082,"Departamento de Medicina, Hospital Alberto Barton Thompson, Callao, Peru",Other,Collaborator
5082,"Department of Clinical Sciences, Danderyd University Hospital, Karolinska Institutet, Stockholm, Sweden",Other,Collaborator
5082,"Division of Cardiology, University of Miami Miller School of Medicine, Miami, FL, USA",Other,Collaborator
5082,"Departamento de Emergencia, Hospital Nacional Edgardo Rebagliati Martins, Lima, Peru",Other,Collaborator
5082,"Division of Cardiology, Department of Medicine, Hospital Español, Buenos Aires, Argentina",Other,Collaborator
5082,"Division of Cardiovascular Medicine, University of Michigan Medical School, Ann Arbor, MI, USA",Other,Collaborator
5082,"Jesse Chittams, MS",Other,Collaborator
5082,"Division of Nephrology, Department of Medicine, Duke University School of Medicine, Durham, NC, USA",Other,Collaborator
5082,"Charles R Vasquez, MD",Other,Collaborator
5083,Johns Hopkins University,Other,Lead
5084,Universität des Saarlandes,Other,Lead
5085,Hacettepe University,Other,Lead
5086,Norwegian School of Sport Sciences,Other,Lead
5086,Ostfold University College,Other,Collaborator
5086,University of Oslo,Other,Collaborator
5087,Massachusetts General Hospital,Other,Lead
5087,Dana-Farber Cancer Institute,Other,Collaborator
5087,Harvard School of Public Health,Other,Collaborator
5087,Massachusetts League of Community Health Centers,Other,Collaborator
5088,Peking University First Hospital,Other,Lead
5089,Thirty Respiratory Limited,Industry,Lead
5090,Chulalongkorn University,Other,Lead
5090,"Center of Excellence in Vaccine Research and Development, Chulalongkorn University",Other,Collaborator
5090,"Center of Excellence for Vaccine Trial (Vaccine Trial Centre), Faculty of Tropical Medicine, Mahidol University",Other,Collaborator
5090,"Chula Vaccine Research Center (ChulaVRC), Faculty of Medicine, Chulalongkorn University",Other,Collaborator
5090,"National Vaccine Institute (NVI), Thailand",Other,Collaborator
5090,National Research Council of Thailand,Other,Collaborator
5090,"C2F Chulalongkorn University, Faculty of Medicine, Chulalongkorn University",Other,Collaborator
5091,U.S. Army Medical Research and Development Command,U.S. Fed,Lead
5092,University of Manitoba,Other,Lead
5093,Cedars-Sinai Medical Center,Other,Lead
5094,York University,Other,Lead
5095,Indiana University,Other,Lead
5095,Patient-Centered Outcomes Research Institute,Other,Collaborator
5096,Affiliated Hospital to Academy of Military Medical Sciences,Other,Lead
5096,Beijing 302 Hospital,Other,Collaborator
5097,Chris Miller,Industry,Lead
5097,Mallinckrodt,Other,Collaborator
5097,Nitric Solutions Inc.,Other,Collaborator
5098,"Ansun Biopharma, Inc.",Industry,Lead
5099,Unity Health Toronto,Other,Lead
5099,Canadian Institutes of Health Research (CIHR),Other,Collaborator
5099,University of Toronto,Other,Collaborator
5099,Applied Health Research Centre,Other,Collaborator
5100,Janssen Pharmaceutical K.K.,Industry,Lead
5101,Joshua Sharp,Other,Lead
5101,"University of Mississippi, Oxford",Other,Collaborator
5102,Centre Hospitalier Intercommunal Creteil,Other,Lead
5102,ADECHOTECH,Other,Collaborator
5103,Association Clinique Thérapeutique Infantile du val de Marne,Other,Lead
5103,Sanofi,Industry,Collaborator
5104,Ant Shepherd,Other,Lead
5104,Hampshire Hospitals NHS Foundation Trust,Other,Collaborator
5104,University of Portsmouth,Other,Collaborator
5105,"University Hospital, Geneva",Other,Lead
5106,University of Birmingham,Other,Lead
5106,National Institute for Health Research (NIHR) Global Health Research Unit Grant (NIHR 16.136.79),Other,Collaborator
5106,Association of Coloproctology of Great Britain and Ireland,Other,Collaborator
5106,Bowel & Cancer Research,Other,Collaborator
5106,Association of Upper Gastrointestinal Surgeons; British Association of Surgical Oncology,Other,Collaborator
5106,Bowel Disease Research Foundation,Other,Collaborator
5106,British Gynaecological Cancer Society,Other,Collaborator
5106,European Society of Coloproctology,Other,Collaborator
5106,NIHR Academy,Other,Collaborator
5106,Sarcoma UK,Other,Collaborator
5106,Vascular Society for Great Britain and Ireland,Other,Collaborator
5106,Yorkshire Cancer Research,Other,Collaborator
5107,Huazhong University of Science and Technology,Other,Lead
5108,UNICEF,Other,Lead
5108,Pak Emirates Military Hospital Rawalpindi,Other,Collaborator
5109,Soad Ali,Other,Lead
5109,Minia University,Other,Collaborator
5109,Deraya University,Other,Collaborator
5110,CureVac AG,Industry,Lead
5110,Coalition for Epidemic Preparedness Innovations,Other,Collaborator
5111,The Cleveland Clinic,Other,Lead
5112,"Ministry of Health, Saudi Arabia",Other,Lead
5113,"University Hospital, Montpellier",Other,Lead
5113,INSERM U1061 (Statistics),Other,Collaborator
5114,"University Hospital, Montpellier",Other,Lead
5115,GlaxoSmithKline,Industry,Lead
5116,Nanogen Pharmaceutical Biotechnology Joint Stock Company,Industry,Lead
5117,Saglik Bilimleri Universitesi Gazi Yasargil Training and Research Hospital,Other,Lead
5118,University of Liege,Other,Lead
5118,"University Hospital, Toulouse",Other,Collaborator
5119,Hengenix Biotech Inc,Industry,Lead
5119,"Sanyou Biopharmaceuticals(Shanghai)Co., Ltd",Other,Collaborator
5119,"Shanghai ZJ Bio-Tech Co., Ltd",Other,Collaborator
5120,Applied Science Private University,Other,Lead
5121,"Clinical Hospital Center, Split",Other,Lead
5122,Mayo Clinic,Other,Lead
5122,PNMedical,Industry,Collaborator
5123,Chiesa Alessandro Felice,Other,Lead
5123,"Ente Ospedaliero Cantonale, Bellinzona",Other,Collaborator
5124,Portsmouth Hospitals NHS Trust,Other,Lead
5124,Akari Therapuetics,Other,Collaborator
5125,CanSino Biologics Inc.,Industry,Lead
5125,Beijing Institute of Biotechnology,Other,Collaborator
5125,Canadian Center for Vaccinology,Other,Collaborator
5126,Washington University School of Medicine,Other,Lead
5127,Australian and New Zealand Intensive Care Research Centre,Other,Lead
5127,The Alfred,Other,Collaborator
5128,University of Washington,Other,Lead
5128,Centers for Disease Control and Prevention,U.S. Fed,Collaborator
5129,Nantes University Hospital,Other,Lead
5130,Nantes University Hospital,Other,Lead
5131,University of Pittsburgh,Other,Lead
5131,Kadlec Regional Medical Center,Other,Collaborator
5131,The Cleveland Clinic,Other,Collaborator
5131,Baylor College of Medicine,Other,Collaborator
5131,Oregon Health and Science University,Other,Collaborator
5132,Jewish General Hospital,Other,Lead
5133,University of Minnesota,Other,Lead
5134,HiFiBiO Therapeutics,Industry,Lead
5135,Owlstone Ltd,Industry,Lead
5135,Cambridge University Hospitals NHS Foundation Trust,Other,Collaborator
5136,"University Hospital, Angers",Other,Lead
5137,Lady Davis Institute,Other,Lead
5138,"National University, Singapore",Other,Lead
5138,"National University Hospital, Singapore",Other,Collaborator
5139,Pamukkale University,Other,Lead
5140,Centre Muraz,Other,Lead
5141,The First Affiliated Hospital with Nanjing Medical University,Other,Lead
5142,University of Parma,Other,Lead
5142,University of Roma La Sapienza,Other,Collaborator
5142,King's College London,Other,Collaborator
5143,Duke University,Other,Lead
5144,Unity Health Toronto,Other,Lead
5145,Chinese University of Hong Kong,Other,Lead
5146,"NeuroRx, Inc.",Industry,Lead
5146,Cavendish Impact Foundation,Other,Collaborator
5147,Hacettepe University,Other,Lead
5148,"Central Hospital, Nancy, France",Other,Lead
5149,Case Western Reserve University,Other,Lead
5150,University of Washington,Other,Lead
5151,Emory University,Other,Lead
5151,Georgia Tech Research Foundation,Other,Collaborator
5151,Georgia Clinical & Translational Science Alliance,Other,Collaborator
5152,Imperial College London,Other,Lead
5153,Simon Fraser University,Other,Lead
5153,Music Heals Charitable Foundation,Other,Collaborator
5154,Massachusetts General Hospital,Other,Lead
5155,Fondazione Don Carlo Gnocchi Onlus,Other,Lead
5156,BRAC University,Other,Lead
5156,The Behavioural Insights Team,Other,Collaborator
5156,Brac,Other,Collaborator
5157,St. Joseph's Healthcare Hamilton,Other,Lead
5157,King Abdullah International Medical Research Center (KAIMRC),Other,Collaborator
5157,McMaster University,Other,Collaborator
5157,Canadian Institutes of Health Research (CIHR),Other,Collaborator
5158,Saglik Bilimleri Universitesi,Other,Lead
5159,Charité Research Organisation GmbH,Other,Lead
5159,Bayer,Industry,Collaborator
5160,The First Affiliated Hospital of Zhejiang Chinese Medical University,Other,Lead
5161,Bagcilar Training and Research Hospital,Other,Lead
5162,Cartesian Therapeutics,Industry,Lead
5163,Zagazig University,Other,Lead
5163,"Ministry of Health, Kuwait",Other,Collaborator
5164,Washington University School of Medicine,Other,Lead
5165,Weill Medical College of Cornell University,Other,Lead
5165,Patient-Centered Outcomes Research Institute,Other,Collaborator
5166,Centre Hospitalier Intercommunal Creteil,Other,Lead
5167,Manchester University NHS Foundation Trust,Other,Lead
5167,University of Manchester,Other,Collaborator
5168,"University College, London",Other,Lead
5169,McMaster University,Other,Lead
5170,Johns Hopkins University,Other,Lead
5171,Mahidol University,Other,Lead
5171,The Government Pharmaceutical Organization,Other,Collaborator
5172,Karolinska Institutet,Other,Lead
5172,Swiss National Science Foundation,Other,Collaborator
5173,"St. Mary's Research Center, Canada",Other,Lead
5174,Universitat de Lleida,Other,Lead
5174,Francesc Rubí Carnacea,Other,Collaborator
5175,Revival Active,Other,Lead
5175,L.E.A.D,Other,Collaborator
5175,Aarogyam UK,Other,Collaborator
5176,Universidad Nacional Autonoma de Honduras,Other,Lead
5177,Papa Giovanni XXIII Hospital,Other,Lead
5177,GENOS,Other,Collaborator
5178,University of Valencia,Other,Lead
5179,Cairo University,Other,Lead
5180,"University Hospital, Strasbourg, France",Other,Lead
5181,Northwestern University,Other,Lead
5182,Nantes University Hospital,Other,Lead
5183,University of Saskatchewan,Other,Lead
5184,Aarogyam UK,Other,Lead
5185,Fondation Lenval,Other,Lead
5186,Fayoum University,Other,Lead
5187,M.D. Anderson Cancer Center,Other,Lead
5187,National Cancer Institute (NCI),NIH,Collaborator
5188,DeNova Research,Other,Lead
5189,"University College, London",Other,Lead
5189,The University of Hong Kong,Other,Collaborator
5190,National Institute of Allergy and Infectious Diseases (NIAID),NIH,Lead
5190,National Institutes of Health Clinical Center (CC),Other,Collaborator
5191,Pamukkale University,Other,Lead
5192,Cambridge University Hospitals NHS Foundation Trust,Other,Lead
5193,Asoc. Prof. Erdoğan Selçuk Şeber,Other,Lead
5193,Namik Kemal University,Other,Collaborator
5194,Wake Forest University Health Sciences,Other,Lead
5195,Assistance Publique - Hôpitaux de Paris,Other,Lead
5196,Tanta University,Other,Lead
5197,University of Manitoba,Other,Lead
5198,"University of California, Berkeley",Other,Lead
5199,Dr. Negrin University Hospital,Other,Lead
5199,Li Ka Shing Knowledge Institute,Other,Collaborator
5199,"Consorcio Centro de Investigación Biomédica en Red, M.P.",Other,Collaborator
5200,University of Oxford,Other,Lead
5200,Oxford University Hospitals NHS Trust,Other,Collaborator
5200,Royal Berkshire NHS Foundation Trust,Other,Collaborator
5200,South Central Ambulance Service NHS Foundation Trust,Other,Collaborator
5201,Hacettepe University,Other,Lead
5202,Biruni University,Other,Lead
5202,Istanbul University-Cerrahpasa,Other,Collaborator
5203,Modum Bad,Other,Lead
5203,University of Oslo,Other,Collaborator
5204,First Affiliated Hospital Xi'an Jiaotong University,Other,Lead
5205,King's College London,Other,Lead
5206,Manchester University NHS Foundation Trust,Other,Lead
5206,Manchester Academic Health Science Centre,Other,Collaborator
5207,Kahramanmaras Sutcu Imam University,Other,Lead
5208,Centre de Recherche de l'Institut Universitaire de Cardiologie et de Pneumologie de Quebec,Other,Lead
5208,Fondation IUCPQ,Other,Collaborator
5208,"Institut universitaire de cardiologie et de pneumologie de Québec, University Laval",Other,Collaborator
5209,Prof. Ariane herrick,Other,Lead
5209,Versus Arthritis,Other,Collaborator
5209,University of Manchester,Other,Collaborator
5210,The Behavioural Insights Team,Other,Lead
5210,Brac,Other,Collaborator
5210,BRAC Institute of Governance and Development,Other,Collaborator
5210,Unilever U.K. Central Resources Limited,Other,Collaborator
5210,"D2 Technologies Ltd, Bangladesh",Other,Collaborator
5210,"Foreign, Commonwealth and Development Office, U.K.",Other,Collaborator
5211,Takeda,Industry,Lead
5212,Imperial College London,Other,Lead
5213,Medical University of Gdansk,Other,Lead
5214,Boston University,Other,Lead
5214,Bill and Melinda Gates Foundation,Other,Collaborator
5214,"University of Witwatersrand, South Africa",Other,Collaborator
5215,Fundación Universitaria de Ciencias de la Salud,Other,Lead
5215,Biomab I.P.S. Centro de Atencion Integral en Artritis Reumatoide,Other,Collaborator
5216,Heba A Yassa,Other,Lead
5216,Assiut University,Other,Collaborator
5217,Vanderbilt University Medical Center,Other,Lead
5217,United States Department of Defense,U.S. Fed,Collaborator
5218,Mayo Clinic,Other,Lead
5219,University of Saskatchewan,Other,Lead
5220,Corporacion Parc Tauli,Other,Lead
5220,Irene Gómez Torres,Other,Collaborator
5220,Laura Mora López,Other,Collaborator
5220,Anna Pallisera-Lloveras,Other,Collaborator
5220,Sheila Serra-Pla,Other,Collaborator
5220,Albert García Nalda,Other,Collaborator
5220,Anna Serracant-Barrera,Other,Collaborator
5220,Mercedes Muñoz,Other,Collaborator
5220,Oriol Pino-Pérez,Other,Collaborator
5221,University of Illinois at Chicago,Other,Lead
5221,University of Illinois College of Medicine Rockford,Other,Collaborator
5221,Advocate Health Care,Other,Collaborator
5221,Katherine Shaw Bethea Hospital,Other,Collaborator
5221,University of Louisville,Other,Collaborator
5221,Wellesley College,Other,Collaborator
5221,Patient-Centered Outcomes Research Institute,Other,Collaborator
5222,Kaiser Permanente,Other,Lead
5222,Amarin Corporation,Other,Collaborator
5223,Biomerica,Industry,Lead
5224,Jewish General Hospital,Other,Lead
5225,October University for Modern Sciences and Arts,Other,Lead
5226,"Arcturus Therapeutics, Inc.",Industry,Lead
5227,Taiwan Liposome Company,Industry,Lead
5228,University of Illinois at Chicago,Other,Lead
5228,National Institute of Nursing Research (NINR),NIH,Collaborator
5229,Centre Psychothérapique de Nancy,Other,Lead
5230,China National Biotec Group Company Limited,Industry,Lead
5230,"Chengdu Institute of Biological Products Co.,Ltd.",Other,Collaborator
5230,"Changchun Institute of Biological Products Co., Ltd.",Other,Collaborator
5230,Beijing Institute of Biological Products Co Ltd.,Other,Collaborator
5230,Shanxi Provincial Center for Disease Control and Prevention,Other,Collaborator
5230,Sichuan Center for Disease Control and Prevention,Other,Collaborator
5230,Shanghai Municipal Center for Disease Control and Prevention,Other,Collaborator
5231,Dialisis Madariaga,Other,Lead
5232,"Immunovative Therapies, Ltd.",Industry,Lead
5232,"Mirror Biologics, Inc.",Other,Collaborator
5233,Medical University of Vienna,Other,Lead
5233,Medical Scientific Fund of the Mayor of Vienna,Other,Collaborator
5234,First Affiliated Hospital of Zhejiang University,Other,Lead
5234,"Ascletis Pharmaceuticals Co., Ltd.",Industry,Collaborator
5235,"Laboratory of Movement, Condorcet, Tournai, Belgium",Other,Lead
5236,Universitaire Ziekenhuizen Leuven,Other,Lead
5237,Indiana University,Other,Lead
5238,"The University of Texas Health Science Center, Houston",Other,Lead
5239,"Mabwell (Shanghai) Bioscience Co., Ltd.",Industry,Lead
5239,Shanghai Public Health Clinical Center,Other,Collaborator
5240,Democritus University of Thrace,Other,Lead
5241,University Medical Center Groningen,Other,Lead
5242,Peking University First Hospital,Other,Lead
5243,Peking University First Hospital,Other,Lead
5244,"CAR-T (Shanghai) Biotechnology Co., Ltd.",Industry,Lead
5245,Uppsala University,Other,Lead
5246,Hospital Israelita Albert Einstein,Other,Lead
5247,University of South Carolina,Other,Lead
5247,University of Vermont,Other,Collaborator
5247,University of Tennessee,Other,Collaborator
5248,Jiangxi Qingfeng Pharmaceutical Co. Ltd.,Industry,Lead
5249,Cadila Healthcare Limited,Industry,Lead
5250,Hospital General Puyo,Other,Lead
5251,The University of Hong Kong,Other,Lead
5252,Lazarski University,Other,Lead
5252,Medical University of Bialystok,Other,Collaborator
5252,Poznan University of Medical Sciences,Other,Collaborator
5253,Istinye University,Other,Lead
5254,Assistance Publique - Hôpitaux de Paris,Other,Lead
5255,University of Oxford,Other,Lead
5256,Daewoong Pharmaceutical Co. LTD.,Industry,Lead
5256,Novotech (Australia) Pty Limited,Other,Collaborator
5257,"Institut National de la Santé Et de la Recherche Médicale, France",Other,Lead
5258,St. Joseph's Healthcare Hamilton,Other,Lead
5259,"Pulmoquine Therapeutics, Inc",Industry,Lead
5259,Rockefeller University,Other,Collaborator
5260,Washington University School of Medicine,Other,Lead
5261,"Stéphane Cook, Prof",Other,Lead
5261,University of Freiburg,Other,Collaborator
5262,"National University, Singapore",Other,Lead
5262,"Potential project, www.potentialproject.com",Other,Collaborator
5262,"Brahm Centre, Singapore",Other,Collaborator
5263,University of Lincoln,Other,Lead
5264,National Institute of Allergy and Infectious Diseases (NIAID),NIH,Lead
5264,National Institutes of Health Clinical Center (CC),Other,Collaborator
5265,Hacettepe University,Other,Lead
5266,West Virginia University,Other,Lead
5267,Vastra Gotaland Region,Other,Lead
5268,Medical University of Graz,Other,Lead
5268,Medical University of Vienna,Other,Collaborator
5268,Medical University Innsbruck,Other,Collaborator
5268,Hospital Barmherzige Brüder St. Veit,Other,Collaborator
5268,Klinikum Klagenfurt am Wörthersee,Other,Collaborator
5268,Johannes Kepler University of Linz,Other,Collaborator
5268,Krankenhaus Barmherzige Schwestern Linz,Other,Collaborator
5268,Barmherzige Brüder Vienna,Other,Collaborator
5268,Erasme University Hospital,Other,Collaborator
5268,University of Birmingham,Other,Collaborator
5268,"University Hospital, Frankfurt",Other,Collaborator
5268,Kages,Other,Collaborator
5268,KABEG Management,Other,Collaborator
5268,Centre Hospitalier Régional de la Citadelle,Other,Collaborator
5268,Centre Hospitalier Universitaire de Charleroi,Other,Collaborator
5268,Centre Hospitalier Universitaire Mons,Other,Collaborator
5268,Wuerzburg University Hospital,Other,Collaborator
5269,University of Washington,Other,Lead
5270,"Toray Industries, Inc",Industry,Lead
5271,Rush University Medical Center,Other,Lead
5272,Second Affiliated Hospital of Xi'an Jiaotong University,Other,Lead
5273,"Central Hospital, Nancy, France",Other,Lead
5274,Medical University of Gdansk,Other,Lead
5274,"Ministry of Science and Higher Education, Poland",Other,Collaborator
5275,Children's Hospital Los Angeles,Other,Lead
5275,University of Southern California,Other,Collaborator
5275,Rutgers University,Other,Collaborator
5276,"Universidad El Bosque, Bogotá",Other,Lead
5276,King's College London,Other,Collaborator
5276,University of Leeds,Other,Collaborator
5276,University of Sheffield,Other,Collaborator
5277,University Paris 7 - Denis Diderot,Other,Lead
5277,"Institut National de la Santé Et de la Recherche Médicale, France",Other,Collaborator
5277,Assistance Publique - Hôpitaux de Paris,Other,Collaborator
5278,Dartmouth-Hitchcock Medical Center,Other,Lead
5278,Patient-Centered Outcomes Research Institute,Other,Collaborator
5279,University of Malaga,Other,Lead
5280,"University Hospital Inselspital, Berne",Other,Lead
5281,Stony Brook University,Other,Lead
5281,University of Denver,Other,Collaborator
5282,Istituto Stomatologico Italiano,Other,Lead
5282,University of Birmingham,Other,Collaborator
5283,Istinye University,Other,Lead
5284,PENTA Foundation,Other,Lead
5284,MRC Clinical Trials Unit at UCL,Other,Collaborator
5284,Centre Hospitalier Universitaire Saint Pierre,Other,Collaborator
5284,"German Pediatric and Adolescent HIV Cohort (GEPIC), GERMANY",Other,Collaborator
5284,"Greece Cohort, GREECE",Other,Collaborator
5284,"Register for HIV infection in children, ITALY",Other,Collaborator
5284,"ATHENA ,THE NETHERLANDS",Other,Collaborator
5284,"Polish Paediatric Cohort, POLAND",Other,Collaborator
5284,"HSM/CHLN Lisbon, PORTUGAL",Other,Collaborator
5284,Centro Hospitalar do Porto,Other,Collaborator
5284,"Victor Babes Hospital Cohort, Bucharest, ROMANIA",Other,Collaborator
5284,"Republican Hospital of Infectious Diseases, St Petersburg, RUSSIA",Other,Collaborator
5284,"Irkutsk AIDS Centre, RUSSIA",Other,Collaborator
5284,"The City HIV Centre, St Petersburg, RUSSIA",Other,Collaborator
5284,"CoRISpe-cat cohort of HIV-infected children, SPAIN",Other,Collaborator
5284,"CoRISpe-S cohort of HIV-infected children, SPAIN",Other,Collaborator
5284,Karolinska Institutet,Other,Collaborator
5284,"Swiss Mother and Child HIV Cohort Study, SWITZERLAND",Other,Collaborator
5284,"Programs for HIV Prevention and Treatment (PHPT), THAILAND",Other,Collaborator
5284,National Surveilliance of HIV in Pregnancy and Childhood and Collaborative HIV Paediatric Study (CHIPS),Other,Collaborator
5284,Collaborative HIV Paediatric Study (CHIPS),Other,Collaborator
5284,"Ukraine Paediatric HIV Cohort, UKRAINE",Other,Collaborator
5285,Assiut University,Other,Lead
5286,Uppsala University,Other,Lead
5286,Uppsala University Hospital,Other,Collaborator
5287,Chiesi Farmaceutici S.p.A.,Industry,Lead
5288,Yale-NUS College,Other,Lead
5289,University of Bremen,Other,Lead
5289,Alpen-Adria-University Klagenfurt,Other,Collaborator
5289,University of Oxford,Other,Collaborator
5289,Bangor University,Other,Collaborator
5289,Babes-Bolyai University,Other,Collaborator
5289,"Institute for Marriage, Family and Systemic Practice - ALTERNATIVA",Other,Collaborator
5289,Health for Youth Association,Other,Collaborator
5289,University of Cape Town,Other,Collaborator
5289,Georgia State University,Other,Collaborator
5290,"Ridgeback Biotherapeutics, LP",Industry,Lead
5291,Georgetown University,Other,Lead
5292,University of Oxford,Other,Lead
5292,Universiti Putra Malaysia,Other,Collaborator
5292,Health for Youth Association,Other,Collaborator
5292,Ateneo de Manila University,Other,Collaborator
5292,UNICEF Montenegro,Other,Collaborator
5292,Alternativa,Other,Collaborator
5292,University of Cape Town,Other,Collaborator
5293,Aljazeera Hospital,Other,Lead
5294,University of Milano Bicocca,Other,Lead
5295,Samaritan Health Services,Other,Lead
5296,Janssen Vaccines & Prevention B.V.,Industry,Lead
5297,King's College London,Other,Lead
5298,"Clinica Universitaria Reina Fabiola, Universidad Catolica de Cordoba",Other,Lead
5299,University of New Mexico,Other,Lead
5300,King's College Hospital NHS Trust,Other,Lead
5300,King's College London,Other,Collaborator
5301,Fraunhofer-Institute of Toxicology and Experimental Medicine,Other,Lead
5302,Daewoong Pharmaceutical Co. LTD.,Industry,Lead
5303,University of Lethbridge,Other,Lead
5304,Massachusetts Institute of Technology,Other,Lead
5305,"Anhui Zhifei Longcom Biologic Pharmacy Co., Ltd.",Industry,Lead
5306,"University College, London",Other,Lead
5307,Ohio State University,Other,Lead
5308,Cliniques universitaires Saint-Luc- Université Catholique de Louvain,Other,Lead
5309,University of Miami,Other,Lead
5310,McGill University Health Centre/Research Institute of the McGill University Health Centre,Other,Lead
5310,Montreal General Hospital Foundation,Other,Collaborator
5310,Peri-Operative Program (POP) Foundation,Other,Collaborator
5311,RWTH Aachen University,Other,Lead
5311,Docs in Clouds Telecare GmbH,Other,Collaborator
5312,Sophiahemmet University,Other,Lead
5312,Karolinska Institutet,Industry,Collaborator
5312,Forte,Other,Collaborator
5313,University of Iowa,Other,Lead
5314,University of Texas at Austin,Other,Lead
5315,October University for Modern Sciences and Arts,Other,Lead
5316,The University of Queensland,Other,Lead
5316,University of Sydney,Other,Collaborator
5316,"University of California, San Diego",Other,Collaborator
5317,Emanuela Keller,Other,Lead
5317,University of Zurich,Other,Collaborator
5318,Dr. Ram Manohar Lohia Hospital,Other,Lead
5319,Mersin University,Other,Lead
5320,Peking Union Medical College Hospital,Other,Lead
5321,Tongji Hospital,Other,Lead
5322,University of Kentucky,Other,Lead
5323,Fundacion Ibis,Other,Lead
5324,GULIN FINDIKOGLU,Other,Lead
5324,Pamukkale University,Other,Collaborator
5325,Philips Clinical & Medical Affairs Global,Industry,Lead
5326,Fondazione I.R.C.C.S. Istituto Neurologico Carlo Besta,Other,Lead
5327,"Children's Hospital Medical Center, Cincinnati",Other,Lead
5327,The Hospital for Sick Children,Other,Collaborator
5328,Groupe Hospitalier Paris Saint Joseph,Other,Lead
5329,AstraZeneca,Industry,Lead
5329,Parexel,Other,Collaborator
5330,Fondazione I.R.C.C.S. Istituto Neurologico Carlo Besta,Other,Lead
5331,University of Oxford,Other,Lead
5332,University of Pennsylvania,Other,Lead
5333,Cambridge University Hospitals NHS Foundation Trust,Other,Lead
5334,"VistaGen Therapeutics, Inc.",Industry,Lead
5335,University of the Balearic Islands,Other,Lead
5336,Cairo University,Other,Lead
5337,Semmelweis University Heart and Vascular Center,Other,Lead
5337,Semmelweis University,Other,Collaborator
5337,Szeged University,Other,Collaborator
5337,University of Pecs,Other,Collaborator
5337,University of Debrecen,Other,Collaborator
5338,Immune Regulation Ltd.,Industry,Lead
5338,Revolo Biotherapeutics,Other,Collaborator
5339,Horus University,Other,Lead
5340,"Korle-Bu Teaching Hospital, Accra, Ghana",Other,Lead
5340,University of Leicester,Other,Collaborator
5340,Utrecht University,Other,Collaborator
5341,"University Hospital, Toulouse",Other,Lead
5342,"Institut National de la Santé Et de la Recherche Médicale, France",Other,Lead
5343,Boston Children's Hospital,Other,Lead
5343,Google LLC.,Industry,Collaborator
5344,"Vasomune Therapeutics, Inc.",Industry,Lead
5345,Lazarski University,Other,Lead
5345,Poznan University of Medical Sciences,Other,Collaborator
5345,Wroclaw Medical University,Other,Collaborator
5345,Medical University of Bialystok,Other,Collaborator
5346,Gdansk University of Physical Education and Sport,Other,Lead
5346,University Hospital of Split,Other,Collaborator
5346,University of Gondar,Other,Collaborator
5346,Universidad Pablo de Olavide,Other,Collaborator
5346,Universitas Padjadjaran,Other,Collaborator
5346,University of Social Welfare and Rehabilitation Science,Other,Collaborator
5346,"DPFA Academy of Work and Health, Leipzig",Other,Collaborator
5346,Instituto Piaget,Other,Collaborator
5346,University of Peradeniya,Other,Collaborator
5346,Catholic University of the Sacred Heart,Other,Collaborator
5346,University of Évora,Other,Collaborator
5346,Norwegian School of Sport Sciences,Other,Collaborator
5346,Klaipėda University,Other,Collaborator
5346,Universitatea Alexandru Ioan Cuza,Other,Collaborator
5346,Institut Catholique de Paris,Other,Collaborator
5346,University of Gdansk,Other,Collaborator
5346,Jagiellonian University,Other,Collaborator
5346,International University of Business Agriculture and Technology,Other,Collaborator
5346,Beijing Sport Uninversity,Other,Collaborator
5346,"University of Nigeria, Enugu Campus",Other,Collaborator
5346,University of Sargodha,Other,Collaborator
5346,University of Brasilia,Other,Collaborator
5346,Wright State University,Other,Collaborator
5346,Vietnam National University,Other,Collaborator
5346,Taras Shevchenko National University of Kyiv,Other,Collaborator
5346,Astana Medical University,Other,Collaborator
5346,International Islamic Academy of Uzbekistan,Other,Collaborator
5346,Menoufia University,Other,Collaborator
5346,Zhengzhou University,Other,Collaborator
5347,National Taiwan University Hospital,Other,Lead
5348,Ottawa Hospital Research Institute,Other,Lead
5348,Hamilton Health Sciences Corporation,Other,Collaborator
5348,Toronto General Hospital,Other,Collaborator
5348,"University Health Network, Toronto",Other,Collaborator
5348,The Ottawa Hospital,Other,Collaborator
5348,McMaster University,Other,Collaborator
5348,Sinai Health System,Other,Collaborator
5349,Georgia State University,Other,Lead
5349,University at Buffalo,Other,Collaborator
5350,Brigham and Women's Hospital,Other,Lead
5350,E-ink corporation,Other,Collaborator
5351,Istinye University,Other,Lead
5352,University of Alberta,Other,Lead
5352,Alberta Innovates Health Solutions,Other,Collaborator
5353,Celltrion,Industry,Lead
5354,Johannes Gutenberg University Mainz,Other,Lead
5355,"University of California, San Diego",Other,Lead
5356,Washington University School of Medicine,Other,Lead
5356,Columbia University,Other,Collaborator
5356,Johns Hopkins University,Other,Collaborator
5356,Rakai Health Sciences Program,Other,Collaborator
5356,Reach the Youth Uganda,Other,Collaborator
5357,Université de Sherbrooke,Other,Lead
5357,Lotte & John Hecht Memorial Foundation,Other,Collaborator
5358,Institutul de Urgenţă pentru Boli Cardiovasculare Prof.Dr. C.C. Iliescu,Other,Lead
5359,"University College, London",Other,Lead
5359,"University of California, Los Angeles",Other,Collaborator
5360,University of the West of England,Other,Lead
5360,Indonesia University,Industry,Collaborator
5360,University of Hawaii,Other,Collaborator
5360,UNICEF,Other,Collaborator
5360,Unilever R&D,Other,Collaborator
5361,University of Haifa,Other,Lead
5362,Atabay Kimya Sanayi Ticaret A.S.,Industry,Lead
5362,Novagenix Bioanalytical Drug R&D Center,Other,Collaborator
5362,Farmagen Ar-Ge Biyot. Ltd. Sti,Other,Collaborator
5363,Dr. David Maslove,Other,Lead
5363,Ironstone Professional Development,Other,Collaborator
5363,Queen's University,Other,Collaborator
5364,University of Alabama at Birmingham,Other,Lead
5364,Patient-Centered Outcomes Research Institute,Other,Collaborator
5364,Lakeshore Foundation,Other,Collaborator
5364,Tanner Center for Multiple Sclerosis,Other,Collaborator
5365,Royal Marsden NHS Foundation Trust,Other,Lead
5366,University of Vic - Central University of Catalonia,Other,Lead
5366,Glasgow Caledonian University,Other,Collaborator
5366,University Ramon Llull,Other,Collaborator
5366,Universidade Federal do Rio Grande do Norte,Other,Collaborator
5367,Xim Limited,Industry,Lead
5367,Portsmouth Hospitals NHS Trust,Other,Collaborator
5367,Mind Over Matter Medtech Ltd,Other,Collaborator
5368,Eliz Arter,Other,Lead
5368,Cyprus Science University,Other,Collaborator
5368,Eastern Mediterranean University,Other,Collaborator
5369,Medical University of Warsaw,Other,Lead
5370,"University of North Carolina, Chapel Hill",Other,Lead
5370,National Institute of Diabetes and Digestive and Kidney Diseases (NIDDK),NIH,Collaborator
5371,Erasme University Hospital,Other,Lead
5372,Tulane University,Other,Lead
5372,Patient-Centered Outcomes Research Institute,Other,Collaborator
5373,"University of Colorado, Boulder",Other,Lead
5374,University of Notre Dame,Other,Lead
5374,Eunice Kennedy Shriver National Institute of Child Health and Human Development (NICHD),NIH,Collaborator
5375,Ruijin Hospital,Other,Lead
5375,Shanghai Public Health Clinical Center,Industry,Collaborator
5375,"Wuhan Jinyintan Hospital, Wuhan, China",Other,Collaborator
5375,Cellular Biomedicine Group Ltd.,Other,Collaborator
5376,Mayo Clinic,Other,Lead
5377,Rennes University Hospital,Other,Lead
5377,Institut National de Recherche en Informatique et en Automatique,Other,Collaborator
5378,The Cooper Health System,Other,Lead
5378,The Won Sook Chung Foundation,Other,Collaborator
5379,Istanbul Medipol University Hospital,Other,Lead
5380,"Strados Labs, Inc.",Industry,Lead
5381,Marmara University,Other,Lead
5382,The University of Hong Kong,Other,Lead
5382,"Hospital Authority, Hong Kong",Other,Collaborator
5383,Mayo Clinic,Other,Lead
5383,"InteraXon, Inc.",Industry,Collaborator
5383,Cambridge Brain Sciences Inc.,Other,Collaborator
5384,The Guthrie Clinic,Other,Lead
5385,Laura Mackner,Other,Lead
5385,"Children's Hospital Medical Center, Cincinnati",Other,Collaborator
5385,Rosalind Franklin University of Medicine and Science,Other,Collaborator
5385,Nationwide Children's Hospital,Other,Collaborator
5386,AM-Pharma,Industry,Lead
5387,Michael Ma,Other,Lead
5387,Coombe Women and Infants University Hospital,Other,Collaborator
5388,Vilnius University,Other,Lead
5388,Linkoeping University,Other,Collaborator
5389,Second Affiliated Hospital of Xi'an Jiaotong University,Other,Lead
5390,Children's Mercy Hospital Kansas City,Other,Lead
5391,Northwestern University,Other,Lead
5392,National Taiwan University Hospital,Other,Lead
5393,"University Health Network, Toronto",Other,Lead
5394,Dana-Farber Cancer Institute,Other,Lead
5394,Michele & David Mittelman Family Foundation,Other,Collaborator
5395,University College Cork,Other,Lead
5395,Science Foundation Ireland,Other,Collaborator
5396,Bnai Zion Medical Center,Other,Lead
5397,"National Institute of Medical Sciences and Nutrition, Salvador Zubiran",Other,Lead
5398,University of Chicago,Other,Lead
5399,National Eye Institute (NEI),NIH,Lead
5399,National Institutes of Health Clinical Center (CC),Other,Collaborator
5400,Nova Scotia Health Authority,Other,Lead
5401,University of Miami,Other,Lead
5401,The Children's Trust,Other,Collaborator
5402,University of Virginia,Other,Lead
5403,"BioCytics, Inc.",Industry,Lead
5404,University of Calgary,Other,Lead
5404,Alberta Health Services,Other,Collaborator
5405,SocraTec R&D GmbH,Other,Lead
5405,Glatt Pharmaceutical Services GmbH & Co. KG,Industry,Collaborator
5405,SocraMetrics GmbH,Other,Collaborator
5406,Aarogyam UK,Other,Lead
5406,Patanjali Yog Peeth (UK) Trust,Other,Collaborator
5407,Tianjin Eye Hospital,Other,Lead
5408,Sir Run Run Shaw Hospital,Other,Lead
5409,Valentina Hlebec,Other,Lead
5409,"LINNEUNIVERSITETET (LNU), Sweden (leading the consortium)",Other,Collaborator
5409,EUROCARERS-ASSOCIATION EUROPEENNE TRAVAILLANT AVEC ET POUR LES,Other,Collaborator
5409,"THE UNIVERSITY OF SUSSEX (UoS), UK",Other,Collaborator
5409,"CARERS TRUST (Carers Trust), UK",Other,Collaborator
5409,"STIFTUNG KALAIDOS FACHHOCHSCHULE (Kalaidos FH), SW",Other,Collaborator
5409,"MINISTERIE VAN VOLKSGEZONDHEID, WELZIJN EN SPORT (NLNA), NL",Other,Collaborator
5409,"STICHTING VILANS (VILANS), NL",Other,Collaborator
5409,"ISTITUTO NAZIONALE DI RIPOSO E CURA PER ANZIANI INRCA (INRCA), IT",Other,Collaborator
5409,"ANZIANI E NON SOLO SOCIETA COOPERATIVA SOCIALE (ANZIANI E), IT",Other,Collaborator
5409,"UNIVERZA V LJUBLJANI (UL), SI",Other,Collaborator
5409,"Nationellt kompetenscentrum anhöriga (Nka), (Swedish Family Care Competence Centre), Kalmar, Sweden",Other,Collaborator
5409,University of Ljubljana,Other,Collaborator
5410,Singapore General Hospital,Other,Lead
5410,Duke-NUS Graduate Medical School,Other,Collaborator
5411,University of Modena and Reggio Emilia,Other,Lead
5412,Peking University People's Hospital,Other,Lead
5413,Memorial Sloan Kettering Cancer Center,Other,Lead
5414,Lady Davis Institute,Other,Lead
5414,Carebook Technologies Inc.,Other,Collaborator
5415,Hemanext,Industry,Lead
5416,Brigham and Women's Hospital,Other,Lead
5416,"University of Maryland, Baltimore",NIH,Collaborator
5416,National Institute on Aging (NIA),Other,Collaborator
5417,EusaPharma (UK) Limited,Industry,Lead
5417,Syneos Health,Other,Collaborator
5418,University of Warwick,Other,Lead
5419,"National Bureau of Economic Research, Inc.",Other,Lead
5419,National Institute on Aging (NIA),NIH,Collaborator
5419,Abdul Latif Jameel Poverty Action Lab,Other,Collaborator
5420,"Anhui Zhifei Longcom Biologic Pharmacy Co., Ltd.",Industry,Lead
5420,The Second Affiliated Hospital of Chongqing Medical University,Other,Collaborator
5420,Beijing Chao Yang Hospital,Other,Collaborator
5421,Hospital Clinico Universitario de Santiago,Other,Lead
5421,Instituto de Salud Carlos III,Other,Collaborator
5422,EmuraCenter LatinoAmerica,Other,Lead
5422,Universidad de la Sabana,Other,Collaborator
5423,Kahramanmaras Sutcu Imam University,Other,Lead
5424,Ottawa Hospital Research Institute,Other,Lead
5425,"The University of Texas Health Science Center, Houston",Other,Lead
5426,National Eye Institute (NEI),NIH,Lead
5426,National Institutes of Health Clinical Center (CC),Other,Collaborator
5427,University of Windsor,Other,Lead
5427,Anxiety Canada,Other,Collaborator
5428,"Mount Sinai Hospital, Canada",Other,Lead
5428,"University of North Carolina, Chapel Hill",Other,Collaborator
5428,NorthShore University HealthSystem,Other,Collaborator
5428,Women's College Hospital,Other,Collaborator
5428,Unity Health Toronto,Other,Collaborator
5428,Sunnybrook Health Sciences Centre,Other,Collaborator
5428,"University of Colorado, Boulder",Other,Collaborator
5428,Harvard Medical School,Other,Collaborator
5428,Patient-Centered Outcomes Research Institute,Other,Collaborator
5429,University of Macau,Other,Lead
5430,Healios K.K.,Industry,Lead
5431,The University of The West Indies,Other,Lead
5431,Harvard School of Public Health,Other,Collaborator
5432,Boston Medical Center,Other,Lead
5433,Slagelse Hospital,Other,Lead
5433,Region Zealand,Other,Collaborator
5434,Centre hospitalier de l'Université de Montréal (CHUM),Other,Lead
5435,Ohio State University,Other,Lead
5436,Boehringer Ingelheim,Industry,Lead
5437,Baylor College of Medicine,Other,Lead
5438,Rush University Medical Center,Other,Lead
5438,Lundquist Institute for Biomedical Innovation at Harbor-UCLA Medical Center,Other,Collaborator
5439,Veterans Medical Research Foundation,Other,Lead
5439,San Diego Veterans Healthcare System,U.S. Fed,Collaborator
5439,"United States Naval Medical Center, San Diego",Other,Collaborator
5440,Société de Formation Thérapeutique du Généraliste Recherche,Other,Lead
5440,"National Cancer Institute, France",Other,Collaborator
5440,"Institut National de la Santé Et de la Recherche Médicale, France",Other,Collaborator
5440,Société de Formation Thérapeutique du Généraliste,Other,Collaborator
5441,Duke University,Other,Lead
5441,"The Emmes Company, LLC",Industry,Collaborator
5441,Eunice Kennedy Shriver National Institute of Child Health and Human Development (NICHD),NIH,Collaborator
5442,Wake Forest University,Other,Lead
5443,Stanford University,Other,Lead
5444,Yale University,Other,Lead
5445,VA Office of Research and Development,U.S. Fed,Lead
5446,University of Glasgow,Other,Lead
5447,Duke University,Other,Lead
5448,"University of Colorado, Denver",Other,Lead
5449,Guy's and St Thomas' NHS Foundation Trust,Other,Lead
5450,Brigham and Women's Hospital,Other,Lead
5450,Massachusetts General Hospital,Other,Collaborator
5450,Memorial Sloan Kettering Cancer Center,Other,Collaborator
5451,"University Hospital, Tours",Other,Lead
5452,McMaster University,Other,Lead
5453,Johns Hopkins University,Other,Lead
5454,"University Hospital, Montpellier",Other,Lead
5455,AbbVie,Industry,Lead
5456,"University of California, San Francisco",Other,Lead
5456,California Latinas for Reproductive Justice,Other,Collaborator
5456,"UCGHI Women's Health, Gender, and Empowerment Center of Expertise",Other,Collaborator
5457,Massachusetts General Hospital,Other,Lead
5458,Roman Sýkora,Other,Lead
5458,"Charles University, Czech Republic",Other,Collaborator
5459,University of Pennsylvania,Other,Lead
5459,Drexel University,Other,Collaborator
5460,Chinese University of Hong Kong,Other,Lead
5461,University of Florida,Other,Lead
5462,University of Santiago de Compostela,Other,Lead
5462,"Ministerio de Ciencia e Innovación, Spain",Other,Collaborator
5463,Fundación para la Investigación del Hospital Clínico de Valencia,Other,Lead
5464,University of Göttingen,Other,Lead
5465,Massachusetts General Hospital,Other,Lead
5466,Fuwai Yunnan Cardiovascular Hospital,Other,Lead
5467,Fuwai Yunnan Cardiovascular Hospital,Other,Lead
5468,McMaster University,Other,Lead
5469,Fuwai Yunnan Cardiovascular Hospital,Other,Lead
5470,HIV Prevention Trials Network,Other,Lead
5470,National Institute of Allergy and Infectious Diseases (NIAID),NIH,Collaborator
5470,National Institute on Drug Abuse (NIDA),Other,Collaborator
5471,Hospital de Clinicas de Porto Alegre,Other,Lead
5472,Samsung Medical Center,Other,Lead
5473,Johns Hopkins University,Other,Lead
5474,Samsung Medical Center,Other,Lead
5475,Northwestern University,Other,Lead
5476,Mary Radomski,Other,Lead
5476,Allina Health System,Other,Collaborator
5477,"Imelda Hospital, Bonheiden",Other,Lead
5478,Karolinska Institutet,Other,Lead
5479,Tzu Chi University,Other,Lead
5480,Beijing Cancer Hospital,Other,Lead
5481,Johns Hopkins University,Other,Lead
5481,Patient-Centered Outcomes Research Institute,Other,Collaborator
5482,Beijing Cancer Hospital,Other,Lead
5483,University of Warwick,Other,Lead
5484,"iTherapy, LLC",Other,Lead
5484,National Institute on Deafness and Other Communication Disorders (NIDCD),NIH,Collaborator
5485,Marco Leyton,Other,Lead
5485,McGill University Health Centre/Research Institute of the McGill University Health Centre,Other,Collaborator
5486,Ohio State University,Other,Lead
5487,Population Health Research Institute,Other,Lead
5487,Hamilton Health Sciences Corporation,Other,Collaborator
5487,McMaster University,Other,Collaborator
5488,University of Manitoba,Other,Lead
5488,University of Calgary,Other,Collaborator
5488,Tactica Interactive,Other,Collaborator
5488,Centre for Healthcare Innovation,Other,Collaborator
5488,Research Manitoba,Other,Collaborator
5489,"Hon K. Yuen, PhD",Other,Lead
5489,University of Alabama at Birmingham,Other,Collaborator
5490,National University of Natural Medicine,Other,Lead
5491,University of Surrey,Other,Lead
5492,University of Sao Paulo,Other,Lead
5493,"National Bureau of Economic Research, Inc.",Other,Lead
5494,British Columbia Children's Hospital,Other,Lead
5495,Istanbul Medipol University Hospital,Other,Lead
5496,McMaster University,Other,Lead
5497,National Jewish Health,Other,Lead
5498,Brain Electrophysiology Laboratory Company,Industry,Lead
5499,University of Texas Southwestern Medical Center,Other,Lead
5500,Lee Kirby,Other,Lead
5500,IWK Health Centre,Other,Collaborator
5500,Nova Scotia Health Authority,Other,Collaborator
5501,University of Jordan,Other,Lead
5502,University of Arizona,Other,Lead
5502,David Lynch Foundation,Other,Collaborator
5502,Tucson Transcendental Meditation Center,Other,Collaborator
5503,Vanderbilt University Medical Center,Other,Lead
5503,University of Illinois at Urbana-Champaign,Other,Collaborator
5503,"University of Wisconsin, Madison",Other,Collaborator
5504,University of Southampton,Other,Lead
5504,Solent NHS Trust,Other,Collaborator
5505,Azienda Ospedaliera Universitaria Integrata Verona,Other,Lead
5506,"Revance Therapeutics, Inc.",Industry,Lead
5507,Eskisehir Osmangazi University,Other,Lead
5508,"Galmed Research and Development, Ltd.",Industry,Lead
5508,Galmed Pharmaceuticals Ltd,Other,Collaborator
5509,Guy's and St Thomas' NHS Foundation Trust,Other,Lead
5510,AlFayhaa General Hospital,Other,Lead
5511,The Royal Wolverhampton Hospitals NHS Trust,Other,Lead
5511,La Trobe University,Other,Collaborator
5511,Cornell University,Other,Collaborator
5512,Holly Risdon,Industry,Lead
5512,BPAi,Other,Collaborator
5512,American Institute of Stress,Other,Collaborator
5513,Chinese University of Hong Kong,Other,Lead
5514,Sangath,Other,Lead
5514,Harvard Medical School,Other,Collaborator
5514,University of Sussex,Other,Collaborator
5514,London School of Hygiene and Tropical Medicine,Other,Collaborator
5515,Johann Wolfgang Goethe University Hospital,Other,Lead
5515,Kerckhoff Klinik,Other,Collaborator
5515,Johannes Gutenberg University Mainz,Other,Collaborator
5515,University Hospital Ulm,Other,Collaborator
5516,University of Pittsburgh,Other,Lead
5517,Karolinska Institutet,Other,Lead
5517,Mayo Clinic,Other,Collaborator
5518,Samsung Medical Center,Other,Lead
5519,Hacettepe University,Other,Lead
5520,University of Pennsylvania,Other,Lead
5521,Sohag University,Other,Lead
5521,Assiut University,Other,Collaborator
5522,Florida International University,Other,Lead
5523,"University Hospital, Angers",Other,Lead
5524,Thomas Jefferson University,Other,Lead
5524,Montefiore Medical Center,Other,Collaborator
5525,Memorial Sloan Kettering Cancer Center,Other,Lead
5526,VA Office of Research and Development,U.S. Fed,Lead
5526,Providence VA Medical Center,Other,Collaborator
5527,Changi General Hospital,Other,Lead
5528,Lawson Health Research Institute,Other,Lead
5528,Canadian Institutes of Health Research (CIHR),Other,Collaborator
5529,Boise State University,Other,Lead
5529,National Institute of Environmental Health Sciences (NIEHS),NIH,Collaborator
5530,Bournemouth University,Other,Lead
5530,University Hospital Southampton NHS Foundation Trust,Other,Collaborator
5531,"Western University, Canada",Other,Lead
5532,Centre Hospitalier Universitaire de Besancon,Other,Lead
5533,Liverpool John Moores University,Other,Lead
5533,University of Liverpool,Other,Collaborator
5533,Dublin City University,Other,Collaborator
5533,Radboud University,Other,Collaborator
5534,The University of Hong Kong,Other,Lead
5534,"Lok Sin Tong Benevolent Society, Kowloon",Other,Collaborator
5535,Barbara Jakše s.p.,Other,Lead
5536,Universidad Pontificia Comillas,Other,Lead
5536,Baxter Healthcare Corporation,Industry,Collaborator
5536,Iqvia Pty Ltd,Other,Collaborator
5536,SPANISH SOCIETY OF ONCOLOGY NURSING,Other,Collaborator
5537,University of Illinois at Urbana-Champaign,Other,Lead
5537,Wayne State University,Other,Collaborator
5538,University of Manitoba,Other,Lead
5539,University of Michigan,Other,Lead
5539,National Institutes of Health (NIH),NIH,Collaborator
5540,Jordi Gol i Gurina Foundation,Other,Lead
5540,Institut Català de la Salut,Other,Collaborator
5541,"Rutgers, The State University of New Jersey",Other,Lead
5542,Johns Hopkins University,Other,Lead
5542,National Institute on Drug Abuse (NIDA),NIH,Collaborator
5543,AbbVie,Industry,Lead
5544,Lawson Health Research Institute,Other,Lead
5544,ForaHealthyMe Inc,Other,Collaborator
5544,"University Health Network, Toronto",Other,Collaborator
5544,Spinal Cord Injury Ontario,Other,Collaborator
5544,The Craig H. Neilsen Foundation,Other,Collaborator
5545,"Intervene Immune, Inc.",Industry,Lead
5546,University of Minnesota,Other,Lead
5546,University of Pittsburgh,Other,Collaborator
5546,University of Washington,Other,Collaborator
5546,University of North Texas Health Science Center,Other,Collaborator
5546,Oregon Health and Science University,Other,Collaborator
5546,Duke University,Other,Collaborator
5547,"Children's Hospital Medical Center, Cincinnati",Other,Lead
5547,Baxter Healthcare Corporation,Industry,Collaborator
5548,"Millennium Pharmaceuticals, Inc.",Industry,Lead
5548,Takeda,Other,Collaborator
5549,"University of Maryland, Baltimore",Other,Lead
5549,US Department of Veterans Affairs Cooperative Studies Program,U.S. Fed,Collaborator
5549,KAI Research,Other,Collaborator
5549,United States Department of Defense,Other,Collaborator
5550,Weill Medical College of Cornell University,Other,Lead
5551,University of Alabama at Birmingham,Other,Lead
5551,Lakeshore Foundation,Other,Collaborator
5551,YMCA of Greater Birmingham,Other,Collaborator
5552,University of Exeter,Other,Lead
5552,"National Institute for Health Research, United Kingdom",Other,Collaborator
5552,University of Leeds,Other,Collaborator
5553,Bicetre Hospital,Other,Lead
5554,Johns Hopkins Bloomberg School of Public Health,Other,Lead
5554,United States Agency for International Development (USAID),U.S. Fed,Collaborator
5555,Physio-Assist,Industry,Lead
5555,Icadom,Other,Collaborator
5556,University of Waterloo,Other,Lead
5557,Sheffield Hallam University,Other,Lead
5557,King's College London,Other,Collaborator
5557,Sheffield Teaching Hospitals NHS Foundation Trust,Other,Collaborator
5558,my mhealth Ltd,Industry,Lead
5558,Bradford Teaching Hospitals NHS Foundation Trust,Other,Collaborator
5559,Universidad Peruana Cayetano Heredia,Other,Lead
5560,University of Erlangen-Nürnberg Medical School,Other,Lead
5561,University of Manitoba,Other,Lead
5561,Research Manitoba,Other,Collaborator
5561,Centre for Addiction and Mental Health,Other,Collaborator
5561,University of Oregon,Other,Collaborator
5562,University of Surrey,Other,Lead
5563,University of Alcala,Other,Lead
5564,Origin Sciences,Industry,Lead
5565,The Hospital for Sick Children,Other,Lead
5565,MOUNT SINAI HOSPITAL,Other,Collaborator
5565,Crohn's and Colitis Foundation,Other,Collaborator
5566,School of Health Sciences Geneva,Other,Lead
5567,Uniformed Services University of the Health Sciences,U.S. Fed,Lead
5567,Research and Recognition Project,Other,Collaborator
5568,Fundacion CITA-alzheimer,Other,Lead
5568,Asociacion Instituto Biodonostia,Other,Collaborator
5568,Basque Country University,Other,Collaborator
5568,Achucarro Basque Center For Neuroscience,Other,Collaborator
5568,NAVARRABIOMED,Other,Collaborator
5568,Basque Culinary Center Fundazioa,Other,Collaborator
5568,Karolinska Institutet,Other,Collaborator
5569,Weill Medical College of Cornell University,Other,Lead
5569,New York Hospital Queens,NIH,Collaborator
5569,Memorial Sloan Kettering Cancer Center,Other,Collaborator
5569,National Cancer Institute (NCI),Other,Collaborator
5570,Vrije Universiteit Brussel,Other,Lead
5570,Universitair Ziekenhuis Brussel,Other,Collaborator
5570,AZ Sint Maria Halle,Other,Collaborator
5570,Odisee University college for applied sciences,Other,Collaborator
5570,Erasmushogeschool Brussels,Other,Collaborator
5571,"University of Wisconsin, Madison",Other,Lead
5571,Patient-Centered Outcomes Research Institute,Other,Collaborator
5572,University of Chile,Other,Lead
5572,"Fondo Nacional de Desarrollo Científico y Tecnológico, FONDECYT (Chile).",Other,Collaborator
5573,Oklahoma State University,Other,Lead
5574,"University of North Carolina, Chapel Hill",Other,Lead
5575,Dalarna University,Other,Lead
5575,The Swedish Judo Federation,Other,Collaborator
5575,"Sormland County Council, Sweden",Other,Collaborator
5576,York University,Other,Lead
5576,Ryerson University,Other,Collaborator
5577,Xim Limited,Industry,Lead
5578,Ningbo No. 1 Hospital,Other,Lead
5579,Hebrew SeniorLife,Other,Lead
5580,Baylor Research Institute,Other,Lead
5581,University of Pittsburgh,Other,Lead
5581,Patient-Centered Outcomes Research Institute,Other,Collaborator
5582,Ruhr University of Bochum,Other,Lead
5583,Oregon Research Institute,Other,Lead
5583,Drexel University,Other,Collaborator
5584,Sanford Health,Other,Lead
5584,The Leona M. and Harry B. Helmsley Charitable Trust,Other,Collaborator
5584,Pacific Northwest Research Institute,Other,Collaborator
5584,University of Exeter,Other,Collaborator
5585,"University of Colorado, Denver",Other,Lead
5586,University of Michigan,Other,Lead
5586,Michigan Department of Health and Human Services,Other,Collaborator
5587,University of Washington,Other,Lead
5587,National Institute on Minority Health and Health Disparities (NIMHD),NIH,Collaborator
5588,University of Calgary,Other,Lead
5588,University of Alberta,Other,Collaborator
5588,Dalhousie University,Other,Collaborator
5588,Alberta Health Services,Other,Collaborator
5588,"University Health Network, Toronto",Other,Collaborator
5588,Memorial University of Newfoundland,Other,Collaborator
5588,University of British Columbia,Other,Collaborator
5588,University of Prince Edward Island,Other,Collaborator
5589,Duke University,Other,Lead
5590,Heartfelt Technologies,Industry,Lead
5590,Blackpool Teaching Hospitals NHS Foundation Trust,Other,Collaborator
5591,University of Pittsburgh,Other,Lead
5591,"National Heart, Lung, and Blood Institute (NHLBI)",NIH,Collaborator
5592,University of Florence,Other,Lead
5593,University of Southampton,Other,Lead
5594,Lia Bally,Other,Lead
5594,"University Hospital Inselspital, Berne",Other,Collaborator
5595,University of Calgary,Other,Lead
5595,Alberta Cancer Foundation,Other,Collaborator
5595,University of Alberta,Other,Collaborator
5595,Tom Baker Cancer Centre,Other,Collaborator
5595,Cross Cancer Institute,Other,Collaborator
5596,The Miriam Hospital,Other,Lead
5596,Brown University,Other,Collaborator
5596,"University of North Carolina, Chapel Hill",Other,Collaborator
5596,Tufts University,Other,Collaborator
5596,Brandeis University,Other,Collaborator
5597,University of Pittsburgh,Other,Lead
5597,National Institutes of Health (NIH),NIH,Collaborator
5597,National Cancer Institute (NCI),Other,Collaborator
5598,"Evidence-Based Practice Institute, Seattle, WA",Industry,Lead
5598,Mayo Clinic,Other,Collaborator
5598,Allina Health,Other,Collaborator
5598,Aurora Health Care,Other,Collaborator
5598,Harborview Injury Prevention and Research Center,Other,Collaborator
5598,The Catholic University of America,Other,Collaborator
5599,"University Hospital, Montpellier",Other,Lead
5600,University of British Columbia,Other,Lead
5601,Augusta University,Other,Lead
5602,University of Florida,Other,Lead
5602,National Institute on Aging (NIA),NIH,Collaborator
5603,Swinburne University of Technology,Other,Lead
5603,Brigham Young University,Other,Collaborator
5603,University of Sydney,Other,Collaborator
5603,University of Manchester,Other,Collaborator
5604,Universitair Ziekenhuis Brussel,Other,Lead
5604,Baxter Healthcare Corporation,Industry,Collaborator
5605,Helwan University,Other,Lead
5605,University of Nebraska,Other,Collaborator
5606,Case Comprehensive Cancer Center,Other,Lead
5607,Karolinska Institutet,Other,Lead
5607,Patient-Centered Outcomes Research Institute,Other,Collaborator
5607,Kaiser Foundation Research Institute,Other,Collaborator
5608,Memorial Sloan Kettering Cancer Center,Other,Lead
5608,The City College of New York,Other,Collaborator
5608,NYC Health & Hospitals/ Lincoln Medical Center,Other,Collaborator
5608,New York Presbyterian Queens,Other,Collaborator
5608,Ralph Lauren Center for Cancer Care and Prevention,Other,Collaborator
5608,New York City Health and Hospitals Corporation,Other,Collaborator
5608,Queens Medical Associates,Other,Collaborator
5609,Beyond Air Inc.,Industry,Lead
5610,NHS Greater Clyde and Glasgow,Other,Lead
5610,Thales Group,Other,Collaborator
5611,Baylor College of Medicine,Other,Lead
5611,National Institute of Diabetes and Digestive and Kidney Diseases (NIDDK),NIH,Collaborator
5611,Children's National Research Institute,Other,Collaborator
5612,University of British Columbia,Other,Lead
5612,"Queensland Children's Hospital, South Brisbane",Other,Collaborator
5613,University of Salamanca,Other,Lead
5614,"University of California, San Francisco",Other,Lead
5615,"NeuroActiva, Inc.",Industry,Lead
5616,Istanbul University-Cerrahpasa,Other,Lead
5616,Saglik Bilimleri Universitesi,Other,Collaborator
5617,WestEd,Other,Lead
5617,Urban Strategies,U.S. Fed,Collaborator
5617,Department of Health and Human Services,Other,Collaborator
5618,University of Pittsburgh,Other,Lead
5618,National Institutes of Health (NIH),NIH,Collaborator
5618,National Institute on Aging (NIA),Other,Collaborator
5619,NYU Langone Health,Other,Lead
5620,"University of California, Davis",Other,Lead
5621,Boston Medical Center,Other,Lead
5622,"University of California, Los Angeles",Other,Lead
5623,"University of California, Berkeley",Other,Lead
5623,"University of California, San Francisco",Other,Collaborator
5624,Assiut University,Other,Lead
5625,Cerus Corporation,Industry,Lead
5626,"University of Mississippi, Oxford",Other,Lead
5627,Kocak Farma,Industry,Lead
5627,Novagenix Bioanalytical Drug R&D Center,Other,Collaborator
5627,Farmagen Ar-Ge Biyot. Ltd. Sti,Other,Collaborator
5628,Heartfelt Technologies,Industry,Lead
5628,Blackpool Teaching Hospitals NHS Foundation Trust,Other,Collaborator
5629,University of Adelaide,Other,Lead
5629,University of Southampton,Other,Collaborator
5629,Central Adelaide Local Health Network Incorporated,Other,Collaborator
5630,Boston University,Other,Lead
5631,University of Ottawa,Other,Lead
5632,National Institute on Alcohol Abuse and Alcoholism (NIAAA),NIH,Lead
5632,National Institutes of Health Clinical Center (CC),Other,Collaborator
5633,University of Surrey,Other,Lead
5633,European Union,Other,Collaborator
5634,Arizona State University,Other,Lead
5635,University Of Perugia,Other,Lead
5636,General Practitioners Research Institute,Other,Lead
5636,Boehringer Ingelheim,Industry,Collaborator
5637,University of Manitoba,Other,Lead
5638,Boston Children's Hospital,Other,Lead
5639,"University of California, Davis",Other,Lead
5640,Memorial Sloan Kettering Cancer Center,Other,Lead
5640,Queens Cancer Center of Queens Hospital,Other,Collaborator
5640,The Brooklyn Hospital Center,Other,Collaborator
5640,Lincoln Medical and Mental Health Center,Other,Collaborator
5640,Jacobi Medical Center,Other,Collaborator
5640,St. Barnabas Medical Center,Other,Collaborator
5640,Montefiore Health System,Other,Collaborator
5640,Columbia University,Other,Collaborator
5640,Roswell Park Cancer Institute,Other,Collaborator
5641,VA Office of Research and Development,U.S. Fed,Lead
5642,Virginia Commonwealth University,Other,Lead
5643,Alejandro Krolewiecki,Other,Lead
5643,Brock University,Other,Collaborator
5643,Universidad Nacional del Centro de la Provincia de Buenos Aires,Other,Collaborator
5643,Universidad Nacional Autonoma de Honduras,Other,Collaborator
5643,Universidad Nacional de Salta,Other,Collaborator
5644,Maastricht University Medical Center,Other,Lead
5644,Maastricht University,Industry,Collaborator
5644,Medisch Spectrum Twente,Other,Collaborator
5644,Dutch Arthritis Association,Other,Collaborator
5645,"University of California, San Francisco",Other,Lead
5645,National Institute of Allergy and Infectious Diseases (NIAID),NIH,Collaborator
5646,Sakarya University,Other,Lead
5647,Inova Health Care Services,Other,Lead
5647,National Institutes of Health (NIH),NIH,Collaborator
5647,Duke University,Other,Collaborator
5647,George Mason University,Other,Collaborator
5647,"University of Maryland, Baltimore",Other,Collaborator
5647,"National Heart, Lung, and Blood Institute (NHLBI)",Other,Collaborator
5648,Massachusetts General Hospital,Other,Lead
5649,Hospital San Juan de Dios del Aljarafe de Sevilla,Other,Lead
5649,University of Seville,Other,Collaborator
5649,Fundación Pública Andaluza para la gestión de la Investigación en Sevilla,Other,Collaborator
5650,University of Alabama at Birmingham,Other,Lead
5650,Massachusetts General Hospital,Other,Collaborator
5651,Haukeland University Hospital,Other,Lead
5651,University of Bergen,Other,Collaborator
5651,Drammen sykehus,Other,Collaborator
5651,University of Copenhagen,Other,Collaborator
5651,"Rigshospitalet, Denmark",Other,Collaborator
5651,UMC Utrecht,Other,Collaborator
5651,University of Southampton,Other,Collaborator
5651,Quadram Institute Bioscience,Other,Collaborator
5652,Vanderbilt University Medical Center,Other,Lead
5652,Veloxis Pharmaceuticals,Industry,Collaborator
5653,University of Coimbra,Other,Lead
5654,Norwegian University of Science and Technology,Other,Lead
5654,Diakonhjemmet Hospital,Other,Collaborator
5655,Henry M. Jackson Foundation for the Advancement of Military Medicine,Other,Lead
5655,National Institute of Allergy and Infectious Diseases (NIAID),NIH,Collaborator
5655,Food and Drug Administration (FDA),U.S. Fed,Collaborator
5655,Defense Health Agency Immunization Healthcare Branch,Other,Collaborator
5655,Armed Forces Health Surveillance Branch,Other,Collaborator
5655,Naval Health Research Center,Other,Collaborator
5655,United States Air Force School of Aerospace Medicine,Other,Collaborator
5655,Uniformed Services University of the Health Sciences,Other,Collaborator
5656,University of British Columbia,Other,Lead
5657,University of Pennsylvania,Other,Lead
5658,"University of Colorado, Denver",Other,Lead
5658,National Institutes of Health (NIH),NIH,Collaborator
5658,Seattle Children's Hospital,Other,Collaborator
5658,"University of Missouri, Kansas City",Other,Collaborator
5658,Children's Mercy Hospital Kansas City,Other,Collaborator
5658,Portland State University,Other,Collaborator
5658,University of Washington,Other,Collaborator
5658,Eunice Kennedy Shriver National Institute of Child Health and Human Development (NICHD),Other,Collaborator
5659,Michigan State University,Other,Lead
5659,National Center for Complementary and Integrative Health (NCCIH),NIH,Collaborator
5659,Spectrum Health Hospitals,Other,Collaborator
5660,"Forman Christian College, Pakistan",Other,Lead
5660,doctHERs,Industry,Collaborator
5660,Saglik Bilimleri Universitesi,Other,Collaborator
5661,Hospital Universitari Vall d'Hebron Research Institute,Other,Lead
5661,University of South Australia,Other,Collaborator
5662,Linkoeping University,Other,Lead
5663,Wroclaw Medical University,Other,Lead
5663,Wrocław University of Science and Technology,Other,Collaborator
5664,Boston University Charles River Campus,Other,Lead
5664,Mclean Hospital,Other,Collaborator
5664,University of Houston,Other,Collaborator
5665,Lund University,Other,Lead
5665,AB Svenska Spel,Other,Collaborator
5666,University of Rochester,Other,Lead
5666,National Institute on Aging (NIA),NIH,Collaborator
5667,Pharma Plant,Industry,Lead
5667,Novagenix Bioanalytical Drug R&D Center,Other,Collaborator
5668,Atabay Kimya Sanayi Ticaret A.S.,Industry,Lead
5668,Novagenix Bioanalytical Drug R&D Center,Other,Collaborator
5668,Farmagen Ar-Ge Biyot. Ltd. Sti,Other,Collaborator
5669,Novelfarma Ilaç San. ve Tic. Ltd. Sti.,Industry,Lead
5669,Novagenix Bioanalytical Drug R&D Center,Other,Collaborator
5669,Farmagen Ar-Ge Biyot. Ltd. Sti,Other,Collaborator
5670,Saint Luke's Health System,Other,Lead
5670,Massachusetts General Hospital,Other,Collaborator
5671,"Pear Therapeutics, Inc.",Industry,Lead
5671,Addiction Research and Education Foundation (AREF),Other,Collaborator
5671,"Research Foundation for Mental Hygiene, Inc.",NIH,Collaborator
5671,National Institute on Drug Abuse (NIDA),Other,Collaborator
5672,Kaiser Permanente,Other,Lead
5672,"University of California, San Francisco",Other,Collaborator
5673,Helsinki University Central Hospital,Other,Lead
5673,University of Helsinki,Other,Collaborator
5673,Finnish Institute for Health and Welfare,Other,Collaborator
5673,Finnish Institute of Occupational Health,Other,Collaborator
5674,University of Minnesota,Other,Lead
5675,"University Hospital, Angers",Other,Lead
5676,Universitätsklinikum Hamburg-Eppendorf,Other,Lead
5676,German Federal Ministry of Education and Research,Other,Collaborator
5676,University Hospital Heidelberg,Other,Collaborator
5677,HealthCore-NERI,Other,Lead
5677,"Orange Square Design, Inc.",NIH,Collaborator
5677,National Institute on Minority Health and Health Disparities (NIMHD),Other,Collaborator
5678,Jena University Hospital,Other,Lead
5678,"Department of Anesthesiology and Intensive Care Medicine, JUH",Other,Collaborator
5678,"Department of Cardiothoracic Surgery, JUH",Other,Collaborator
5678,"Department of Clinical Chemistry and Laboratory Medicine, JUH",Other,Collaborator
5678,"Department of Biochemistry, Center for Molecular Biomedicine (CMB), FSU Jena",Other,Collaborator
5678,"Systems Biology and Bioinformatics, Hans-Knöll Institute Jena",Other,Collaborator
5678,"Institute of Pharmacy, FSU Jena",Other,Collaborator
5679,Case Comprehensive Cancer Center,Other,Lead
5680,Amplyx Pharmaceuticals,Industry,Lead
5681,Janssen Vaccines & Prevention B.V.,Industry,Lead
5682,University of Manchester,Other,Lead
5683,HealthMode Inc.,Industry,Lead
5684,University of Helsinki,Other,Lead
5685,University of Pennsylvania,Other,Lead
5686,Memorial Sloan Kettering Cancer Center,Other,Lead
5686,University of Alabama at Birmingham,Other,Collaborator
5687,Arizona State University,Other,Lead
5688,"Universidad de los Andes, Chile",Other,Lead
5688,"Ministerio de Educación, Chile",Other,Collaborator
5689,Hospital Italiano de Buenos Aires,Other,Lead
5690,Institut Pasteur,Industry,Lead
5691,Centre Hospitalier Intercommunal Creteil,Other,Lead
5691,Association Clinique Thérapeutique Infantile du val de Marne,Other,Collaborator
5692,Respinor AS,Industry,Lead
5692,The Research Council of Norway,Other,Collaborator
5693,University of Texas at Tyler,Other,Lead
5694,Montreal Heart Institute,Other,Lead
5695,King's College Hospital NHS Trust,Other,Lead
5695,King's College London,Other,Collaborator
5696,"University Hospital, Montpellier",Other,Lead
5696,"University Hospital, Bordeaux",Other,Collaborator
5697,World Medicine ILAC SAN. ve TIC. A.S.,Industry,Lead
5697,Novagenix Bioanalytical Drug R&D Center,Other,Collaborator
5697,Farmagen Ar-Ge Biyot. Ltd. Sti,Other,Collaborator
5698,Oregon Health and Science University,Other,Lead
5698,Agency for Healthcare Research and Quality (AHRQ),U.S. Fed,Collaborator
5699,University of Missouri-Columbia,Other,Lead
5700,University of Pennsylvania,Other,Lead
5700,Indiana University,Other,Collaborator
5700,Ohio State University,Other,Collaborator
5700,"University of Missouri, St. Louis",Other,Collaborator
5701,University of Houston,Other,Lead
5701,University of Oklahoma,Other,Collaborator
5702,University of Pennsylvania,Other,Lead
5702,Ashoka University,Other,Collaborator
5702,Jindal Global University,Other,Collaborator
5703,Baxter Healthcare Corporation,Industry,Lead
5704,Craig Garfield,Other,Lead
5704,Blue Cross Blue Shield,Other,Collaborator
5704,Northwestern University,Other,Collaborator
5705,"University of Colorado, Denver",Other,Lead
5706,Massachusetts General Hospital,Other,Lead
5707,The University of Hong Kong,Other,Lead
5708,Vastra Gotaland Region,Other,Lead
5709,Ibis Reproductive Health,Other,Lead
5709,Marie Stopes International,Other,Collaborator
5709,Marie Stopes Ethiopia,Other,Collaborator
5710,Erasme University Hospital,Other,Lead
5711,Milton S. Hershey Medical Center,Other,Lead
5711,Health Resources and Services Administration (HRSA),U.S. Fed,Collaborator
5711,Patient-Centered Outcomes Research Institute,Other,Collaborator
5712,University of Minnesota,Other,Lead
5712,YMCA,NIH,Collaborator
5712,National Center for Complementary and Integrative Health (NCCIH),Other,Collaborator
5713,"Metagenics, Inc.",Industry,Lead
5713,MetaProteomics LLC,Other,Collaborator
5714,National Cancer Institute (NCI),NIH,Lead
5714,National Institutes of Health Clinical Center (CC),Other,Collaborator
5715,Thomas Advanced Medical LLC,Industry,Lead
5715,HeartStem Institute,Other,Collaborator
5715,NuStem,Other,Collaborator
5716,NICHD Global Network for Women's and Children's Health,Other,Lead
5716,University of Alabama at Birmingham,Other,Collaborator
5716,"University Teaching Hospital, Lusaka, Zambia",Other,Collaborator
5716,"University of North Carolina, Chapel Hill",Other,Collaborator
5716,Kinshasa School of Public Health,Other,Collaborator
5716,"University of Colorado, Denver",Other,Collaborator
5716,Institute of Nutrition of Central America and Panama,Other,Collaborator
5716,University of Virginia,Other,Collaborator
5716,"International Centre for Diarrhoeal Disease Research, Bangladesh",Other,Collaborator
5716,Thomas Jefferson University,Other,Collaborator
5716,Columbia University,Other,Collaborator
5716,Aga Khan University,Other,Collaborator
5716,Boston University,Other,Collaborator
5716,"Lata Medical Research Foundation, Nagpur",Other,Collaborator
5716,Indiana University School of Medicine,Other,Collaborator
5716,Moi Univeristy,Other,Collaborator
5716,RTI International,Other,Collaborator
5716,Bill and Melinda Gates Foundation,Other,Collaborator
5716,KLE University's Jawaharlal Nehru Medical College,Other,Collaborator
5717,Novartis Pharmaceuticals,Industry,Lead
5717,Novartis,Other,Collaborator
5718,World Medicine ILAC SAN. ve TIC. A.S.,Industry,Lead
5718,Novagenix Bioanalytical Drug R&D Center,Other,Collaborator
5718,Farmagen Ar-Ge Biyot. Ltd. Sti,Other,Collaborator
5719,Yale University,Other,Lead
5719,National Institutes of Health (NIH),NIH,Collaborator
5719,"National Heart, Lung, and Blood Institute (NHLBI)",Other,Collaborator
5720,NHS Greater Glasgow and Clyde,Other,Lead
5720,University of Glasgow,Other,Collaborator
5720,The Beatson Cancer Charity,Other,Collaborator
5721,University of Bergen,Other,Lead
5721,Haraldsplass Deaconal Hospital,Other,Collaborator
5721,Western Norway University of Applied Sciences,Other,Collaborator
5721,Norwegian Reseach Centre AS (NORCE),Other,Collaborator
5721,Norwegian National Advisory Unit on Ageing and Health,Other,Collaborator
5721,Natioal Association for Public Health,Other,Collaborator
5721,Municipality of Bergen,Other,Collaborator
5721,Municipally of Kristiansund,Other,Collaborator
5721,Municipally of Bærum,Other,Collaborator
5721,The Dignity Centre,Other,Collaborator
5721,Harvard McLean University,Other,Collaborator
5721,Yale School of Medicine,Other,Collaborator
5721,"University College, London",Other,Collaborator
5721,University of Leiden,Other,Collaborator
5721,Tohoku University,Other,Collaborator
5721,King's College London,Other,Collaborator
5721,The University of Hong Kong,Other,Collaborator
5722,Medical University of Vienna,Other,Lead
5722,Medical University of Graz,Other,Collaborator
5723,University of South Florida,Other,Lead
5723,Cambridge Health Alliance,Other,Collaborator
5724,Poitiers University Hospital,Other,Lead
5724,"University Hospital, Bordeaux",Other,Collaborator
5724,"University Hospital, Clermont-Ferrand",Other,Collaborator
5724,Centre Hospitalier Universitaire Dijon,Other,Collaborator
5724,Centre Hospitalier Universitaire de Besancon,Other,Collaborator
5724,Hopital Lariboisière,Other,Collaborator
5724,Bichat Hospital,Other,Collaborator
5724,Centre Hospitalier Sud Francilien,Other,Collaborator
5724,"University Hospital, Lille",Other,Collaborator
5724,Centre Hospitalier Universitaire de Nice,Other,Collaborator
5724,"University Hospital, Caen",Other,Collaborator
5724,"University Hospital, Toulouse",Other,Collaborator
5724,"University Hospital, Tours",Other,Collaborator
5724,Nantes University Hospital,Other,Collaborator
5724,Groupe Hospitalier Pitie-Salpetriere,Other,Collaborator
5724,Hospices Civils de Lyon,Other,Collaborator
5724,"University Hospital, Montpellier",Other,Collaborator
5724,"University Hospital, Strasbourg",Other,Collaborator
5724,"Central Hospital, Nancy, France",Other,Collaborator
5724,"HOSPITAL, CHARTRES",Other,Collaborator
5724,University of Liege,Other,Collaborator
5725,"Massive Bio, Inc.",Industry,Lead
5726,Massachusetts General Hospital,Other,Lead
5727,Northumbria University,Other,Lead
5727,Royal Hospital Chelsea,Other,Collaborator
5728,AIDS Clinical Trials Group,Other,Lead
5728,National Institute of Allergy and Infectious Diseases (NIAID),NIH,Collaborator
5728,National Cancer Institute (NCI),Other,Collaborator
5728,National Institute of Dental and Craniofacial Research (NIDCR),Other,Collaborator
5728,AIDS Malignancy Consortium,Other,Collaborator
5729,Celgene,Industry,Lead
5730,Celgene,Industry,Lead
5731,Celgene,Industry,Lead
5732,AbbVie,Industry,Lead
5733,Spanish Network for Research in Infectious Diseases,Other,Lead
5734,AstraZeneca,Industry,Lead
5735,University of Pennsylvania,Other,Lead
5735,"University of California, Berkeley",Other,Collaborator
5735,HumanGood,Other,Collaborator
5735,"University of Maryland, Baltimore",Other,Collaborator
5736,Auro Vaccines LLC,Industry,Lead
5736,PATH,Other,Collaborator
5736,Coalition for Epidemic Preparedness Innovations,Other,Collaborator
5736,Cincinnati Children's Hospital Medical Center (CCHMC),Other,Collaborator
5737,Zoe Global Limited,Other,Lead
5737,Massachusetts General Hospital,Other,Collaborator
5737,Stanford University,Other,Collaborator
5737,Harvard School of Public Health,Other,Collaborator
5738,University of Dundee,Other,Lead
5738,Emblation Limited,Other,Collaborator
5739,Zoe Global Limited,Other,Lead
5739,Massachusetts General Hospital,Other,Collaborator
5739,Stanford University,Other,Collaborator
5739,King's College London,Other,Collaborator
5739,Tufts University,Other,Collaborator
5740,McMaster University,Other,Lead
5740,Canadian Institutes of Health Research (CIHR),Other,Collaborator
5741,New Mexico State University,Other,Lead
5741,University of Washington,Other,Collaborator
5741,Fred Hutchinson Cancer Research Center,Other,Collaborator
5742,University of Pennsylvania,Other,Lead
5742,Geisinger Clinic,Other,Collaborator
5743,Laval University,Other,Lead
5743,Canadian Institutes of Health Research (CIHR),Other,Collaborator
5743,CIUSSS du Centre-Sud-de-l'Île-Montréal,Other,Collaborator
5743,Estrie University Integrated Health and Social Services Center - University Hospital of Sherbrooke,Other,Collaborator
5743,Integrated University Health and Social Services Center of the Capitale-Nationale,Other,Collaborator
5744,National Institute of Allergy and Infectious Diseases (NIAID),NIH,Lead
5745,Ottawa Heart Institute Research Corporation,Other,Lead
5746,Azienda Socio Sanitaria Territoriale degli Spedali Civili di Brescia,Other,Lead
5746,Università degli Studi di Brescia,Other,Collaborator
5747,Albert B. Sabin Vaccine Institute,Other,Lead
5747,ICON plc,Industry,Collaborator
5747,Oklahoma Blood Institute,Other,Collaborator
5748,University of Regina,Other,Lead
5749,University Hospital of North Norway,Other,Lead
5749,University of Tromso,Industry,Collaborator
5749,Norwegian Labour and Welfare Administration,Other,Collaborator
5749,Helse Nord,Other,Collaborator
5750,Centre Hospitalier Universitaire de la Réunion,Other,Lead
5751,VA Office of Research and Development,U.S. Fed,Lead
5752,University of Vermont,Other,Lead
5752,Arizona State University,Other,Collaborator
5752,State University of New York at Buffalo,Other,Collaborator
5752,Case Western Reserve University,Other,Collaborator
5752,DARTNet,Other,Collaborator
5752,National Committee for Quality Assurance,Other,Collaborator
5752,"University of Massachusetts, Worcester",Other,Collaborator
5753,Oregon Research Institute,Other,Lead
5753,National Institute of Mental Health (NIMH),NIH,Collaborator
5754,Mosie Baby,Industry,Lead
5755,"EMD Serono Research & Development Institute, Inc.",Industry,Lead
5755,EMD Serono,Other,Collaborator
5756,Washington University School of Medicine,Other,Lead
5757,Newcastle-upon-Tyne Hospitals NHS Trust,Other,Lead
5757,Alder Hey Children's NHS Foundation Trust,Other,Collaborator
5757,"National Institute for Health Research, United Kingdom",Other,Collaborator
5758,The University of Hong Kong,Other,Lead
5758,University of Chicago,NIH,Collaborator
5758,National Institute of Allergy and Infectious Diseases (NIAID),Other,Collaborator
5759,Mead Johnson Nutrition,Industry,Lead
5760,Baylor Research Institute,Other,Lead
5760,"National Institute on Disability, Independent Living, and Rehabilitation Research",U.S. Fed,Collaborator
5761,Baylor Research Institute,Other,Lead
5761,"National Institute on Disability, Independent Living, and Rehabilitation Research",U.S. Fed,Collaborator
5761,University of Texas Southwestern Medical Center,Other,Collaborator
5762,University of Pittsburgh,Other,Lead
5762,National Institute of Nursing Research (NINR),NIH,Collaborator
5763,Washington University School of Medicine,Other,Lead
5763,American Parkinson Disease Association - Greater St. Louis Chapter,Other,Collaborator
5764,University Ghent,Other,Lead
5765,Spaulding Rehabilitation Hospital,Other,Lead
5765,Sheba Medical Center,Other,Collaborator
5766,University of Alabama at Birmingham,Other,Lead
5766,"University of California, San Francisco",Other,Collaborator
5766,Centre for Infectious Disease Research in Zambia,Other,Collaborator
5766,Grassroot Soccer (GRS),Other,Collaborator
5766,Washington University School of Medicine,Other,Collaborator
5767,"Astellas Pharma Global Development, Inc.",Industry,Lead
5767,Astellas Pharma Inc,Other,Collaborator
5768,Northwestern University,Other,Lead
5768,Eunice Kennedy Shriver National Institute of Child Health and Human Development (NICHD),NIH,Collaborator
5769,Kolding Sygehus,Other,Lead
5769,Odense Patient Data Explorative Network,Other,Collaborator
5770,Children's Hospital Los Angeles,Other,Lead
5770,University of Southern California,Other,Collaborator
5770,Cedars-Sinai Medical Center,Other,Collaborator
5771,Dartmouth-Hitchcock Medical Center,Other,Lead
5771,Pontificia Universidad Javeriana,NIH,Collaborator
5771,National Institute of Mental Health (NIMH),Other,Collaborator
5772,"Sera Prognostics, Inc.",Industry,Lead
5772,"High Risk Pregnancy Center, Las Vegas, Nevada",Other,Collaborator
5773,Stony Brook University,Other,Lead
5774,Brock University,Other,Lead
5774,"Dr. Peter C. Fritz, Periodontal Wellness & Implant Surgery",Other,Collaborator
5775,University of Cambridge,Other,Lead
5775,Cambridgeshire and Peterborough NHS Foundation Trust,Industry,Collaborator
5775,Cambridge Cognition Ltd,Other,Collaborator
5775,Big Health,Other,Collaborator
5776,Michigan State University,Other,Lead
5776,Arthritis Foundation,Other,Collaborator
5776,The Hospital for Sick Children,Other,Collaborator
5777,University of Pittsburgh,Other,Lead
5777,U.S. National Science Foundation,U.S. Fed,Collaborator
5777,James S McDonnell Foundation,Other,Collaborator
5778,University of Zurich,Other,Lead
5779,"University of Wisconsin, Madison",Other,Lead
5779,National Institute on Alcohol Abuse and Alcoholism (NIAAA),NIH,Collaborator
5780,ARCIM Institute Academic Research in Complementary and Integrative Medicine,Other,Lead
5780,"Gemeinschaftskrankenhaus Herdecke, Germany",Other,Collaborator
5781,University of Illinois at Urbana-Champaign,Other,Lead
5782,"Mental Health Services in the Capital Region, Denmark",Other,Lead
5782,Frederiksberg University Hospital,Other,Collaborator
5782,"Defactum, Central Denmark Region",Other,Collaborator
5782,The Danish Mental Health Foundation,Other,Collaborator
5783,The University of Texas Health Science Center at San Antonio,Other,Lead
5783,Uniformed Services University of the Health Sciences,U.S. Fed,Collaborator
5783,Massachusetts General Hospital,Other,Collaborator
5783,Defense Health Agency,Other,Collaborator
5783,59th Medical Wing,Other,Collaborator
5783,Brooke Army Medical Center,Other,Collaborator
5783,C.R.Darnall Army Medical Center,Other,Collaborator
