study_id,allocation,intervention_model,observational_model,time_perspective,masking,primary_purpose
1,N/A,,,,,
1,,Single Group Assignment,,,,
1,,,,,None (Open Label),
1,,,,,,Diagnostic
2,Randomized,,,,,
2,,Parallel Assignment,,,,
2,,,,,"Triple (Participant, Care Provider, Investigator)",
2,,,,,,Treatment
3,,,Cohort,,,
3,,,,Retrospective,,
4,,,Cohort,,,
4,,,,Retrospective,,
5,,,Cohort,,,
5,,,,Prospective,,
6,N/A,,,,,
6,,Single Group Assignment,,,,
6,,,,,None (Open Label),
6,,,,,,Treatment
7,N/A,,,,,
7,,Single Group Assignment,,,,
7,,,,,None (Open Label),
7,,,,,,Prevention
8,,,Case-Control,,,
8,,,,Retrospective,,
9,Non-Randomized,,,,,
9,,Parallel Assignment,,,,
9,,,,,None (Open Label),
9,,,,,,Diagnostic
10,Non-Randomized,,,,,
10,,Parallel Assignment,,,,
10,,,,,None (Open Label),
10,,,,,,Treatment
11,N/A,,,,,
11,,Single Group Assignment,,,,
11,,,,,None (Open Label),
11,,,,,,Treatment
12,,,Case-Only,,,
12,,,,Retrospective,,
13,,,Cohort,,,
13,,,,Prospective,,
14,,,Cohort,,,
14,,,,Prospective,,
15,Randomized,,,,,
15,,Parallel Assignment,,,,
15,,,,,None (Open Label),
15,,,,,,Diagnostic
16,,,Case-Only,,,
16,,,,Prospective,,
17,N/A,,,,,
17,,Single Group Assignment,,,,
17,,,,,None (Open Label),
17,,,,,,Diagnostic
18,,,Cohort,,,
18,,,,Retrospective,,
19,,,Cohort,,,
19,,,,Prospective,,
20,,,Cohort,,,
20,,,,Prospective,,
21,,,Cohort,,,
21,,,,Retrospective,,
22,Randomized,,,,,
22,,Parallel Assignment,,,,
22,,,,,None (Open Label),
22,,,,,,Treatment
23,Randomized,,,,,
23,,Parallel Assignment,,,,
23,,,,,"Quadruple (Participant, Care Provider, Investigator, Outcomes Assessor)",
23,,,,,,Prevention
24,,,Case-Control,,,
24,,,,Prospective,,
25,,,Cohort,,,
25,,,,Prospective,,
26,Randomized,,,,,
26,,Parallel Assignment,,,,
26,,,,,None (Open Label),
26,,,,,,Treatment
27,,,Cohort,,,
27,,,,Retrospective,,
28,,,Ecologic or Community,,,
28,,,,Cross-Sectional,,
29,,,Cohort,,,
29,,,,Prospective,,
30,Non-Randomized,,,,,
30,,Parallel Assignment,,,,
30,,,,,None (Open Label),
30,,,,,,Other
31,,,Case-Control,,,
31,,,,Prospective,,
32,,,Cohort,,,
32,,,,Other,,
33,,,Cohort,,,
33,,,,Prospective,,
34,Non-Randomized,,,,,
34,,Parallel Assignment,,,,
34,,,,,None (Open Label),
34,,,,,,Diagnostic
35,,,Case-Control,,,
35,,,,Prospective,,
36,,,Cohort,,,
36,,,,Prospective,,
37,Randomized,,,,,
37,,Parallel Assignment,,,,
37,,,,,None (Open Label),
37,,,,,,Prevention
38,Non-Randomized,,,,,
38,,Parallel Assignment,,,,
38,,,,,None (Open Label),
38,,,,,,Diagnostic
39,,,Cohort,,,
39,,,,Retrospective,,
40,,,Case-Only,,,
40,,,,Prospective,,
41,N/A,,,,,
41,,Single Group Assignment,,,,
41,,,,,None (Open Label),
41,,,,,,Treatment
42,,,Cohort,,,
42,,,,Prospective,,
43,,,Ecologic or Community,,,
43,,,,Prospective,,
44,,,Cohort,,,
44,,,,Prospective,,
45,,,Case-Control,,,
45,,,,Prospective,,
46,Randomized,,,,,
46,,Parallel Assignment,,,,
46,,,,,None (Open Label),
46,,,,,,Treatment
47,Randomized,,,,,
47,,Parallel Assignment,,,,
47,,,,,"Triple (Participant, Care Provider, Investigator)",
47,,,,,,Treatment
48,,,Cohort,,,
48,,,,Prospective,,
49,Randomized,,,,,
49,,Parallel Assignment,,,,
49,,,,,None (Open Label),
49,,,,,,Treatment
50,,,Cohort,,,
50,,,,Prospective,,
51,,,Case-Only,,,
51,,,,Prospective,,
52,,,Cohort,,,
52,,,,Prospective,,
53,,,Cohort,,,
53,,,,Cross-Sectional,,
54,,,Cohort,,,
54,,,,Prospective,,
55,Randomized,,,,,
55,,Parallel Assignment,,,,
55,,,,,"Double (Participant, Investigator)",
55,,,,,,Prevention
56,,,Case-Only,,,
56,,,,Cross-Sectional,,
57,,,Case-Control,,,
57,,,,Retrospective,,
58,Non-Randomized,,,,,
58,,Parallel Assignment,,,,
58,,,,,None (Open Label),
58,,,,,,Diagnostic
59,,,Case-Only,,,
59,,,,Prospective,,
60,,,Cohort,,,
60,,,,Retrospective,,
61,,,Cohort,,,
61,,,,Retrospective,,
62,,,Cohort,,,
62,,,,Prospective,,
63,,,Case-Control,,,
63,,,,Other,,
64,N/A,,,,,
64,,Single Group Assignment,,,,
64,,,,,None (Open Label),
64,,,,,,Treatment
65,,,Cohort,,,
65,,,,Retrospective,,
66,Randomized,,,,,
66,,Parallel Assignment,,,,
66,,,,,None (Open Label),
66,,,,,,Treatment
67,N/A,,,,,
67,,Single Group Assignment,,,,
67,,,,,None (Open Label),
67,,,,,,Treatment
68,,,Case-Only,,,
68,,,,Prospective,,
69,,,Cohort,,,
69,,,,Prospective,,
70,,,Cohort,,,
70,,,,Prospective,,
71,N/A,,,,,
71,,Single Group Assignment,,,,
71,,,,,None (Open Label),
71,,,,,,Other
72,,,Cohort,,,
72,,,,Prospective,,
73,,,Cohort,,,
73,,,,Prospective,,
74,Randomized,,,,,
74,,Parallel Assignment,,,,
74,,,,,"Quadruple (Participant, Care Provider, Investigator, Outcomes Assessor)",
74,,,,,,Treatment
75,,,Cohort,,,
75,,,,Other,,
76,Randomized,,,,,
76,,Parallel Assignment,,,,
76,,,,,"Quadruple (Participant, Care Provider, Investigator, Outcomes Assessor)",
76,,,,,,Prevention
77,,,Cohort,,,
77,,,,Prospective,,
78,,,Cohort,,,
78,,,,Prospective,,
79,,,Cohort,,,
79,,,,Prospective,,
80,,,Cohort,,,
80,,,,Prospective,,
81,N/A,,,,,
81,,Single Group Assignment,,,,
81,,,,,None (Open Label),
81,,,,,,Diagnostic
82,,,Cohort,,,
82,,,,Prospective,,
83,Non-Randomized,,,,,
83,,Single Group Assignment,,,,
83,,,,,None (Open Label),
83,,,,,,Diagnostic
84,,,Ecologic or Community,,,
84,,,,Prospective,,
85,N/A,,,,,
85,,Single Group Assignment,,,,
85,,,,,None (Open Label),
85,,,,,,Diagnostic
86,,,Cohort,,,
86,,,,Prospective,,
87,,,Other,,,
87,,,,Cross-Sectional,,
88,Randomized,,,,,
88,,Parallel Assignment,,,,
88,,,,,Single (Outcomes Assessor),
88,,,,,,Supportive Care
89,,,Case-Only,,,
89,,,,Other,,
90,Randomized,,,,,
90,,Crossover Assignment,,,,
90,,,,,None (Open Label),
90,,,,,,Prevention
91,,,Cohort,,,
91,,,,Prospective,,
92,,,Cohort,,,
92,,,,Prospective,,
93,,,Cohort,,,
93,,,,Prospective,,
94,Randomized,,,,,
94,,Parallel Assignment,,,,
94,,,,,Single (Outcomes Assessor),
94,,,,,,Treatment
95,Randomized,,,,,
95,,Factorial Assignment,,,,
95,,,,,None (Open Label),
95,,,,,,Prevention
96,,,Cohort,,,
96,,,,Prospective,,
97,,,Cohort,,,
97,,,,Prospective,,
98,,,Cohort,,,
98,,,,Prospective,,
99,,,Case-Only,,,
99,,,,Prospective,,
100,,,Case-Control,,,
100,,,,Prospective,,
101,N/A,,,,,
101,,Single Group Assignment,,,,
101,,,,,None (Open Label),
101,,,,,,Screening
102,,,Cohort,,,
102,,,,Prospective,,
103,,,Case-Only,,,
103,,,,Retrospective,,
104,,,Cohort,,,
104,,,,Prospective,,
105,,,Cohort,,,
105,,,,Prospective,,
106,,,Cohort,,,
106,,,,Prospective,,
107,,,Cohort,,,
107,,,,Prospective,,
108,Randomized,,,,,
108,,Parallel Assignment,,,,
108,,,,,None (Open Label),
108,,,,,,Treatment
109,N/A,,,,,
109,,Single Group Assignment,,,,
109,,,,,None (Open Label),
109,,,,,,Treatment
110,,,Case-Control,,,
110,,,,Prospective,,
111,,,Cohort,,,
111,,,,Prospective,,
112,,,Cohort,,,
112,,,,Prospective,,
113,Non-Randomized,,,,,
113,,Parallel Assignment,,,,
113,,,,,None (Open Label),
113,,,,,,Other
114,,,Ecologic or Community,,,
114,,,,Prospective,,
115,N/A,,,,,
115,,Single Group Assignment,,,,
115,,,,,None (Open Label),
115,,,,,,Diagnostic
116,,,Case-Only,,,
116,,,,Prospective,,
117,Randomized,,,,,
117,,Parallel Assignment,,,,
117,,,,,Single (Outcomes Assessor),
117,,,,,,Treatment
118,,,Cohort,,,
118,,,,Retrospective,,
119,,,Case-Control,,,
119,,,,Prospective,,
120,,,Cohort,,,
120,,,,Prospective,,
121,,,Cohort,,,
121,,,,Retrospective,,
122,N/A,,,,,
122,,Single Group Assignment,,,,
122,,,,,None (Open Label),
122,,,,,,Treatment
123,,,Cohort,,,
123,,,,Prospective,,
124,,,Cohort,,,
124,,,,Prospective,,
125,Non-Randomized,,,,,
125,,Sequential Assignment,,,,
125,,,,,None (Open Label),
125,,,,,,Diagnostic
126,N/A,,,,,
126,,Single Group Assignment,,,,
126,,,,,None (Open Label),
126,,,,,,Diagnostic
127,Randomized,,,,,
127,,Parallel Assignment,,,,
127,,,,,None (Open Label),
127,,,,,,Treatment
128,N/A,,,,,
128,,Single Group Assignment,,,,
128,,,,,None (Open Label),
128,,,,,,Diagnostic
129,,,Cohort,,,
129,,,,Prospective,,
130,Non-Randomized,,,,,
130,,Sequential Assignment,,,,
130,,,,,None (Open Label),
130,,,,,,Prevention
131,,,Case-Only,,,
131,,,,Retrospective,,
132,N/A,,,,,
132,,Single Group Assignment,,,,
132,,,,,None (Open Label),
132,,,,,,Health Services Research
133,Non-Randomized,,,,,
133,,Parallel Assignment,,,,
133,,,,,None (Open Label),
133,,,,,,Other
134,,,Ecologic or Community,,,
134,,,,Retrospective,,
135,Non-Randomized,,,,,
135,,Single Group Assignment,,,,
135,,,,,Single (Participant),
135,,,,,,Diagnostic
136,,,Cohort,,,
136,,,,Prospective,,
137,,,Cohort,,,
137,,,,Cross-Sectional,,
138,,,Other,,,
138,,,,Retrospective,,
139,N/A,,,,,
139,,Single Group Assignment,,,,
139,,,,,None (Open Label),
139,,,,,,Prevention
140,,,Cohort,,,
140,,,,Prospective,,
141,Randomized,,,,,
141,,Parallel Assignment,,,,
141,,,,,None (Open Label),
141,,,,,,Treatment
142,,,Cohort,,,
142,,,,Cross-Sectional,,
143,N/A,,,,,
143,,Single Group Assignment,,,,
143,,,,,None (Open Label),
143,,,,,,Diagnostic
144,N/A,,,,,
144,,Single Group Assignment,,,,
144,,,,,None (Open Label),
144,,,,,,Diagnostic
145,,,Cohort,,,
145,,,,Retrospective,,
146,Randomized,,,,,
146,,Parallel Assignment,,,,
146,,,,,None (Open Label),
146,,,,,,Treatment
147,,,Cohort,,,
147,,,,Other,,
148,N/A,,,,,
148,,Single Group Assignment,,,,
148,,,,,None (Open Label),
148,,,,,,Diagnostic
149,,,Case-Control,,,
149,,,,Prospective,,
150,,,Other,,,
150,,,,Other,,
151,,,Cohort,,,
151,,,,Retrospective,,
152,Randomized,,,,,
152,,Parallel Assignment,,,,
152,,,,,"Quadruple (Participant, Care Provider, Investigator, Outcomes Assessor)",
152,,,,,,Prevention
153,Randomized,,,,,
153,,Parallel Assignment,,,,
153,,,,,"Double (Participant, Investigator)",
153,,,,,,Prevention
154,,,Cohort,,,
154,,,,Prospective,,
155,Non-Randomized,,,,,
155,,Single Group Assignment,,,,
155,,,,,None (Open Label),
155,,,,,,Diagnostic
156,,,Cohort,,,
156,,,,Prospective,,
157,,,Case-Only,,,
157,,,,Retrospective,,
158,N/A,,,,,
158,,Single Group Assignment,,,,
158,,,,,None (Open Label),
158,,,,,,Other
159,,,Cohort,,,
159,,,,Prospective,,
160,Non-Randomized,,,,,
160,,Parallel Assignment,,,,
160,,,,,None (Open Label),
160,,,,,,Other
161,,,Cohort,,,
161,,,,Cross-Sectional,,
162,N/A,,,,,
162,,Single Group Assignment,,,,
162,,,,,None (Open Label),
162,,,,,,Other
163,Randomized,,,,,
163,,Parallel Assignment,,,,
163,,,,,None (Open Label),
163,,,,,,Treatment
164,,,Cohort,,,
164,,,,Prospective,,
165,,,Cohort,,,
165,,,,Retrospective,,
166,Randomized,,,,,
166,,Parallel Assignment,,,,
166,,,,,None (Open Label),
166,,,,,,Treatment
167,N/A,,,,,
167,,Single Group Assignment,,,,
167,,,,,None (Open Label),
167,,,,,,Diagnostic
168,,,Case-Only,,,
168,,,,Prospective,,
169,,,Cohort,,,
169,,,,Prospective,,
170,,,Cohort,,,
170,,,,Prospective,,
171,N/A,,,,,
171,,Single Group Assignment,,,,
171,,,,,None (Open Label),
171,,,,,,Diagnostic
172,,,Case-Only,,,
172,,,,Prospective,,
173,,,Cohort,,,
173,,,,Cross-Sectional,,
174,,,Case-Control,,,
174,,,,Retrospective,,
175,Randomized,,,,,
175,,Parallel Assignment,,,,
175,,,,,"Quadruple (Participant, Care Provider, Investigator, Outcomes Assessor)",
175,,,,,,Treatment
176,,,Cohort,,,
176,,,,Prospective,,
177,,,Cohort,,,
177,,,,Cross-Sectional,,
178,,,Other,,,
178,,,,Prospective,,
179,,,Other,,,
179,,,,Cross-Sectional,,
180,,,Case-Only,,,
180,,,,Retrospective,,
181,,,Cohort,,,
181,,,,Prospective,,
182,Randomized,,,,,
182,,Parallel Assignment,,,,
182,,,,,None (Open Label),
182,,,,,,Treatment
183,,,Cohort,,,
183,,,,Other,,
184,,,Cohort,,,
184,,,,Prospective,,
185,,,Case-Only,,,
185,,,,Prospective,,
186,,,Cohort,,,
186,,,,Prospective,,
187,Randomized,,,,,
187,,Parallel Assignment,,,,
187,,,,,"Quadruple (Participant, Care Provider, Investigator, Outcomes Assessor)",
187,,,,,,Prevention
188,,,Case-Control,,,
188,,,,Retrospective,,
189,N/A,,,,,
189,,Single Group Assignment,,,,
189,,,,,None (Open Label),
189,,,,,,Health Services Research
190,,,Case-Control,,,
190,,,,Retrospective,,
191,Randomized,,,,,
191,,Parallel Assignment,,,,
191,,,,,Single (Participant),
191,,,,,,Prevention
192,,,Cohort,,,
192,,,,Retrospective,,
193,N/A,,,,,
193,,Single Group Assignment,,,,
193,,,,,None (Open Label),
193,,,,,,Diagnostic
194,,,Cohort,,,
194,,,,Other,,
195,,,Cohort,,,
195,,,,Prospective,,
196,,,Other,,,
196,,,,Cross-Sectional,,
197,,,Cohort,,,
197,,,,Prospective,,
198,,,Cohort,,,
198,,,,Prospective,,
199,Randomized,,,,,
199,,Parallel Assignment,,,,
199,,,,,None (Open Label),
199,,,,,,Treatment
200,,,Case-Only,,,
200,,,,Retrospective,,
201,Non-Randomized,,,,,
201,,Parallel Assignment,,,,
201,,,,,None (Open Label),
201,,,,,,Treatment
202,,,Case-Control,,,
202,,,,Other,,
203,,,Cohort,,,
203,,,,Prospective,,
204,Randomized,,,,,
204,,Parallel Assignment,,,,
204,,,,,"Quadruple (Participant, Care Provider, Investigator, Outcomes Assessor)",
204,,,,,,Treatment
205,,,Cohort,,,
205,,,,Retrospective,,
206,,,Case-Control,,,
206,,,,Retrospective,,
207,Randomized,,,,,
207,,Parallel Assignment,,,,
207,,,,,"Quadruple (Participant, Care Provider, Investigator, Outcomes Assessor)",
207,,,,,,Treatment
208,Non-Randomized,,,,,
208,,Parallel Assignment,,,,
208,,,,,None (Open Label),
208,,,,,,Treatment
209,,,Case-Control,,,
209,,,,Prospective,,
210,,,Cohort,,,
210,,,,Prospective,,
211,,,Cohort,,,
211,,,,Prospective,,
212,,,Cohort,,,
212,,,,Retrospective,,
213,,,Ecologic or Community,,,
213,,,,Prospective,,
214,Non-Randomized,,,,,
214,,Parallel Assignment,,,,
214,,,,,None (Open Label),
214,,,,,,Treatment
215,,,Cohort,,,
215,,,,Retrospective,,
216,,,Ecologic or Community,,,
216,,,,Retrospective,,
217,N/A,,,,,
217,,Single Group Assignment,,,,
217,,,,,None (Open Label),
217,,,,,,Diagnostic
218,,,Cohort,,,
218,,,,Cross-Sectional,,
219,Randomized,,,,,
219,,Parallel Assignment,,,,
219,,,,,"Triple (Participant, Investigator, Outcomes Assessor)",
219,,,,,,Treatment
220,Randomized,,,,,
220,,Parallel Assignment,,,,
220,,,,,None (Open Label),
220,,,,,,Treatment
221,Randomized,,,,,
221,,Parallel Assignment,,,,
221,,,,,None (Open Label),
221,,,,,,Treatment
222,Randomized,,,,,
222,,Parallel Assignment,,,,
222,,,,,None (Open Label),
222,,,,,,Treatment
223,,,Other,,,
223,,,,Prospective,,
224,Randomized,,,,,
224,,Parallel Assignment,,,,
224,,,,,None (Open Label),
224,,,,,,Prevention
225,Randomized,,,,,
225,,Parallel Assignment,,,,
225,,,,,Single (Participant),
225,,,,,,Treatment
226,,,Cohort,,,
226,,,,Retrospective,,
227,,,Other,,,
227,,,,Prospective,,
228,Randomized,,,,,
228,,Parallel Assignment,,,,
228,,,,,None (Open Label),
228,,,,,,Prevention
229,Randomized,,,,,
229,,Parallel Assignment,,,,
229,,,,,None (Open Label),
229,,,,,,Treatment
230,Non-Randomized,,,,,
230,,Sequential Assignment,,,,
230,,,,,None (Open Label),
230,,,,,,Prevention
231,N/A,,,,,
231,,Single Group Assignment,,,,
231,,,,,None (Open Label),
231,,,,,,Other
232,,,Cohort,,,
232,,,,Prospective,,
233,,,Case-Only,,,
233,,,,Cross-Sectional,,
234,Non-Randomized,,,,,
234,,Parallel Assignment,,,,
234,,,,,None (Open Label),
234,,,,,,Treatment
235,Randomized,,,,,
235,,Parallel Assignment,,,,
235,,,,,"Triple (Participant, Care Provider, Investigator)",
235,,,,,,Treatment
236,,,Cohort,,,
236,,,,Cross-Sectional,,
237,,,Cohort,,,
237,,,,Prospective,,
238,,,Other,,,
238,,,,Prospective,,
239,N/A,,,,,
239,,Single Group Assignment,,,,
239,,,,,None (Open Label),
239,,,,,,Prevention
240,Non-Randomized,,,,,
240,,Parallel Assignment,,,,
240,,,,,None (Open Label),
240,,,,,,Device Feasibility
241,,,Cohort,,,
241,,,,Retrospective,,
242,,,Cohort,,,
242,,,,Prospective,,
243,Randomized,,,,,
243,,Parallel Assignment,,,,
243,,,,,"Quadruple (Participant, Care Provider, Investigator, Outcomes Assessor)",
243,,,,,,Prevention
244,,,Ecologic or Community,,,
244,,,,Prospective,,
245,,,Cohort,,,
245,,,,Prospective,,
246,,,Cohort,,,
246,,,,Retrospective,,
247,,,Cohort,,,
247,,,,Other,,
248,N/A,,,,,
248,,Single Group Assignment,,,,
248,,,,,None (Open Label),
248,,,,,,Treatment
249,Randomized,,,,,
249,,Parallel Assignment,,,,
249,,,,,"Triple (Participant, Care Provider, Investigator)",
249,,,,,,Prevention
250,,,Case-Control,,,
250,,,,Prospective,,
251,Randomized,,,,,
251,,Parallel Assignment,,,,
251,,,,,"Triple (Participant, Care Provider, Investigator)",
251,,,,,,Prevention
252,,,Cohort,,,
252,,,,Prospective,,
253,,,Cohort,,,
253,,,,Prospective,,
254,,,Cohort,,,
254,,,,Retrospective,,
255,Randomized,,,,,
255,,Parallel Assignment,,,,
255,,,,,"Double (Participant, Investigator)",
255,,,,,,Prevention
256,,,Ecologic or Community,,,
256,,,,Prospective,,
257,Randomized,,,,,
257,,Parallel Assignment,,,,
257,,,,,Single (Outcomes Assessor),
257,,,,,,Prevention
258,Randomized,,,,,
258,,Parallel Assignment,,,,
258,,,,,None (Open Label),
258,,,,,,Other
259,,,Case-Control,,,
259,,,,Prospective,,
260,N/A,,,,,
260,,Single Group Assignment,,,,
260,,,,,None (Open Label),
260,,,,,,Screening
261,Non-Randomized,,,,,
261,,Parallel Assignment,,,,
261,,,,,None (Open Label),
261,,,,,,Other
262,,,Cohort,,,
262,,,,Prospective,,
263,Non-Randomized,,,,,
263,,Parallel Assignment,,,,
263,,,,,None (Open Label),
263,,,,,,Treatment
264,,,Case-Control,,,
264,,,,Prospective,,
265,,,Cohort,,,
265,,,,Retrospective,,
266,,,Cohort,,,
266,,,,Prospective,,
267,Randomized,,,,,
267,,Parallel Assignment,,,,
267,,,,,"Double (Participant, Investigator)",
267,,,,,,Prevention
268,N/A,,,,,
268,,Single Group Assignment,,,,
268,,,,,None (Open Label),
268,,,,,,Treatment
269,,,Cohort,,,
269,,,,Prospective,,
270,,,Case-Only,,,
270,,,,Prospective,,
271,Randomized,,,,,
271,,Parallel Assignment,,,,
271,,,,,None (Open Label),
271,,,,,,Treatment
272,Randomized,,,,,
272,,Parallel Assignment,,,,
272,,,,,"Quadruple (Participant, Care Provider, Investigator, Outcomes Assessor)",
272,,,,,,Prevention
273,,,Cohort,,,
273,,,,Cross-Sectional,,
274,,,Case-Only,,,
274,,,,Retrospective,,
275,,,Cohort,,,
275,,,,Prospective,,
276,,,Cohort,,,
276,,,,Cross-Sectional,,
277,N/A,,,,,
277,,Single Group Assignment,,,,
277,,,,,None (Open Label),
277,,,,,,Other
278,,,Cohort,,,
278,,,,Retrospective,,
279,,,Other,,,
279,,,,Prospective,,
280,Randomized,,,,,
280,,Parallel Assignment,,,,
280,,,,,"Quadruple (Participant, Care Provider, Investigator, Outcomes Assessor)",
280,,,,,,Prevention
281,,,Case-Control,,,
281,,,,Prospective,,
282,N/A,,,,,
282,,Single Group Assignment,,,,
282,,,,,None (Open Label),
282,,,,,,Supportive Care
283,N/A,,,,,
283,,Single Group Assignment,,,,
283,,,,,None (Open Label),
283,,,,,,Diagnostic
284,,,Cohort,,,
284,,,,Retrospective,,
285,Randomized,,,,,
285,,Parallel Assignment,,,,
285,,,,,"Triple (Participant, Care Provider, Outcomes Assessor)",
285,,,,,,Treatment
286,,,Case-Only,,,
286,,,,Cross-Sectional,,
287,Randomized,,,,,
287,,Parallel Assignment,,,,
287,,,,,None (Open Label),
287,,,,,,Treatment
288,,,Cohort,,,
288,,,,Retrospective,,
289,N/A,,,,,
289,,Single Group Assignment,,,,
289,,,,,None (Open Label),
289,,,,,,Treatment
290,Randomized,,,,,
290,,Parallel Assignment,,,,
290,,,,,"Double (Participant, Outcomes Assessor)",
290,,,,,,Treatment
291,N/A,,,,,
291,,Sequential Assignment,,,,
291,,,,,None (Open Label),
291,,,,,,Prevention
292,Randomized,,,,,
292,,Parallel Assignment,,,,
292,,,,,"Quadruple (Participant, Care Provider, Investigator, Outcomes Assessor)",
292,,,,,,Treatment
293,Randomized,,,,,
293,,Parallel Assignment,,,,
293,,,,,None (Open Label),
293,,,,,,Supportive Care
294,,,Cohort,,,
294,,,,Retrospective,,
295,Randomized,,,,,
295,,Parallel Assignment,,,,
295,,,,,Single (Participant),
295,,,,,,Treatment
296,N/A,,,,,
296,,Single Group Assignment,,,,
296,,,,,None (Open Label),
296,,,,,,Treatment
297,,,Cohort,,,
297,,,,Prospective,,
298,,,Case-Crossover,,,
298,,,,Prospective,,
299,Randomized,,,,,
299,,Parallel Assignment,,,,
299,,,,,"Quadruple (Participant, Care Provider, Investigator, Outcomes Assessor)",
299,,,,,,Prevention
300,N/A,,,,,
300,,Single Group Assignment,,,,
300,,,,,None (Open Label),
300,,,,,,Diagnostic
301,,,Cohort,,,
301,,,,Other,,
302,,,Other,,,
302,,,,Prospective,,
303,Randomized,,,,,
303,,Parallel Assignment,,,,
303,,,,,"Triple (Participant, Care Provider, Investigator)",
303,,,,,,Prevention
304,,,Cohort,,,
304,,,,Retrospective,,
305,,,Cohort,,,
305,,,,Prospective,,
306,,,Cohort,,,
306,,,,Prospective,,
307,,,Case-Only,,,
307,,,,Cross-Sectional,,
308,,,Cohort,,,
308,,,,Prospective,,
309,,,Family-Based,,,
309,,,,Prospective,,
310,Randomized,,,,,
310,,Parallel Assignment,,,,
310,,,,,"Triple (Participant, Investigator, Outcomes Assessor)",
310,,,,,,Treatment
311,,,Cohort,,,
311,,,,Cross-Sectional,,
312,Randomized,,,,,
312,,Parallel Assignment,,,,
312,,,,,None (Open Label),
312,,,,,,Treatment
313,Randomized,,,,,
313,,Parallel Assignment,,,,
313,,,,,"Quadruple (Participant, Care Provider, Investigator, Outcomes Assessor)",
313,,,,,,Prevention
314,,,Cohort,,,
314,,,,Retrospective,,
315,N/A,,,,,
315,,Single Group Assignment,,,,
315,,,,,None (Open Label),
315,,,,,,Treatment
316,,,Other,,,
316,,,,Prospective,,
317,Randomized,,,,,
317,,Parallel Assignment,,,,
317,,,,,Single (Outcomes Assessor),
317,,,,,,Treatment
318,,,Cohort,,,
318,,,,Prospective,,
319,,,Case-Control,,,
319,,,,Retrospective,,
320,Non-Randomized,,,,,
320,,Parallel Assignment,,,,
320,,,,,None (Open Label),
320,,,,,,Treatment
321,N/A,,,,,
321,,Single Group Assignment,,,,
321,,,,,None (Open Label),
321,,,,,,Treatment
322,,,Case-Only,,,
322,,,,Retrospective,,
323,N/A,,,,,
323,,Single Group Assignment,,,,
323,,,,,None (Open Label),
323,,,,,,Screening
324,N/A,,,,,
324,,Single Group Assignment,,,,
324,,,,,None (Open Label),
324,,,,,,Prevention
325,N/A,,,,,
325,,Single Group Assignment,,,,
325,,,,,None (Open Label),
325,,,,,,Treatment
326,N/A,,,,,
326,,Single Group Assignment,,,,
326,,,,,None (Open Label),
326,,,,,,Supportive Care
327,Non-Randomized,,,,,
327,,Parallel Assignment,,,,
327,,,,,None (Open Label),
327,,,,,,Prevention
328,N/A,,,,,
328,,Single Group Assignment,,,,
328,,,,,None (Open Label),
328,,,,,,Health Services Research
329,N/A,,,,,
329,,Single Group Assignment,,,,
329,,,,,None (Open Label),
329,,,,,,Prevention
330,Randomized,,,,,
330,,Parallel Assignment,,,,
330,,,,,"Triple (Participant, Care Provider, Investigator)",
330,,,,,,Treatment
331,,,Case-Control,,,
331,,,,Prospective,,
332,,,Cohort,,,
332,,,,Other,,
333,,,Cohort,,,
333,,,,Prospective,,
334,,,Case-Control,,,
334,,,,Prospective,,
335,Randomized,,,,,
335,,Parallel Assignment,,,,
335,,,,,None (Open Label),
335,,,,,,Treatment
336,,,Case-Control,,,
336,,,,Cross-Sectional,,
337,N/A,,,,,
337,,Single Group Assignment,,,,
337,,,,,None (Open Label),
337,,,,,,Treatment
338,Randomized,,,,,
338,,Parallel Assignment,,,,
338,,,,,"Triple (Participant, Care Provider, Investigator)",
338,,,,,,Prevention
339,Non-Randomized,,,,,
339,,Parallel Assignment,,,,
339,,,,,None (Open Label),
339,,,,,,Other
340,Non-Randomized,,,,,
340,,Parallel Assignment,,,,
340,,,,,None (Open Label),
340,,,,,,Prevention
341,Randomized,,,,,
341,,Parallel Assignment,,,,
341,,,,,Single (Participant),
341,,,,,,Prevention
342,Randomized,,,,,
342,,Parallel Assignment,,,,
342,,,,,"Triple (Participant, Investigator, Outcomes Assessor)",
342,,,,,,Prevention
343,,,Cohort,,,
343,,,,Prospective,,
344,,,Cohort,,,
344,,,,Prospective,,
345,,,Case-Only,,,
345,,,,Retrospective,,
346,,,Case-Only,,,
346,,,,Prospective,,
347,N/A,,,,,
347,,Single Group Assignment,,,,
347,,,,,None (Open Label),
347,,,,,,Prevention
348,,,Case-Control,,,
348,,,,Prospective,,
349,Randomized,,,,,
349,,Parallel Assignment,,,,
349,,,,,"Triple (Participant, Care Provider, Investigator)",
349,,,,,,Prevention
350,,,Cohort,,,
350,,,,Prospective,,
351,,,Ecologic or Community,,,
351,,,,Retrospective,,
352,Non-Randomized,,,,,
352,,Parallel Assignment,,,,
352,,,,,"Triple (Participant, Investigator, Outcomes Assessor)",
352,,,,,,Treatment
353,Randomized,,,,,
353,,Parallel Assignment,,,,
353,,,,,None (Open Label),
353,,,,,,Treatment
354,,,Cohort,,,
354,,,,Prospective,,
355,Randomized,,,,,
355,,Parallel Assignment,,,,
355,,,,,"Double (Investigator, Outcomes Assessor)",
355,,,,,,Health Services Research
356,,,Cohort,,,
356,,,,Cross-Sectional,,
357,Randomized,,,,,
357,,Parallel Assignment,,,,
357,,,,,"Double (Participant, Care Provider)",
357,,,,,,Treatment
358,Randomized,,,,,
358,,Parallel Assignment,,,,
358,,,,,"Quadruple (Participant, Care Provider, Investigator, Outcomes Assessor)",
358,,,,,,Prevention
359,Randomized,,,,,
359,,Parallel Assignment,,,,
359,,,,,"Double (Participant, Investigator)",
359,,,,,,Prevention
360,N/A,,,,,
360,,Single Group Assignment,,,,
360,,,,,None (Open Label),
360,,,,,,Treatment
361,N/A,,,,,
361,,Single Group Assignment,,,,
361,,,,,None (Open Label),
361,,,,,,Treatment
362,,,Case-Only,,,
362,,,,Cross-Sectional,,
363,,,Cohort,,,
363,,,,Prospective,,
364,,,Cohort,,,
364,,,,Prospective,,
365,,,Case-Control,,,
365,,,,Prospective,,
366,,,Other,,,
366,,,,Prospective,,
367,Non-Randomized,,,,,
367,,Parallel Assignment,,,,
367,,,,,None (Open Label),
367,,,,,,Prevention
368,,,Cohort,,,
368,,,,Prospective,,
369,,,Ecologic or Community,,,
369,,,,Cross-Sectional,,
370,Randomized,,,,,
370,,Parallel Assignment,,,,
370,,,,,None (Open Label),
370,,,,,,Supportive Care
371,Randomized,,,,,
371,,Parallel Assignment,,,,
371,,,,,"Double (Participant, Investigator)",
371,,,,,,Prevention
372,,,Case-Only,,,
372,,,,Retrospective,,
373,,,Cohort,,,
373,,,,Prospective,,
374,,,Case-Only,,,
374,,,,Prospective,,
375,Non-Randomized,,,,,
375,,Parallel Assignment,,,,
375,,,,,None (Open Label),
375,,,,,,Diagnostic
376,,,Cohort,,,
376,,,,Prospective,,
377,Randomized,,,,,
377,,Parallel Assignment,,,,
377,,,,,"Double (Participant, Investigator)",
377,,,,,,Prevention
378,N/A,,,,,
378,,Single Group Assignment,,,,
378,,,,,None (Open Label),
378,,,,,,Prevention
379,,,Cohort,,,
379,,,,Other,,
380,,,Cohort,,,
380,,,,Prospective,,
381,Randomized,,,,,
381,,Sequential Assignment,,,,
381,,,,,None (Open Label),
381,,,,,,Treatment
382,,,Cohort,,,
382,,,,Prospective,,
383,Non-Randomized,,,,,
383,,Parallel Assignment,,,,
383,,,,,None (Open Label),
383,,,,,,Diagnostic
384,Randomized,,,,,
384,,Parallel Assignment,,,,
384,,,,,Single (Investigator),
384,,,,,,Health Services Research
385,,,Case-Crossover,,,
385,,,,Cross-Sectional,,
386,Randomized,,,,,
386,,Parallel Assignment,,,,
386,,,,,None (Open Label),
386,,,,,,Treatment
387,Randomized,,,,,
387,,Parallel Assignment,,,,
387,,,,,Single (Participant),
387,,,,,,Prevention
388,,,Cohort,,,
388,,,,Prospective,,
389,,,Cohort,,,
389,,,,Prospective,,
390,,,Cohort,,,
390,,,,Prospective,,
391,Randomized,,,,,
391,,Parallel Assignment,,,,
391,,,,,"Quadruple (Participant, Care Provider, Investigator, Outcomes Assessor)",
391,,,,,,Treatment
392,,,Case-Control,,,
392,,,,Prospective,,
393,,,Cohort,,,
393,,,,Prospective,,
394,,,Case-Only,,,
394,,,,Cross-Sectional,,
395,Randomized,,,,,
395,,Crossover Assignment,,,,
395,,,,,"Quadruple (Participant, Care Provider, Investigator, Outcomes Assessor)",
395,,,,,,Prevention
396,,,Cohort,,,
396,,,,Prospective,,
397,,,Case-Only,,,
397,,,,Other,,
398,,,Case-Control,,,
398,,,,Prospective,,
399,Randomized,,,,,
399,,Parallel Assignment,,,,
399,,,,,Single (Outcomes Assessor),
399,,,,,,Prevention
400,,,Cohort,,,
400,,,,Prospective,,
401,,,Case-Only,,,
401,,,,Retrospective,,
402,Randomized,,,,,
402,,Parallel Assignment,,,,
402,,,,,None (Open Label),
402,,,,,,Treatment
403,Randomized,,,,,
403,,Parallel Assignment,,,,
403,,,,,"Triple (Participant, Care Provider, Investigator)",
403,,,,,,Prevention
404,,,Case-Control,,,
404,,,,Other,,
405,Randomized,,,,,
405,,Parallel Assignment,,,,
405,,,,,None (Open Label),
405,,,,,,Treatment
406,Randomized,,,,,
406,,Parallel Assignment,,,,
406,,,,,"Double (Participant, Care Provider)",
406,,,,,,Other
407,,,Cohort,,,
407,,,,Prospective,,
408,Randomized,,,,,
408,,Parallel Assignment,,,,
408,,,,,"Triple (Participant, Investigator, Outcomes Assessor)",
408,,,,,,Treatment
409,N/A,,,,,
409,,Single Group Assignment,,,,
409,,,,,None (Open Label),
409,,,,,,Treatment
410,,,Cohort,,,
410,,,,Prospective,,
411,,,Cohort,,,
411,,,,Prospective,,
412,Randomized,,,,,
412,,Parallel Assignment,,,,
412,,,,,"Quadruple (Participant, Care Provider, Investigator, Outcomes Assessor)",
412,,,,,,Treatment
413,Randomized,,,,,
413,,Parallel Assignment,,,,
413,,,,,"Triple (Participant, Investigator, Outcomes Assessor)",
413,,,,,,Prevention
414,,,Cohort,,,
414,,,,Prospective,,
415,,,Cohort,,,
415,,,,Other,,
416,,,Cohort,,,
416,,,,Prospective,,
417,,,Cohort,,,
417,,,,Prospective,,
418,,,Ecologic or Community,,,
418,,,,Cross-Sectional,,
419,,,Case-Only,,,
419,,,,Retrospective,,
420,,,Cohort,,,
420,,,,Prospective,,
421,,,Case-Only,,,
421,,,,Prospective,,
422,,,Cohort,,,
422,,,,Prospective,,
423,,,Cohort,,,
423,,,,Prospective,,
424,,,Cohort,,,
424,,,,Prospective,,
425,,,Cohort,,,
425,,,,Prospective,,
426,Randomized,,,,,
426,,Parallel Assignment,,,,
426,,,,,None (Open Label),
426,,,,,,Treatment
427,Non-Randomized,,,,,
427,,Crossover Assignment,,,,
427,,,,,None (Open Label),
427,,,,,,Prevention
428,Randomized,,,,,
428,,Parallel Assignment,,,,
428,,,,,None (Open Label),
428,,,,,,Prevention
429,Non-Randomized,,,,,
429,,Parallel Assignment,,,,
429,,,,,None (Open Label),
429,,,,,,Device Feasibility
430,,,Cohort,,,
430,,,,Retrospective,,
431,N/A,,,,,
431,,Single Group Assignment,,,,
431,,,,,None (Open Label),
431,,,,,,Health Services Research
432,,,Case-Only,,,
432,,,,Cross-Sectional,,
433,,,Cohort,,,
433,,,,Prospective,,
434,,,Cohort,,,
434,,,,Prospective,,
435,,,Cohort,,,
435,,,,Retrospective,,
436,,,Case-Control,,,
436,,,,Prospective,,
437,N/A,,,,,
437,,Single Group Assignment,,,,
437,,,,,None (Open Label),
437,,,,,,Treatment
438,,,Cohort,,,
438,,,,Prospective,,
439,,,Cohort,,,
439,,,,Retrospective,,
440,,,Case-Only,,,
440,,,,Cross-Sectional,,
441,Non-Randomized,,,,,
441,,Parallel Assignment,,,,
441,,,,,None (Open Label),
441,,,,,,Treatment
442,,,Cohort,,,
442,,,,Other,,
443,,,Cohort,,,
443,,,,Prospective,,
444,Non-Randomized,,,,,
444,,Parallel Assignment,,,,
444,,,,,None (Open Label),
444,,,,,,Screening
445,Randomized,,,,,
445,,Parallel Assignment,,,,
445,,,,,None (Open Label),
445,,,,,,Supportive Care
446,,,Cohort,,,
446,,,,Other,,
447,,,Cohort,,,
447,,,,Retrospective,,
448,N/A,,,,,
448,,Single Group Assignment,,,,
448,,,,,None (Open Label),
448,,,,,,Diagnostic
450,,,Cohort,,,
450,,,,Prospective,,
451,N/A,,,,,
451,,Single Group Assignment,,,,
451,,,,,None (Open Label),
451,,,,,,Screening
452,N/A,,,,,
452,,Single Group Assignment,,,,
452,,,,,None (Open Label),
452,,,,,,Diagnostic
453,N/A,,,,,
453,,Single Group Assignment,,,,
453,,,,,None (Open Label),
453,,,,,,Treatment
454,,,Cohort,,,
454,,,,Prospective,,
455,,,Cohort,,,
455,,,,Retrospective,,
456,,,Case-Only,,,
456,,,,Other,,
457,,,Case-Only,,,
457,,,,Prospective,,
458,,,Cohort,,,
458,,,,Retrospective,,
459,,,Cohort,,,
459,,,,Retrospective,,
460,,,Cohort,,,
460,,,,Cross-Sectional,,
461,,,Cohort,,,
461,,,,Prospective,,
462,,,Cohort,,,
462,,,,Prospective,,
463,,,Cohort,,,
463,,,,Other,,
464,N/A,,,,,
464,,Single Group Assignment,,,,
464,,,,,None (Open Label),
464,,,,,,Treatment
465,N/A,,,,,
465,,Single Group Assignment,,,,
465,,,,,None (Open Label),
465,,,,,,Prevention
466,,,Other,,,
466,,,,Prospective,,
467,Non-Randomized,,,,,
467,,Parallel Assignment,,,,
467,,,,,None (Open Label),
467,,,,,,Diagnostic
468,Non-Randomized,,,,,
468,,Parallel Assignment,,,,
468,,,,,None (Open Label),
468,,,,,,Basic Science
469,Randomized,,,,,
469,,Parallel Assignment,,,,
469,,,,,None (Open Label),
469,,,,,,Treatment
470,Randomized,,,,,
470,,Parallel Assignment,,,,
470,,,,,Single (Participant),
470,,,,,,Treatment
471,,,Cohort,,,
471,,,,Prospective,,
472,Non-Randomized,,,,,
472,,Parallel Assignment,,,,
472,,,,,None (Open Label),
472,,,,,,Prevention
473,,,Ecologic or Community,,,
473,,,,Prospective,,
474,,,Ecologic or Community,,,
474,,,,Cross-Sectional,,
475,Non-Randomized,,,,,
475,,Single Group Assignment,,,,
475,,,,,"Triple (Participant, Investigator, Outcomes Assessor)",
475,,,,,,Diagnostic
476,,,Cohort,,,
476,,,,Cross-Sectional,,
477,,,Ecologic or Community,,,
477,,,,Prospective,,
478,,,Cohort,,,
478,,,,Prospective,,
479,Randomized,,,,,
479,,Parallel Assignment,,,,
479,,,,,Single (Outcomes Assessor),
479,,,,,,Treatment
480,Randomized,,,,,
480,,Parallel Assignment,,,,
480,,,,,"Double (Participant, Investigator)",
480,,,,,,Treatment
481,Non-Randomized,,,,,
481,,Parallel Assignment,,,,
481,,,,,None (Open Label),
481,,,,,,Supportive Care
482,,,Other,,,
482,,,,Cross-Sectional,,
483,,,Case-Control,,,
483,,,,Retrospective,,
484,,,Case-Control,,,
484,,,,Retrospective,,
485,,,Other,,,
485,,,,Prospective,,
486,Randomized,,,,,
486,,Parallel Assignment,,,,
486,,,,,"Triple (Participant, Care Provider, Investigator)",
486,,,,,,Treatment
487,,,Other,,,
487,,,,Retrospective,,
488,,,Cohort,,,
488,,,,Prospective,,
489,,,Cohort,,,
489,,,,Prospective,,
490,,,Cohort,,,
490,,,,Prospective,,
491,N/A,,,,,
491,,Single Group Assignment,,,,
491,,,,,None (Open Label),
491,,,,,,Treatment
492,,,Cohort,,,
492,,,,Retrospective,,
493,N/A,,,,,
493,,Single Group Assignment,,,,
493,,,,,None (Open Label),
493,,,,,,Diagnostic
494,,,Cohort,,,
494,,,,Other,,
495,,,Case-Control,,,
495,,,,Prospective,,
496,,,Other,,,
496,,,,Prospective,,
497,,,Other,,,
497,,,,Prospective,,
498,,,Cohort,,,
498,,,,Retrospective,,
499,,,Case-Control,,,
499,,,,Prospective,,
500,,,Case-Only,,,
500,,,,Prospective,,
501,Randomized,,,,,
501,,Parallel Assignment,,,,
501,,,,,None (Open Label),
501,,,,,,Prevention
502,,,Case-Control,,,
502,,,,Retrospective,,
503,Randomized,,,,,
503,,Parallel Assignment,,,,
503,,,,,Single (Outcomes Assessor),
503,,,,,,Treatment
504,,,Cohort,,,
504,,,,Prospective,,
505,,,Case-Only,,,
505,,,,Prospective,,
506,,,Cohort,,,
506,,,,Retrospective,,
507,Randomized,,,,,
507,,Factorial Assignment,,,,
507,,,,,Single (Investigator),
507,,,,,,Prevention
508,,,Case-Control,,,
508,,,,Retrospective,,
509,,,Other,,,
509,,,,Cross-Sectional,,
510,Randomized,,,,,
510,,Parallel Assignment,,,,
510,,,,,Single (Investigator),
510,,,,,,Other
511,,,Cohort,,,
511,,,,Retrospective,,
512,,,Other,,,
512,,,,Cross-Sectional,,
513,,,Case-Only,,,
513,,,,Prospective,,
514,,,Cohort,,,
514,,,,Prospective,,
515,Non-Randomized,,,,,
515,,Parallel Assignment,,,,
515,,,,,None (Open Label),
515,,,,,,Treatment
516,N/A,,,,,
516,,Single Group Assignment,,,,
516,,,,,None (Open Label),
516,,,,,,Diagnostic
517,Randomized,,,,,
517,,Parallel Assignment,,,,
517,,,,,"Double (Participant, Outcomes Assessor)",
517,,,,,,Treatment
518,N/A,,,,,
518,,Single Group Assignment,,,,
518,,,,,None (Open Label),
518,,,,,,Treatment
519,,,Other,,,
519,,,,Prospective,,
520,N/A,,,,,
520,,Single Group Assignment,,,,
520,,,,,None (Open Label),
520,,,,,,Other
521,Randomized,,,,,
521,,Parallel Assignment,,,,
521,,,,,None (Open Label),
521,,,,,,Treatment
522,,,Cohort,,,
522,,,,Prospective,,
523,N/A,,,,,
523,,Single Group Assignment,,,,
523,,,,,None (Open Label),
523,,,,,,Diagnostic
524,,,Case-Control,,,
524,,,,Retrospective,,
525,,,Other,,,
525,,,,Prospective,,
526,,,Cohort,,,
526,,,,Prospective,,
527,Randomized,,,,,
527,,Parallel Assignment,,,,
527,,,,,"Double (Participant, Investigator)",
527,,,,,,Treatment
528,Randomized,,,,,
528,,Parallel Assignment,,,,
528,,,,,"Double (Participant, Outcomes Assessor)",
528,,,,,,Treatment
529,Non-Randomized,,,,,
529,,Parallel Assignment,,,,
529,,,,,None (Open Label),
529,,,,,,Treatment
530,,,Other,,,
530,,,,Cross-Sectional,,
531,,,Cohort,,,
531,,,,Prospective,,
532,,,Cohort,,,
532,,,,Prospective,,
533,N/A,,,,,
533,,Single Group Assignment,,,,
533,,,,,None (Open Label),
533,,,,,,Diagnostic
534,N/A,,,,,
534,,Single Group Assignment,,,,
534,,,,,None (Open Label),
534,,,,,,Diagnostic
535,Randomized,,,,,
535,,Parallel Assignment,,,,
535,,,,,Single (Outcomes Assessor),
535,,,,,,Treatment
536,Randomized,,,,,
536,,Parallel Assignment,,,,
536,,,,,"Quadruple (Participant, Care Provider, Investigator, Outcomes Assessor)",
536,,,,,,Prevention
537,Randomized,,,,,
537,,Parallel Assignment,,,,
537,,,,,"Double (Participant, Investigator)",
537,,,,,,Prevention
538,Randomized,,,,,
538,,Parallel Assignment,,,,
538,,,,,None (Open Label),
538,,,,,,Treatment
539,,,Cohort,,,
539,,,,Prospective,,
540,Non-Randomized,,,,,
540,,Parallel Assignment,,,,
540,,,,,None (Open Label),
540,,,,,,Prevention
541,,,Cohort,,,
541,,,,Prospective,,
542,N/A,,,,,
542,,Single Group Assignment,,,,
542,,,,,None (Open Label),
542,,,,,,Treatment
543,Randomized,,,,,
543,,Parallel Assignment,,,,
543,,,,,None (Open Label),
543,,,,,,Treatment
544,,,Cohort,,,
544,,,,Retrospective,,
545,Non-Randomized,,,,,
545,,Parallel Assignment,,,,
545,,,,,None (Open Label),
545,,,,,,Other
546,Randomized,,,,,
546,,Parallel Assignment,,,,
546,,,,,"Double (Participant, Investigator)",
546,,,,,,Prevention
547,Non-Randomized,,,,,
547,,Parallel Assignment,,,,
547,,,,,None (Open Label),
547,,,,,,Diagnostic
548,,,Cohort,,,
548,,,,Prospective,,
549,Randomized,,,,,
549,,Parallel Assignment,,,,
549,,,,,None (Open Label),
549,,,,,,Treatment
550,,,Cohort,,,
550,,,,Prospective,,
551,Randomized,,,,,
551,,Parallel Assignment,,,,
551,,,,,"Quadruple (Participant, Care Provider, Investigator, Outcomes Assessor)",
551,,,,,,Prevention
552,,,Cohort,,,
552,,,,Retrospective,,
553,,,Ecologic or Community,,,
553,,,,Prospective,,
554,Randomized,,,,,
554,,Parallel Assignment,,,,
554,,,,,None (Open Label),
554,,,,,,Treatment
555,N/A,,,,,
555,,Single Group Assignment,,,,
555,,,,,None (Open Label),
555,,,,,,Treatment
556,N/A,,,,,
556,,Single Group Assignment,,,,
556,,,,,None (Open Label),
556,,,,,,Treatment
557,Randomized,,,,,
557,,Parallel Assignment,,,,
557,,,,,"Triple (Participant, Investigator, Outcomes Assessor)",
557,,,,,,Treatment
558,N/A,,,,,
558,,Single Group Assignment,,,,
558,,,,,None (Open Label),
558,,,,,,Treatment
559,,,Cohort,,,
559,,,,Retrospective,,
560,Randomized,,,,,
560,,Parallel Assignment,,,,
560,,,,,"Triple (Participant, Care Provider, Investigator)",
560,,,,,,Treatment
561,Randomized,,,,,
561,,Parallel Assignment,,,,
561,,,,,"Triple (Participant, Investigator, Outcomes Assessor)",
561,,,,,,Treatment
562,,,Cohort,,,
562,,,,Cross-Sectional,,
563,Randomized,,,,,
563,,Parallel Assignment,,,,
563,,,,,"Quadruple (Participant, Care Provider, Investigator, Outcomes Assessor)",
563,,,,,,Treatment
564,,,Other,,,
564,,,,Prospective,,
565,,,Ecologic or Community,,,
565,,,,Prospective,,
566,,,Case-Control,,,
566,,,,Prospective,,
567,Randomized,,,,,
567,,Parallel Assignment,,,,
567,,,,,None (Open Label),
567,,,,,,Treatment
568,,,Case-Control,,,
568,,,,Retrospective,,
569,Randomized,,,,,
569,,Parallel Assignment,,,,
569,,,,,"Double (Investigator, Outcomes Assessor)",
569,,,,,,Prevention
570,Randomized,,,,,
570,,Parallel Assignment,,,,
570,,,,,"Double (Participant, Investigator)",
570,,,,,,Other
571,Non-Randomized,,,,,
571,,Parallel Assignment,,,,
571,,,,,None (Open Label),
571,,,,,,Treatment
572,,,Case-Only,,,
572,,,,Prospective,,
573,,,Other,,,
573,,,,Retrospective,,
574,,,Case-Control,,,
574,,,,Prospective,,
575,N/A,,,,,
575,,Single Group Assignment,,,,
575,,,,,None (Open Label),
575,,,,,,Diagnostic
576,,,Other,,,
576,,,,Cross-Sectional,,
577,,,Case-Control,,,
577,,,,Retrospective,,
578,Randomized,,,,,
578,,Parallel Assignment,,,,
578,,,,,"Double (Investigator, Outcomes Assessor)",
578,,,,,,Prevention
579,N/A,,,,,
579,,Single Group Assignment,,,,
579,,,,,None (Open Label),
579,,,,,,Prevention
580,Randomized,,,,,
580,,Parallel Assignment,,,,
580,,,,,None (Open Label),
580,,,,,,Prevention
581,,,Cohort,,,
581,,,,Prospective,,
582,,,Cohort,,,
582,,,,Prospective,,
583,N/A,,,,,
583,,Single Group Assignment,,,,
583,,,,,None (Open Label),
583,,,,,,Treatment
584,,,Case-Only,,,
584,,,,Prospective,,
585,Randomized,,,,,
585,,Parallel Assignment,,,,
585,,,,,"Quadruple (Participant, Care Provider, Investigator, Outcomes Assessor)",
585,,,,,,Treatment
586,Randomized,,,,,
586,,Parallel Assignment,,,,
586,,,,,"Double (Participant, Outcomes Assessor)",
586,,,,,,Prevention
587,Randomized,,,,,
587,,Parallel Assignment,,,,
587,,,,,None (Open Label),
587,,,,,,Treatment
588,,,Other,,,
588,,,,Prospective,,
590,,,Cohort,,,
590,,,,Prospective,,
591,Randomized,,,,,
591,,Parallel Assignment,,,,
591,,,,,"Double (Participant, Care Provider)",
591,,,,,,Health Services Research
592,,,Case-Only,,,
592,,,,Prospective,,
593,Randomized,,,,,
593,,Parallel Assignment,,,,
593,,,,,None (Open Label),
593,,,,,,Treatment
594,,,Case-Control,,,
594,,,,Retrospective,,
595,,,Cohort,,,
595,,,,Prospective,,
596,,,Cohort,,,
596,,,,Prospective,,
597,Randomized,,,,,
597,,Sequential Assignment,,,,
597,,,,,Single (Participant),
597,,,,,,Treatment
598,,,Other,,,
598,,,,Prospective,,
599,,,Cohort,,,
599,,,,Prospective,,
600,,,Case-Control,,,
600,,,,Cross-Sectional,,
601,N/A,,,,,
601,,Single Group Assignment,,,,
601,,,,,None (Open Label),
601,,,,,,Basic Science
602,Non-Randomized,,,,,
602,,Parallel Assignment,,,,
602,,,,,None (Open Label),
602,,,,,,Treatment
603,,,Cohort,,,
603,,,,Retrospective,,
604,,,Cohort,,,
604,,,,Prospective,,
605,,,Cohort,,,
605,,,,Prospective,,
606,,,Case-Control,,,
606,,,,Prospective,,
607,,,Cohort,,,
607,,,,Prospective,,
608,,,Case-Control,,,
608,,,,Retrospective,,
609,Randomized,,,,,
609,,Parallel Assignment,,,,
609,,,,,"Quadruple (Participant, Care Provider, Investigator, Outcomes Assessor)",
609,,,,,,Treatment
610,Randomized,,,,,
610,,Parallel Assignment,,,,
610,,,,,"Triple (Participant, Investigator, Outcomes Assessor)",
610,,,,,,Treatment
611,,,Other,,,
611,,,,Prospective,,
612,,,Cohort,,,
612,,,,Prospective,,
613,,,Cohort,,,
613,,,,Prospective,,
614,Randomized,,,,,
614,,Parallel Assignment,,,,
614,,,,,"Quadruple (Participant, Care Provider, Investigator, Outcomes Assessor)",
614,,,,,,Treatment
615,Randomized,,,,,
615,,Parallel Assignment,,,,
615,,,,,"Double (Participant, Care Provider)",
615,,,,,,Prevention
616,N/A,,,,,
616,,Single Group Assignment,,,,
616,,,,,None (Open Label),
616,,,,,,Diagnostic
617,Randomized,,,,,
617,,Parallel Assignment,,,,
617,,,,,None (Open Label),
617,,,,,,Treatment
618,,,Cohort,,,
618,,,,Other,,
619,Randomized,,,,,
619,,Parallel Assignment,,,,
619,,,,,"Triple (Participant, Care Provider, Investigator)",
619,,,,,,Prevention
620,N/A,,,,,
620,,Single Group Assignment,,,,
620,,,,,None (Open Label),
620,,,,,,Prevention
621,,,Cohort,,,
621,,,,Prospective,,
622,,,Cohort,,,
622,,,,Prospective,,
623,Randomized,,,,,
623,,Parallel Assignment,,,,
623,,,,,None (Open Label),
623,,,,,,Treatment
624,Randomized,,,,,
624,,Parallel Assignment,,,,
624,,,,,None (Open Label),
624,,,,,,Prevention
625,,,Cohort,,,
625,,,,Retrospective,,
626,,,Cohort,,,
626,,,,Prospective,,
627,N/A,,,,,
627,,Single Group Assignment,,,,
627,,,,,None (Open Label),
627,,,,,,Treatment
628,,,Cohort,,,
628,,,,Retrospective,,
629,Randomized,,,,,
629,,Sequential Assignment,,,,
629,,,,,"Triple (Participant, Care Provider, Investigator)",
629,,,,,,Prevention
630,,,Cohort,,,
630,,,,Prospective,,
631,Randomized,,,,,
631,,Crossover Assignment,,,,
631,,,,,None (Open Label),
631,,,,,,Screening
632,N/A,,,,,
632,,Single Group Assignment,,,,
632,,,,,None (Open Label),
632,,,,,,Diagnostic
633,Randomized,,,,,
633,,Parallel Assignment,,,,
633,,,,,Single (Participant),
633,,,,,,Prevention
634,Randomized,,,,,
634,,Parallel Assignment,,,,
634,,,,,"Triple (Participant, Care Provider, Investigator)",
634,,,,,,Diagnostic
635,,,Cohort,,,
635,,,,Prospective,,
636,,,Cohort,,,
636,,,,Retrospective,,
637,Randomized,,,,,
637,,Parallel Assignment,,,,
637,,,,,None (Open Label),
637,,,,,,Treatment
638,,,Cohort,,,
638,,,,Prospective,,
639,,,Cohort,,,
639,,,,Prospective,,
640,,,Ecologic or Community,,,
640,,,,Prospective,,
641,,,Cohort,,,
641,,,,Prospective,,
642,Randomized,,,,,
642,,Parallel Assignment,,,,
642,,,,,"Triple (Participant, Investigator, Outcomes Assessor)",
642,,,,,,Treatment
643,Randomized,,,,,
643,,Parallel Assignment,,,,
643,,,,,None (Open Label),
643,,,,,,Treatment
644,,,Case-Only,,,
644,,,,Prospective,,
645,,,Cohort,,,
645,,,,Prospective,,
646,Randomized,,,,,
646,,Parallel Assignment,,,,
646,,,,,None (Open Label),
646,,,,,,Treatment
647,,,Ecologic or Community,,,
647,,,,Prospective,,
648,Randomized,,,,,
648,,Parallel Assignment,,,,
648,,,,,"Quadruple (Participant, Care Provider, Investigator, Outcomes Assessor)",
648,,,,,,Treatment
649,Randomized,,,,,
649,,Parallel Assignment,,,,
649,,,,,"Double (Participant, Investigator)",
649,,,,,,Treatment
650,N/A,,,,,
650,,Single Group Assignment,,,,
650,,,,,None (Open Label),
650,,,,,,Treatment
651,,,Cohort,,,
651,,,,Prospective,,
652,N/A,,,,,
652,,Single Group Assignment,,,,
652,,,,,None (Open Label),
652,,,,,,Other
653,,,Cohort,,,
653,,,,Retrospective,,
654,Randomized,,,,,
654,,Parallel Assignment,,,,
654,,,,,Single (Investigator),
654,,,,,,Prevention
655,N/A,,,,,
655,,Single Group Assignment,,,,
655,,,,,None (Open Label),
655,,,,,,Diagnostic
656,N/A,,,,,
656,,Single Group Assignment,,,,
656,,,,,None (Open Label),
656,,,,,,Basic Science
657,,,Cohort,,,
657,,,,Prospective,,
658,,,Cohort,,,
658,,,,Prospective,,
659,,,Case-Control,,,
659,,,,Retrospective,,
660,Randomized,,,,,
660,,Parallel Assignment,,,,
660,,,,,"Quadruple (Participant, Care Provider, Investigator, Outcomes Assessor)",
660,,,,,,Treatment
661,Randomized,,,,,
661,,Parallel Assignment,,,,
661,,,,,None (Open Label),
661,,,,,,Other
662,,,Cohort,,,
662,,,,Prospective,,
663,,,Cohort,,,
663,,,,Prospective,,
664,,,Other,,,
664,,,,Retrospective,,
665,,,Cohort,,,
665,,,,Prospective,,
666,,,Cohort,,,
666,,,,Prospective,,
667,Randomized,,,,,
667,,Parallel Assignment,,,,
667,,,,,None (Open Label),
667,,,,,,Treatment
668,Randomized,,,,,
668,,Parallel Assignment,,,,
668,,,,,"Double (Participant, Care Provider)",
668,,,,,,Other
669,N/A,,,,,
669,,Single Group Assignment,,,,
669,,,,,None (Open Label),
669,,,,,,Basic Science
670,,,Cohort,,,
670,,,,Prospective,,
671,Randomized,,,,,
671,,Parallel Assignment,,,,
671,,,,,"Double (Participant, Care Provider)",
671,,,,,,Health Services Research
672,,,Cohort,,,
672,,,,Retrospective,,
673,Randomized,,,,,
673,,Crossover Assignment,,,,
673,,,,,Single (Care Provider),
673,,,,,,Treatment
674,Non-Randomized,,,,,
674,,Parallel Assignment,,,,
674,,,,,None (Open Label),
674,,,,,,Diagnostic
675,N/A,,,,,
675,,Single Group Assignment,,,,
675,,,,,None (Open Label),
675,,,,,,Other
676,,,Cohort,,,
676,,,,Prospective,,
677,Randomized,,,,,
677,,Parallel Assignment,,,,
677,,,,,"Double (Participant, Care Provider)",
677,,,,,,Treatment
678,,,Cohort,,,
678,,,,Retrospective,,
679,,,Cohort,,,
679,,,,Other,,
680,,,Cohort,,,
680,,,,Retrospective,,
681,Randomized,,,,,
681,,Parallel Assignment,,,,
681,,,,,None (Open Label),
681,,,,,,Treatment
682,N/A,,,,,
682,,Single Group Assignment,,,,
682,,,,,None (Open Label),
682,,,,,,Basic Science
683,,,Other,,,
683,,,,Prospective,,
684,,,Case-Control,,,
684,,,,Cross-Sectional,,
685,,,Cohort,,,
685,,,,Prospective,,
686,Randomized,,,,,
686,,Parallel Assignment,,,,
686,,,,,None (Open Label),
686,,,,,,Treatment
687,,,Cohort,,,
687,,,,Prospective,,
688,Randomized,,,,,
688,,Parallel Assignment,,,,
688,,,,,None (Open Label),
688,,,,,,Treatment
689,N/A,,,,,
689,,Single Group Assignment,,,,
689,,,,,None (Open Label),
689,,,,,,Treatment
690,,,Other,,,
690,,,,Cross-Sectional,,
691,,,Cohort,,,
691,,,,Cross-Sectional,,
692,,,Cohort,,,
692,,,,Prospective,,
693,Randomized,,,,,
693,,Parallel Assignment,,,,
693,,,,,"Quadruple (Participant, Care Provider, Investigator, Outcomes Assessor)",
693,,,,,,Treatment
694,Randomized,,,,,
694,,Parallel Assignment,,,,
694,,,,,"Triple (Participant, Care Provider, Outcomes Assessor)",
694,,,,,,Treatment
695,,,Cohort,,,
695,,,,Retrospective,,
696,,,Cohort,,,
696,,,,Prospective,,
697,Randomized,,,,,
697,,Parallel Assignment,,,,
697,,,,,Single (Outcomes Assessor),
697,,,,,,Treatment
698,,,Cohort,,,
698,,,,Prospective,,
699,,,Cohort,,,
699,,,,Prospective,,
700,,,Cohort,,,
700,,,,Prospective,,
701,,,Other,,,
701,,,,Cross-Sectional,,
702,,,Cohort,,,
702,,,,Prospective,,
703,,,Cohort,,,
703,,,,Other,,
704,,,Case-Control,,,
704,,,,Retrospective,,
705,,,Cohort,,,
705,,,,Prospective,,
706,,,Other,,,
706,,,,Prospective,,
707,,,Cohort,,,
707,,,,Retrospective,,
708,Non-Randomized,,,,,
708,,Parallel Assignment,,,,
708,,,,,None (Open Label),
708,,,,,,Treatment
709,Randomized,,,,,
709,,Crossover Assignment,,,,
709,,,,,"Double (Participant, Investigator)",
709,,,,,,Treatment
710,N/A,,,,,
710,,Single Group Assignment,,,,
710,,,,,None (Open Label),
710,,,,,,Prevention
711,,,Cohort,,,
711,,,,Prospective,,
712,Randomized,,,,,
712,,Parallel Assignment,,,,
712,,,,,"Quadruple (Participant, Care Provider, Investigator, Outcomes Assessor)",
712,,,,,,Treatment
713,Randomized,,,,,
713,,Parallel Assignment,,,,
713,,,,,"Double (Participant, Care Provider)",
713,,,,,,Treatment
714,,,Case-Control,,,
714,,,,Prospective,,
715,,,Cohort,,,
715,,,,Prospective,,
716,Randomized,,,,,
716,,Sequential Assignment,,,,
716,,,,,"Quadruple (Participant, Care Provider, Investigator, Outcomes Assessor)",
716,,,,,,Prevention
717,Randomized,,,,,
717,,Parallel Assignment,,,,
717,,,,,None (Open Label),
717,,,,,,Treatment
718,,,Cohort,,,
718,,,,Prospective,,
719,,,Cohort,,,
719,,,,Other,,
720,Randomized,,,,,
720,,Parallel Assignment,,,,
720,,,,,"Triple (Participant, Care Provider, Investigator)",
720,,,,,,Treatment
721,Randomized,,,,,
721,,Parallel Assignment,,,,
721,,,,,"Double (Participant, Investigator)",
721,,,,,,Treatment
722,,,Case-Control,,,
722,,,,Prospective,,
723,N/A,,,,,
723,,Single Group Assignment,,,,
723,,,,,None (Open Label),
723,,,,,,Diagnostic
724,Randomized,,,,,
724,,Parallel Assignment,,,,
724,,,,,"Double (Investigator, Outcomes Assessor)",
724,,,,,,Screening
725,Randomized,,,,,
725,,Factorial Assignment,,,,
725,,,,,"Triple (Participant, Care Provider, Investigator)",
725,,,,,,Treatment
726,,,Cohort,,,
726,,,,Other,,
727,,,Cohort,,,
727,,,,Prospective,,
728,Randomized,,,,,
728,,Parallel Assignment,,,,
728,,,,,"Quadruple (Participant, Care Provider, Investigator, Outcomes Assessor)",
728,,,,,,Prevention
729,N/A,,,,,
729,,Single Group Assignment,,,,
729,,,,,None (Open Label),
729,,,,,,Treatment
731,,,Case-Only,,,
731,,,,Other,,
732,N/A,,,,,
732,,Single Group Assignment,,,,
732,,,,,None (Open Label),
732,,,,,,Treatment
733,,,Cohort,,,
733,,,,Prospective,,
734,Randomized,,,,,
734,,Parallel Assignment,,,,
734,,,,,"Quadruple (Participant, Care Provider, Investigator, Outcomes Assessor)",
734,,,,,,Treatment
735,Non-Randomized,,,,,
735,,Parallel Assignment,,,,
735,,,,,None (Open Label),
735,,,,,,Basic Science
736,,,Cohort,,,
736,,,,Prospective,,
737,Randomized,,,,,
737,,Parallel Assignment,,,,
737,,,,,"Quadruple (Participant, Care Provider, Investigator, Outcomes Assessor)",
737,,,,,,Prevention
738,,,Cohort,,,
738,,,,Prospective,,
739,,,Cohort,,,
739,,,,Prospective,,
740,,,Cohort,,,
740,,,,Prospective,,
741,Randomized,,,,,
741,,Parallel Assignment,,,,
741,,,,,"Double (Participant, Investigator)",
741,,,,,,Treatment
742,,,Cohort,,,
742,,,,Cross-Sectional,,
743,Randomized,,,,,
743,,Parallel Assignment,,,,
743,,,,,Single (Outcomes Assessor),
743,,,,,,Treatment
744,Randomized,,,,,
744,,Parallel Assignment,,,,
744,,,,,Single (Outcomes Assessor),
744,,,,,,Prevention
745,,,Cohort,,,
745,,,,Cross-Sectional,,
746,N/A,,,,,
746,,Single Group Assignment,,,,
746,,,,,None (Open Label),
746,,,,,,Other
747,,,Other,,,
747,,,,Retrospective,,
748,,,Other,,,
748,,,,Prospective,,
749,Randomized,,,,,
749,,Parallel Assignment,,,,
749,,,,,"Quadruple (Participant, Care Provider, Investigator, Outcomes Assessor)",
749,,,,,,Treatment
750,,,Case-Only,,,
750,,,,Retrospective,,
751,,,Other,,,
751,,,,Prospective,,
752,Non-Randomized,,,,,
752,,Parallel Assignment,,,,
752,,,,,None (Open Label),
752,,,,,,Basic Science
753,,,Case-Crossover,,,
753,,,,Cross-Sectional,,
754,Randomized,,,,,
754,,Parallel Assignment,,,,
754,,,,,"Double (Participant, Outcomes Assessor)",
754,,,,,,Treatment
755,,,Cohort,,,
755,,,,Prospective,,
756,,,Case-Control,,,
756,,,,Retrospective,,
757,,,Other,,,
757,,,,Prospective,,
758,N/A,,,,,
758,,Single Group Assignment,,,,
758,,,,,None (Open Label),
758,,,,,,Diagnostic
759,,,Cohort,,,
759,,,,Cross-Sectional,,
760,,,Cohort,,,
760,,,,Prospective,,
761,N/A,,,,,
761,,Single Group Assignment,,,,
761,,,,,None (Open Label),
761,,,,,,Treatment
762,Randomized,,,,,
762,,Parallel Assignment,,,,
762,,,,,"Triple (Participant, Care Provider, Investigator)",
762,,,,,,Treatment
763,,,Cohort,,,
763,,,,Prospective,,
764,Randomized,,,,,
764,,Parallel Assignment,,,,
764,,,,,"Quadruple (Participant, Care Provider, Investigator, Outcomes Assessor)",
764,,,,,,Treatment
765,Randomized,,,,,
765,,Parallel Assignment,,,,
765,,,,,"Quadruple (Participant, Care Provider, Investigator, Outcomes Assessor)",
765,,,,,,Prevention
766,Randomized,,,,,
766,,Parallel Assignment,,,,
766,,,,,None (Open Label),
766,,,,,,Treatment
767,,,Cohort,,,
767,,,,Prospective,,
768,,,Ecologic or Community,,,
768,,,,Prospective,,
769,,,Case-Only,,,
769,,,,Prospective,,
770,,,Cohort,,,
770,,,,Prospective,,
771,N/A,,,,,
771,,Single Group Assignment,,,,
771,,,,,None (Open Label),
771,,,,,,Health Services Research
772,Randomized,,,,,
772,,Parallel Assignment,,,,
772,,,,,"Quadruple (Participant, Care Provider, Investigator, Outcomes Assessor)",
772,,,,,,Prevention
773,,,Cohort,,,
773,,,,Prospective,,
774,Randomized,,,,,
774,,Parallel Assignment,,,,
774,,,,,"Double (Participant, Investigator)",
774,,,,,,Prevention
775,,,Other,,,
775,,,,Cross-Sectional,,
776,,,Cohort,,,
776,,,,Prospective,,
777,,,Case-Control,,,
777,,,,Prospective,,
778,,,Cohort,,,
778,,,,Other,,
779,,,Case-Control,,,
779,,,,Prospective,,
780,Randomized,,,,,
780,,Parallel Assignment,,,,
780,,,,,None (Open Label),
780,,,,,,Treatment
781,,Sequential Assignment,,,,
781,,,,,None (Open Label),
781,,,,,,Health Services Research
782,Randomized,,,,,
782,,Parallel Assignment,,,,
782,,,,,Single (Outcomes Assessor),
782,,,,,,Treatment
783,,,Ecologic or Community,,,
783,,,,Other,,
784,Randomized,,,,,
784,,Sequential Assignment,,,,
784,,,,,Single (Participant),
784,,,,,,Treatment
785,Randomized,,,,,
785,,Parallel Assignment,,,,
785,,,,,"Triple (Participant, Care Provider, Investigator)",
785,,,,,,Treatment
786,Randomized,,,,,
786,,Parallel Assignment,,,,
786,,,,,Single (Outcomes Assessor),
786,,,,,,Prevention
787,Non-Randomized,,,,,
787,,Parallel Assignment,,,,
787,,,,,None (Open Label),
787,,,,,,Screening
788,,,Other,,,
788,,,,Retrospective,,
789,Randomized,,,,,
789,,Parallel Assignment,,,,
789,,,,,"Triple (Participant, Care Provider, Investigator)",
789,,,,,,Treatment
790,,,Other,,,
790,,,,Retrospective,,
791,,,Other,,,
791,,,,Other,,
792,Randomized,,,,,
792,,Parallel Assignment,,,,
792,,,,,None (Open Label),
792,,,,,,Prevention
793,,,Cohort,,,
793,,,,Prospective,,
794,N/A,,,,,
794,,Sequential Assignment,,,,
794,,,,,None (Open Label),
794,,,,,,Treatment
795,,,Cohort,,,
795,,,,Prospective,,
796,,,Other,,,
796,,,,Retrospective,,
797,,,Cohort,,,
797,,,,Prospective,,
798,Randomized,,,,,
798,,Parallel Assignment,,,,
798,,,,,None (Open Label),
798,,,,,,Treatment
799,,,Cohort,,,
799,,,,Prospective,,
800,,,Case-Only,,,
800,,,,Prospective,,
801,,,Cohort,,,
801,,,,Prospective,,
802,Non-Randomized,,,,,
802,,Parallel Assignment,,,,
802,,,,,None (Open Label),
802,,,,,,Treatment
803,,,Other,,,
803,,,,Prospective,,
804,Randomized,,,,,
804,,Parallel Assignment,,,,
804,,,,,None (Open Label),
804,,,,,,Treatment
805,Randomized,,,,,
805,,Parallel Assignment,,,,
805,,,,,"Double (Care Provider, Outcomes Assessor)",
805,,,,,,Treatment
806,Randomized,,,,,
806,,Parallel Assignment,,,,
806,,,,,"Triple (Care Provider, Investigator, Outcomes Assessor)",
806,,,,,,Prevention
807,Randomized,,,,,
807,,Parallel Assignment,,,,
807,,,,,"Quadruple (Participant, Care Provider, Investigator, Outcomes Assessor)",
807,,,,,,Prevention
808,,,Cohort,,,
808,,,,Prospective,,
809,,,Case-Only,,,
809,,,,Prospective,,
810,N/A,,,,,
810,,Single Group Assignment,,,,
810,,,,,None (Open Label),
810,,,,,,Treatment
811,,,Other,,,
811,,,,Retrospective,,
812,,,Cohort,,,
812,,,,Prospective,,
813,N/A,,,,,
813,,Single Group Assignment,,,,
813,,,,,None (Open Label),
813,,,,,,Treatment
814,Randomized,,,,,
814,,Parallel Assignment,,,,
814,,,,,None (Open Label),
814,,,,,,Treatment
815,,,Cohort,,,
815,,,,Other,,
816,,,Cohort,,,
816,,,,Prospective,,
817,,,Cohort,,,
817,,,,Other,,
818,Randomized,,,,,
818,,Parallel Assignment,,,,
818,,,,,"Double (Participant, Investigator)",
818,,,,,,Treatment
819,,,Case-Control,,,
819,,,,Retrospective,,
820,Randomized,,,,,
820,,Parallel Assignment,,,,
820,,,,,"Double (Participant, Care Provider)",
820,,,,,,Treatment
821,Randomized,,,,,
821,,Parallel Assignment,,,,
821,,,,,None (Open Label),
821,,,,,,Treatment
822,,,Case-Crossover,,,
822,,,,Cross-Sectional,,
823,,,Case-Control,,,
823,,,,Retrospective,,
824,N/A,,,,,
824,,Single Group Assignment,,,,
824,,,,,None (Open Label),
824,,,,,,Treatment
825,,,Cohort,,,
825,,,,Prospective,,
826,,,Other,,,
826,,,,Prospective,,
828,,,Cohort,,,
828,,,,Prospective,,
829,,,Cohort,,,
829,,,,Retrospective,,
830,,,Cohort,,,
830,,,,Prospective,,
831,,,Cohort,,,
831,,,,Prospective,,
832,Randomized,,,,,
832,,Parallel Assignment,,,,
832,,,,,None (Open Label),
832,,,,,,Treatment
833,,,Cohort,,,
833,,,,Retrospective,,
834,N/A,,,,,
834,,Single Group Assignment,,,,
834,,,,,None (Open Label),
834,,,,,,Diagnostic
835,,,Cohort,,,
835,,,,Prospective,,
836,Randomized,,,,,
836,,Sequential Assignment,,,,
836,,,,,None (Open Label),
836,,,,,,Treatment
837,Randomized,,,,,
837,,Parallel Assignment,,,,
837,,,,,"Double (Participant, Investigator)",
837,,,,,,Treatment
838,Randomized,,,,,
838,,Parallel Assignment,,,,
838,,,,,None (Open Label),
838,,,,,,Screening
839,N/A,,,,,
839,,Single Group Assignment,,,,
839,,,,,None (Open Label),
839,,,,,,Treatment
840,Randomized,,,,,
840,,Parallel Assignment,,,,
840,,,,,"Quadruple (Participant, Care Provider, Investigator, Outcomes Assessor)",
840,,,,,,Treatment
841,Randomized,,,,,
841,,Parallel Assignment,,,,
841,,,,,None (Open Label),
841,,,,,,Diagnostic
842,,,Case-Only,,,
842,,,,Prospective,,
843,,,Cohort,,,
843,,,,Prospective,,
844,,,Ecologic or Community,,,
844,,,,Prospective,,
845,,,Case-Only,,,
845,,,,Prospective,,
846,Randomized,,,,,
846,,Parallel Assignment,,,,
846,,,,,"Quadruple (Participant, Care Provider, Investigator, Outcomes Assessor)",
846,,,,,,Treatment
847,Randomized,,,,,
847,,Parallel Assignment,,,,
847,,,,,"Quadruple (Participant, Care Provider, Investigator, Outcomes Assessor)",
847,,,,,,Treatment
848,,,Other,,,
848,,,,Cross-Sectional,,
849,,,Ecologic or Community,,,
849,,,,Cross-Sectional,,
850,,,Other,,,
850,,,,Retrospective,,
851,N/A,,,,,
851,,Single Group Assignment,,,,
851,,,,,None (Open Label),
851,,,,,,Treatment
852,N/A,,,,,
852,,Single Group Assignment,,,,
852,,,,,None (Open Label),
852,,,,,,Supportive Care
853,Randomized,,,,,
853,,Parallel Assignment,,,,
853,,,,,"Triple (Participant, Care Provider, Investigator)",
853,,,,,,Prevention
854,,,Case-Control,,,
854,,,,Prospective,,
855,,,Cohort,,,
855,,,,Cross-Sectional,,
856,N/A,,,,,
856,,Single Group Assignment,,,,
856,,,,,None (Open Label),
856,,,,,,Treatment
857,,,Cohort,,,
857,,,,Prospective,,
858,Randomized,,,,,
858,,Parallel Assignment,,,,
858,,,,,Single (Participant),
858,,,,,,Prevention
859,,,Cohort,,,
859,,,,Retrospective,,
860,,,Other,,,
860,,,,Cross-Sectional,,
861,Randomized,,,,,
861,,Parallel Assignment,,,,
861,,,,,Single (Participant),
861,,,,,,Treatment
862,Non-Randomized,,,,,
862,,Parallel Assignment,,,,
862,,,,,None (Open Label),
862,,,,,,Diagnostic
863,,,Case-Only,,,
863,,,,Cross-Sectional,,
864,Non-Randomized,,,,,
864,,Parallel Assignment,,,,
864,,,,,None (Open Label),
864,,,,,,Basic Science
865,,,Other,,,
865,,,,Cross-Sectional,,
866,,,Case-Only,,,
866,,,,Prospective,,
867,,,Cohort,,,
867,,,,Prospective,,
868,N/A,,,,,
868,,Single Group Assignment,,,,
868,,,,,None (Open Label),
868,,,,,,Treatment
869,,,Cohort,,,
869,,,,Prospective,,
870,Randomized,,,,,
870,,Parallel Assignment,,,,
870,,,,,None (Open Label),
870,,,,,,Treatment
871,,,Case-Only,,,
871,,,,Prospective,,
872,Randomized,,,,,
872,,Parallel Assignment,,,,
872,,,,,None (Open Label),
872,,,,,,Treatment
873,Randomized,,,,,
873,,Parallel Assignment,,,,
873,,,,,"Quadruple (Participant, Care Provider, Investigator, Outcomes Assessor)",
873,,,,,,Treatment
874,,,Other,,,
874,,,,Prospective,,
875,,,Case-Only,,,
875,,,,Prospective,,
876,Randomized,,,,,
876,,Parallel Assignment,,,,
876,,,,,"Double (Participant, Investigator)",
876,,,,,,Prevention
877,N/A,,,,,
877,,Single Group Assignment,,,,
877,,,,,None (Open Label),
877,,,,,,Diagnostic
878,N/A,,,,,
878,,Single Group Assignment,,,,
878,,,,,None (Open Label),
878,,,,,,Screening
879,N/A,,,,,
879,,Single Group Assignment,,,,
879,,,,,None (Open Label),
879,,,,,,Other
880,Non-Randomized,,,,,
880,,Parallel Assignment,,,,
880,,,,,None (Open Label),
880,,,,,,Other
881,,,Case-Only,,,
881,,,,Retrospective,,
882,,,Cohort,,,
882,,,,Cross-Sectional,,
883,,,Case-Control,,,
883,,,,Prospective,,
884,,,Cohort,,,
884,,,,Other,,
885,,,Case-Control,,,
885,,,,Other,,
886,,,Cohort,,,
886,,,,Prospective,,
887,Randomized,,,,,
887,,Parallel Assignment,,,,
887,,,,,"Double (Care Provider, Outcomes Assessor)",
887,,,,,,Treatment
888,,,Cohort,,,
888,,,,Prospective,,
889,,,Case-Control,,,
889,,,,Retrospective,,
890,N/A,,,,,
890,,Single Group Assignment,,,,
890,,,,,None (Open Label),
890,,,,,,Supportive Care
891,Randomized,,,,,
891,,Parallel Assignment,,,,
891,,,,,"Triple (Participant, Care Provider, Investigator)",
891,,,,,,Prevention
892,,,Cohort,,,
892,,,,Prospective,,
893,N/A,,,,,
893,,Single Group Assignment,,,,
893,,,,,None (Open Label),
893,,,,,,Basic Science
894,,,Cohort,,,
894,,,,Retrospective,,
895,Non-Randomized,,,,,
895,,Parallel Assignment,,,,
895,,,,,None (Open Label),
895,,,,,,Diagnostic
896,,,Other,,,
896,,,,Prospective,,
897,Randomized,,,,,
897,,Parallel Assignment,,,,
897,,,,,"Quadruple (Participant, Care Provider, Investigator, Outcomes Assessor)",
897,,,,,,Prevention
898,Randomized,,,,,
898,,Parallel Assignment,,,,
898,,,,,None (Open Label),
898,,,,,,Treatment
899,Randomized,,,,,
899,,Parallel Assignment,,,,
899,,,,,None (Open Label),
899,,,,,,Prevention
900,Randomized,,,,,
900,,Parallel Assignment,,,,
900,,,,,"Double (Participant, Investigator)",
900,,,,,,Prevention
901,Non-Randomized,,,,,
901,,Parallel Assignment,,,,
901,,,,,None (Open Label),
901,,,,,,Treatment
902,,,Cohort,,,
902,,,,Prospective,,
903,Randomized,,,,,
903,,Parallel Assignment,,,,
903,,,,,Single (Participant),
903,,,,,,Treatment
904,Randomized,,,,,
904,,Parallel Assignment,,,,
904,,,,,"Triple (Participant, Care Provider, Outcomes Assessor)",
904,,,,,,Treatment
905,,,Cohort,,,
905,,,,Prospective,,
906,,,Case-Control,,,
906,,,,Prospective,,
907,N/A,,,,,
907,,Single Group Assignment,,,,
907,,,,,None (Open Label),
907,,,,,,Other
908,Randomized,,,,,
908,,Single Group Assignment,,,,
908,,,,,None (Open Label),
908,,,,,,Treatment
909,,,Cohort,,,
909,,,,Prospective,,
910,Randomized,,,,,
910,,Parallel Assignment,,,,
910,,,,,"Triple (Participant, Investigator, Outcomes Assessor)",
910,,,,,,Treatment
911,,,Other,,,
911,,,,Other,,
912,,,Cohort,,,
912,,,,Prospective,,
913,N/A,,,,,
913,,Single Group Assignment,,,,
913,,,,,None (Open Label),
913,,,,,,Treatment
914,,,Cohort,,,
914,,,,Prospective,,
915,,,Case-Only,,,
915,,,,Other,,
916,,,Case-Only,,,
916,,,,Prospective,,
917,Randomized,,,,,
917,,Parallel Assignment,,,,
917,,,,,"Quadruple (Participant, Care Provider, Investigator, Outcomes Assessor)",
917,,,,,,Treatment
918,,,Cohort,,,
918,,,,Prospective,,
919,Randomized,,,,,
919,,Parallel Assignment,,,,
919,,,,,None (Open Label),
919,,,,,,Treatment
920,,,Cohort,,,
920,,,,Retrospective,,
921,Randomized,,,,,
921,,Parallel Assignment,,,,
921,,,,,"Double (Participant, Outcomes Assessor)",
921,,,,,,Supportive Care
922,,,Cohort,,,
922,,,,Prospective,,
923,,,Cohort,,,
923,,,,Prospective,,
924,Non-Randomized,,,,,
924,,Single Group Assignment,,,,
924,,,,,None (Open Label),
924,,,,,,Prevention
925,Randomized,,,,,
925,,Parallel Assignment,,,,
925,,,,,"Quadruple (Participant, Care Provider, Investigator, Outcomes Assessor)",
925,,,,,,Prevention
926,Randomized,,,,,
926,,Parallel Assignment,,,,
926,,,,,None (Open Label),
926,,,,,,Treatment
927,N/A,,,,,
927,,Single Group Assignment,,,,
927,,,,,None (Open Label),
927,,,,,,Diagnostic
928,,,Other,,,
928,,,,Retrospective,,
929,Randomized,,,,,
929,,Parallel Assignment,,,,
929,,,,,"Double (Participant, Investigator)",
929,,,,,,Treatment
930,Randomized,,,,,
930,,Parallel Assignment,,,,
930,,,,,Single (Outcomes Assessor),
930,,,,,,Health Services Research
931,Randomized,,,,,
931,,Parallel Assignment,,,,
931,,,,,Single (Participant),
931,,,,,,Treatment
932,Randomized,,,,,
932,,Parallel Assignment,,,,
932,,,,,None (Open Label),
932,,,,,,Treatment
933,,,Cohort,,,
933,,,,Prospective,,
934,Randomized,,,,,
934,,Parallel Assignment,,,,
934,,,,,None (Open Label),
934,,,,,,Prevention
935,,,Case-Control,,,
935,,,,Prospective,,
936,,,Case-Only,,,
936,,,,Prospective,,
937,,,Cohort,,,
937,,,,Prospective,,
938,Non-Randomized,,,,,
938,,Sequential Assignment,,,,
938,,,,,None (Open Label),
938,,,,,,Treatment
939,,,Case-Only,,,
939,,,,Other,,
940,Randomized,,,,,
940,,Parallel Assignment,,,,
940,,,,,None (Open Label),
940,,,,,,Prevention
941,,,Case-Only,,,
941,,,,Prospective,,
942,,,Cohort,,,
942,,,,Prospective,,
943,,,Cohort,,,
943,,,,Other,,
944,,,Other,,,
944,,,,Prospective,,
945,N/A,,,,,
945,,Single Group Assignment,,,,
945,,,,,None (Open Label),
945,,,,,,Treatment
946,Randomized,,,,,
946,,Parallel Assignment,,,,
946,,,,,"Double (Participant, Investigator)",
946,,,,,,Treatment
947,Randomized,,,,,
947,,Parallel Assignment,,,,
947,,,,,Single (Investigator),
947,,,,,,Treatment
948,Randomized,,,,,
948,,Parallel Assignment,,,,
948,,,,,"Triple (Participant, Care Provider, Investigator)",
948,,,,,,Treatment
949,N/A,,,,,
949,,Single Group Assignment,,,,
949,,,,,None (Open Label),
949,,,,,,Screening
950,,,Case-Only,,,
950,,,,Prospective,,
951,Randomized,,,,,
951,,Parallel Assignment,,,,
951,,,,,"Double (Participant, Investigator)",
951,,,,,,Treatment
952,Randomized,,,,,
952,,Parallel Assignment,,,,
952,,,,,"Double (Investigator, Outcomes Assessor)",
952,,,,,,Treatment
953,,,Cohort,,,
953,,,,Cross-Sectional,,
954,Randomized,,,,,
954,,Parallel Assignment,,,,
954,,,,,Single (Participant),
954,,,,,,Treatment
955,,,Cohort,,,
955,,,,Prospective,,
956,,,Cohort,,,
956,,,,Prospective,,
957,,,Cohort,,,
957,,,,Prospective,,
958,Randomized,,,,,
958,,Parallel Assignment,,,,
958,,,,,None (Open Label),
958,,,,,,Screening
959,,,Case-Control,,,
959,,,,Other,,
960,,,Case-Only,,,
960,,,,Retrospective,,
961,Randomized,,,,,
961,,Parallel Assignment,,,,
961,,,,,"Triple (Participant, Investigator, Outcomes Assessor)",
961,,,,,,Treatment
962,Randomized,,,,,
962,,Parallel Assignment,,,,
962,,,,,Single (Outcomes Assessor),
962,,,,,,Treatment
963,Randomized,,,,,
963,,Parallel Assignment,,,,
963,,,,,"Double (Participant, Care Provider)",
963,,,,,,Treatment
964,,,Cohort,,,
964,,,,Prospective,,
965,,,Case-Only,,,
965,,,,Retrospective,,
966,Randomized,,,,,
966,,Parallel Assignment,,,,
966,,,,,"Double (Participant, Investigator)",
966,,,,,,Prevention
967,Randomized,,,,,
967,,Parallel Assignment,,,,
967,,,,,"Quadruple (Participant, Care Provider, Investigator, Outcomes Assessor)",
967,,,,,,Treatment
968,Non-Randomized,,,,,
968,,Parallel Assignment,,,,
968,,,,,None (Open Label),
968,,,,,,Treatment
969,,,Case-Only,,,
969,,,,Cross-Sectional,,
970,,,Case-Control,,,
970,,,,Retrospective,,
971,,,Case-Control,,,
971,,,,Cross-Sectional,,
972,,,Case-Only,,,
972,,,,Prospective,,
973,N/A,,,,,
973,,Single Group Assignment,,,,
973,,,,,None (Open Label),
973,,,,,,Diagnostic
974,Randomized,,,,,
974,,Crossover Assignment,,,,
974,,,,,None (Open Label),
974,,,,,,Treatment
975,Randomized,,,,,
975,,Parallel Assignment,,,,
975,,,,,"Double (Participant, Investigator)",
975,,,,,,Treatment
976,,,Other,,,
976,,,,Prospective,,
977,Randomized,,,,,
977,,Sequential Assignment,,,,
977,,,,,Single (Outcomes Assessor),
977,,,,,,Treatment
978,,,Cohort,,,
978,,,,Other,,
979,,,Case-Control,,,
979,,,,Prospective,,
980,Randomized,,,,,
980,,Parallel Assignment,,,,
980,,,,,None (Open Label),
980,,,,,,Treatment
981,Randomized,,,,,
981,,Parallel Assignment,,,,
981,,,,,Single (Participant),
981,,,,,,Treatment
982,,,Cohort,,,
982,,,,Prospective,,
983,Randomized,,,,,
983,,Sequential Assignment,,,,
983,,,,,None (Open Label),
983,,,,,,Prevention
984,,,Ecologic or Community,,,
984,,,,Cross-Sectional,,
985,,,Case-Control,,,
985,,,,Prospective,,
986,,,Case-Only,,,
986,,,,Retrospective,,
987,,,Cohort,,,
987,,,,Prospective,,
988,Randomized,,,,,
988,,Parallel Assignment,,,,
988,,,,,"Quadruple (Participant, Care Provider, Investigator, Outcomes Assessor)",
988,,,,,,Treatment
989,Randomized,,,,,
989,,Sequential Assignment,,,,
989,,,,,"Double (Participant, Investigator)",
989,,,,,,Treatment
990,,,Case-Control,,,
990,,,,Retrospective,,
991,N/A,,,,,
991,,Single Group Assignment,,,,
991,,,,,None (Open Label),
991,,,,,,Prevention
992,,,Cohort,,,
992,,,,Prospective,,
993,Randomized,,,,,
993,,Factorial Assignment,,,,
993,,,,,None (Open Label),
993,,,,,,Prevention
994,Randomized,,,,,
994,,Parallel Assignment,,,,
994,,,,,"Double (Participant, Care Provider)",
994,,,,,,Supportive Care
995,,,Cohort,,,
995,,,,Prospective,,
996,Randomized,,,,,
996,,Parallel Assignment,,,,
996,,,,,"Double (Participant, Investigator)",
996,,,,,,Treatment
997,,,Case-Crossover,,,
997,,,,Cross-Sectional,,
998,,,Cohort,,,
998,,,,Prospective,,
999,,,Cohort,,,
999,,,,Prospective,,
1000,,,Cohort,,,
1000,,,,Retrospective,,
1001,Non-Randomized,,,,,
1001,,Parallel Assignment,,,,
1001,,,,,None (Open Label),
1001,,,,,,Treatment
1002,,,Other,,,
1002,,,,Retrospective,,
1003,,,Cohort,,,
1003,,,,Prospective,,
1004,,,Cohort,,,
1004,,,,Prospective,,
1005,Randomized,,,,,
1005,,Factorial Assignment,,,,
1005,,,,,None (Open Label),
1005,,,,,,Treatment
1006,Non-Randomized,,,,,
1006,,Parallel Assignment,,,,
1006,,,,,None (Open Label),
1006,,,,,,Diagnostic
1007,N/A,,,,,
1007,,Single Group Assignment,,,,
1007,,,,,None (Open Label),
1007,,,,,,Treatment
1008,,,Other,,,
1008,,,,Other,,
1009,,,Cohort,,,
1009,,,,Other,,
1010,,,Case-Only,,,
1010,,,,Retrospective,,
1011,,,Cohort,,,
1011,,,,Cross-Sectional,,
1012,,,Case-Only,,,
1012,,,,Other,,
1013,Randomized,,,,,
1013,,Parallel Assignment,,,,
1013,,,,,None (Open Label),
1013,,,,,,Treatment
1014,N/A,,,,,
1014,,Single Group Assignment,,,,
1014,,,,,None (Open Label),
1014,,,,,,Diagnostic
1015,,,Cohort,,,
1015,,,,Prospective,,
1016,N/A,,,,,
1016,,Single Group Assignment,,,,
1016,,,,,None (Open Label),
1016,,,,,,Other
1017,,,Cohort,,,
1017,,,,Prospective,,
1018,Randomized,,,,,
1018,,Parallel Assignment,,,,
1018,,,,,"Quadruple (Participant, Care Provider, Investigator, Outcomes Assessor)",
1018,,,,,,Prevention
1019,,,Case-Only,,,
1019,,,,Other,,
1020,Randomized,,,,,
1020,,Parallel Assignment,,,,
1020,,,,,None (Open Label),
1020,,,,,,Treatment
1021,,,Cohort,,,
1021,,,,Prospective,,
1022,,,Case-Only,,,
1022,,,,Retrospective,,
1023,,,Cohort,,,
1023,,,,Other,,
1024,Randomized,,,,,
1024,,Parallel Assignment,,,,
1024,,,,,Single (Outcomes Assessor),
1024,,,,,,Treatment
1025,,,Case-Only,,,
1025,,,,Prospective,,
1026,Non-Randomized,,,,,
1026,,Parallel Assignment,,,,
1026,,,,,None (Open Label),
1026,,,,,,Prevention
1027,,,Cohort,,,
1027,,,,Prospective,,
1028,Non-Randomized,,,,,
1028,,Crossover Assignment,,,,
1028,,,,,None (Open Label),
1028,,,,,,Diagnostic
1029,,,Cohort,,,
1029,,,,Other,,
1030,Non-Randomized,,,,,
1030,,Single Group Assignment,,,,
1030,,,,,None (Open Label),
1030,,,,,,Diagnostic
1031,,,Cohort,,,
1031,,,,Prospective,,
1032,,,Case-Only,,,
1032,,,,Retrospective,,
1033,Non-Randomized,,,,,
1033,,Parallel Assignment,,,,
1033,,,,,Single (Participant),
1033,,,,,,Supportive Care
1034,N/A,,,,,
1034,,Single Group Assignment,,,,
1034,,,,,None (Open Label),
1034,,,,,,Diagnostic
1035,Randomized,,,,,
1035,,Parallel Assignment,,,,
1035,,,,,Single (Participant),
1035,,,,,,Treatment
1036,N/A,,,,,
1036,,Single Group Assignment,,,,
1036,,,,,None (Open Label),
1036,,,,,,Prevention
1037,N/A,,,,,
1037,,Single Group Assignment,,,,
1037,,,,,None (Open Label),
1037,,,,,,Screening
1038,,,Cohort,,,
1038,,,,Cross-Sectional,,
1039,Randomized,,,,,
1039,,Parallel Assignment,,,,
1039,,,,,None (Open Label),
1039,,,,,,Treatment
1040,,,Case-Only,,,
1040,,,,Retrospective,,
1041,N/A,,,,,
1041,,Single Group Assignment,,,,
1041,,,,,None (Open Label),
1041,,,,,,Other
1042,Randomized,,,,,
1042,,Parallel Assignment,,,,
1042,,,,,None (Open Label),
1042,,,,,,Treatment
1043,Randomized,,,,,
1043,,Parallel Assignment,,,,
1043,,,,,"Triple (Participant, Care Provider, Outcomes Assessor)",
1043,,,,,,Treatment
1044,,,Cohort,,,
1044,,,,Prospective,,
1045,,,Cohort,,,
1045,,,,Prospective,,
1046,Randomized,,,,,
1046,,Parallel Assignment,,,,
1046,,,,,None (Open Label),
1046,,,,,,Prevention
1047,Randomized,,,,,
1047,,Parallel Assignment,,,,
1047,,,,,"Quadruple (Participant, Care Provider, Investigator, Outcomes Assessor)",
1047,,,,,,Treatment
1048,Randomized,,,,,
1048,,Parallel Assignment,,,,
1048,,,,,"Double (Participant, Care Provider)",
1048,,,,,,Treatment
1049,,,Case-Control,,,
1049,,,,Prospective,,
1050,Randomized,,,,,
1050,,Single Group Assignment,,,,
1050,,,,,"Triple (Participant, Care Provider, Investigator)",
1050,,,,,,Treatment
1051,Randomized,,,,,
1051,,Parallel Assignment,,,,
1051,,,,,"Quadruple (Participant, Care Provider, Investigator, Outcomes Assessor)",
1051,,,,,,Treatment
1052,Randomized,,,,,
1052,,Parallel Assignment,,,,
1052,,,,,"Quadruple (Participant, Care Provider, Investigator, Outcomes Assessor)",
1052,,,,,,Prevention
1053,,,Other,,,
1053,,,,Retrospective,,
1054,,,Case-Control,,,
1054,,,,Prospective,,
1055,,,Cohort,,,
1055,,,,Other,,
1056,Randomized,,,,,
1056,,Parallel Assignment,,,,
1056,,,,,None (Open Label),
1056,,,,,,Prevention
1057,,,Cohort,,,
1057,,,,Prospective,,
1058,,,Cohort,,,
1058,,,,Retrospective,,
1059,Randomized,,,,,
1059,,Sequential Assignment,,,,
1059,,,,,"Quadruple (Participant, Care Provider, Investigator, Outcomes Assessor)",
1059,,,,,,Treatment
1060,Randomized,,,,,
1060,,Single Group Assignment,,,,
1060,,,,,None (Open Label),
1060,,,,,,Treatment
1061,,,Cohort,,,
1061,,,,Prospective,,
1062,Randomized,,,,,
1062,,Parallel Assignment,,,,
1062,,,,,None (Open Label),
1062,,,,,,Treatment
1063,N/A,,,,,
1063,,Single Group Assignment,,,,
1063,,,,,None (Open Label),
1063,,,,,,Diagnostic
1064,,,Cohort,,,
1064,,,,Retrospective,,
1065,,,Cohort,,,
1065,,,,Prospective,,
1066,,,Cohort,,,
1066,,,,Retrospective,,
1067,,,Cohort,,,
1067,,,,Retrospective,,
1068,,,Cohort,,,
1068,,,,Prospective,,
1069,,,Cohort,,,
1069,,,,Prospective,,
1070,Randomized,,,,,
1070,,Parallel Assignment,,,,
1070,,,,,None (Open Label),
1070,,,,,,Prevention
1071,Randomized,,,,,
1071,,Parallel Assignment,,,,
1071,,,,,"Double (Participant, Investigator)",
1071,,,,,,Treatment
1072,,,Cohort,,,
1072,,,,Retrospective,,
1073,,,Other,,,
1073,,,,Prospective,,
1074,N/A,,,,,
1074,,Single Group Assignment,,,,
1074,,,,,None (Open Label),
1074,,,,,,Treatment
1075,Randomized,,,,,
1075,,Parallel Assignment,,,,
1075,,,,,"Double (Participant, Care Provider)",
1075,,,,,,Prevention
1076,,,Case-Only,,,
1076,,,,Cross-Sectional,,
1077,,,Case-Control,,,
1077,,,,Cross-Sectional,,
1078,Randomized,,,,,
1078,,Parallel Assignment,,,,
1078,,,,,None (Open Label),
1078,,,,,,Treatment
1079,Non-Randomized,,,,,
1079,,Parallel Assignment,,,,
1079,,,,,None (Open Label),
1079,,,,,,Prevention
1080,Randomized,,,,,
1080,,Parallel Assignment,,,,
1080,,,,,None (Open Label),
1080,,,,,,Treatment
1081,,,Cohort,,,
1081,,,,Prospective,,
1082,,,Case-Only,,,
1082,,,,Prospective,,
1083,,,Cohort,,,
1083,,,,Prospective,,
1084,Randomized,,,,,
1084,,Parallel Assignment,,,,
1084,,,,,None (Open Label),
1084,,,,,,Treatment
1085,Randomized,,,,,
1085,,Crossover Assignment,,,,
1085,,,,,None (Open Label),
1085,,,,,,Treatment
1086,N/A,,,,,
1086,,Single Group Assignment,,,,
1086,,,,,None (Open Label),
1086,,,,,,Screening
1087,Randomized,,,,,
1087,,Parallel Assignment,,,,
1087,,,,,"Double (Participant, Investigator)",
1087,,,,,,Treatment
1088,,,Case-Only,,,
1088,,,,Cross-Sectional,,
1089,Non-Randomized,,,,,
1089,,Parallel Assignment,,,,
1089,,,,,None (Open Label),
1089,,,,,,Treatment
1090,,,Case-Only,,,
1090,,,,Prospective,,
1091,,,Case-Control,,,
1091,,,,Retrospective,,
1092,,,Case-Control,,,
1092,,,,Prospective,,
1093,N/A,,,,,
1093,,Single Group Assignment,,,,
1093,,,,,None (Open Label),
1093,,,,,,Treatment
1094,,,Cohort,,,
1094,,,,Prospective,,
1095,,,Cohort,,,
1095,,,,Prospective,,
1096,,,Ecologic or Community,,,
1096,,,,Prospective,,
1097,Randomized,,,,,
1097,,Parallel Assignment,,,,
1097,,,,,None (Open Label),
1097,,,,,,Prevention
1098,N/A,,,,,
1098,,Single Group Assignment,,,,
1098,,,,,None (Open Label),
1098,,,,,,Supportive Care
1099,N/A,,,,,
1099,,Single Group Assignment,,,,
1099,,,,,None (Open Label),
1099,,,,,,Diagnostic
1100,,,Cohort,,,
1100,,,,Prospective,,
1101,Randomized,,,,,
1101,,Parallel Assignment,,,,
1101,,,,,"Triple (Participant, Care Provider, Investigator)",
1101,,,,,,Treatment
1102,Randomized,,,,,
1102,,Parallel Assignment,,,,
1102,,,,,Single (Outcomes Assessor),
1102,,,,,,Treatment
1103,N/A,,,,,
1103,,Single Group Assignment,,,,
1103,,,,,None (Open Label),
1103,,,,,,Treatment
1104,N/A,,,,,
1104,,Single Group Assignment,,,,
1104,,,,,None (Open Label),
1104,,,,,,Supportive Care
1105,Randomized,,,,,
1105,,Parallel Assignment,,,,
1105,,,,,"Double (Participant, Investigator)",
1105,,,,,,Treatment
1106,Non-Randomized,,,,,
1106,,Parallel Assignment,,,,
1106,,,,,None (Open Label),
1106,,,,,,Screening
1107,,,Cohort,,,
1107,,,,Retrospective,,
1108,,,Case-Only,,,
1108,,,,Cross-Sectional,,
1109,Randomized,,,,,
1109,,Parallel Assignment,,,,
1109,,,,,"Double (Participant, Care Provider)",
1109,,,,,,Treatment
1110,,,Case-Control,,,
1110,,,,Prospective,,
1111,,,Cohort,,,
1111,,,,Prospective,,
1112,,,Cohort,,,
1112,,,,Prospective,,
1113,,,Cohort,,,
1113,,,,Prospective,,
1114,,,Cohort,,,
1114,,,,Retrospective,,
1115,,,Case-Control,,,
1115,,,,Prospective,,
1116,Randomized,,,,,
1116,,Parallel Assignment,,,,
1116,,,,,"Triple (Participant, Care Provider, Outcomes Assessor)",
1116,,,,,,Treatment
1117,,,Cohort,,,
1117,,,,Prospective,,
1118,Randomized,,,,,
1118,,Parallel Assignment,,,,
1118,,,,,"Quadruple (Participant, Care Provider, Investigator, Outcomes Assessor)",
1118,,,,,,Prevention
1119,,,Cohort,,,
1119,,,,Prospective,,
1120,,,Case-Only,,,
1120,,,,Prospective,,
1121,Randomized,,,,,
1121,,Parallel Assignment,,,,
1121,,,,,None (Open Label),
1121,,,,,,Treatment
1122,Randomized,,,,,
1122,,Parallel Assignment,,,,
1122,,,,,Single (Participant),
1122,,,,,,Supportive Care
1123,Randomized,,,,,
1123,,Parallel Assignment,,,,
1123,,,,,None (Open Label),
1123,,,,,,Treatment
1124,,,Ecologic or Community,,,
1124,,,,Prospective,,
1125,,,Cohort,,,
1125,,,,Prospective,,
1126,,,Cohort,,,
1126,,,,Prospective,,
1127,,,Cohort,,,
1127,,,,Prospective,,
1128,N/A,,,,,
1128,,Sequential Assignment,,,,
1128,,,,,None (Open Label),
1128,,,,,,Prevention
1129,,,Cohort,,,
1129,,,,Prospective,,
1130,,,Ecologic or Community,,,
1130,,,,Cross-Sectional,,
1131,Randomized,,,,,
1131,,Parallel Assignment,,,,
1131,,,,,"Double (Participant, Investigator)",
1131,,,,,,Treatment
1132,,,Case-Control,,,
1132,,,,Prospective,,
1133,,,Cohort,,,
1133,,,,Prospective,,
1134,,,Cohort,,,
1134,,,,Prospective,,
1135,,,Cohort,,,
1135,,,,Retrospective,,
1136,Randomized,,,,,
1136,,Parallel Assignment,,,,
1136,,,,,None (Open Label),
1136,,,,,,Treatment
1137,N/A,,,,,
1137,,Single Group Assignment,,,,
1137,,,,,None (Open Label),
1137,,,,,,Diagnostic
1138,,,Cohort,,,
1138,,,,Prospective,,
1139,,,Cohort,,,
1139,,,,Prospective,,
1140,,,Cohort,,,
1140,,,,Retrospective,,
1141,,,Cohort,,,
1141,,,,Prospective,,
1142,N/A,,,,,
1142,,Single Group Assignment,,,,
1142,,,,,None (Open Label),
1142,,,,,,Treatment
1143,Randomized,,,,,
1143,,Parallel Assignment,,,,
1143,,,,,"Quadruple (Participant, Care Provider, Investigator, Outcomes Assessor)",
1143,,,,,,Prevention
1144,,,Cohort,,,
1144,,,,Prospective,,
1145,Randomized,,,,,
1145,,Parallel Assignment,,,,
1145,,,,,None (Open Label),
1145,,,,,,Treatment
1146,,,Case-Only,,,
1146,,,,Retrospective,,
1147,,,Case-Control,,,
1147,,,,Other,,
1148,N/A,,,,,
1148,,Single Group Assignment,,,,
1148,,,,,None (Open Label),
1148,,,,,,Treatment
1149,Non-Randomized,,,,,
1149,,Parallel Assignment,,,,
1149,,,,,None (Open Label),
1149,,,,,,Prevention
1150,,,Cohort,,,
1150,,,,Retrospective,,
1151,,,Case-Control,,,
1151,,,,Prospective,,
1152,Randomized,,,,,
1152,,Parallel Assignment,,,,
1152,,,,,None (Open Label),
1152,,,,,,Treatment
1153,,,Case-Control,,,
1153,,,,Prospective,,
1154,,,Case-Only,,,
1154,,,,Cross-Sectional,,
1155,,,Cohort,,,
1155,,,,Other,,
1156,Randomized,,,,,
1156,,Parallel Assignment,,,,
1156,,,,,"Triple (Participant, Care Provider, Investigator)",
1156,,,,,,Treatment
1157,,,Cohort,,,
1157,,,,Prospective,,
1158,Randomized,,,,,
1158,,Parallel Assignment,,,,
1158,,,,,"Double (Participant, Care Provider)",
1158,,,,,,Supportive Care
1159,,,Case-Control,,,
1159,,,,Prospective,,
1160,Randomized,,,,,
1160,,Parallel Assignment,,,,
1160,,,,,None (Open Label),
1160,,,,,,Prevention
1161,Randomized,,,,,
1161,,Parallel Assignment,,,,
1161,,,,,"Double (Participant, Investigator)",
1161,,,,,,Treatment
1162,,,Cohort,,,
1162,,,,Prospective,,
1163,N/A,,,,,
1163,,Single Group Assignment,,,,
1163,,,,,None (Open Label),
1163,,,,,,Other
1164,Randomized,,,,,
1164,,Parallel Assignment,,,,
1164,,,,,"Triple (Participant, Care Provider, Investigator)",
1164,,,,,,Treatment
1165,,,Cohort,,,
1165,,,,Retrospective,,
1166,Randomized,,,,,
1166,,Parallel Assignment,,,,
1166,,,,,None (Open Label),
1166,,,,,,Treatment
1167,,,Cohort,,,
1167,,,,Retrospective,,
1168,,,Cohort,,,
1168,,,,Other,,
1169,,,Cohort,,,
1169,,,,Prospective,,
1170,,,Cohort,,,
1170,,,,Prospective,,
1171,,,Other,,,
1171,,,,Cross-Sectional,,
1172,,,Cohort,,,
1172,,,,Prospective,,
1173,Randomized,,,,,
1173,,Parallel Assignment,,,,
1173,,,,,"Double (Participant, Investigator)",
1173,,,,,,Treatment
1174,Randomized,,,,,
1174,,Parallel Assignment,,,,
1174,,,,,"Quadruple (Participant, Care Provider, Investigator, Outcomes Assessor)",
1174,,,,,,Treatment
1175,Randomized,,,,,
1175,,Parallel Assignment,,,,
1175,,,,,"Double (Participant, Investigator)",
1175,,,,,,Prevention
1176,,,Cohort,,,
1176,,,,Retrospective,,
1177,Randomized,,,,,
1177,,Parallel Assignment,,,,
1177,,,,,Single (Outcomes Assessor),
1177,,,,,,Prevention
1178,Randomized,,,,,
1178,,Parallel Assignment,,,,
1178,,,,,Single (Participant),
1178,,,,,,Treatment
1179,,,Case-Control,,,
1179,,,,Other,,
1180,Randomized,,,,,
1180,,Parallel Assignment,,,,
1180,,,,,"Triple (Participant, Care Provider, Investigator)",
1180,,,,,,Prevention
1181,Randomized,,,,,
1181,,Parallel Assignment,,,,
1181,,,,,"Triple (Participant, Investigator, Outcomes Assessor)",
1181,,,,,,Treatment
1182,,,Case-Control,,,
1182,,,,Other,,
1183,,,Cohort,,,
1183,,,,Prospective,,
1184,,,Cohort,,,
1184,,,,Retrospective,,
1185,Randomized,,,,,
1185,,Parallel Assignment,,,,
1185,,,,,None (Open Label),
1185,,,,,,Treatment
1186,,,Case-Only,,,
1186,,,,Prospective,,
1187,N/A,,,,,
1187,,Single Group Assignment,,,,
1187,,,,,None (Open Label),
1187,,,,,,Screening
1188,,,Cohort,,,
1188,,,,Retrospective,,
1189,Randomized,,,,,
1189,,Parallel Assignment,,,,
1189,,,,,Single (Participant),
1189,,,,,,Treatment
1190,,,Cohort,,,
1190,,,,Retrospective,,
1191,,,Case-Control,,,
1191,,,,Cross-Sectional,,
1192,Randomized,,,,,
1192,,Parallel Assignment,,,,
1192,,,,,None (Open Label),
1192,,,,,,Treatment
1193,N/A,,,,,
1193,,Single Group Assignment,,,,
1193,,,,,None (Open Label),
1193,,,,,,Diagnostic
1194,Randomized,,,,,
1194,,Parallel Assignment,,,,
1194,,,,,None (Open Label),
1194,,,,,,Treatment
1195,,,Case-Control,,,
1195,,,,Retrospective,,
1196,,,Case-Control,,,
1196,,,,Prospective,,
1197,,,Cohort,,,
1197,,,,Prospective,,
1198,,,Cohort,,,
1198,,,,Prospective,,
1199,,,Cohort,,,
1199,,,,Prospective,,
1200,,,Cohort,,,
1200,,,,Prospective,,
1201,,,Cohort,,,
1201,,,,Retrospective,,
1202,N/A,,,,,
1202,,Single Group Assignment,,,,
1202,,,,,None (Open Label),
1202,,,,,,Treatment
1203,Randomized,,,,,
1203,,Parallel Assignment,,,,
1203,,,,,"Triple (Participant, Care Provider, Investigator)",
1203,,,,,,Basic Science
1204,,,Cohort,,,
1204,,,,Prospective,,
1205,N/A,,,,,
1205,,Single Group Assignment,,,,
1205,,,,,None (Open Label),
1205,,,,,,Prevention
1206,,,Cohort,,,
1206,,,,Prospective,,
1207,,,Other,,,
1207,,,,Retrospective,,
1208,,,Case-Only,,,
1208,,,,Prospective,,
1209,Randomized,,,,,
1209,,Sequential Assignment,,,,
1209,,,,,None (Open Label),
1209,,,,,,Treatment
1210,N/A,,,,,
1210,,Single Group Assignment,,,,
1210,,,,,None (Open Label),
1210,,,,,,Treatment
1211,N/A,,,,,
1211,,Single Group Assignment,,,,
1211,,,,,None (Open Label),
1211,,,,,,Diagnostic
1212,Randomized,,,,,
1212,,Sequential Assignment,,,,
1212,,,,,"Triple (Participant, Care Provider, Investigator)",
1212,,,,,,Treatment
1213,Non-Randomized,,,,,
1213,,Crossover Assignment,,,,
1213,,,,,None (Open Label),
1213,,,,,,Treatment
1214,,,Case-Control,,,
1214,,,,Retrospective,,
1215,Randomized,,,,,
1215,,Parallel Assignment,,,,
1215,,,,,"Triple (Participant, Investigator, Outcomes Assessor)",
1215,,,,,,Prevention
1216,Randomized,,,,,
1216,,Parallel Assignment,,,,
1216,,,,,None (Open Label),
1216,,,,,,Treatment
1217,,,Cohort,,,
1217,,,,Retrospective,,
1218,,,Cohort,,,
1218,,,,Prospective,,
1219,N/A,,,,,
1219,,Single Group Assignment,,,,
1219,,,,,None (Open Label),
1219,,,,,,Basic Science
1220,Randomized,,,,,
1220,,Parallel Assignment,,,,
1220,,,,,None (Open Label),
1220,,,,,,Treatment
1221,Non-Randomized,,,,,
1221,,Parallel Assignment,,,,
1221,,,,,Single (Outcomes Assessor),
1221,,,,,,Diagnostic
1222,N/A,,,,,
1222,,Single Group Assignment,,,,
1222,,,,,None (Open Label),
1222,,,,,,Treatment
1223,Randomized,,,,,
1223,,Parallel Assignment,,,,
1223,,,,,"Triple (Participant, Care Provider, Investigator)",
1223,,,,,,Prevention
1224,,,Cohort,,,
1224,,,,Prospective,,
1225,,,Case-Control,,,
1225,,,,Prospective,,
1226,Randomized,,,,,
1226,,Parallel Assignment,,,,
1226,,,,,"Quadruple (Participant, Care Provider, Investigator, Outcomes Assessor)",
1226,,,,,,Treatment
1227,Randomized,,,,,
1227,,Parallel Assignment,,,,
1227,,,,,"Quadruple (Participant, Care Provider, Investigator, Outcomes Assessor)",
1227,,,,,,Prevention
1228,,,Case-Only,,,
1228,,,,Prospective,,
1229,Randomized,,,,,
1229,,Parallel Assignment,,,,
1229,,,,,"Quadruple (Participant, Care Provider, Investigator, Outcomes Assessor)",
1229,,,,,,Prevention
1230,,,Cohort,,,
1230,,,,Prospective,,
1231,Randomized,,,,,
1231,,Parallel Assignment,,,,
1231,,,,,"Triple (Participant, Care Provider, Investigator)",
1231,,,,,,Treatment
1232,,,Cohort,,,
1232,,,,Prospective,,
1233,Randomized,,,,,
1233,,Parallel Assignment,,,,
1233,,,,,None (Open Label),
1233,,,,,,Prevention
1234,Randomized,,,,,
1234,,Parallel Assignment,,,,
1234,,,,,Single (Participant),
1234,,,,,,Treatment
1235,Randomized,,,,,
1235,,Parallel Assignment,,,,
1235,,,,,"Double (Participant, Investigator)",
1235,,,,,,Treatment
1236,,,Cohort,,,
1236,,,,Prospective,,
1237,Randomized,,,,,
1237,,Parallel Assignment,,,,
1237,,,,,None (Open Label),
1237,,,,,,Prevention
1238,,,Cohort,,,
1238,,,,Cross-Sectional,,
1239,,,Cohort,,,
1239,,,,Cross-Sectional,,
1240,Randomized,,,,,
1240,,Sequential Assignment,,,,
1240,,,,,"Quadruple (Participant, Care Provider, Investigator, Outcomes Assessor)",
1240,,,,,,Treatment
1241,Randomized,,,,,
1241,,Parallel Assignment,,,,
1241,,,,,Single (Outcomes Assessor),
1241,,,,,,Prevention
1242,Randomized,,,,,
1242,,Parallel Assignment,,,,
1242,,,,,"Double (Investigator, Outcomes Assessor)",
1242,,,,,,Diagnostic
1243,Randomized,,,,,
1243,,Parallel Assignment,,,,
1243,,,,,None (Open Label),
1243,,,,,,Treatment
1244,,,Other,,,
1244,,,,Prospective,,
1245,Randomized,,,,,
1245,,Parallel Assignment,,,,
1245,,,,,None (Open Label),
1245,,,,,,Treatment
1246,,,Cohort,,,
1246,,,,Prospective,,
1247,,,Cohort,,,
1247,,,,Prospective,,
1248,N/A,,,,,
1248,,Single Group Assignment,,,,
1248,,,,,None (Open Label),
1248,,,,,,Treatment
1249,Randomized,,,,,
1249,,Parallel Assignment,,,,
1249,,,,,"Double (Participant, Investigator)",
1249,,,,,,Prevention
1250,Non-Randomized,,,,,
1250,,Parallel Assignment,,,,
1250,,,,,Single (Outcomes Assessor),
1250,,,,,,Health Services Research
1251,Randomized,,,,,
1251,,Parallel Assignment,,,,
1251,,,,,Single (Outcomes Assessor),
1251,,,,,,Treatment
1252,N/A,,,,,
1252,,Single Group Assignment,,,,
1252,,,,,None (Open Label),
1252,,,,,,Prevention
1253,,,Cohort,,,
1253,,,,Prospective,,
1254,,,Cohort,,,
1254,,,,Prospective,,
1255,,,Cohort,,,
1255,,,,Prospective,,
1256,,,Case-Only,,,
1256,,,,Prospective,,
1257,,,Cohort,,,
1257,,,,Prospective,,
1258,Randomized,,,,,
1258,,Parallel Assignment,,,,
1258,,,,,None (Open Label),
1258,,,,,,Treatment
1259,Randomized,,,,,
1259,,Parallel Assignment,,,,
1259,,,,,"Triple (Participant, Care Provider, Investigator)",
1259,,,,,,Prevention
1260,Randomized,,,,,
1260,,Crossover Assignment,,,,
1260,,,,,None (Open Label),
1260,,,,,,Treatment
1261,N/A,,,,,
1261,,Single Group Assignment,,,,
1261,,,,,None (Open Label),
1261,,,,,,Treatment
1262,,,Cohort,,,
1262,,,,Cross-Sectional,,
1263,N/A,,,,,
1263,,Single Group Assignment,,,,
1263,,,,,None (Open Label),
1263,,,,,,Prevention
1264,N/A,,,,,
1264,,Single Group Assignment,,,,
1264,,,,,None (Open Label),
1264,,,,,,Other
1265,N/A,,,,,
1265,,Single Group Assignment,,,,
1265,,,,,None (Open Label),
1265,,,,,,Prevention
1266,Randomized,,,,,
1266,,Parallel Assignment,,,,
1266,,,,,"Quadruple (Participant, Care Provider, Investigator, Outcomes Assessor)",
1266,,,,,,Prevention
1267,Randomized,,,,,
1267,,Parallel Assignment,,,,
1267,,,,,"Triple (Participant, Investigator, Outcomes Assessor)",
1267,,,,,,Prevention
1268,Randomized,,,,,
1268,,Parallel Assignment,,,,
1268,,,,,"Triple (Care Provider, Investigator, Outcomes Assessor)",
1268,,,,,,Treatment
1269,N/A,,,,,
1269,,Single Group Assignment,,,,
1269,,,,,None (Open Label),
1269,,,,,,Diagnostic
1270,,,Case-Crossover,,,
1270,,,,Retrospective,,
1271,,,Cohort,,,
1271,,,,Prospective,,
1272,Randomized,,,,,
1272,,Sequential Assignment,,,,
1272,,,,,"Quadruple (Participant, Care Provider, Investigator, Outcomes Assessor)",
1272,,,,,,Treatment
1273,,,Cohort,,,
1273,,,,Cross-Sectional,,
1274,Randomized,,,,,
1274,,Sequential Assignment,,,,
1274,,,,,"Quadruple (Participant, Care Provider, Investigator, Outcomes Assessor)",
1274,,,,,,Treatment
1275,,,Other,,,
1275,,,,Prospective,,
1276,Non-Randomized,,,,,
1276,,Single Group Assignment,,,,
1276,,,,,None (Open Label),
1276,,,,,,Treatment
1277,Randomized,,,,,
1277,,Parallel Assignment,,,,
1277,,,,,None (Open Label),
1277,,,,,,Treatment
1278,Randomized,,,,,
1278,,Parallel Assignment,,,,
1278,,,,,Single (Outcomes Assessor),
1278,,,,,,Treatment
1279,Randomized,,,,,
1279,,Parallel Assignment,,,,
1279,,,,,"Quadruple (Participant, Care Provider, Investigator, Outcomes Assessor)",
1279,,,,,,Treatment
1280,Randomized,,,,,
1280,,Parallel Assignment,,,,
1280,,,,,Single (Investigator),
1280,,,,,,Prevention
1281,Randomized,,,,,
1281,,Parallel Assignment,,,,
1281,,,,,"Double (Participant, Investigator)",
1281,,,,,,Treatment
1282,Non-Randomized,,,,,
1282,,Parallel Assignment,,,,
1282,,,,,None (Open Label),
1282,,,,,,Treatment
1283,Randomized,,,,,
1283,,Parallel Assignment,,,,
1283,,,,,None (Open Label),
1283,,,,,,Treatment
1284,,,Other,,,
1284,,,,Prospective,,
1285,Randomized,,,,,
1285,,Parallel Assignment,,,,
1285,,,,,"Triple (Participant, Investigator, Outcomes Assessor)",
1285,,,,,,Prevention
1286,Randomized,,,,,
1286,,Parallel Assignment,,,,
1286,,,,,"Quadruple (Participant, Care Provider, Investigator, Outcomes Assessor)",
1286,,,,,,Treatment
1287,N/A,,,,,
1287,,Single Group Assignment,,,,
1287,,,,,None (Open Label),
1287,,,,,,Treatment
1288,Non-Randomized,,,,,
1288,,Parallel Assignment,,,,
1288,,,,,None (Open Label),
1288,,,,,,Diagnostic
1289,,,Cohort,,,
1289,,,,Prospective,,
1290,,,Cohort,,,
1290,,,,Prospective,,
1291,,,Cohort,,,
1291,,,,Prospective,,
1292,,,Other,,,
1292,,,,Prospective,,
1293,,,Cohort,,,
1293,,,,Prospective,,
1294,N/A,,,,,
1294,,Single Group Assignment,,,,
1294,,,,,None (Open Label),
1294,,,,,,Other
1295,,,Cohort,,,
1295,,,,Retrospective,,
1296,,,Cohort,,,
1296,,,,Prospective,,
1297,,,Cohort,,,
1297,,,,Cross-Sectional,,
1298,Randomized,,,,,
1298,,Parallel Assignment,,,,
1298,,,,,"Double (Participant, Investigator)",
1298,,,,,,Treatment
1299,,,Case-Control,,,
1299,,,,Prospective,,
1300,Randomized,,,,,
1300,,Sequential Assignment,,,,
1300,,,,,"Quadruple (Participant, Care Provider, Investigator, Outcomes Assessor)",
1300,,,,,,Treatment
1301,,,Case-Control,,,
1301,,,,Prospective,,
1302,Randomized,,,,,
1302,,Parallel Assignment,,,,
1302,,,,,"Quadruple (Participant, Care Provider, Investigator, Outcomes Assessor)",
1302,,,,,,Prevention
1303,,,Cohort,,,
1303,,,,Prospective,,
1304,Randomized,,,,,
1304,,Parallel Assignment,,,,
1304,,,,,None (Open Label),
1304,,,,,,Treatment
1305,Randomized,,,,,
1305,,Parallel Assignment,,,,
1305,,,,,Single (Outcomes Assessor),
1305,,,,,,Treatment
1306,Randomized,,,,,
1306,,Parallel Assignment,,,,
1306,,,,,"Quadruple (Participant, Care Provider, Investigator, Outcomes Assessor)",
1306,,,,,,Treatment
1307,Randomized,,,,,
1307,,Parallel Assignment,,,,
1307,,,,,None (Open Label),
1307,,,,,,Treatment
1308,,,Ecologic or Community,,,
1308,,,,Cross-Sectional,,
1309,,,Cohort,,,
1309,,,,Prospective,,
1310,,,Case-Only,,,
1310,,,,Retrospective,,
1311,N/A,,,,,
1311,,Single Group Assignment,,,,
1311,,,,,None (Open Label),
1311,,,,,,Diagnostic
1312,Non-Randomized,,,,,
1312,,Parallel Assignment,,,,
1312,,,,,None (Open Label),
1312,,,,,,Other
1313,Randomized,,,,,
1313,,Crossover Assignment,,,,
1313,,,,,Single (Participant),
1313,,,,,,Treatment
1314,,,Case-Only,,,
1314,,,,Prospective,,
1315,,,Case-Only,,,
1315,,,,Prospective,,
1316,,,Case-Only,,,
1316,,,,Retrospective,,
1317,,,Cohort,,,
1317,,,,Retrospective,,
1318,,,Cohort,,,
1318,,,,Prospective,,
1319,Randomized,,,,,
1319,,Parallel Assignment,,,,
1319,,,,,"Quadruple (Participant, Care Provider, Investigator, Outcomes Assessor)",
1319,,,,,,Treatment
1320,Randomized,,,,,
1320,,Parallel Assignment,,,,
1320,,,,,"Quadruple (Participant, Care Provider, Investigator, Outcomes Assessor)",
1320,,,,,,Treatment
1321,,,Other,,,
1321,,,,Cross-Sectional,,
1322,,,Cohort,,,
1322,,,,Prospective,,
1323,,,Cohort,,,
1323,,,,Other,,
1324,Randomized,,,,,
1324,,Parallel Assignment,,,,
1324,,,,,None (Open Label),
1324,,,,,,Other
1325,Randomized,,,,,
1325,,Parallel Assignment,,,,
1325,,,,,"Quadruple (Participant, Care Provider, Investigator, Outcomes Assessor)",
1325,,,,,,Prevention
1326,Randomized,,,,,
1326,,Parallel Assignment,,,,
1326,,,,,None (Open Label),
1326,,,,,,Prevention
1327,Randomized,,,,,
1327,,Parallel Assignment,,,,
1327,,,,,"Double (Participant, Investigator)",
1327,,,,,,Treatment
1328,Randomized,,,,,
1328,,Parallel Assignment,,,,
1328,,,,,"Double (Participant, Investigator)",
1328,,,,,,Treatment
1329,N/A,,,,,
1329,,Single Group Assignment,,,,
1329,,,,,None (Open Label),
1329,,,,,,Health Services Research
1330,Randomized,,,,,
1330,,Crossover Assignment,,,,
1330,,,,,None (Open Label),
1330,,,,,,Treatment
1331,,,Case-Crossover,,,
1331,,,,Other,,
1332,Randomized,,,,,
1332,,Parallel Assignment,,,,
1332,,,,,Single (Outcomes Assessor),
1332,,,,,,Treatment
1333,,,Cohort,,,
1333,,,,Retrospective,,
1334,Randomized,,,,,
1334,,Parallel Assignment,,,,
1334,,,,,"Double (Participant, Investigator)",
1334,,,,,,Prevention
1335,,,Case-Only,,,
1335,,,,Retrospective,,
1336,Randomized,,,,,
1336,,Parallel Assignment,,,,
1336,,,,,None (Open Label),
1336,,,,,,Treatment
1337,,,Cohort,,,
1337,,,,Prospective,,
1338,,,Ecologic or Community,,,
1338,,,,Prospective,,
1339,Randomized,,,,,
1339,,Parallel Assignment,,,,
1339,,,,,"Quadruple (Participant, Care Provider, Investigator, Outcomes Assessor)",
1339,,,,,,Treatment
1340,Randomized,,,,,
1340,,Parallel Assignment,,,,
1340,,,,,"Quadruple (Participant, Care Provider, Investigator, Outcomes Assessor)",
1340,,,,,,Treatment
1341,Randomized,,,,,
1341,,Parallel Assignment,,,,
1341,,,,,None (Open Label),
1341,,,,,,Treatment
1342,,,Case-Control,,,
1342,,,,Prospective,,
1343,Randomized,,,,,
1343,,Parallel Assignment,,,,
1343,,,,,"Quadruple (Participant, Care Provider, Investigator, Outcomes Assessor)",
1343,,,,,,Treatment
1344,Randomized,,,,,
1344,,Parallel Assignment,,,,
1344,,,,,Single (Outcomes Assessor),
1344,,,,,,Treatment
1345,,,Cohort,,,
1345,,,,Prospective,,
1346,,,Cohort,,,
1346,,,,Other,,
1347,Randomized,,,,,
1347,,Parallel Assignment,,,,
1347,,,,,"Quadruple (Participant, Care Provider, Investigator, Outcomes Assessor)",
1347,,,,,,Prevention
1348,Randomized,,,,,
1348,,Parallel Assignment,,,,
1348,,,,,None (Open Label),
1348,,,,,,Prevention
1349,,,Case-Control,,,
1349,,,,Prospective,,
1350,Randomized,,,,,
1350,,Parallel Assignment,,,,
1350,,,,,"Double (Participant, Investigator)",
1350,,,,,,Treatment
1351,,,Case-Control,,,
1351,,,,Prospective,,
1352,Randomized,,,,,
1352,,Parallel Assignment,,,,
1352,,,,,Single (Participant),
1352,,,,,,Treatment
1353,,,Cohort,,,
1353,,,,Prospective,,
1354,,,Other,,,
1354,,,,Cross-Sectional,,
1355,Randomized,,,,,
1355,,Parallel Assignment,,,,
1355,,,,,None (Open Label),
1355,,,,,,Treatment
1356,N/A,,,,,
1356,,Single Group Assignment,,,,
1356,,,,,None (Open Label),
1356,,,,,,Treatment
1357,Randomized,,,,,
1357,,Parallel Assignment,,,,
1357,,,,,"Double (Participant, Outcomes Assessor)",
1357,,,,,,Treatment
1358,,,Case-Control,,,
1358,,,,Prospective,,
1359,,,Case-Control,,,
1359,,,,Prospective,,
1360,Randomized,,,,,
1360,,Parallel Assignment,,,,
1360,,,,,Single (Investigator),
1360,,,,,,Treatment
1361,,,Other,,,
1361,,,,Retrospective,,
1362,,,Other,,,
1362,,,,Prospective,,
1363,Randomized,,,,,
1363,,Parallel Assignment,,,,
1363,,,,,"Quadruple (Participant, Care Provider, Investigator, Outcomes Assessor)",
1363,,,,,,Treatment
1364,,,Cohort,,,
1364,,,,Prospective,,
1365,N/A,,,,,
1365,,Single Group Assignment,,,,
1365,,,,,None (Open Label),
1365,,,,,,Treatment
1366,Randomized,,,,,
1366,,Parallel Assignment,,,,
1366,,,,,"Double (Participant, Investigator)",
1366,,,,,,Prevention
1367,Randomized,,,,,
1367,,Parallel Assignment,,,,
1367,,,,,"Double (Participant, Care Provider)",
1367,,,,,,Treatment
1368,Randomized,,,,,
1368,,Parallel Assignment,,,,
1368,,,,,None (Open Label),
1368,,,,,,Treatment
1369,,,Cohort,,,
1369,,,,Prospective,,
1370,Randomized,,,,,
1370,,Parallel Assignment,,,,
1370,,,,,"Double (Participant, Investigator)",
1370,,,,,,Treatment
1371,,,Cohort,,,
1371,,,,Prospective,,
1372,Randomized,,,,,
1372,,Parallel Assignment,,,,
1372,,,,,"Quadruple (Participant, Care Provider, Investigator, Outcomes Assessor)",
1372,,,,,,Treatment
1373,,,Case-Only,,,
1373,,,,Prospective,,
1374,Randomized,,,,,
1374,,Parallel Assignment,,,,
1374,,,,,None (Open Label),
1374,,,,,,Treatment
1375,Randomized,,,,,
1375,,Parallel Assignment,,,,
1375,,,,,None (Open Label),
1375,,,,,,Treatment
1376,Randomized,,,,,
1376,,Parallel Assignment,,,,
1376,,,,,None (Open Label),
1376,,,,,,Treatment
1377,Randomized,,,,,
1377,,Parallel Assignment,,,,
1377,,,,,None (Open Label),
1377,,,,,,Prevention
1378,,,Cohort,,,
1378,,,,Prospective,,
1379,Randomized,,,,,
1379,,Parallel Assignment,,,,
1379,,,,,"Triple (Participant, Care Provider, Investigator)",
1379,,,,,,Treatment
1380,N/A,,,,,
1380,,Single Group Assignment,,,,
1380,,,,,None (Open Label),
1380,,,,,,Screening
1381,Randomized,,,,,
1381,,Parallel Assignment,,,,
1381,,,,,None (Open Label),
1381,,,,,,Treatment
1382,Randomized,,,,,
1382,,Parallel Assignment,,,,
1382,,,,,"Double (Participant, Investigator)",
1382,,,,,,Treatment
1383,,,Case-Control,,,
1383,,,,Prospective,,
1384,,,Cohort,,,
1384,,,,Retrospective,,
1385,Randomized,,,,,
1385,,Parallel Assignment,,,,
1385,,,,,None (Open Label),
1385,,,,,,Treatment
1386,,,Case-Control,,,
1386,,,,Retrospective,,
1387,,,Cohort,,,
1387,,,,Retrospective,,
1388,Randomized,,,,,
1388,,Parallel Assignment,,,,
1388,,,,,Single (Participant),
1388,,,,,,Prevention
1389,Non-Randomized,,,,,
1389,,Parallel Assignment,,,,
1389,,,,,None (Open Label),
1389,,,,,,Diagnostic
1390,,,Cohort,,,
1390,,,,Prospective,,
1391,Randomized,,,,,
1391,,Parallel Assignment,,,,
1391,,,,,"Double (Participant, Investigator)",
1391,,,,,,Treatment
1392,N/A,,,,,
1392,,Single Group Assignment,,,,
1392,,,,,None (Open Label),
1392,,,,,,Treatment
1393,,,Cohort,,,
1393,,,,Prospective,,
1394,,,Cohort,,,
1394,,,,Prospective,,
1395,Non-Randomized,,,,,
1395,,Single Group Assignment,,,,
1395,,,,,None (Open Label),
1395,,,,,,Supportive Care
1396,Randomized,,,,,
1396,,Sequential Assignment,,,,
1396,,,,,None (Open Label),
1396,,,,,,Treatment
1397,,,Case-Control,,,
1397,,,,Prospective,,
1398,Randomized,,,,,
1398,,Parallel Assignment,,,,
1398,,,,,"Double (Participant, Investigator)",
1398,,,,,,Treatment
1399,Randomized,,,,,
1399,,Parallel Assignment,,,,
1399,,,,,Single (Participant),
1399,,,,,,Other
1400,Non-Randomized,,,,,
1400,,Parallel Assignment,,,,
1400,,,,,None (Open Label),
1400,,,,,,Treatment
1401,,,Cohort,,,
1401,,,,Prospective,,
1402,,,Case-Control,,,
1402,,,,Prospective,,
1403,,,Cohort,,,
1403,,,,Prospective,,
1404,N/A,,,,,
1404,,Single Group Assignment,,,,
1404,,,,,"Double (Investigator, Outcomes Assessor)",
1404,,,,,,Diagnostic
1405,,,Cohort,,,
1405,,,,Prospective,,
1406,,,Cohort,,,
1406,,,,Retrospective,,
1407,,,Cohort,,,
1407,,,,Retrospective,,
1408,Randomized,,,,,
1408,,Parallel Assignment,,,,
1408,,,,,"Quadruple (Participant, Care Provider, Investigator, Outcomes Assessor)",
1408,,,,,,Treatment
1409,Randomized,,,,,
1409,,Parallel Assignment,,,,
1409,,,,,None (Open Label),
1409,,,,,,Treatment
1410,Randomized,,,,,
1410,,Parallel Assignment,,,,
1410,,,,,"Double (Participant, Investigator)",
1410,,,,,,Treatment
1411,N/A,,,,,
1411,,Single Group Assignment,,,,
1411,,,,,None (Open Label),
1411,,,,,,Diagnostic
1412,,,Cohort,,,
1412,,,,Prospective,,
1413,,,Cohort,,,
1413,,,,Retrospective,,
1414,,,Case-Control,,,
1414,,,,Cross-Sectional,,
1415,Randomized,,,,,
1415,,Parallel Assignment,,,,
1415,,,,,"Triple (Participant, Care Provider, Investigator)",
1415,,,,,,Prevention
1416,,,Cohort,,,
1416,,,,Prospective,,
1417,,,Case-Control,,,
1417,,,,Cross-Sectional,,
1418,Randomized,,,,,
1418,,Parallel Assignment,,,,
1418,,,,,"Quadruple (Participant, Care Provider, Investigator, Outcomes Assessor)",
1418,,,,,,Prevention
1419,,,Other,,,
1419,,,,Prospective,,
1420,,,Cohort,,,
1420,,,,Prospective,,
1421,,,Case-Only,,,
1421,,,,Prospective,,
1422,Non-Randomized,,,,,
1422,,Parallel Assignment,,,,
1422,,,,,None (Open Label),
1422,,,,,,Treatment
1423,Randomized,,,,,
1423,,Parallel Assignment,,,,
1423,,,,,"Quadruple (Participant, Care Provider, Investigator, Outcomes Assessor)",
1423,,,,,,Treatment
1424,Randomized,,,,,
1424,,Sequential Assignment,,,,
1424,,,,,"Triple (Participant, Care Provider, Investigator)",
1424,,,,,,Treatment
1425,,,Cohort,,,
1425,,,,Other,,
1426,Randomized,,,,,
1426,,Parallel Assignment,,,,
1426,,,,,"Double (Participant, Investigator)",
1426,,,,,,Treatment
1427,Randomized,,,,,
1427,,Parallel Assignment,,,,
1427,,,,,None (Open Label),
1427,,,,,,Treatment
1428,,,Cohort,,,
1428,,,,Prospective,,
1429,,,Cohort,,,
1429,,,,Prospective,,
1430,,,Case-Only,,,
1430,,,,Other,,
1431,,,Cohort,,,
1431,,,,Prospective,,
1432,Randomized,,,,,
1432,,Parallel Assignment,,,,
1432,,,,,None (Open Label),
1432,,,,,,Treatment
1433,N/A,,,,,
1433,,Single Group Assignment,,,,
1433,,,,,None (Open Label),
1433,,,,,,Diagnostic
1434,Randomized,,,,,
1434,,Parallel Assignment,,,,
1434,,,,,"Double (Participant, Investigator)",
1434,,,,,,Prevention
1435,,,Cohort,,,
1435,,,,Prospective,,
1436,Randomized,,,,,
1436,,Parallel Assignment,,,,
1436,,,,,"Quadruple (Participant, Care Provider, Investigator, Outcomes Assessor)",
1436,,,,,,Other
1437,Randomized,,,,,
1437,,Parallel Assignment,,,,
1437,,,,,None (Open Label),
1437,,,,,,Treatment
1438,,,Cohort,,,
1438,,,,Retrospective,,
1439,Randomized,,,,,
1439,,Parallel Assignment,,,,
1439,,,,,Single (Participant),
1439,,,,,,Prevention
1440,Randomized,,,,,
1440,,Parallel Assignment,,,,
1440,,,,,"Triple (Participant, Care Provider, Investigator)",
1440,,,,,,Treatment
1441,Randomized,,,,,
1441,,Parallel Assignment,,,,
1441,,,,,"Quadruple (Participant, Care Provider, Investigator, Outcomes Assessor)",
1441,,,,,,Treatment
1442,Non-Randomized,,,,,
1442,,Parallel Assignment,,,,
1442,,,,,None (Open Label),
1442,,,,,,Prevention
1443,Non-Randomized,,,,,
1443,,Sequential Assignment,,,,
1443,,,,,None (Open Label),
1443,,,,,,Treatment
1444,N/A,,,,,
1444,,Single Group Assignment,,,,
1444,,,,,None (Open Label),
1444,,,,,,Diagnostic
1445,,,Case-Only,,,
1445,,,,Retrospective,,
1446,,,Cohort,,,
1446,,,,Prospective,,
1447,,,Cohort,,,
1447,,,,Prospective,,
1448,Randomized,,,,,
1448,,Parallel Assignment,,,,
1448,,,,,"Double (Participant, Care Provider)",
1448,,,,,,Prevention
1449,Randomized,,,,,
1449,,Parallel Assignment,,,,
1449,,,,,None (Open Label),
1449,,,,,,Treatment
1450,Randomized,,,,,
1450,,Parallel Assignment,,,,
1450,,,,,"Quadruple (Participant, Care Provider, Investigator, Outcomes Assessor)",
1450,,,,,,Prevention
1451,Randomized,,,,,
1451,,Parallel Assignment,,,,
1451,,,,,"Quadruple (Participant, Care Provider, Investigator, Outcomes Assessor)",
1451,,,,,,Prevention
1452,,,Cohort,,,
1452,,,,Prospective,,
1453,,,Cohort,,,
1453,,,,Prospective,,
1454,Randomized,,,,,
1454,,Parallel Assignment,,,,
1454,,,,,"Quadruple (Participant, Care Provider, Investigator, Outcomes Assessor)",
1454,,,,,,Treatment
1455,Non-Randomized,,,,,
1455,,Parallel Assignment,,,,
1455,,,,,None (Open Label),
1455,,,,,,Screening
1456,N/A,,,,,
1456,,Single Group Assignment,,,,
1456,,,,,None (Open Label),
1456,,,,,,Health Services Research
1457,Non-Randomized,,,,,
1457,,Sequential Assignment,,,,
1457,,,,,None (Open Label),
1457,,,,,,Prevention
1458,,,Cohort,,,
1458,,,,Retrospective,,
1459,Randomized,,,,,
1459,,Parallel Assignment,,,,
1459,,,,,"Quadruple (Participant, Care Provider, Investigator, Outcomes Assessor)",
1459,,,,,,Treatment
1460,,,Cohort,,,
1460,,,,Retrospective,,
1461,,,Cohort,,,
1461,,,,Prospective,,
1462,,,Cohort,,,
1462,,,,Prospective,,
1463,,,Cohort,,,
1463,,,,Prospective,,
1464,Randomized,,,,,
1464,,Parallel Assignment,,,,
1464,,,,,None (Open Label),
1464,,,,,,Treatment
1465,,,Case-Only,,,
1465,,,,Prospective,,
1466,Randomized,,,,,
1466,,Parallel Assignment,,,,
1466,,,,,"Quadruple (Participant, Care Provider, Investigator, Outcomes Assessor)",
1466,,,,,,Treatment
1467,Randomized,,,,,
1467,,Factorial Assignment,,,,
1467,,,,,"Quadruple (Participant, Care Provider, Investigator, Outcomes Assessor)",
1467,,,,,,Treatment
1468,Randomized,,,,,
1468,,Parallel Assignment,,,,
1468,,,,,"Double (Participant, Care Provider)",
1468,,,,,,Treatment
1469,Randomized,,,,,
1469,,Parallel Assignment,,,,
1469,,,,,"Quadruple (Participant, Care Provider, Investigator, Outcomes Assessor)",
1469,,,,,,Prevention
1470,Randomized,,,,,
1470,,Crossover Assignment,,,,
1470,,,,,None (Open Label),
1470,,,,,,Prevention
1471,N/A,,,,,
1471,,Single Group Assignment,,,,
1471,,,,,None (Open Label),
1471,,,,,,Treatment
1472,Randomized,,,,,
1472,,Parallel Assignment,,,,
1472,,,,,None (Open Label),
1472,,,,,,Treatment
1473,Randomized,,,,,
1473,,Parallel Assignment,,,,
1473,,,,,"Quadruple (Participant, Care Provider, Investigator, Outcomes Assessor)",
1473,,,,,,Prevention
1474,,,Cohort,,,
1474,,,,Prospective,,
1475,,,Cohort,,,
1475,,,,Prospective,,
1476,,,Cohort,,,
1476,,,,Retrospective,,
1477,Randomized,,,,,
1477,,Parallel Assignment,,,,
1477,,,,,None (Open Label),
1477,,,,,,Treatment
1478,Randomized,,,,,
1478,,Parallel Assignment,,,,
1478,,,,,"Quadruple (Participant, Care Provider, Investigator, Outcomes Assessor)",
1478,,,,,,Prevention
1479,,,Case-Only,,,
1479,,,,Retrospective,,
1480,,,Cohort,,,
1480,,,,Other,,
1481,Randomized,,,,,
1481,,Parallel Assignment,,,,
1481,,,,,"Quadruple (Participant, Care Provider, Investigator, Outcomes Assessor)",
1481,,,,,,Treatment
1482,,,Other,,,
1482,,,,Prospective,,
1483,Randomized,,,,,
1483,,Parallel Assignment,,,,
1483,,,,,"Triple (Participant, Care Provider, Investigator)",
1483,,,,,,Supportive Care
1484,,,Cohort,,,
1484,,,,Prospective,,
1485,Randomized,,,,,
1485,,Parallel Assignment,,,,
1485,,,,,None (Open Label),
1485,,,,,,Supportive Care
1486,,,Case-Only,,,
1486,,,,Retrospective,,
1487,,,Family-Based,,,
1487,,,,Prospective,,
1488,Randomized,,,,,
1488,,Parallel Assignment,,,,
1488,,,,,"Triple (Participant, Care Provider, Investigator)",
1488,,,,,,Prevention
1489,,,Cohort,,,
1489,,,,Prospective,,
1490,,,Cohort,,,
1490,,,,Prospective,,
1491,Randomized,,,,,
1491,,Parallel Assignment,,,,
1491,,,,,"Quadruple (Participant, Care Provider, Investigator, Outcomes Assessor)",
1491,,,,,,Treatment
1492,,,Case-Only,,,
1492,,,,Retrospective,,
1493,Randomized,,,,,
1493,,Parallel Assignment,,,,
1493,,,,,Single (Participant),
1493,,,,,,Prevention
1494,Randomized,,,,,
1494,,Parallel Assignment,,,,
1494,,,,,Single (Outcomes Assessor),
1494,,,,,,Treatment
1495,,,Cohort,,,
1495,,,,Retrospective,,
1496,,,Case-Control,,,
1496,,,,Cross-Sectional,,
1497,Randomized,,,,,
1497,,Parallel Assignment,,,,
1497,,,,,"Triple (Participant, Care Provider, Investigator)",
1497,,,,,,Prevention
1498,Randomized,,,,,
1498,,Parallel Assignment,,,,
1498,,,,,"Quadruple (Participant, Care Provider, Investigator, Outcomes Assessor)",
1498,,,,,,Treatment
1499,,,Case-Only,,,
1499,,,,Prospective,,
1500,,,Cohort,,,
1500,,,,Retrospective,,
1501,,,Cohort,,,
1501,,,,Prospective,,
1502,Randomized,,,,,
1502,,Parallel Assignment,,,,
1502,,,,,"Quadruple (Participant, Care Provider, Investigator, Outcomes Assessor)",
1502,,,,,,Treatment
1504,N/A,,,,,
1504,,Single Group Assignment,,,,
1504,,,,,None (Open Label),
1504,,,,,,Prevention
1505,,,Cohort,,,
1505,,,,Prospective,,
1506,N/A,,,,,
1506,,Single Group Assignment,,,,
1506,,,,,None (Open Label),
1506,,,,,,Prevention
1507,Randomized,,,,,
1507,,Parallel Assignment,,,,
1507,,,,,None (Open Label),
1507,,,,,,Treatment
1508,,,Case-Control,,,
1508,,,,Prospective,,
1509,Randomized,,,,,
1509,,Single Group Assignment,,,,
1509,,,,,None (Open Label),
1509,,,,,,Treatment
1510,Non-Randomized,,,,,
1510,,Parallel Assignment,,,,
1510,,,,,None (Open Label),
1510,,,,,,Treatment
1511,Randomized,,,,,
1511,,Parallel Assignment,,,,
1511,,,,,"Triple (Participant, Care Provider, Investigator)",
1511,,,,,,Treatment
1512,,,Cohort,,,
1512,,,,Retrospective,,
1513,,,Case-Control,,,
1513,,,,Prospective,,
1514,,,Cohort,,,
1514,,,,Prospective,,
1515,N/A,,,,,
1515,,Single Group Assignment,,,,
1515,,,,,None (Open Label),
1515,,,,,,Treatment
1516,Randomized,,,,,
1516,,Parallel Assignment,,,,
1516,,,,,"Double (Participant, Outcomes Assessor)",
1516,,,,,,Other
1517,,,Cohort,,,
1517,,,,Prospective,,
1518,,,Case-Control,,,
1518,,,,Retrospective,,
1519,N/A,,,,,
1519,,Single Group Assignment,,,,
1519,,,,,None (Open Label),
1519,,,,,,Treatment
1520,,,Cohort,,,
1520,,,,Other,,
1521,,,Other,,,
1521,,,,Other,,
1522,N/A,,,,,
1522,,Single Group Assignment,,,,
1522,,,,,None (Open Label),
1522,,,,,,Treatment
1523,Non-Randomized,,,,,
1523,,Parallel Assignment,,,,
1523,,,,,None (Open Label),
1523,,,,,,Treatment
1524,,,Cohort,,,
1524,,,,Cross-Sectional,,
1525,,,Cohort,,,
1525,,,,Retrospective,,
1526,N/A,,,,,
1526,,Single Group Assignment,,,,
1526,,,,,None (Open Label),
1526,,,,,,Prevention
1527,N/A,,,,,
1527,,Single Group Assignment,,,,
1527,,,,,None (Open Label),
1527,,,,,,Other
1528,,,Case-Only,,,
1528,,,,Retrospective,,
1529,Randomized,,,,,
1529,,Parallel Assignment,,,,
1529,,,,,"Triple (Participant, Care Provider, Investigator)",
1529,,,,,,Treatment
1530,,,Cohort,,,
1530,,,,Prospective,,
1531,N/A,,,,,
1531,,Single Group Assignment,,,,
1531,,,,,None (Open Label),
1531,,,,,,Treatment
1532,,,Cohort,,,
1532,,,,Prospective,,
1533,,,Case-Control,,,
1533,,,,Retrospective,,
1534,Randomized,,,,,
1534,,Parallel Assignment,,,,
1534,,,,,Single (Outcomes Assessor),
1534,,,,,,Treatment
1535,,,Case-Only,,,
1535,,,,Prospective,,
1536,Randomized,,,,,
1536,,Parallel Assignment,,,,
1536,,,,,Single (Outcomes Assessor),
1536,,,,,,Treatment
1537,,,Other,,,
1537,,,,Cross-Sectional,,
1538,,,Cohort,,,
1538,,,,Prospective,,
1539,Randomized,,,,,
1539,,Parallel Assignment,,,,
1539,,,,,"Quadruple (Participant, Care Provider, Investigator, Outcomes Assessor)",
1539,,,,,,Treatment
1540,,,Cohort,,,
1540,,,,Prospective,,
1541,,,Cohort,,,
1541,,,,Cross-Sectional,,
1542,,,Case-Control,,,
1542,,,,Prospective,,
1543,Randomized,,,,,
1543,,Parallel Assignment,,,,
1543,,,,,"Quadruple (Participant, Care Provider, Investigator, Outcomes Assessor)",
1543,,,,,,Prevention
1544,Randomized,,,,,
1544,,Parallel Assignment,,,,
1544,,,,,Single (Participant),
1544,,,,,,Treatment
1545,,,Other,,,
1545,,,,Cross-Sectional,,
1546,Randomized,,,,,
1546,,Parallel Assignment,,,,
1546,,,,,"Quadruple (Participant, Care Provider, Investigator, Outcomes Assessor)",
1546,,,,,,Treatment
1547,,,Cohort,,,
1547,,,,Prospective,,
1548,,,Case-Only,,,
1548,,,,Other,,
1549,Randomized,,,,,
1549,,Parallel Assignment,,,,
1549,,,,,"Triple (Participant, Investigator, Outcomes Assessor)",
1549,,,,,,Prevention
1550,N/A,,,,,
1550,,Single Group Assignment,,,,
1550,,,,,None (Open Label),
1550,,,,,,Treatment
1551,,,Cohort,,,
1551,,,,Prospective,,
1552,,,Cohort,,,
1552,,,,Prospective,,
1553,Randomized,,,,,
1553,,Parallel Assignment,,,,
1553,,,,,"Double (Participant, Investigator)",
1553,,,,,,Treatment
1554,,,Case-Only,,,
1554,,,,Prospective,,
1555,,,Cohort,,,
1555,,,,Prospective,,
1556,,,Cohort,,,
1556,,,,Prospective,,
1557,,,Case-Control,,,
1557,,,,Retrospective,,
1558,,,Cohort,,,
1558,,,,Prospective,,
1559,Randomized,,,,,
1559,,Parallel Assignment,,,,
1559,,,,,Single (Participant),
1559,,,,,,Treatment
1560,,,Case-Control,,,
1560,,,,Cross-Sectional,,
1561,N/A,,,,,
1561,,Single Group Assignment,,,,
1561,,,,,None (Open Label),
1561,,,,,,Supportive Care
1562,,,Cohort,,,
1562,,,,Retrospective,,
1563,,,Cohort,,,
1563,,,,Cross-Sectional,,
1564,N/A,,,,,
1564,,Single Group Assignment,,,,
1564,,,,,None (Open Label),
1564,,,,,,Prevention
1565,N/A,,,,,
1565,,Single Group Assignment,,,,
1565,,,,,None (Open Label),
1565,,,,,,Other
1566,Randomized,,,,,
1566,,Parallel Assignment,,,,
1566,,,,,None (Open Label),
1566,,,,,,Treatment
1567,Randomized,,,,,
1567,,Parallel Assignment,,,,
1567,,,,,Single (Participant),
1567,,,,,,Diagnostic
1568,,,Cohort,,,
1568,,,,Prospective,,
1569,,,Other,,,
1569,,,,Cross-Sectional,,
1570,,,Case-Only,,,
1570,,,,Prospective,,
1571,,,Cohort,,,
1571,,,,Prospective,,
1572,,,Cohort,,,
1572,,,,Retrospective,,
1573,,,Cohort,,,
1573,,,,Prospective,,
1574,N/A,,,,,
1574,,Single Group Assignment,,,,
1574,,,,,None (Open Label),
1574,,,,,,Treatment
1575,Randomized,,,,,
1575,,Parallel Assignment,,,,
1575,,,,,None (Open Label),
1575,,,,,,Treatment
1576,Randomized,,,,,
1576,,Parallel Assignment,,,,
1576,,,,,"Triple (Participant, Investigator, Outcomes Assessor)",
1576,,,,,,Treatment
1577,N/A,,,,,
1577,,Single Group Assignment,,,,
1577,,,,,None (Open Label),
1577,,,,,,Diagnostic
1578,,,Cohort,,,
1578,,,,Other,,
1579,,,Cohort,,,
1579,,,,Prospective,,
1580,Randomized,,,,,
1580,,Parallel Assignment,,,,
1580,,,,,"Quadruple (Participant, Care Provider, Investigator, Outcomes Assessor)",
1580,,,,,,Supportive Care
1581,N/A,,,,,
1581,,Single Group Assignment,,,,
1581,,,,,None (Open Label),
1581,,,,,,Other
1582,,,Cohort,,,
1582,,,,Prospective,,
1583,N/A,,,,,
1583,,Single Group Assignment,,,,
1583,,,,,None (Open Label),
1583,,,,,,Treatment
1584,,,Cohort,,,
1584,,,,Prospective,,
1585,,,Ecologic or Community,,,
1585,,,,Cross-Sectional,,
1586,,,Cohort,,,
1586,,,,Prospective,,
1587,,,Cohort,,,
1587,,,,Prospective,,
1588,N/A,,,,,
1588,,Single Group Assignment,,,,
1588,,,,,None (Open Label),
1588,,,,,,Other
1589,,,Cohort,,,
1589,,,,Prospective,,
1590,Randomized,,,,,
1590,,Parallel Assignment,,,,
1590,,,,,None (Open Label),
1590,,,,,,Treatment
1591,Randomized,,,,,
1591,,Sequential Assignment,,,,
1591,,,,,"Double (Participant, Care Provider)",
1591,,,,,,Treatment
1592,Randomized,,,,,
1592,,Parallel Assignment,,,,
1592,,,,,"Double (Participant, Investigator)",
1592,,,,,,Treatment
1593,Randomized,,,,,
1593,,Parallel Assignment,,,,
1593,,,,,"Quadruple (Participant, Care Provider, Investigator, Outcomes Assessor)",
1593,,,,,,Treatment
1594,,,Cohort,,,
1594,,,,Retrospective,,
1595,,,Case-Control,,,
1595,,,,Cross-Sectional,,
1596,N/A,,,,,
1596,,Single Group Assignment,,,,
1596,,,,,None (Open Label),
1596,,,,,,Treatment
1597,Randomized,,,,,
1597,,Parallel Assignment,,,,
1597,,,,,"Triple (Participant, Care Provider, Investigator)",
1597,,,,,,Treatment
1598,Randomized,,,,,
1598,,Parallel Assignment,,,,
1598,,,,,"Quadruple (Participant, Care Provider, Investigator, Outcomes Assessor)",
1598,,,,,,Prevention
1599,N/A,,,,,
1599,,Single Group Assignment,,,,
1599,,,,,None (Open Label),
1599,,,,,,Diagnostic
1600,,,Other,,,
1600,,,,Prospective,,
1601,Randomized,,,,,
1601,,Parallel Assignment,,,,
1601,,,,,"Quadruple (Participant, Care Provider, Investigator, Outcomes Assessor)",
1601,,,,,,Treatment
1602,,,Case-Only,,,
1602,,,,Prospective,,
1603,,,Cohort,,,
1603,,,,Prospective,,
1604,Randomized,,,,,
1604,,Parallel Assignment,,,,
1604,,,,,"Double (Participant, Investigator)",
1604,,,,,,Prevention
1605,Randomized,,,,,
1605,,Parallel Assignment,,,,
1605,,,,,"Double (Participant, Investigator)",
1605,,,,,,Treatment
1606,Randomized,,,,,
1606,,Parallel Assignment,,,,
1606,,,,,None (Open Label),
1606,,,,,,Treatment
1607,,,Case-Control,,,
1607,,,,Prospective,,
1608,,,Cohort,,,
1608,,,,Prospective,,
1609,Randomized,,,,,
1609,,Parallel Assignment,,,,
1609,,,,,"Triple (Participant, Care Provider, Investigator)",
1609,,,,,,Treatment
1610,Randomized,,,,,
1610,,Parallel Assignment,,,,
1610,,,,,None (Open Label),
1610,,,,,,Prevention
1611,Randomized,,,,,
1611,,Parallel Assignment,,,,
1611,,,,,None (Open Label),
1611,,,,,,Prevention
1612,,,Case-Only,,,
1612,,,,Prospective,,
1613,Non-Randomized,,,,,
1613,,Single Group Assignment,,,,
1613,,,,,None (Open Label),
1613,,,,,,Treatment
1614,Randomized,,,,,
1614,,Parallel Assignment,,,,
1614,,,,,"Quadruple (Participant, Care Provider, Investigator, Outcomes Assessor)",
1614,,,,,,Treatment
1615,,,Cohort,,,
1615,,,,Retrospective,,
1616,Randomized,,,,,
1616,,Parallel Assignment,,,,
1616,,,,,"Triple (Participant, Investigator, Outcomes Assessor)",
1616,,,,,,Other
1617,Randomized,,,,,
1617,,Parallel Assignment,,,,
1617,,,,,None (Open Label),
1617,,,,,,Treatment
1618,Randomized,,,,,
1618,,Parallel Assignment,,,,
1618,,,,,"Double (Participant, Investigator)",
1618,,,,,,Treatment
1619,Randomized,,,,,
1619,,Parallel Assignment,,,,
1619,,,,,"Triple (Participant, Care Provider, Investigator)",
1619,,,,,,Treatment
1620,,,Case-Only,,,
1620,,,,Prospective,,
1621,Randomized,,,,,
1621,,Parallel Assignment,,,,
1621,,,,,None (Open Label),
1621,,,,,,Prevention
1622,,,Cohort,,,
1622,,,,Prospective,,
1623,,,Cohort,,,
1623,,,,Prospective,,
1624,N/A,,,,,
1624,,Single Group Assignment,,,,
1624,,,,,None (Open Label),
1624,,,,,,Treatment
1625,,,Case-Only,,,
1625,,,,Prospective,,
1626,,,Cohort,,,
1626,,,,Cross-Sectional,,
1627,Randomized,,,,,
1627,,Parallel Assignment,,,,
1627,,,,,"Quadruple (Participant, Care Provider, Investigator, Outcomes Assessor)",
1627,,,,,,Prevention
1628,Randomized,,,,,
1628,,Parallel Assignment,,,,
1628,,,,,"Triple (Participant, Care Provider, Investigator)",
1628,,,,,,Treatment
1629,,,Cohort,,,
1629,,,,Prospective,,
1630,,,Cohort,,,
1630,,,,Retrospective,,
1631,,,Cohort,,,
1631,,,,Retrospective,,
1632,,,Cohort,,,
1632,,,,Prospective,,
1633,Randomized,,,,,
1633,,Parallel Assignment,,,,
1633,,,,,None (Open Label),
1633,,,,,,Treatment
1634,,,Case-Only,,,
1634,,,,Retrospective,,
1635,,,Cohort,,,
1635,,,,Retrospective,,
1636,Randomized,,,,,
1636,,Factorial Assignment,,,,
1636,,,,,"Triple (Participant, Care Provider, Investigator)",
1636,,,,,,Other
1637,Randomized,,,,,
1637,,Parallel Assignment,,,,
1637,,,,,None (Open Label),
1637,,,,,,Prevention
1638,,,Cohort,,,
1638,,,,Prospective,,
1639,Randomized,,,,,
1639,,Parallel Assignment,,,,
1639,,,,,None (Open Label),
1639,,,,,,Treatment
1640,Randomized,,,,,
1640,,Parallel Assignment,,,,
1640,,,,,None (Open Label),
1640,,,,,,Treatment
1641,Non-Randomized,,,,,
1641,,Parallel Assignment,,,,
1641,,,,,None (Open Label),
1641,,,,,,Other
1642,,,Other,,,
1642,,,,Other,,
1643,Randomized,,,,,
1643,,Parallel Assignment,,,,
1643,,,,,None (Open Label),
1643,,,,,,Treatment
1644,Non-Randomized,,,,,
1644,,Parallel Assignment,,,,
1644,,,,,Single (Participant),
1644,,,,,,Prevention
1645,,,Case-Only,,,
1645,,,,Cross-Sectional,,
1646,,,Cohort,,,
1646,,,,Retrospective,,
1647,,,Case-Control,,,
1647,,,,Prospective,,
1648,Randomized,,,,,
1648,,Parallel Assignment,,,,
1648,,,,,"Double (Investigator, Outcomes Assessor)",
1648,,,,,,Supportive Care
1649,,,Cohort,,,
1649,,,,Prospective,,
1650,Randomized,,,,,
1650,,Parallel Assignment,,,,
1650,,,,,None (Open Label),
1650,,,,,,Screening
1651,Randomized,,,,,
1651,,Parallel Assignment,,,,
1651,,,,,"Quadruple (Participant, Care Provider, Investigator, Outcomes Assessor)",
1651,,,,,,Treatment
1652,,,Cohort,,,
1652,,,,Retrospective,,
1653,,,Cohort,,,
1653,,,,Retrospective,,
1654,Randomized,,,,,
1654,,Parallel Assignment,,,,
1654,,,,,None (Open Label),
1654,,,,,,Treatment
1655,,,Cohort,,,
1655,,,,Prospective,,
1656,Randomized,,,,,
1656,,Parallel Assignment,,,,
1656,,,,,"Double (Participant, Investigator)",
1656,,,,,,Supportive Care
1657,Randomized,,,,,
1657,,Parallel Assignment,,,,
1657,,,,,"Double (Participant, Investigator)",
1657,,,,,,Prevention
1658,Non-Randomized,,,,,
1658,,Single Group Assignment,,,,
1658,,,,,None (Open Label),
1658,,,,,,Screening
1659,,,Cohort,,,
1659,,,,Cross-Sectional,,
1660,Randomized,,,,,
1660,,Parallel Assignment,,,,
1660,,,,,None (Open Label),
1660,,,,,,Treatment
1661,Randomized,,,,,
1661,,Parallel Assignment,,,,
1661,,,,,None (Open Label),
1661,,,,,,Treatment
1662,Non-Randomized,,,,,
1662,,Parallel Assignment,,,,
1662,,,,,None (Open Label),
1662,,,,,,Treatment
1663,,,Case-Only,,,
1663,,,,Prospective,,
1664,Randomized,,,,,
1664,,Parallel Assignment,,,,
1664,,,,,"Double (Participant, Investigator)",
1664,,,,,,Treatment
1665,Randomized,,,,,
1665,,Parallel Assignment,,,,
1665,,,,,"Triple (Participant, Care Provider, Investigator)",
1665,,,,,,Treatment
1666,Randomized,,,,,
1666,,Factorial Assignment,,,,
1666,,,,,None (Open Label),
1666,,,,,,Basic Science
1667,,,Case-Control,,,
1667,,,,Prospective,,
1668,Randomized,,,,,
1668,,Parallel Assignment,,,,
1668,,,,,"Triple (Participant, Care Provider, Investigator)",
1668,,,,,,Prevention
1669,,,Cohort,,,
1669,,,,Prospective,,
1670,,,Cohort,,,
1670,,,,Prospective,,
1671,,,Other,,,
1671,,,,Prospective,,
1672,Randomized,,,,,
1672,,Parallel Assignment,,,,
1672,,,,,"Double (Investigator, Outcomes Assessor)",
1672,,,,,,Treatment
1673,,,Case-Only,,,
1673,,,,Cross-Sectional,,
1674,,,Cohort,,,
1674,,,,Retrospective,,
1675,,,Cohort,,,
1675,,,,Retrospective,,
1676,Randomized,,,,,
1676,,Parallel Assignment,,,,
1676,,,,,None (Open Label),
1676,,,,,,Treatment
1677,Randomized,,,,,
1677,,Parallel Assignment,,,,
1677,,,,,"Triple (Participant, Investigator, Outcomes Assessor)",
1677,,,,,,Treatment
1678,Randomized,,,,,
1678,,Parallel Assignment,,,,
1678,,,,,"Double (Participant, Investigator)",
1678,,,,,,Treatment
1679,,,Case-Control,,,
1679,,,,Prospective,,
1680,,,Cohort,,,
1680,,,,Cross-Sectional,,
1681,Randomized,,,,,
1681,,Parallel Assignment,,,,
1681,,,,,"Triple (Participant, Care Provider, Investigator)",
1681,,,,,,Prevention
1682,Randomized,,,,,
1682,,Parallel Assignment,,,,
1682,,,,,"Quadruple (Participant, Care Provider, Investigator, Outcomes Assessor)",
1682,,,,,,Treatment
1683,N/A,,,,,
1683,,Sequential Assignment,,,,
1683,,,,,None (Open Label),
1683,,,,,,Prevention
1684,Randomized,,,,,
1684,,Parallel Assignment,,,,
1684,,,,,"Double (Participant, Investigator)",
1684,,,,,,Prevention
1685,,,Other,,,
1685,,,,Retrospective,,
1686,Non-Randomized,,,,,
1686,,Sequential Assignment,,,,
1686,,,,,None (Open Label),
1686,,,,,,Other
1687,,,Cohort,,,
1687,,,,Prospective,,
1688,Randomized,,,,,
1688,,Factorial Assignment,,,,
1688,,,,,None (Open Label),
1688,,,,,,Prevention
1689,Non-Randomized,,,,,
1689,,Parallel Assignment,,,,
1689,,,,,None (Open Label),
1689,,,,,,Treatment
1690,Randomized,,,,,
1690,,Parallel Assignment,,,,
1690,,,,,None (Open Label),
1690,,,,,,Treatment
1691,,,Other,,,
1691,,,,Retrospective,,
1692,Non-Randomized,,,,,
1692,,Parallel Assignment,,,,
1692,,,,,Single (Outcomes Assessor),
1692,,,,,,Prevention
1693,N/A,,,,,
1693,,Single Group Assignment,,,,
1693,,,,,None (Open Label),
1693,,,,,,Diagnostic
1694,,,Case-Only,,,
1694,,,,Prospective,,
1695,Randomized,,,,,
1695,,Sequential Assignment,,,,
1695,,,,,"Triple (Participant, Care Provider, Investigator)",
1695,,,,,,Treatment
1696,Randomized,,,,,
1696,,Parallel Assignment,,,,
1696,,,,,None (Open Label),
1696,,,,,,Treatment
1697,Randomized,,,,,
1697,,Parallel Assignment,,,,
1697,,,,,None (Open Label),
1697,,,,,,Treatment
1698,,,Ecologic or Community,,,
1698,,,,Retrospective,,
1699,,,Cohort,,,
1699,,,,Retrospective,,
1700,N/A,,,,,
1700,,Single Group Assignment,,,,
1700,,,,,None (Open Label),
1700,,,,,,Treatment
1701,,,Cohort,,,
1701,,,,Prospective,,
1702,,,Cohort,,,
1702,,,,Prospective,,
1703,Randomized,,,,,
1703,,Parallel Assignment,,,,
1703,,,,,None (Open Label),
1703,,,,,,Treatment
1704,,,Cohort,,,
1704,,,,Retrospective,,
1705,,,Case-Only,,,
1705,,,,Prospective,,
1706,,,Cohort,,,
1706,,,,Retrospective,,
1707,Randomized,,,,,
1707,,Parallel Assignment,,,,
1707,,,,,None (Open Label),
1707,,,,,,Treatment
1708,Randomized,,,,,
1708,,Parallel Assignment,,,,
1708,,,,,None (Open Label),
1708,,,,,,Treatment
1709,Randomized,,,,,
1709,,Parallel Assignment,,,,
1709,,,,,None (Open Label),
1709,,,,,,Treatment
1710,,,Cohort,,,
1710,,,,Prospective,,
1711,Randomized,,,,,
1711,,Parallel Assignment,,,,
1711,,,,,"Double (Participant, Investigator)",
1711,,,,,,Treatment
1712,,,Cohort,,,
1712,,,,Retrospective,,
1713,Randomized,,,,,
1713,,Parallel Assignment,,,,
1713,,,,,None (Open Label),
1713,,,,,,Prevention
1714,,,Case-Only,,,
1714,,,,Prospective,,
1715,Non-Randomized,,,,,
1715,,Sequential Assignment,,,,
1715,,,,,None (Open Label),
1715,,,,,,Treatment
1716,,,Case-Only,,,
1716,,,,Cross-Sectional,,
1717,,,Ecologic or Community,,,
1717,,,,Retrospective,,
1718,,,Other,,,
1718,,,,Prospective,,
1719,,,Case-Only,,,
1719,,,,Prospective,,
1720,,,Cohort,,,
1720,,,,Prospective,,
1721,N/A,,,,,
1721,,Single Group Assignment,,,,
1721,,,,,None (Open Label),
1721,,,,,,Prevention
1722,,,Cohort,,,
1722,,,,Other,,
1723,N/A,,,,,
1723,,Single Group Assignment,,,,
1723,,,,,None (Open Label),
1723,,,,,,Treatment
1724,Randomized,,,,,
1724,,Sequential Assignment,,,,
1724,,,,,"Triple (Participant, Care Provider, Investigator)",
1724,,,,,,Treatment
1725,,,Other,,,
1725,,,,Cross-Sectional,,
1726,,,Case-Crossover,,,
1726,,,,Retrospective,,
1727,,,Cohort,,,
1727,,,,Retrospective,,
1728,,,Cohort,,,
1728,,,,Prospective,,
1729,Randomized,,,,,
1729,,Parallel Assignment,,,,
1729,,,,,"Double (Participant, Investigator)",
1729,,,,,,Prevention
1730,Randomized,,,,,
1730,,Parallel Assignment,,,,
1730,,,,,None (Open Label),
1730,,,,,,Treatment
1731,,,Cohort,,,
1731,,,,Other,,
1732,Randomized,,,,,
1732,,Parallel Assignment,,,,
1732,,,,,None (Open Label),
1732,,,,,,Prevention
1733,,,Cohort,,,
1733,,,,Prospective,,
1734,,,Cohort,,,
1734,,,,Retrospective,,
1735,,,Cohort,,,
1735,,,,Other,,
1736,Randomized,,,,,
1736,,Parallel Assignment,,,,
1736,,,,,None (Open Label),
1736,,,,,,Treatment
1737,Randomized,,,,,
1737,,Parallel Assignment,,,,
1737,,,,,"Double (Participant, Care Provider)",
1737,,,,,,Treatment
1738,,,Cohort,,,
1738,,,,Prospective,,
1739,Non-Randomized,,,,,
1739,,Parallel Assignment,,,,
1739,,,,,None (Open Label),
1739,,,,,,Diagnostic
1740,Randomized,,,,,
1740,,Single Group Assignment,,,,
1740,,,,,"Triple (Participant, Care Provider, Investigator)",
1740,,,,,,Treatment
1741,N/A,,,,,
1741,,Single Group Assignment,,,,
1741,,,,,None (Open Label),
1741,,,,,,Supportive Care
1742,Randomized,,,,,
1742,,Parallel Assignment,,,,
1742,,,,,None (Open Label),
1742,,,,,,Treatment
1743,Randomized,,,,,
1743,,Parallel Assignment,,,,
1743,,,,,None (Open Label),
1743,,,,,,Treatment
1744,Randomized,,,,,
1744,,Parallel Assignment,,,,
1744,,,,,"Triple (Participant, Care Provider, Investigator)",
1744,,,,,,Treatment
1745,,,Cohort,,,
1745,,,,Prospective,,
1746,Randomized,,,,,
1746,,Parallel Assignment,,,,
1746,,,,,None (Open Label),
1746,,,,,,Treatment
1747,,,Case-Control,,,
1747,,,,Cross-Sectional,,
1748,,,Cohort,,,
1748,,,,Prospective,,
1749,Randomized,,,,,
1749,,Parallel Assignment,,,,
1749,,,,,"Triple (Participant, Care Provider, Investigator)",
1749,,,,,,Treatment
1750,,,Cohort,,,
1750,,,,Prospective,,
1751,,,Other,,,
1751,,,,Retrospective,,
1752,,,Cohort,,,
1752,,,,Retrospective,,
1753,,,Cohort,,,
1753,,,,Prospective,,
1754,N/A,,,,,
1754,,Single Group Assignment,,,,
1754,,,,,None (Open Label),
1754,,,,,,Prevention
1755,,,Cohort,,,
1755,,,,Prospective,,
1756,N/A,,,,,
1756,,Single Group Assignment,,,,
1756,,,,,None (Open Label),
1756,,,,,,Treatment
1757,,,Cohort,,,
1757,,,,Cross-Sectional,,
1758,,,Cohort,,,
1758,,,,Other,,
1759,Randomized,,,,,
1759,,Parallel Assignment,,,,
1759,,,,,None (Open Label),
1759,,,,,,Treatment
1760,Randomized,,,,,
1760,,Parallel Assignment,,,,
1760,,,,,"Quadruple (Participant, Care Provider, Investigator, Outcomes Assessor)",
1760,,,,,,Treatment
1761,Randomized,,,,,
1761,,Parallel Assignment,,,,
1761,,,,,None (Open Label),
1761,,,,,,Treatment
1762,,,Case-Only,,,
1762,,,,Prospective,,
1763,,,Case-Only,,,
1763,,,,Retrospective,,
1764,Randomized,,,,,
1764,,Parallel Assignment,,,,
1764,,,,,"Triple (Participant, Care Provider, Investigator)",
1764,,,,,,Treatment
1765,Randomized,,,,,
1765,,Parallel Assignment,,,,
1765,,,,,"Quadruple (Participant, Care Provider, Investigator, Outcomes Assessor)",
1765,,,,,,Treatment
1766,Non-Randomized,,,,,
1766,,Parallel Assignment,,,,
1766,,,,,None (Open Label),
1766,,,,,,Treatment
1767,Randomized,,,,,
1767,,Parallel Assignment,,,,
1767,,,,,"Double (Participant, Investigator)",
1767,,,,,,Treatment
1768,,,Other,,,
1768,,,,Prospective,,
1769,,,Cohort,,,
1769,,,,Retrospective,,
1770,Randomized,,,,,
1770,,Parallel Assignment,,,,
1770,,,,,"Double (Participant, Investigator)",
1770,,,,,,Treatment
1771,,,Case-Only,,,
1771,,,,Prospective,,
1772,N/A,,,,,
1772,,Single Group Assignment,,,,
1772,,,,,None (Open Label),
1772,,,,,,Treatment
1773,N/A,,,,,
1773,,Single Group Assignment,,,,
1773,,,,,None (Open Label),
1773,,,,,,Supportive Care
1774,Randomized,,,,,
1774,,Parallel Assignment,,,,
1774,,,,,None (Open Label),
1774,,,,,,Treatment
1775,Randomized,,,,,
1775,,Parallel Assignment,,,,
1775,,,,,"Quadruple (Participant, Care Provider, Investigator, Outcomes Assessor)",
1775,,,,,,Prevention
1776,,,Other,,,
1776,,,,Prospective,,
1777,Randomized,,,,,
1777,,Parallel Assignment,,,,
1777,,,,,None (Open Label),
1777,,,,,,Treatment
1778,Randomized,,,,,
1778,,Parallel Assignment,,,,
1778,,,,,None (Open Label),
1778,,,,,,Treatment
1779,,,Cohort,,,
1779,,,,Prospective,,
1780,Randomized,,,,,
1780,,Parallel Assignment,,,,
1780,,,,,"Double (Participant, Investigator)",
1780,,,,,,Treatment
1781,,,Cohort,,,
1781,,,,Retrospective,,
1782,Randomized,,,,,
1782,,Parallel Assignment,,,,
1782,,,,,Single (Outcomes Assessor),
1782,,,,,,Treatment
1783,,,Other,,,
1783,,,,Cross-Sectional,,
1784,Randomized,,,,,
1784,,Parallel Assignment,,,,
1784,,,,,"Quadruple (Participant, Care Provider, Investigator, Outcomes Assessor)",
1784,,,,,,Treatment
1785,Non-Randomized,,,,,
1785,,Single Group Assignment,,,,
1785,,,,,None (Open Label),
1785,,,,,,Treatment
1786,Randomized,,,,,
1786,,Parallel Assignment,,,,
1786,,,,,None (Open Label),
1786,,,,,,Treatment
1787,Randomized,,,,,
1787,,Parallel Assignment,,,,
1787,,,,,"Quadruple (Participant, Care Provider, Investigator, Outcomes Assessor)",
1787,,,,,,Treatment
1788,,,Case-Control,,,
1788,,,,Retrospective,,
1789,N/A,,,,,
1789,,Single Group Assignment,,,,
1789,,,,,None (Open Label),
1789,,,,,,Diagnostic
1790,,,Case-Control,,,
1790,,,,Cross-Sectional,,
1791,,,Other,,,
1791,,,,Prospective,,
1792,,,Cohort,,,
1792,,,,Retrospective,,
1793,,,Case-Only,,,
1793,,,,Retrospective,,
1794,Randomized,,,,,
1794,,Parallel Assignment,,,,
1794,,,,,"Double (Participant, Outcomes Assessor)",
1794,,,,,,Treatment
1795,,,Cohort,,,
1795,,,,Cross-Sectional,,
1796,Randomized,,,,,
1796,,Crossover Assignment,,,,
1796,,,,,Single (Participant),
1796,,,,,,Other
1797,,,Cohort,,,
1797,,,,Other,,
1798,,,Cohort,,,
1798,,,,Other,,
1799,Randomized,,,,,
1799,,Parallel Assignment,,,,
1799,,,,,"Quadruple (Participant, Care Provider, Investigator, Outcomes Assessor)",
1799,,,,,,Treatment
1800,Randomized,,,,,
1800,,Parallel Assignment,,,,
1800,,,,,"Quadruple (Participant, Care Provider, Investigator, Outcomes Assessor)",
1800,,,,,,Basic Science
1801,Randomized,,,,,
1801,,Parallel Assignment,,,,
1801,,,,,"Double (Participant, Investigator)",
1801,,,,,,Treatment
1802,,,Cohort,,,
1802,,,,Retrospective,,
1803,Non-Randomized,,,,,
1803,,Parallel Assignment,,,,
1803,,,,,None (Open Label),
1803,,,,,,Diagnostic
1804,,,Cohort,,,
1804,,,,Prospective,,
1805,,,Other,,,
1805,,,,Prospective,,
1806,N/A,,,,,
1806,,Single Group Assignment,,,,
1806,,,,,None (Open Label),
1806,,,,,,Basic Science
1807,Randomized,,,,,
1807,,Parallel Assignment,,,,
1807,,,,,"Quadruple (Participant, Care Provider, Investigator, Outcomes Assessor)",
1807,,,,,,Treatment
1808,Randomized,,,,,
1808,,Parallel Assignment,,,,
1808,,,,,"Triple (Care Provider, Investigator, Outcomes Assessor)",
1808,,,,,,Treatment
1809,Randomized,,,,,
1809,,Parallel Assignment,,,,
1809,,,,,"Quadruple (Participant, Care Provider, Investigator, Outcomes Assessor)",
1809,,,,,,Treatment
1810,,,Cohort,,,
1810,,,,Prospective,,
1811,Randomized,,,,,
1811,,Parallel Assignment,,,,
1811,,,,,None (Open Label),
1811,,,,,,Treatment
1812,,,Cohort,,,
1812,,,,Prospective,,
1813,Non-Randomized,,,,,
1813,,Parallel Assignment,,,,
1813,,,,,None (Open Label),
1813,,,,,,Basic Science
1814,Randomized,,,,,
1814,,Parallel Assignment,,,,
1814,,,,,"Double (Participant, Care Provider)",
1814,,,,,,Treatment
1815,Randomized,,,,,
1815,,Parallel Assignment,,,,
1815,,,,,None (Open Label),
1815,,,,,,Treatment
1816,Randomized,,,,,
1816,,Parallel Assignment,,,,
1816,,,,,None (Open Label),
1816,,,,,,Prevention
1817,,,Case-Only,,,
1817,,,,Other,,
1818,,,Other,,,
1818,,,,Cross-Sectional,,
1819,Randomized,,,,,
1819,,Parallel Assignment,,,,
1819,,,,,None (Open Label),
1819,,,,,,Treatment
1820,,,Cohort,,,
1820,,,,Prospective,,
1821,,,Cohort,,,
1821,,,,Prospective,,
1822,,,Case-Only,,,
1822,,,,Prospective,,
1823,,,Cohort,,,
1823,,,,Retrospective,,
1824,,,Cohort,,,
1824,,,,Prospective,,
1825,,,Cohort,,,
1825,,,,Retrospective,,
1826,,,Case-Crossover,,,
1826,,,,Cross-Sectional,,
1827,Randomized,,,,,
1827,,Parallel Assignment,,,,
1827,,,,,"Quadruple (Participant, Care Provider, Investigator, Outcomes Assessor)",
1827,,,,,,Prevention
1828,,,Cohort,,,
1828,,,,Prospective,,
1829,,,Cohort,,,
1829,,,,Prospective,,
1830,N/A,,,,,
1830,,Single Group Assignment,,,,
1830,,,,,Single (Participant),
1830,,,,,,Diagnostic
1831,Randomized,,,,,
1831,,Parallel Assignment,,,,
1831,,,,,"Double (Participant, Care Provider)",
1831,,,,,,Treatment
1832,,,Cohort,,,
1832,,,,Prospective,,
1833,,,Cohort,,,
1833,,,,Prospective,,
1834,Randomized,,,,,
1834,,Parallel Assignment,,,,
1834,,,,,"Quadruple (Participant, Care Provider, Investigator, Outcomes Assessor)",
1834,,,,,,Prevention
1835,Randomized,,,,,
1835,,Sequential Assignment,,,,
1835,,,,,"Double (Participant, Investigator)",
1835,,,,,,Prevention
1836,,,Cohort,,,
1836,,,,Prospective,,
1837,,,Cohort,,,
1837,,,,Cross-Sectional,,
1838,,,Cohort,,,
1838,,,,Prospective,,
1839,Randomized,,,,,
1839,,Parallel Assignment,,,,
1839,,,,,None (Open Label),
1839,,,,,,Treatment
1840,Randomized,,,,,
1840,,Parallel Assignment,,,,
1840,,,,,"Double (Participant, Investigator)",
1840,,,,,,Treatment
1841,Randomized,,,,,
1841,,Parallel Assignment,,,,
1841,,,,,"Double (Participant, Investigator)",
1841,,,,,,Treatment
1842,N/A,,,,,
1842,,Single Group Assignment,,,,
1842,,,,,None (Open Label),
1842,,,,,,Other
1843,,,Other,,,
1843,,,,Prospective,,
1844,,,Other,,,
1844,,,,Prospective,,
1845,,,Cohort,,,
1845,,,,Prospective,,
1846,,,Cohort,,,
1846,,,,Prospective,,
1847,,,Other,,,
1847,,,,Prospective,,
1848,Randomized,,,,,
1848,,Parallel Assignment,,,,
1848,,,,,None (Open Label),
1848,,,,,,Treatment
1849,,,Ecologic or Community,,,
1849,,,,Retrospective,,
1850,,,Other,,,
1850,,,,Prospective,,
1851,Randomized,,,,,
1851,,Parallel Assignment,,,,
1851,,,,,"Double (Participant, Outcomes Assessor)",
1851,,,,,,Prevention
1852,Randomized,,,,,
1852,,Parallel Assignment,,,,
1852,,,,,"Quadruple (Participant, Care Provider, Investigator, Outcomes Assessor)",
1852,,,,,,Prevention
1853,Randomized,,,,,
1853,,Parallel Assignment,,,,
1853,,,,,None (Open Label),
1853,,,,,,Treatment
1854,,,Other,,,
1854,,,,Prospective,,
1855,,,Case-Only,,,
1855,,,,Prospective,,
1856,Randomized,,,,,
1856,,Parallel Assignment,,,,
1856,,,,,None (Open Label),
1856,,,,,,Prevention
1857,N/A,,,,,
1857,,Single Group Assignment,,,,
1857,,,,,None (Open Label),
1857,,,,,,Treatment
1858,Randomized,,,,,
1858,,Parallel Assignment,,,,
1858,,,,,"Quadruple (Participant, Care Provider, Investigator, Outcomes Assessor)",
1858,,,,,,Prevention
1859,Randomized,,,,,
1859,,Parallel Assignment,,,,
1859,,,,,"Double (Participant, Investigator)",
1859,,,,,,Treatment
1860,,,Case-Only,,,
1860,,,,Cross-Sectional,,
1861,Randomized,,,,,
1861,,Sequential Assignment,,,,
1861,,,,,"Quadruple (Participant, Care Provider, Investigator, Outcomes Assessor)",
1861,,,,,,Prevention
1862,Randomized,,,,,
1862,,Parallel Assignment,,,,
1862,,,,,None (Open Label),
1862,,,,,,Treatment
1863,,,Cohort,,,
1863,,,,Prospective,,
1864,,,Other,,,
1864,,,,Cross-Sectional,,
1865,Randomized,,,,,
1865,,Parallel Assignment,,,,
1865,,,,,"Quadruple (Participant, Care Provider, Investigator, Outcomes Assessor)",
1865,,,,,,Treatment
1866,Randomized,,,,,
1866,,Parallel Assignment,,,,
1866,,,,,"Quadruple (Participant, Care Provider, Investigator, Outcomes Assessor)",
1866,,,,,,Treatment
1867,Randomized,,,,,
1867,,Parallel Assignment,,,,
1867,,,,,"Quadruple (Participant, Care Provider, Investigator, Outcomes Assessor)",
1867,,,,,,Treatment
1868,,,Cohort,,,
1868,,,,Prospective,,
1869,Randomized,,,,,
1869,,Parallel Assignment,,,,
1869,,,,,"Double (Participant, Outcomes Assessor)",
1869,,,,,,Treatment
1870,N/A,,,,,
1870,,Single Group Assignment,,,,
1870,,,,,None (Open Label),
1870,,,,,,Treatment
1871,,,Cohort,,,
1871,,,,Retrospective,,
1872,Randomized,,,,,
1872,,Sequential Assignment,,,,
1872,,,,,None (Open Label),
1872,,,,,,Treatment
1873,Randomized,,,,,
1873,,Parallel Assignment,,,,
1873,,,,,None (Open Label),
1873,,,,,,Treatment
1874,,,Cohort,,,
1874,,,,Retrospective,,
1875,,,Cohort,,,
1875,,,,Prospective,,
1876,Randomized,,,,,
1876,,Parallel Assignment,,,,
1876,,,,,None (Open Label),
1876,,,,,,Prevention
1877,Non-Randomized,,,,,
1877,,Sequential Assignment,,,,
1877,,,,,None (Open Label),
1877,,,,,,Treatment
1878,,,Case-Only,,,
1878,,,,Retrospective,,
1879,Randomized,,,,,
1879,,Parallel Assignment,,,,
1879,,,,,Single (Outcomes Assessor),
1879,,,,,,Prevention
1880,Randomized,,,,,
1880,,Parallel Assignment,,,,
1880,,,,,"Double (Participant, Investigator)",
1880,,,,,,Treatment
1881,Randomized,,,,,
1881,,Parallel Assignment,,,,
1881,,,,,"Double (Participant, Investigator)",
1881,,,,,,Treatment
1882,N/A,,,,,
1882,,Single Group Assignment,,,,
1882,,,,,None (Open Label),
1882,,,,,,Prevention
1883,,,Case-Crossover,,,
1883,,,,Retrospective,,
1884,Randomized,,,,,
1884,,Parallel Assignment,,,,
1884,,,,,None (Open Label),
1884,,,,,,Treatment
1885,Randomized,,,,,
1885,,Parallel Assignment,,,,
1885,,,,,None (Open Label),
1885,,,,,,Prevention
1886,,,Ecologic or Community,,,
1886,,,,Cross-Sectional,,
1887,Randomized,,,,,
1887,,Parallel Assignment,,,,
1887,,,,,"Double (Participant, Care Provider)",
1887,,,,,,Treatment
1888,Randomized,,,,,
1888,,Parallel Assignment,,,,
1888,,,,,"Quadruple (Participant, Care Provider, Investigator, Outcomes Assessor)",
1888,,,,,,Treatment
1889,Randomized,,,,,
1889,,Parallel Assignment,,,,
1889,,,,,"Quadruple (Participant, Care Provider, Investigator, Outcomes Assessor)",
1889,,,,,,Treatment
1890,N/A,,,,,
1890,,Single Group Assignment,,,,
1890,,,,,None (Open Label),
1890,,,,,,Treatment
1891,N/A,,,,,
1891,,Single Group Assignment,,,,
1891,,,,,None (Open Label),
1891,,,,,,Treatment
1892,,,Case-Control,,,
1892,,,,Prospective,,
1893,,,Cohort,,,
1893,,,,Prospective,,
1894,Randomized,,,,,
1894,,Parallel Assignment,,,,
1894,,,,,"Double (Participant, Investigator)",
1894,,,,,,Prevention
1895,N/A,,,,,
1895,,Single Group Assignment,,,,
1895,,,,,None (Open Label),
1895,,,,,,Other
1896,,,Cohort,,,
1896,,,,Prospective,,
1897,Randomized,,,,,
1897,,Parallel Assignment,,,,
1897,,,,,None (Open Label),
1897,,,,,,Treatment
1898,,,Cohort,,,
1898,,,,Other,,
1899,,,Case-Only,,,
1899,,,,Prospective,,
1900,,,Case-Only,,,
1900,,,,Prospective,,
1901,Randomized,,,,,
1901,,Parallel Assignment,,,,
1901,,,,,"Quadruple (Participant, Care Provider, Investigator, Outcomes Assessor)",
1901,,,,,,Treatment
1902,,,Cohort,,,
1902,,,,Prospective,,
1903,,,Case-Only,,,
1903,,,,Prospective,,
1904,Randomized,,,,,
1904,,Parallel Assignment,,,,
1904,,,,,"Quadruple (Participant, Care Provider, Investigator, Outcomes Assessor)",
1904,,,,,,Treatment
1905,Randomized,,,,,
1905,,Parallel Assignment,,,,
1905,,,,,"Double (Participant, Investigator)",
1905,,,,,,Treatment
1906,,,Cohort,,,
1906,,,,Prospective,,
1907,Randomized,,,,,
1907,,Parallel Assignment,,,,
1907,,,,,"Quadruple (Participant, Care Provider, Investigator, Outcomes Assessor)",
1907,,,,,,Treatment
1908,,,Other,,,
1908,,,,Prospective,,
1909,,,Cohort,,,
1909,,,,Retrospective,,
1910,Randomized,,,,,
1910,,Parallel Assignment,,,,
1910,,,,,None (Open Label),
1910,,,,,,Treatment
1911,Randomized,,,,,
1911,,Single Group Assignment,,,,
1911,,,,,Single (Participant),
1911,,,,,,Prevention
1912,,,Cohort,,,
1912,,,,Retrospective,,
1913,Randomized,,,,,
1913,,Parallel Assignment,,,,
1913,,,,,"Triple (Participant, Care Provider, Investigator)",
1913,,,,,,Prevention
1914,,,Cohort,,,
1914,,,,Prospective,,
1915,Non-Randomized,,,,,
1915,,Parallel Assignment,,,,
1915,,,,,None (Open Label),
1915,,,,,,Treatment
1916,Randomized,,,,,
1916,,Parallel Assignment,,,,
1916,,,,,"Quadruple (Participant, Care Provider, Investigator, Outcomes Assessor)",
1916,,,,,,Treatment
1917,Randomized,,,,,
1917,,Parallel Assignment,,,,
1917,,,,,None (Open Label),
1917,,,,,,Prevention
1918,Randomized,,,,,
1918,,Parallel Assignment,,,,
1918,,,,,None (Open Label),
1918,,,,,,Treatment
1919,Randomized,,,,,
1919,,Parallel Assignment,,,,
1919,,,,,None (Open Label),
1919,,,,,,Treatment
1920,Randomized,,,,,
1920,,Parallel Assignment,,,,
1920,,,,,None (Open Label),
1920,,,,,,Treatment
1921,Randomized,,,,,
1921,,Parallel Assignment,,,,
1921,,,,,None (Open Label),
1921,,,,,,Treatment
1922,N/A,,,,,
1922,,Single Group Assignment,,,,
1922,,,,,None (Open Label),
1922,,,,,,Health Services Research
1923,Randomized,,,,,
1923,,Parallel Assignment,,,,
1923,,,,,"Triple (Participant, Care Provider, Investigator)",
1923,,,,,,Prevention
1924,Randomized,,,,,
1924,,Parallel Assignment,,,,
1924,,,,,None (Open Label),
1924,,,,,,Treatment
1926,Non-Randomized,,,,,
1926,,Parallel Assignment,,,,
1926,,,,,Single (Outcomes Assessor),
1926,,,,,,Diagnostic
1927,,,Cohort,,,
1927,,,,Cross-Sectional,,
1928,Randomized,,,,,
1928,,Parallel Assignment,,,,
1928,,,,,"Double (Participant, Outcomes Assessor)",
1928,,,,,,Treatment
1929,Randomized,,,,,
1929,,Parallel Assignment,,,,
1929,,,,,None (Open Label),
1929,,,,,,Health Services Research
1930,,,Cohort,,,
1930,,,,Prospective,,
1931,,,Other,,,
1931,,,,Other,,
1932,Randomized,,,,,
1932,,Parallel Assignment,,,,
1932,,,,,"Quadruple (Participant, Care Provider, Investigator, Outcomes Assessor)",
1932,,,,,,Treatment
1933,Randomized,,,,,
1933,,Parallel Assignment,,,,
1933,,,,,"Triple (Participant, Care Provider, Investigator)",
1933,,,,,,Prevention
1934,,,Cohort,,,
1934,,,,Other,,
1935,,,Cohort,,,
1935,,,,Prospective,,
1936,Randomized,,,,,
1936,,Parallel Assignment,,,,
1936,,,,,None (Open Label),
1936,,,,,,Prevention
1937,,,Cohort,,,
1937,,,,Retrospective,,
1938,Randomized,,,,,
1938,,Parallel Assignment,,,,
1938,,,,,"Double (Participant, Investigator)",
1938,,,,,,Prevention
1939,Randomized,,,,,
1939,,Parallel Assignment,,,,
1939,,,,,"Quadruple (Participant, Care Provider, Investigator, Outcomes Assessor)",
1939,,,,,,Treatment
1940,,,Other,,,
1940,,,,Cross-Sectional,,
1941,Randomized,,,,,
1941,,Parallel Assignment,,,,
1941,,,,,"Quadruple (Participant, Care Provider, Investigator, Outcomes Assessor)",
1941,,,,,,Treatment
1942,Randomized,,,,,
1942,,Parallel Assignment,,,,
1942,,,,,"Quadruple (Participant, Care Provider, Investigator, Outcomes Assessor)",
1942,,,,,,Prevention
1943,N/A,,,,,
1943,,Single Group Assignment,,,,
1943,,,,,None (Open Label),
1943,,,,,,Treatment
1944,,,Cohort,,,
1944,,,,Cross-Sectional,,
1945,N/A,,,,,
1945,,Single Group Assignment,,,,
1945,,,,,None (Open Label),
1945,,,,,,Treatment
1946,Randomized,,,,,
1946,,Parallel Assignment,,,,
1946,,,,,"Quadruple (Participant, Care Provider, Investigator, Outcomes Assessor)",
1946,,,,,,Treatment
1947,Randomized,,,,,
1947,,Parallel Assignment,,,,
1947,,,,,"Triple (Participant, Care Provider, Investigator)",
1947,,,,,,Treatment
1948,,,Cohort,,,
1948,,,,Prospective,,
1949,,,Cohort,,,
1949,,,,Retrospective,,
1950,Randomized,,,,,
1950,,Parallel Assignment,,,,
1950,,,,,"Quadruple (Participant, Care Provider, Investigator, Outcomes Assessor)",
1950,,,,,,Prevention
1951,,,Cohort,,,
1951,,,,Prospective,,
1952,Non-Randomized,,,,,
1952,,Parallel Assignment,,,,
1952,,,,,None (Open Label),
1952,,,,,,Prevention
1953,,,Cohort,,,
1953,,,,Prospective,,
1954,Randomized,,,,,
1954,,Parallel Assignment,,,,
1954,,,,,Single (Participant),
1954,,,,,,Prevention
1955,N/A,,,,,
1955,,Single Group Assignment,,,,
1955,,,,,None (Open Label),
1955,,,,,,Other
1956,,,Cohort,,,
1956,,,,Prospective,,
1957,,,Cohort,,,
1957,,,,Prospective,,
1958,Randomized,,,,,
1958,,Parallel Assignment,,,,
1958,,,,,"Triple (Participant, Care Provider, Investigator)",
1958,,,,,,Prevention
1959,,,Cohort,,,
1959,,,,Prospective,,
1960,Randomized,,,,,
1960,,Single Group Assignment,,,,
1960,,,,,"Triple (Participant, Care Provider, Investigator)",
1960,,,,,,Treatment
1961,Randomized,,,,,
1961,,Parallel Assignment,,,,
1961,,,,,"Double (Participant, Investigator)",
1961,,,,,,Treatment
1962,Randomized,,,,,
1962,,Crossover Assignment,,,,
1962,,,,,"Triple (Participant, Investigator, Outcomes Assessor)",
1962,,,,,,Other
1963,,,Cohort,,,
1963,,,,Prospective,,
1964,Randomized,,,,,
1964,,Parallel Assignment,,,,
1964,,,,,"Triple (Participant, Care Provider, Investigator)",
1964,,,,,,Treatment
1965,,,Cohort,,,
1965,,,,Prospective,,
1966,N/A,,,,,
1966,,Single Group Assignment,,,,
1966,,,,,None (Open Label),
1966,,,,,,Prevention
1967,,,Cohort,,,
1967,,,,Prospective,,
1968,,,Cohort,,,
1968,,,,Prospective,,
1969,Randomized,,,,,
1969,,Parallel Assignment,,,,
1969,,,,,"Triple (Participant, Care Provider, Investigator)",
1969,,,,,,Treatment
1970,Randomized,,,,,
1970,,Sequential Assignment,,,,
1970,,,,,Single (Participant),
1970,,,,,,Treatment
1971,,,Cohort,,,
1971,,,,Prospective,,
1972,,,Cohort,,,
1972,,,,Prospective,,
1973,Randomized,,,,,
1973,,Parallel Assignment,,,,
1973,,,,,"Quadruple (Participant, Care Provider, Investigator, Outcomes Assessor)",
1973,,,,,,Treatment
1974,,,Cohort,,,
1974,,,,Prospective,,
1975,,,Case-Only,,,
1975,,,,Prospective,,
1976,,,Cohort,,,
1976,,,,Prospective,,
1977,,,Cohort,,,
1977,,,,Cross-Sectional,,
1978,,,Case-Only,,,
1978,,,,Other,,
1979,Randomized,,,,,
1979,,Parallel Assignment,,,,
1979,,,,,None (Open Label),
1979,,,,,,Treatment
1980,,,Cohort,,,
1980,,,,Prospective,,
1981,Randomized,,,,,
1981,,Parallel Assignment,,,,
1981,,,,,None (Open Label),
1981,,,,,,Treatment
1982,Randomized,,,,,
1982,,Parallel Assignment,,,,
1982,,,,,"Double (Participant, Outcomes Assessor)",
1982,,,,,,Treatment
1983,Randomized,,,,,
1983,,Parallel Assignment,,,,
1983,,,,,"Quadruple (Participant, Care Provider, Investigator, Outcomes Assessor)",
1983,,,,,,Prevention
1984,Randomized,,,,,
1984,,Parallel Assignment,,,,
1984,,,,,None (Open Label),
1984,,,,,,Treatment
1985,N/A,,,,,
1985,,Single Group Assignment,,,,
1985,,,,,None (Open Label),
1985,,,,,,Prevention
1986,Randomized,,,,,
1986,,Parallel Assignment,,,,
1986,,,,,"Quadruple (Participant, Care Provider, Investigator, Outcomes Assessor)",
1986,,,,,,Treatment
1987,,,Ecologic or Community,,,
1987,,,,Prospective,,
1988,Randomized,,,,,
1988,,Parallel Assignment,,,,
1988,,,,,None (Open Label),
1988,,,,,,Treatment
1989,Randomized,,,,,
1989,,Parallel Assignment,,,,
1989,,,,,"Triple (Participant, Care Provider, Investigator)",
1989,,,,,,Treatment
1990,Randomized,,,,,
1990,,Parallel Assignment,,,,
1990,,,,,None (Open Label),
1990,,,,,,Treatment
1991,Randomized,,,,,
1991,,Factorial Assignment,,,,
1991,,,,,"Quadruple (Participant, Care Provider, Investigator, Outcomes Assessor)",
1991,,,,,,Treatment
1992,Non-Randomized,,,,,
1992,,Sequential Assignment,,,,
1992,,,,,None (Open Label),
1992,,,,,,Treatment
1993,Randomized,,,,,
1993,,Parallel Assignment,,,,
1993,,,,,"Quadruple (Participant, Care Provider, Investigator, Outcomes Assessor)",
1993,,,,,,Treatment
1994,Randomized,,,,,
1994,,Parallel Assignment,,,,
1994,,,,,"Triple (Participant, Care Provider, Investigator)",
1994,,,,,,Prevention
1995,,,Case-Only,,,
1995,,,,Prospective,,
1996,,,Cohort,,,
1996,,,,Prospective,,
1997,Randomized,,,,,
1997,,Parallel Assignment,,,,
1997,,,,,"Double (Participant, Investigator)",
1997,,,,,,Prevention
1998,,,Cohort,,,
1998,,,,Prospective,,
1999,,,Cohort,,,
1999,,,,Prospective,,
2000,,,Case-Control,,,
2000,,,,Cross-Sectional,,
2001,Randomized,,,,,
2001,,Parallel Assignment,,,,
2001,,,,,"Triple (Participant, Care Provider, Investigator)",
2001,,,,,,Prevention
2002,Randomized,,,,,
2002,,Parallel Assignment,,,,
2002,,,,,"Quadruple (Participant, Care Provider, Investigator, Outcomes Assessor)",
2002,,,,,,Treatment
2003,,,Cohort,,,
2003,,,,Prospective,,
2004,Randomized,,,,,
2004,,Parallel Assignment,,,,
2004,,,,,"Double (Participant, Investigator)",
2004,,,,,,Treatment
2005,,,Cohort,,,
2005,,,,Prospective,,
2006,Randomized,,,,,
2006,,Parallel Assignment,,,,
2006,,,,,"Quadruple (Participant, Care Provider, Investigator, Outcomes Assessor)",
2006,,,,,,Prevention
2007,Randomized,,,,,
2007,,Parallel Assignment,,,,
2007,,,,,"Triple (Participant, Care Provider, Investigator)",
2007,,,,,,Treatment
2008,,,Case-Control,,,
2008,,,,Prospective,,
2009,,,Case-Control,,,
2009,,,,Cross-Sectional,,
2010,Randomized,,,,,
2010,,Crossover Assignment,,,,
2010,,,,,"Double (Participant, Outcomes Assessor)",
2010,,,,,,Prevention
2011,,,Cohort,,,
2011,,,,Retrospective,,
2012,,,Cohort,,,
2012,,,,Prospective,,
2013,Randomized,,,,,
2013,,Parallel Assignment,,,,
2013,,,,,"Quadruple (Participant, Care Provider, Investigator, Outcomes Assessor)",
2013,,,,,,Prevention
2014,N/A,,,,,
2014,,Single Group Assignment,,,,
2014,,,,,None (Open Label),
2014,,,,,,Treatment
2015,Randomized,,,,,
2015,,Parallel Assignment,,,,
2015,,,,,"Double (Participant, Investigator)",
2015,,,,,,Treatment
2016,,,Cohort,,,
2016,,,,Prospective,,
2017,,,Cohort,,,
2017,,,,Prospective,,
2018,,,Cohort,,,
2018,,,,Prospective,,
2019,Randomized,,,,,
2019,,Parallel Assignment,,,,
2019,,,,,None (Open Label),
2019,,,,,,Treatment
2020,,,Cohort,,,
2020,,,,Prospective,,
2021,Non-Randomized,,,,,
2021,,Parallel Assignment,,,,
2021,,,,,None (Open Label),
2021,,,,,,Treatment
2022,Randomized,,,,,
2022,,Sequential Assignment,,,,
2022,,,,,"Quadruple (Participant, Care Provider, Investigator, Outcomes Assessor)",
2022,,,,,,Prevention
2023,,,Cohort,,,
2023,,,,Prospective,,
2024,,,Cohort,,,
2024,,,,Prospective,,
2025,Randomized,,,,,
2025,,Parallel Assignment,,,,
2025,,,,,"Triple (Participant, Care Provider, Investigator)",
2025,,,,,,Treatment
2026,N/A,,,,,
2026,,Single Group Assignment,,,,
2026,,,,,None (Open Label),
2026,,,,,,Treatment
2027,Randomized,,,,,
2027,,Single Group Assignment,,,,
2027,,,,,"Double (Participant, Investigator)",
2027,,,,,,Prevention
2028,Randomized,,,,,
2028,,Crossover Assignment,,,,
2028,,,,,None (Open Label),
2028,,,,,,Treatment
2029,N/A,,,,,
2029,,Single Group Assignment,,,,
2029,,,,,None (Open Label),
2029,,,,,,Device Feasibility
2030,,,Case-Control,,,
2030,,,,Cross-Sectional,,
2031,Non-Randomized,,,,,
2031,,Parallel Assignment,,,,
2031,,,,,None (Open Label),
2031,,,,,,Treatment
2032,,,Case-Control,,,
2032,,,,Prospective,,
2033,Randomized,,,,,
2033,,Parallel Assignment,,,,
2033,,,,,"Triple (Participant, Care Provider, Investigator)",
2033,,,,,,Prevention
2034,,,Cohort,,,
2034,,,,Other,,
2035,Randomized,,,,,
2035,,Parallel Assignment,,,,
2035,,,,,None (Open Label),
2035,,,,,,Treatment
2036,,,Cohort,,,
2036,,,,Prospective,,
2037,,,Case-Control,,,
2037,,,,Cross-Sectional,,
2038,,,Case-Control,,,
2038,,,,Prospective,,
2039,Randomized,,,,,
2039,,Parallel Assignment,,,,
2039,,,,,"Triple (Participant, Care Provider, Investigator)",
2039,,,,,,Prevention
2040,Randomized,,,,,
2040,,Sequential Assignment,,,,
2040,,,,,"Quadruple (Participant, Care Provider, Investigator, Outcomes Assessor)",
2040,,,,,,Treatment
2041,,,Other,,,
2041,,,,Prospective,,
2042,,,Cohort,,,
2042,,,,Prospective,,
2043,,,Cohort,,,
2043,,,,Prospective,,
2044,Randomized,,,,,
2044,,Parallel Assignment,,,,
2044,,,,,"Double (Participant, Investigator)",
2044,,,,,,Prevention
2045,Randomized,,,,,
2045,,Parallel Assignment,,,,
2045,,,,,None (Open Label),
2045,,,,,,Treatment
2046,,,Cohort,,,
2046,,,,Prospective,,
2047,Randomized,,,,,
2047,,Parallel Assignment,,,,
2047,,,,,"Double (Investigator, Outcomes Assessor)",
2047,,,,,,Treatment
2048,,,Cohort,,,
2048,,,,Prospective,,
2049,Randomized,,,,,
2049,,Parallel Assignment,,,,
2049,,,,,Single (Outcomes Assessor),
2049,,,,,,Treatment
2050,,,Cohort,,,
2050,,,,Retrospective,,
2051,,,Cohort,,,
2051,,,,Other,,
2052,,,Cohort,,,
2052,,,,Prospective,,
2053,Randomized,,,,,
2053,,Parallel Assignment,,,,
2053,,,,,"Triple (Participant, Investigator, Outcomes Assessor)",
2053,,,,,,Treatment
2054,Randomized,,,,,
2054,,Parallel Assignment,,,,
2054,,,,,Single (Participant),
2054,,,,,,Health Services Research
2055,Randomized,,,,,
2055,,Parallel Assignment,,,,
2055,,,,,"Quadruple (Participant, Care Provider, Investigator, Outcomes Assessor)",
2055,,,,,,Treatment
2056,Randomized,,,,,
2056,,Parallel Assignment,,,,
2056,,,,,None (Open Label),
2056,,,,,,Treatment
2057,,,Other,,,
2057,,,,Prospective,,
2058,N/A,,,,,
2058,,Single Group Assignment,,,,
2058,,,,,None (Open Label),
2058,,,,,,Supportive Care
2059,Randomized,,,,,
2059,,Parallel Assignment,,,,
2059,,,,,"Quadruple (Participant, Care Provider, Investigator, Outcomes Assessor)",
2059,,,,,,Treatment
2060,Randomized,,,,,
2060,,Parallel Assignment,,,,
2060,,,,,Single (Participant),
2060,,,,,,Treatment
2061,Randomized,,,,,
2061,,Parallel Assignment,,,,
2061,,,,,None (Open Label),
2061,,,,,,Treatment
2062,Randomized,,,,,
2062,,Parallel Assignment,,,,
2062,,,,,None (Open Label),
2062,,,,,,Prevention
2063,Randomized,,,,,
2063,,Parallel Assignment,,,,
2063,,,,,None (Open Label),
2063,,,,,,Treatment
2064,,,Case-Control,,,
2064,,,,Prospective,,
2065,,,Cohort,,,
2065,,,,Retrospective,,
2066,,,Cohort,,,
2066,,,,Retrospective,,
2067,,,Case-Only,,,
2067,,,,Prospective,,
2068,,,Case-Control,,,
2068,,,,Cross-Sectional,,
2069,Randomized,,,,,
2069,,Parallel Assignment,,,,
2069,,,,,None (Open Label),
2069,,,,,,Other
2070,Non-Randomized,,,,,
2070,,Single Group Assignment,,,,
2070,,,,,None (Open Label),
2070,,,,,,Other
2071,Randomized,,,,,
2071,,Parallel Assignment,,,,
2071,,,,,"Quadruple (Participant, Care Provider, Investigator, Outcomes Assessor)",
2071,,,,,,Treatment
2072,N/A,,,,,
2072,,Single Group Assignment,,,,
2072,,,,,None (Open Label),
2072,,,,,,Prevention
2073,Randomized,,,,,
2073,,Parallel Assignment,,,,
2073,,,,,Single (Participant),
2073,,,,,,Prevention
2074,Randomized,,,,,
2074,,Parallel Assignment,,,,
2074,,,,,"Triple (Participant, Care Provider, Investigator)",
2074,,,,,,Prevention
2075,Randomized,,,,,
2075,,Parallel Assignment,,,,
2075,,,,,None (Open Label),
2075,,,,,,Health Services Research
2076,Randomized,,,,,
2076,,Parallel Assignment,,,,
2076,,,,,None (Open Label),
2076,,,,,,Treatment
2077,,,Other,,,
2077,,,,Prospective,,
2078,Randomized,,,,,
2078,,Single Group Assignment,,,,
2078,,,,,Single (Participant),
2078,,,,,,Supportive Care
2079,,,Cohort,,,
2079,,,,Cross-Sectional,,
2080,,,Case-Crossover,,,
2080,,,,Cross-Sectional,,
2081,,,Cohort,,,
2081,,,,Prospective,,
2082,Non-Randomized,,,,,
2082,,Parallel Assignment,,,,
2082,,,,,None (Open Label),
2082,,,,,,Other
2083,N/A,,,,,
2083,,Single Group Assignment,,,,
2083,,,,,None (Open Label),
2083,,,,,,Treatment
2084,Randomized,,,,,
2084,,Parallel Assignment,,,,
2084,,,,,Single (Participant),
2084,,,,,,Treatment
2085,Randomized,,,,,
2085,,Parallel Assignment,,,,
2085,,,,,"Quadruple (Participant, Care Provider, Investigator, Outcomes Assessor)",
2085,,,,,,Treatment
2086,,,Other,,,
2086,,,,Cross-Sectional,,
2087,,,Other,,,
2087,,,,Retrospective,,
2088,,,Cohort,,,
2088,,,,Retrospective,,
2089,,,Case-Only,,,
2089,,,,Prospective,,
2090,,,Cohort,,,
2090,,,,Other,,
2091,Randomized,,,,,
2091,,Parallel Assignment,,,,
2091,,,,,None (Open Label),
2091,,,,,,Treatment
2092,,,Cohort,,,
2092,,,,Retrospective,,
2093,,,Case-Only,,,
2093,,,,Prospective,,
2094,Randomized,,,,,
2094,,Parallel Assignment,,,,
2094,,,,,"Double (Participant, Investigator)",
2094,,,,,,Treatment
2095,Randomized,,,,,
2095,,Parallel Assignment,,,,
2095,,,,,"Triple (Participant, Care Provider, Investigator)",
2095,,,,,,Treatment
2096,Non-Randomized,,,,,
2096,,Crossover Assignment,,,,
2096,,,,,None (Open Label),
2096,,,,,,Treatment
2097,Randomized,,,,,
2097,,Parallel Assignment,,,,
2097,,,,,None (Open Label),
2097,,,,,,Diagnostic
2098,,,Cohort,,,
2098,,,,Prospective,,
2099,,,Cohort,,,
2099,,,,Retrospective,,
2100,,,Cohort,,,
2100,,,,Prospective,,
2101,Randomized,,,,,
2101,,Parallel Assignment,,,,
2101,,,,,"Quadruple (Participant, Care Provider, Investigator, Outcomes Assessor)",
2101,,,,,,Treatment
2102,,,Cohort,,,
2102,,,,Prospective,,
2103,,,Case-Only,,,
2103,,,,Cross-Sectional,,
2104,Randomized,,,,,
2104,,Parallel Assignment,,,,
2104,,,,,Single (Investigator),
2104,,,,,,Treatment
2105,,,Case-Control,,,
2105,,,,Cross-Sectional,,
2106,,,Case-Only,,,
2106,,,,Prospective,,
2107,N/A,,,,,
2107,,Single Group Assignment,,,,
2107,,,,,None (Open Label),
2107,,,,,,Treatment
2108,,,Ecologic or Community,,,
2108,,,,Prospective,,
2109,Randomized,,,,,
2109,,Parallel Assignment,,,,
2109,,,,,None (Open Label),
2109,,,,,,Treatment
2110,,,Cohort,,,
2110,,,,Retrospective,,
2111,,,Cohort,,,
2111,,,,Cross-Sectional,,
2112,N/A,,,,,
2112,,Single Group Assignment,,,,
2112,,,,,None (Open Label),
2112,,,,,,Diagnostic
2113,,,Cohort,,,
2113,,,,Cross-Sectional,,
2114,Non-Randomized,,,,,
2114,,Parallel Assignment,,,,
2114,,,,,None (Open Label),
2114,,,,,,Treatment
2115,Randomized,,,,,
2115,,Parallel Assignment,,,,
2115,,,,,"Quadruple (Participant, Care Provider, Investigator, Outcomes Assessor)",
2115,,,,,,Treatment
2116,N/A,,,,,
2116,,Single Group Assignment,,,,
2116,,,,,None (Open Label),
2116,,,,,,Treatment
2117,,,Case-Control,,,
2117,,,,Prospective,,
2118,Randomized,,,,,
2118,,Parallel Assignment,,,,
2118,,,,,None (Open Label),
2118,,,,,,Treatment
2119,N/A,,,,,
2119,,Single Group Assignment,,,,
2119,,,,,None (Open Label),
2119,,,,,,Health Services Research
2120,Non-Randomized,,,,,
2120,,Parallel Assignment,,,,
2120,,,,,None (Open Label),
2120,,,,,,Prevention
2121,Randomized,,,,,
2121,,Parallel Assignment,,,,
2121,,,,,"Quadruple (Participant, Care Provider, Investigator, Outcomes Assessor)",
2121,,,,,,Treatment
2122,,,Cohort,,,
2122,,,,Retrospective,,
2123,,,Other,,,
2123,,,,Cross-Sectional,,
2124,,,Cohort,,,
2124,,,,Prospective,,
2125,,,Cohort,,,
2125,,,,Prospective,,
2126,,,Cohort,,,
2126,,,,Prospective,,
2127,Randomized,,,,,
2127,,Parallel Assignment,,,,
2127,,,,,"Quadruple (Participant, Care Provider, Investigator, Outcomes Assessor)",
2127,,,,,,Prevention
2128,,,Cohort,,,
2128,,,,Retrospective,,
2129,,,Case-Only,,,
2129,,,,Prospective,,
2130,,,Cohort,,,
2130,,,,Prospective,,
2131,,,Other,,,
2131,,,,Retrospective,,
2132,,,Cohort,,,
2132,,,,Prospective,,
2133,,,Cohort,,,
2133,,,,Retrospective,,
2134,Randomized,,,,,
2134,,Parallel Assignment,,,,
2134,,,,,"Triple (Participant, Care Provider, Outcomes Assessor)",
2134,,,,,,Treatment
2135,Randomized,,,,,
2135,,Parallel Assignment,,,,
2135,,,,,"Triple (Participant, Care Provider, Investigator)",
2135,,,,,,Treatment
2136,,,Cohort,,,
2136,,,,Retrospective,,
2137,Randomized,,,,,
2137,,Sequential Assignment,,,,
2137,,,,,"Triple (Participant, Care Provider, Investigator)",
2137,,,,,,Treatment
2138,N/A,,,,,
2138,,Single Group Assignment,,,,
2138,,,,,None (Open Label),
2138,,,,,,Treatment
2139,,,Cohort,,,
2139,,,,Prospective,,
2140,,,Cohort,,,
2140,,,,Prospective,,
2141,N/A,,,,,
2141,,Single Group Assignment,,,,
2141,,,,,None (Open Label),
2141,,,,,,Treatment
2142,Non-Randomized,,,,,
2142,,Single Group Assignment,,,,
2142,,,,,None (Open Label),
2142,,,,,,Treatment
2143,Randomized,,,,,
2143,,Parallel Assignment,,,,
2143,,,,,"Quadruple (Participant, Care Provider, Investigator, Outcomes Assessor)",
2143,,,,,,Treatment
2144,Randomized,,,,,
2144,,Parallel Assignment,,,,
2144,,,,,None (Open Label),
2144,,,,,,Treatment
2145,Randomized,,,,,
2145,,Parallel Assignment,,,,
2145,,,,,None (Open Label),
2145,,,,,,Treatment
2146,N/A,,,,,
2146,,Single Group Assignment,,,,
2146,,,,,None (Open Label),
2146,,,,,,Treatment
2147,Randomized,,,,,
2147,,Sequential Assignment,,,,
2147,,,,,"Quadruple (Participant, Care Provider, Investigator, Outcomes Assessor)",
2147,,,,,,Prevention
2148,,,Cohort,,,
2148,,,,Prospective,,
2149,,,Other,,,
2149,,,,Cross-Sectional,,
2150,Randomized,,,,,
2150,,Parallel Assignment,,,,
2150,,,,,"Triple (Participant, Care Provider, Investigator)",
2150,,,,,,Treatment
2151,,,Cohort,,,
2151,,,,Other,,
2152,,,Cohort,,,
2152,,,,Other,,
2153,,,Cohort,,,
2153,,,,Prospective,,
2154,N/A,,,,,
2154,,Single Group Assignment,,,,
2154,,,,,None (Open Label),
2154,,,,,,Treatment
2155,,,Cohort,,,
2155,,,,Other,,
2156,Randomized,,,,,
2156,,Parallel Assignment,,,,
2156,,,,,"Double (Participant, Investigator)",
2156,,,,,,Treatment
2157,Non-Randomized,,,,,
2157,,Parallel Assignment,,,,
2157,,,,,None (Open Label),
2157,,,,,,Treatment
2158,Randomized,,,,,
2158,,Parallel Assignment,,,,
2158,,,,,None (Open Label),
2158,,,,,,Treatment
2159,Randomized,,,,,
2159,,Parallel Assignment,,,,
2159,,,,,"Quadruple (Participant, Care Provider, Investigator, Outcomes Assessor)",
2159,,,,,,Treatment
2160,,,Cohort,,,
2160,,,,Prospective,,
2161,N/A,,,,,
2161,,Single Group Assignment,,,,
2161,,,,,None (Open Label),
2161,,,,,,Diagnostic
2162,,,Cohort,,,
2162,,,,Prospective,,
2163,Randomized,,,,,
2163,,Parallel Assignment,,,,
2163,,,,,None (Open Label),
2163,,,,,,Treatment
2164,,,Cohort,,,
2164,,,,Prospective,,
2165,,,Case-Control,,,
2165,,,,Prospective,,
2166,Randomized,,,,,
2166,,Parallel Assignment,,,,
2166,,,,,None (Open Label),
2166,,,,,,Treatment
2167,,,Cohort,,,
2167,,,,Prospective,,
2168,,,Cohort,,,
2168,,,,Prospective,,
2169,Randomized,,,,,
2169,,Parallel Assignment,,,,
2169,,,,,Single (Outcomes Assessor),
2169,,,,,,Health Services Research
2170,,,Cohort,,,
2170,,,,Prospective,,
2171,Randomized,,,,,
2171,,Factorial Assignment,,,,
2171,,,,,"Triple (Participant, Care Provider, Investigator)",
2171,,,,,,Treatment
2172,Randomized,,,,,
2172,,Parallel Assignment,,,,
2172,,,,,None (Open Label),
2172,,,,,,Treatment
2173,Randomized,,,,,
2173,,Parallel Assignment,,,,
2173,,,,,None (Open Label),
2173,,,,,,Prevention
2174,Randomized,,,,,
2174,,Parallel Assignment,,,,
2174,,,,,"Quadruple (Participant, Care Provider, Investigator, Outcomes Assessor)",
2174,,,,,,Treatment
2175,,,Cohort,,,
2175,,,,Cross-Sectional,,
2176,Randomized,,,,,
2176,,Parallel Assignment,,,,
2176,,,,,"Quadruple (Participant, Care Provider, Investigator, Outcomes Assessor)",
2176,,,,,,Treatment
2177,,,Cohort,,,
2177,,,,Prospective,,
2178,,,Cohort,,,
2178,,,,Other,,
2179,Randomized,,,,,
2179,,Parallel Assignment,,,,
2179,,,,,None (Open Label),
2179,,,,,,Treatment
2180,,,Cohort,,,
2180,,,,Retrospective,,
2181,N/A,,,,,
2181,,Single Group Assignment,,,,
2181,,,,,None (Open Label),
2181,,,,,,Treatment
2182,,,Cohort,,,
2182,,,,Prospective,,
2183,Randomized,,,,,
2183,,Parallel Assignment,,,,
2183,,,,,"Quadruple (Participant, Care Provider, Investigator, Outcomes Assessor)",
2183,,,,,,Treatment
2184,Randomized,,,,,
2184,,Parallel Assignment,,,,
2184,,,,,"Quadruple (Participant, Care Provider, Investigator, Outcomes Assessor)",
2184,,,,,,Treatment
2185,,,Cohort,,,
2185,,,,Cross-Sectional,,
2186,Randomized,,,,,
2186,,Parallel Assignment,,,,
2186,,,,,"Double (Participant, Investigator)",
2186,,,,,,Prevention
2187,,,Cohort,,,
2187,,,,Retrospective,,
2188,,,Case-Control,,,
2188,,,,Retrospective,,
2190,Randomized,,,,,
2190,,Parallel Assignment,,,,
2190,,,,,Single (Investigator),
2190,,,,,,Other
2191,Randomized,,,,,
2191,,Parallel Assignment,,,,
2191,,,,,None (Open Label),
2191,,,,,,Supportive Care
2192,Randomized,,,,,
2192,,Parallel Assignment,,,,
2192,,,,,None (Open Label),
2192,,,,,,Treatment
2193,Randomized,,,,,
2193,,Parallel Assignment,,,,
2193,,,,,None (Open Label),
2193,,,,,,Treatment
2194,,,Case-Only,,,
2194,,,,Retrospective,,
2195,Randomized,,,,,
2195,,Parallel Assignment,,,,
2195,,,,,Single (Outcomes Assessor),
2195,,,,,,Treatment
2196,,,Cohort,,,
2196,,,,Other,,
2197,,,Cohort,,,
2197,,,,Prospective,,
2198,,,Cohort,,,
2198,,,,Cross-Sectional,,
2199,Randomized,,,,,
2199,,Parallel Assignment,,,,
2199,,,,,"Triple (Participant, Care Provider, Investigator)",
2199,,,,,,Treatment
2200,Randomized,,,,,
2200,,Parallel Assignment,,,,
2200,,,,,"Double (Participant, Investigator)",
2200,,,,,,Treatment
2201,,,Cohort,,,
2201,,,,Other,,
2202,Randomized,,,,,
2202,,Parallel Assignment,,,,
2202,,,,,None (Open Label),
2202,,,,,,Treatment
2203,Randomized,,,,,
2203,,Parallel Assignment,,,,
2203,,,,,None (Open Label),
2203,,,,,,Other
2204,Randomized,,,,,
2204,,Parallel Assignment,,,,
2204,,,,,Single (Investigator),
2204,,,,,,Treatment
2205,Randomized,,,,,
2205,,Parallel Assignment,,,,
2205,,,,,"Quadruple (Participant, Care Provider, Investigator, Outcomes Assessor)",
2205,,,,,,Treatment
2206,Randomized,,,,,
2206,,Crossover Assignment,,,,
2206,,,,,None (Open Label),
2206,,,,,,Prevention
2207,,,Cohort,,,
2207,,,,Prospective,,
2208,,,Cohort,,,
2208,,,,Prospective,,
2209,Randomized,,,,,
2209,,Parallel Assignment,,,,
2209,,,,,"Triple (Participant, Investigator, Outcomes Assessor)",
2209,,,,,,Treatment
2210,Randomized,,,,,
2210,,Parallel Assignment,,,,
2210,,,,,"Double (Participant, Care Provider)",
2210,,,,,,Treatment
2211,,,Cohort,,,
2211,,,,Prospective,,
2212,Randomized,,,,,
2212,,Parallel Assignment,,,,
2212,,,,,"Triple (Care Provider, Investigator, Outcomes Assessor)",
2212,,,,,,Treatment
2213,,,Cohort,,,
2213,,,,Retrospective,,
2214,Randomized,,,,,
2214,,Parallel Assignment,,,,
2214,,,,,None (Open Label),
2214,,,,,,Prevention
2215,,,Cohort,,,
2215,,,,Prospective,,
2216,N/A,,,,,
2216,,Single Group Assignment,,,,
2216,,,,,None (Open Label),
2216,,,,,,Treatment
2217,Randomized,,,,,
2217,,Parallel Assignment,,,,
2217,,,,,Single (Outcomes Assessor),
2217,,,,,,Treatment
2218,Randomized,,,,,
2218,,Parallel Assignment,,,,
2218,,,,,Single (Outcomes Assessor),
2218,,,,,,Treatment
2219,,,Cohort,,,
2219,,,,Prospective,,
2220,Randomized,,,,,
2220,,Parallel Assignment,,,,
2220,,,,,None (Open Label),
2220,,,,,,Treatment
2221,,,Case-Control,,,
2221,,,,Cross-Sectional,,
2222,Randomized,,,,,
2222,,Parallel Assignment,,,,
2222,,,,,"Quadruple (Participant, Care Provider, Investigator, Outcomes Assessor)",
2222,,,,,,Treatment
2223,Randomized,,,,,
2223,,Parallel Assignment,,,,
2223,,,,,Single (Outcomes Assessor),
2223,,,,,,Treatment
2224,,,Cohort,,,
2224,,,,Prospective,,
2225,,,Other,,,
2225,,,,Cross-Sectional,,
2226,Randomized,,,,,
2226,,Parallel Assignment,,,,
2226,,,,,None (Open Label),
2226,,,,,,Treatment
2227,Randomized,,,,,
2227,,Parallel Assignment,,,,
2227,,,,,"Triple (Participant, Care Provider, Investigator)",
2227,,,,,,Treatment
2228,N/A,,,,,
2228,,Single Group Assignment,,,,
2228,,,,,None (Open Label),
2228,,,,,,Health Services Research
2229,Non-Randomized,,,,,
2229,,Crossover Assignment,,,,
2229,,,,,Single (Participant),
2229,,,,,,Other
2230,Randomized,,,,,
2230,,Parallel Assignment,,,,
2230,,,,,"Double (Participant, Care Provider)",
2230,,,,,,Treatment
2231,,,Other,,,
2231,,,,Cross-Sectional,,
2232,Randomized,,,,,
2232,,Parallel Assignment,,,,
2232,,,,,"Triple (Participant, Investigator, Outcomes Assessor)",
2232,,,,,,Supportive Care
2233,Randomized,,,,,
2233,,Parallel Assignment,,,,
2233,,,,,"Double (Participant, Investigator)",
2233,,,,,,Treatment
2234,Randomized,,,,,
2234,,Parallel Assignment,,,,
2234,,,,,"Quadruple (Participant, Care Provider, Investigator, Outcomes Assessor)",
2234,,,,,,Treatment
2235,Randomized,,,,,
2235,,Parallel Assignment,,,,
2235,,,,,Single (Participant),
2235,,,,,,Treatment
2236,Randomized,,,,,
2236,,Parallel Assignment,,,,
2236,,,,,"Quadruple (Participant, Care Provider, Investigator, Outcomes Assessor)",
2236,,,,,,Treatment
2237,,,Cohort,,,
2237,,,,Prospective,,
2238,,,Case-Only,,,
2238,,,,Other,,
2239,,,Cohort,,,
2239,,,,Prospective,,
2240,,,Other,,,
2240,,,,Cross-Sectional,,
2241,Randomized,,,,,
2241,,Parallel Assignment,,,,
2241,,,,,"Quadruple (Participant, Care Provider, Investigator, Outcomes Assessor)",
2241,,,,,,Treatment
2242,,,Cohort,,,
2242,,,,Cross-Sectional,,
2243,Randomized,,,,,
2243,,Parallel Assignment,,,,
2243,,,,,"Double (Participant, Investigator)",
2243,,,,,,Treatment
2244,Randomized,,,,,
2244,,Parallel Assignment,,,,
2244,,,,,None (Open Label),
2244,,,,,,Treatment
2245,,,Cohort,,,
2245,,,,Prospective,,
2246,Randomized,,,,,
2246,,Parallel Assignment,,,,
2246,,,,,None (Open Label),
2246,,,,,,Treatment
2247,Randomized,,,,,
2247,,Parallel Assignment,,,,
2247,,,,,Single (Outcomes Assessor),
2247,,,,,,Treatment
2248,,,Cohort,,,
2248,,,,Cross-Sectional,,
2249,Randomized,,,,,
2249,,Parallel Assignment,,,,
2249,,,,,"Double (Participant, Investigator)",
2249,,,,,,Treatment
2250,,,Cohort,,,
2250,,,,Prospective,,
2251,Non-Randomized,,,,,
2251,,Parallel Assignment,,,,
2251,,,,,None (Open Label),
2251,,,,,,Treatment
2252,,,Cohort,,,
2252,,,,Prospective,,
2253,Randomized,,,,,
2253,,Parallel Assignment,,,,
2253,,,,,None (Open Label),
2253,,,,,,Treatment
2254,N/A,,,,,
2254,,Single Group Assignment,,,,
2254,,,,,None (Open Label),
2254,,,,,,Prevention
2255,Randomized,,,,,
2255,,Parallel Assignment,,,,
2255,,,,,None (Open Label),
2255,,,,,,Treatment
2256,N/A,,,,,
2256,,Single Group Assignment,,,,
2256,,,,,None (Open Label),
2256,,,,,,Screening
2257,Randomized,,,,,
2257,,Parallel Assignment,,,,
2257,,,,,"Quadruple (Participant, Care Provider, Investigator, Outcomes Assessor)",
2257,,,,,,Treatment
2258,Randomized,,,,,
2258,,Parallel Assignment,,,,
2258,,,,,None (Open Label),
2258,,,,,,Treatment
2259,,,Cohort,,,
2259,,,,Prospective,,
2260,,,Case-Control,,,
2260,,,,Retrospective,,
2261,,,Cohort,,,
2261,,,,Retrospective,,
2262,Randomized,,,,,
2262,,Parallel Assignment,,,,
2262,,,,,Single (Investigator),
2262,,,,,,Health Services Research
2263,Randomized,,,,,
2263,,Parallel Assignment,,,,
2263,,,,,None (Open Label),
2263,,,,,,Treatment
2264,,,Ecologic or Community,,,
2264,,,,Prospective,,
2265,Randomized,,,,,
2265,,Parallel Assignment,,,,
2265,,,,,"Quadruple (Participant, Care Provider, Investigator, Outcomes Assessor)",
2265,,,,,,Treatment
2266,Randomized,,,,,
2266,,Parallel Assignment,,,,
2266,,,,,"Triple (Participant, Care Provider, Investigator)",
2266,,,,,,Prevention
2267,Randomized,,,,,
2267,,Parallel Assignment,,,,
2267,,,,,"Quadruple (Participant, Care Provider, Investigator, Outcomes Assessor)",
2267,,,,,,Treatment
2268,,,Cohort,,,
2268,,,,Prospective,,
2269,Randomized,,,,,
2269,,Parallel Assignment,,,,
2269,,,,,None (Open Label),
2269,,,,,,Treatment
2270,N/A,,,,,
2270,,Single Group Assignment,,,,
2270,,,,,None (Open Label),
2270,,,,,,Treatment
2271,Non-Randomized,,,,,
2271,,Parallel Assignment,,,,
2271,,,,,None (Open Label),
2271,,,,,,Treatment
2272,N/A,,,,,
2272,,Single Group Assignment,,,,
2272,,,,,None (Open Label),
2272,,,,,,Other
2273,N/A,,,,,
2273,,Single Group Assignment,,,,
2273,,,,,None (Open Label),
2273,,,,,,Treatment
2274,,,Cohort,,,
2274,,,,Retrospective,,
2275,Non-Randomized,,,,,
2275,,Parallel Assignment,,,,
2275,,,,,None (Open Label),
2275,,,,,,Diagnostic
2276,,,Cohort,,,
2276,,,,Retrospective,,
2277,,,Ecologic or Community,,,
2277,,,,Cross-Sectional,,
2278,Randomized,,,,,
2278,,Parallel Assignment,,,,
2278,,,,,"Quadruple (Participant, Care Provider, Investigator, Outcomes Assessor)",
2278,,,,,,Treatment
2279,N/A,,,,,
2279,,Single Group Assignment,,,,
2279,,,,,None (Open Label),
2279,,,,,,Treatment
2280,Randomized,,,,,
2280,,Parallel Assignment,,,,
2280,,,,,None (Open Label),
2280,,,,,,Treatment
2281,,,Cohort,,,
2281,,,,Retrospective,,
2282,Randomized,,,,,
2282,,Parallel Assignment,,,,
2282,,,,,"Triple (Participant, Care Provider, Outcomes Assessor)",
2282,,,,,,Treatment
2283,Non-Randomized,,,,,
2283,,Single Group Assignment,,,,
2283,,,,,None (Open Label),
2283,,,,,,Prevention
2284,,,Other,,,
2284,,,,Retrospective,,
2285,N/A,,,,,
2285,,Single Group Assignment,,,,
2285,,,,,None (Open Label),
2285,,,,,,Diagnostic
2286,Non-Randomized,,,,,
2286,,Parallel Assignment,,,,
2286,,,,,None (Open Label),
2286,,,,,,Prevention
2287,,,Cohort,,,
2287,,,,Prospective,,
2288,,,Case-Only,,,
2288,,,,Prospective,,
2289,,,Cohort,,,
2289,,,,Cross-Sectional,,
2290,,,Case-Only,,,
2290,,,,Other,,
2291,,,Cohort,,,
2291,,,,Prospective,,
2292,Non-Randomized,,,,,
2292,,Sequential Assignment,,,,
2292,,,,,None (Open Label),
2292,,,,,,Prevention
2293,,,Other,,,
2293,,,,Prospective,,
2294,,,Cohort,,,
2294,,,,Retrospective,,
2295,,,Cohort,,,
2295,,,,Prospective,,
2296,,,Other,,,
2296,,,,Prospective,,
2297,,,Other,,,
2297,,,,Cross-Sectional,,
2298,N/A,,,,,
2298,,Single Group Assignment,,,,
2298,,,,,None (Open Label),
2298,,,,,,Other
2299,,,Cohort,,,
2299,,,,Other,,
2300,Randomized,,,,,
2300,,Parallel Assignment,,,,
2300,,,,,None (Open Label),
2300,,,,,,Treatment
2301,Randomized,,,,,
2301,,Parallel Assignment,,,,
2301,,,,,None (Open Label),
2301,,,,,,Supportive Care
2302,,,Case-Control,,,
2302,,,,Prospective,,
2303,Randomized,,,,,
2303,,Parallel Assignment,,,,
2303,,,,,Single (Outcomes Assessor),
2303,,,,,,Other
2304,Randomized,,,,,
2304,,Parallel Assignment,,,,
2304,,,,,None (Open Label),
2304,,,,,,Other
2305,,,Cohort,,,
2305,,,,Other,,
2306,,,Cohort,,,
2306,,,,Prospective,,
2307,Randomized,,,,,
2307,,Parallel Assignment,,,,
2307,,,,,"Quadruple (Participant, Care Provider, Investigator, Outcomes Assessor)",
2307,,,,,,Treatment
2308,Randomized,,,,,
2308,,Parallel Assignment,,,,
2308,,,,,"Quadruple (Participant, Care Provider, Investigator, Outcomes Assessor)",
2308,,,,,,Prevention
2309,,,Cohort,,,
2309,,,,Prospective,,
2310,,,Other,,,
2310,,,,Retrospective,,
2311,Randomized,,,,,
2311,,Parallel Assignment,,,,
2311,,,,,None (Open Label),
2311,,,,,,Prevention
2312,,,Case-Only,,,
2312,,,,Cross-Sectional,,
2313,N/A,,,,,
2313,,Single Group Assignment,,,,
2313,,,,,None (Open Label),
2313,,,,,,Screening
2314,,,Case-Control,,,
2314,,,,Prospective,,
2315,,,Cohort,,,
2315,,,,Cross-Sectional,,
2316,Randomized,,,,,
2316,,Parallel Assignment,,,,
2316,,,,,None (Open Label),
2316,,,,,,Treatment
2317,Randomized,,,,,
2317,,Parallel Assignment,,,,
2317,,,,,None (Open Label),
2317,,,,,,Treatment
2318,Randomized,,,,,
2318,,Parallel Assignment,,,,
2318,,,,,None (Open Label),
2318,,,,,,Treatment
2319,,,Other,,,
2319,,,,Prospective,,
2320,Randomized,,,,,
2320,,Parallel Assignment,,,,
2320,,,,,"Double (Participant, Investigator)",
2320,,,,,,Prevention
2321,Randomized,,,,,
2321,,Parallel Assignment,,,,
2321,,,,,"Quadruple (Participant, Care Provider, Investigator, Outcomes Assessor)",
2321,,,,,,Treatment
2322,,,Cohort,,,
2322,,,,Prospective,,
2323,Randomized,,,,,
2323,,Parallel Assignment,,,,
2323,,,,,"Triple (Participant, Care Provider, Investigator)",
2323,,,,,,Treatment
2324,Randomized,,,,,
2324,,Parallel Assignment,,,,
2324,,,,,None (Open Label),
2324,,,,,,Treatment
2325,Randomized,,,,,
2325,,Parallel Assignment,,,,
2325,,,,,"Quadruple (Participant, Care Provider, Investigator, Outcomes Assessor)",
2325,,,,,,Prevention
2326,Randomized,,,,,
2326,,Parallel Assignment,,,,
2326,,,,,Single (Outcomes Assessor),
2326,,,,,,Treatment
2327,N/A,,,,,
2327,,Single Group Assignment,,,,
2327,,,,,None (Open Label),
2327,,,,,,Other
2328,N/A,,,,,
2328,,Single Group Assignment,,,,
2328,,,,,None (Open Label),
2328,,,,,,Treatment
2329,Randomized,,,,,
2329,,Parallel Assignment,,,,
2329,,,,,None (Open Label),
2329,,,,,,Treatment
2330,,,Cohort,,,
2330,,,,Retrospective,,
2332,Randomized,,,,,
2332,,Parallel Assignment,,,,
2332,,,,,None (Open Label),
2332,,,,,,Treatment
2333,N/A,,,,,
2333,,Single Group Assignment,,,,
2333,,,,,None (Open Label),
2333,,,,,,Treatment
2334,Randomized,,,,,
2334,,Parallel Assignment,,,,
2334,,,,,"Double (Participant, Investigator)",
2334,,,,,,Treatment
2335,Non-Randomized,,,,,
2335,,Parallel Assignment,,,,
2335,,,,,None (Open Label),
2335,,,,,,Other
2336,Randomized,,,,,
2336,,Parallel Assignment,,,,
2336,,,,,None (Open Label),
2336,,,,,,Treatment
2337,,,Cohort,,,
2337,,,,Prospective,,
2338,Randomized,,,,,
2338,,Parallel Assignment,,,,
2338,,,,,None (Open Label),
2338,,,,,,Treatment
2339,Non-Randomized,,,,,
2339,,Parallel Assignment,,,,
2339,,,,,None (Open Label),
2339,,,,,,Treatment
2340,Randomized,,,,,
2340,,Parallel Assignment,,,,
2340,,,,,Single (Participant),
2340,,,,,,Treatment
2341,Randomized,,,,,
2341,,Parallel Assignment,,,,
2341,,,,,"Triple (Participant, Care Provider, Investigator)",
2341,,,,,,Treatment
2342,,,Case-Only,,,
2342,,,,Other,,
2343,,,Cohort,,,
2343,,,,Prospective,,
2344,Randomized,,,,,
2344,,Parallel Assignment,,,,
2344,,,,,"Quadruple (Participant, Care Provider, Investigator, Outcomes Assessor)",
2344,,,,,,Treatment
2345,Randomized,,,,,
2345,,Parallel Assignment,,,,
2345,,,,,Single (Participant),
2345,,,,,,Treatment
2346,,,Case-Crossover,,,
2346,,,,Cross-Sectional,,
2347,,,Cohort,,,
2347,,,,Prospective,,
2348,,,Cohort,,,
2348,,,,Prospective,,
2349,Randomized,,,,,
2349,,Parallel Assignment,,,,
2349,,,,,None (Open Label),
2349,,,,,,Treatment
2350,,,Cohort,,,
2350,,,,Prospective,,
2351,Randomized,,,,,
2351,,Parallel Assignment,,,,
2351,,,,,None (Open Label),
2351,,,,,,Treatment
2352,Randomized,,,,,
2352,,Parallel Assignment,,,,
2352,,,,,None (Open Label),
2352,,,,,,Treatment
2353,N/A,,,,,
2353,,Single Group Assignment,,,,
2353,,,,,None (Open Label),
2353,,,,,,Treatment
2354,,,Cohort,,,
2354,,,,Prospective,,
2355,N/A,,,,,
2355,,Single Group Assignment,,,,
2355,,,,,None (Open Label),
2355,,,,,,Treatment
2356,Randomized,,,,,
2356,,Parallel Assignment,,,,
2356,,,,,"Quadruple (Participant, Care Provider, Investigator, Outcomes Assessor)",
2356,,,,,,Prevention
2357,Randomized,,,,,
2357,,Parallel Assignment,,,,
2357,,,,,"Quadruple (Participant, Care Provider, Investigator, Outcomes Assessor)",
2357,,,,,,Treatment
2358,,,Case-Control,,,
2358,,,,Prospective,,
2359,Randomized,,,,,
2359,,Parallel Assignment,,,,
2359,,,,,None (Open Label),
2359,,,,,,Treatment
2360,Randomized,,,,,
2360,,Sequential Assignment,,,,
2360,,,,,None (Open Label),
2360,,,,,,Treatment
2361,Randomized,,,,,
2361,,Parallel Assignment,,,,
2361,,,,,"Double (Participant, Investigator)",
2361,,,,,,Treatment
2362,,,Cohort,,,
2362,,,,Prospective,,
2363,,,Cohort,,,
2363,,,,Retrospective,,
2364,,,Cohort,,,
2364,,,,Prospective,,
2365,,,Cohort,,,
2365,,,,Prospective,,
2366,,,Cohort,,,
2366,,,,Retrospective,,
2367,Randomized,,,,,
2367,,Parallel Assignment,,,,
2367,,,,,"Quadruple (Participant, Care Provider, Investigator, Outcomes Assessor)",
2367,,,,,,Treatment
2368,,,Cohort,,,
2368,,,,Cross-Sectional,,
2369,Randomized,,,,,
2369,,Parallel Assignment,,,,
2369,,,,,"Double (Participant, Investigator)",
2369,,,,,,Screening
2370,,,Cohort,,,
2370,,,,Prospective,,
2371,Randomized,,,,,
2371,,Parallel Assignment,,,,
2371,,,,,Single (Investigator),
2371,,,,,,Treatment
2372,,,Cohort,,,
2372,,,,Prospective,,
2373,Randomized,,,,,
2373,,Parallel Assignment,,,,
2373,,,,,"Double (Participant, Investigator)",
2373,,,,,,Treatment
2374,,,Cohort,,,
2374,,,,Prospective,,
2375,,,Cohort,,,
2375,,,,Prospective,,
2376,Randomized,,,,,
2376,,Parallel Assignment,,,,
2376,,,,,"Quadruple (Participant, Care Provider, Investigator, Outcomes Assessor)",
2376,,,,,,Prevention
2377,Randomized,,,,,
2377,,Parallel Assignment,,,,
2377,,,,,"Triple (Participant, Investigator, Outcomes Assessor)",
2377,,,,,,Prevention
2378,Randomized,,,,,
2378,,Parallel Assignment,,,,
2378,,,,,"Double (Participant, Investigator)",
2378,,,,,,Treatment
2379,Randomized,,,,,
2379,,Parallel Assignment,,,,
2379,,,,,Single (Outcomes Assessor),
2379,,,,,,Treatment
2380,N/A,,,,,
2380,,Single Group Assignment,,,,
2380,,,,,None (Open Label),
2380,,,,,,Treatment
2382,Randomized,,,,,
2382,,Parallel Assignment,,,,
2382,,,,,"Quadruple (Participant, Care Provider, Investigator, Outcomes Assessor)",
2382,,,,,,Treatment
2383,,,Cohort,,,
2383,,,,Prospective,,
2384,Randomized,,,,,
2384,,Parallel Assignment,,,,
2384,,,,,None (Open Label),
2384,,,,,,Treatment
2385,Randomized,,,,,
2385,,Parallel Assignment,,,,
2385,,,,,None (Open Label),
2385,,,,,,Treatment
2386,,,Case-Control,,,
2386,,,,Prospective,,
2387,,,Cohort,,,
2387,,,,Prospective,,
2388,Randomized,,,,,
2388,,Parallel Assignment,,,,
2388,,,,,"Quadruple (Participant, Care Provider, Investigator, Outcomes Assessor)",
2388,,,,,,Treatment
2389,Randomized,,,,,
2389,,Parallel Assignment,,,,
2389,,,,,Single (Participant),
2389,,,,,,Prevention
2390,,,Cohort,,,
2390,,,,Other,,
2391,,,Case-Control,,,
2391,,,,Retrospective,,
2392,Randomized,,,,,
2392,,Parallel Assignment,,,,
2392,,,,,"Triple (Participant, Care Provider, Investigator)",
2392,,,,,,Treatment
2393,,,Case-Control,,,
2393,,,,Other,,
2394,,,Cohort,,,
2394,,,,Prospective,,
2395,,,Other,,,
2395,,,,Retrospective,,
2396,Randomized,,,,,
2396,,Parallel Assignment,,,,
2396,,,,,"Double (Participant, Investigator)",
2396,,,,,,Treatment
2397,Randomized,,,,,
2397,,Parallel Assignment,,,,
2397,,,,,None (Open Label),
2397,,,,,,Treatment
2398,,,Ecologic or Community,,,
2398,,,,Prospective,,
2399,Randomized,,,,,
2399,,Parallel Assignment,,,,
2399,,,,,"Quadruple (Participant, Care Provider, Investigator, Outcomes Assessor)",
2399,,,,,,Treatment
2400,,,Case-Control,,,
2400,,,,Retrospective,,
2401,Randomized,,,,,
2401,,Parallel Assignment,,,,
2401,,,,,"Triple (Participant, Care Provider, Investigator)",
2401,,,,,,Prevention
2402,N/A,,,,,
2402,,Single Group Assignment,,,,
2402,,,,,None (Open Label),
2402,,,,,,Treatment
2403,,,Cohort,,,
2403,,,,Prospective,,
2404,,,Cohort,,,
2404,,,,Retrospective,,
2405,,,Cohort,,,
2405,,,,Prospective,,
2406,Non-Randomized,,,,,
2406,,Sequential Assignment,,,,
2406,,,,,None (Open Label),
2406,,,,,,Treatment
2407,Randomized,,,,,
2407,,Parallel Assignment,,,,
2407,,,,,"Quadruple (Participant, Care Provider, Investigator, Outcomes Assessor)",
2407,,,,,,Treatment
2408,,,Cohort,,,
2408,,,,Prospective,,
2409,Randomized,,,,,
2409,,Parallel Assignment,,,,
2409,,,,,"Quadruple (Participant, Care Provider, Investigator, Outcomes Assessor)",
2409,,,,,,Treatment
2410,Randomized,,,,,
2410,,Parallel Assignment,,,,
2410,,,,,Single (Participant),
2410,,,,,,Treatment
2411,N/A,,,,,
2411,,Single Group Assignment,,,,
2411,,,,,None (Open Label),
2411,,,,,,Treatment
2412,N/A,,,,,
2412,,Single Group Assignment,,,,
2412,,,,,None (Open Label),
2412,,,,,,Diagnostic
2413,Randomized,,,,,
2413,,Sequential Assignment,,,,
2413,,,,,"Double (Participant, Investigator)",
2413,,,,,,Treatment
2414,Non-Randomized,,,,,
2414,,Sequential Assignment,,,,
2414,,,,,None (Open Label),
2414,,,,,,Treatment
2415,Randomized,,,,,
2415,,Parallel Assignment,,,,
2415,,,,,"Triple (Participant, Care Provider, Investigator)",
2415,,,,,,Treatment
2416,Non-Randomized,,,,,
2416,,Sequential Assignment,,,,
2416,,,,,None (Open Label),
2416,,,,,,Treatment
2417,,,Cohort,,,
2417,,,,Prospective,,
2418,Randomized,,,,,
2418,,Parallel Assignment,,,,
2418,,,,,"Double (Participant, Investigator)",
2418,,,,,,Treatment
2419,,,Cohort,,,
2419,,,,Prospective,,
2420,,,Cohort,,,
2420,,,,Prospective,,
2421,,,Cohort,,,
2421,,,,Cross-Sectional,,
2422,,,Case-Control,,,
2422,,,,Prospective,,
2423,,,Case-Control,,,
2423,,,,Prospective,,
2424,,,Case-Only,,,
2424,,,,Prospective,,
2425,,,Cohort,,,
2425,,,,Prospective,,
2426,Randomized,,,,,
2426,,Parallel Assignment,,,,
2426,,,,,"Triple (Participant, Investigator, Outcomes Assessor)",
2426,,,,,,Prevention
2427,N/A,,,,,
2427,,Single Group Assignment,,,,
2427,,,,,None (Open Label),
2427,,,,,,Diagnostic
2428,Randomized,,,,,
2428,,Parallel Assignment,,,,
2428,,,,,None (Open Label),
2428,,,,,,Treatment
2429,,,Cohort,,,
2429,,,,Retrospective,,
2430,N/A,,,,,
2430,,Single Group Assignment,,,,
2430,,,,,None (Open Label),
2430,,,,,,Health Services Research
2431,,,Cohort,,,
2431,,,,Prospective,,
2432,,,Cohort,,,
2432,,,,Other,,
2433,,,Case-Control,,,
2433,,,,Prospective,,
2434,Randomized,,,,,
2434,,Parallel Assignment,,,,
2434,,,,,None (Open Label),
2434,,,,,,Treatment
2435,,,Cohort,,,
2435,,,,Prospective,,
2436,Randomized,,,,,
2436,,Parallel Assignment,,,,
2436,,,,,None (Open Label),
2436,,,,,,Treatment
2437,,,Case-Control,,,
2437,,,,Retrospective,,
2438,,,Case-Only,,,
2438,,,,Prospective,,
2439,Randomized,,,,,
2439,,Parallel Assignment,,,,
2439,,,,,"Double (Investigator, Outcomes Assessor)",
2439,,,,,,Treatment
2440,Randomized,,,,,
2440,,Parallel Assignment,,,,
2440,,,,,"Triple (Participant, Investigator, Outcomes Assessor)",
2440,,,,,,Treatment
2441,Randomized,,,,,
2441,,Parallel Assignment,,,,
2441,,,,,"Quadruple (Participant, Care Provider, Investigator, Outcomes Assessor)",
2441,,,,,,Treatment
2442,Randomized,,,,,
2442,,Parallel Assignment,,,,
2442,,,,,"Quadruple (Participant, Care Provider, Investigator, Outcomes Assessor)",
2442,,,,,,Treatment
2443,,,Cohort,,,
2443,,,,Prospective,,
2444,N/A,,,,,
2444,,Single Group Assignment,,,,
2444,,,,,None (Open Label),
2444,,,,,,Treatment
2445,Randomized,,,,,
2445,,Parallel Assignment,,,,
2445,,,,,None (Open Label),
2445,,,,,,Treatment
2446,Randomized,,,,,
2446,,Parallel Assignment,,,,
2446,,,,,"Quadruple (Participant, Care Provider, Investigator, Outcomes Assessor)",
2446,,,,,,Treatment
2447,,,Cohort,,,
2447,,,,Prospective,,
2448,Randomized,,,,,
2448,,Parallel Assignment,,,,
2448,,,,,"Triple (Participant, Care Provider, Investigator)",
2448,,,,,,Treatment
2449,Randomized,,,,,
2449,,Parallel Assignment,,,,
2449,,,,,None (Open Label),
2449,,,,,,Prevention
2450,Randomized,,,,,
2450,,Parallel Assignment,,,,
2450,,,,,None (Open Label),
2450,,,,,,Treatment
2451,,,Cohort,,,
2451,,,,Prospective,,
2452,Randomized,,,,,
2452,,Parallel Assignment,,,,
2452,,,,,"Quadruple (Participant, Care Provider, Investigator, Outcomes Assessor)",
2452,,,,,,Other
2453,N/A,,,,,
2453,,Single Group Assignment,,,,
2453,,,,,None (Open Label),
2453,,,,,,Treatment
2454,N/A,,,,,
2454,,Single Group Assignment,,,,
2454,,,,,None (Open Label),
2454,,,,,,Treatment
2455,,,Ecologic or Community,,,
2455,,,,Prospective,,
2456,Non-Randomized,,,,,
2456,,Sequential Assignment,,,,
2456,,,,,None (Open Label),
2456,,,,,,Treatment
2457,Non-Randomized,,,,,
2457,,Parallel Assignment,,,,
2457,,,,,None (Open Label),
2457,,,,,,Prevention
2458,Randomized,,,,,
2458,,Parallel Assignment,,,,
2458,,,,,None (Open Label),
2458,,,,,,Treatment
2459,N/A,,,,,
2459,,Single Group Assignment,,,,
2459,,,,,None (Open Label),
2459,,,,,,Other
2460,,,Cohort,,,
2460,,,,Cross-Sectional,,
2461,,,Cohort,,,
2461,,,,Prospective,,
2462,,,Cohort,,,
2462,,,,Prospective,,
2463,Randomized,,,,,
2463,,Parallel Assignment,,,,
2463,,,,,None (Open Label),
2463,,,,,,Supportive Care
2464,,,Case-Control,,,
2464,,,,Prospective,,
2465,Randomized,,,,,
2465,,Parallel Assignment,,,,
2465,,,,,"Triple (Participant, Care Provider, Investigator)",
2465,,,,,,Treatment
2466,Randomized,,,,,
2466,,Parallel Assignment,,,,
2466,,,,,"Quadruple (Participant, Care Provider, Investigator, Outcomes Assessor)",
2466,,,,,,Treatment
2467,N/A,,,,,
2467,,Single Group Assignment,,,,
2467,,,,,None (Open Label),
2467,,,,,,Treatment
2468,Randomized,,,,,
2468,,Parallel Assignment,,,,
2468,,,,,"Triple (Participant, Care Provider, Investigator)",
2468,,,,,,Treatment
2469,Randomized,,,,,
2469,,Parallel Assignment,,,,
2469,,,,,"Quadruple (Participant, Care Provider, Investigator, Outcomes Assessor)",
2469,,,,,,Treatment
2470,,,Other,,,
2470,,,,Other,,
2471,,,Cohort,,,
2471,,,,Prospective,,
2472,Randomized,,,,,
2472,,Parallel Assignment,,,,
2472,,,,,None (Open Label),
2472,,,,,,Treatment
2473,,,Other,,,
2473,,,,Other,,
2474,Randomized,,,,,
2474,,Sequential Assignment,,,,
2474,,,,,Single (Participant),
2474,,,,,,Prevention
2475,,,Case-Control,,,
2475,,,,Prospective,,
2476,Randomized,,,,,
2476,,Parallel Assignment,,,,
2476,,,,,"Triple (Participant, Care Provider, Investigator)",
2476,,,,,,Prevention
2477,,,Cohort,,,
2477,,,,Retrospective,,
2478,Non-Randomized,,,,,
2478,,Parallel Assignment,,,,
2478,,,,,None (Open Label),
2478,,,,,,Treatment
2479,,,Cohort,,,
2479,,,,Prospective,,
2480,Randomized,,,,,
2480,,Parallel Assignment,,,,
2480,,,,,"Double (Participant, Investigator)",
2480,,,,,,Treatment
2481,Randomized,,,,,
2481,,Parallel Assignment,,,,
2481,,,,,"Quadruple (Participant, Care Provider, Investigator, Outcomes Assessor)",
2481,,,,,,Prevention
2482,,,Cohort,,,
2482,,,,Retrospective,,
2483,Randomized,,,,,
2483,,Parallel Assignment,,,,
2483,,,,,"Double (Participant, Investigator)",
2483,,,,,,Treatment
2484,Randomized,,,,,
2484,,Sequential Assignment,,,,
2484,,,,,"Quadruple (Participant, Care Provider, Investigator, Outcomes Assessor)",
2484,,,,,,Treatment
2485,,,Case-Only,,,
2485,,,,Prospective,,
2486,,,Cohort,,,
2486,,,,Retrospective,,
2487,,,Ecologic or Community,,,
2487,,,,Cross-Sectional,,
2488,Randomized,,,,,
2488,,Parallel Assignment,,,,
2488,,,,,None (Open Label),
2488,,,,,,Prevention
2490,Randomized,,,,,
2490,,Sequential Assignment,,,,
2490,,,,,Single (Care Provider),
2490,,,,,,Treatment
2491,N/A,,,,,
2491,,Single Group Assignment,,,,
2491,,,,,None (Open Label),
2491,,,,,,Prevention
2492,,,Case-Only,,,
2492,,,,Prospective,,
2493,,,Cohort,,,
2493,,,,Prospective,,
2494,,,Cohort,,,
2494,,,,Prospective,,
2495,,,Cohort,,,
2495,,,,Other,,
2496,Randomized,,,,,
2496,,Parallel Assignment,,,,
2496,,,,,"Triple (Participant, Care Provider, Investigator)",
2496,,,,,,Treatment
2497,,,Cohort,,,
2497,,,,Prospective,,
2498,Randomized,,,,,
2498,,Parallel Assignment,,,,
2498,,,,,"Quadruple (Participant, Care Provider, Investigator, Outcomes Assessor)",
2498,,,,,,Treatment
2499,,,Case-Only,,,
2499,,,,Retrospective,,
2500,Randomized,,,,,
2500,,Parallel Assignment,,,,
2500,,,,,"Quadruple (Participant, Care Provider, Investigator, Outcomes Assessor)",
2500,,,,,,Prevention
2501,Randomized,,,,,
2501,,Parallel Assignment,,,,
2501,,,,,Single (Participant),
2501,,,,,,Treatment
2502,,,Case-Crossover,,,
2502,,,,Cross-Sectional,,
2503,N/A,,,,,
2503,,Single Group Assignment,,,,
2503,,,,,None (Open Label),
2503,,,,,,Treatment
2504,,,Other,,,
2504,,,,Prospective,,
2505,,,Cohort,,,
2505,,,,Prospective,,
2506,Non-Randomized,,,,,
2506,,Parallel Assignment,,,,
2506,,,,,None (Open Label),
2506,,,,,,Basic Science
2507,,,Case-Only,,,
2507,,,,Retrospective,,
2508,N/A,,,,,
2508,,Single Group Assignment,,,,
2508,,,,,None (Open Label),
2508,,,,,,Other
2509,,,Other,,,
2509,,,,Prospective,,
2510,,,Case-Only,,,
2510,,,,Retrospective,,
2511,N/A,,,,,
2511,,Single Group Assignment,,,,
2511,,,,,None (Open Label),
2511,,,,,,Treatment
2512,Randomized,,,,,
2512,,Crossover Assignment,,,,
2512,,,,,Single (Investigator),
2512,,,,,,Health Services Research
2513,,,Cohort,,,
2513,,,,Prospective,,
2514,,,Cohort,,,
2514,,,,Prospective,,
2515,N/A,,,,,
2515,,Single Group Assignment,,,,
2515,,,,,None (Open Label),
2515,,,,,,Other
2516,N/A,,,,,
2516,,Single Group Assignment,,,,
2516,,,,,None (Open Label),
2516,,,,,,Diagnostic
2517,,,Cohort,,,
2517,,,,Prospective,,
2518,Randomized,,,,,
2518,,Parallel Assignment,,,,
2518,,,,,"Triple (Participant, Care Provider, Investigator)",
2518,,,,,,Treatment
2519,,,Cohort,,,
2519,,,,Prospective,,
2520,,,Cohort,,,
2520,,,,Retrospective,,
2521,,,Cohort,,,
2521,,,,Retrospective,,
2522,Randomized,,,,,
2522,,Parallel Assignment,,,,
2522,,,,,"Quadruple (Participant, Care Provider, Investigator, Outcomes Assessor)",
2522,,,,,,Treatment
2523,Randomized,,,,,
2523,,Parallel Assignment,,,,
2523,,,,,"Double (Participant, Investigator)",
2523,,,,,,Prevention
2524,Randomized,,,,,
2524,,Single Group Assignment,,,,
2524,,,,,"Double (Participant, Investigator)",
2524,,,,,,Health Services Research
2525,Randomized,,,,,
2525,,Parallel Assignment,,,,
2525,,,,,Single (Participant),
2525,,,,,,Treatment
2526,,,Case-Control,,,
2526,,,,Retrospective,,
2527,Randomized,,,,,
2527,,Crossover Assignment,,,,
2527,,,,,"Double (Care Provider, Outcomes Assessor)",
2527,,,,,,Supportive Care
2528,Randomized,,,,,
2528,,Parallel Assignment,,,,
2528,,,,,None (Open Label),
2528,,,,,,Treatment
2529,Non-Randomized,,,,,
2529,,Parallel Assignment,,,,
2529,,,,,"Double (Investigator, Outcomes Assessor)",
2529,,,,,,Treatment
2530,,,Cohort,,,
2530,,,,Prospective,,
2531,Randomized,,,,,
2531,,Parallel Assignment,,,,
2531,,,,,None (Open Label),
2531,,,,,,Treatment
2532,,,Cohort,,,
2532,,,,Prospective,,
2533,Randomized,,,,,
2533,,Parallel Assignment,,,,
2533,,,,,"Double (Participant, Investigator)",
2533,,,,,,Treatment
2534,,,Cohort,,,
2534,,,,Cross-Sectional,,
2535,Randomized,,,,,
2535,,Parallel Assignment,,,,
2535,,,,,None (Open Label),
2535,,,,,,Treatment
2536,Randomized,,,,,
2536,,Parallel Assignment,,,,
2536,,,,,None (Open Label),
2536,,,,,,Treatment
2537,,,Case-Only,,,
2537,,,,Prospective,,
2538,Randomized,,,,,
2538,,Parallel Assignment,,,,
2538,,,,,"Quadruple (Participant, Care Provider, Investigator, Outcomes Assessor)",
2538,,,,,,Treatment
2539,Randomized,,,,,
2539,,Factorial Assignment,,,,
2539,,,,,"Quadruple (Participant, Care Provider, Investigator, Outcomes Assessor)",
2539,,,,,,Treatment
2540,Randomized,,,,,
2540,,Parallel Assignment,,,,
2540,,,,,None (Open Label),
2540,,,,,,Treatment
2541,Randomized,,,,,
2541,,Parallel Assignment,,,,
2541,,,,,"Double (Participant, Investigator)",
2541,,,,,,Treatment
2542,N/A,,,,,
2542,,Single Group Assignment,,,,
2542,,,,,None (Open Label),
2542,,,,,,Basic Science
2543,Randomized,,,,,
2543,,Sequential Assignment,,,,
2543,,,,,"Quadruple (Participant, Care Provider, Investigator, Outcomes Assessor)",
2543,,,,,,Treatment
2544,,,Case-Control,,,
2544,,,,Cross-Sectional,,
2545,Randomized,,,,,
2545,,Parallel Assignment,,,,
2545,,,,,None (Open Label),
2545,,,,,,Treatment
2546,,,Ecologic or Community,,,
2546,,,,Cross-Sectional,,
2547,,,Cohort,,,
2547,,,,Prospective,,
2548,,,Other,,,
2548,,,,Retrospective,,
2549,Randomized,,,,,
2549,,Parallel Assignment,,,,
2549,,,,,None (Open Label),
2549,,,,,,Treatment
2550,,,Case-Only,,,
2550,,,,Retrospective,,
2551,N/A,,,,,
2551,,Single Group Assignment,,,,
2551,,,,,None (Open Label),
2551,,,,,,Other
2552,,,Cohort,,,
2552,,,,Other,,
2553,,,Cohort,,,
2553,,,,Retrospective,,
2554,,,Cohort,,,
2554,,,,Prospective,,
2555,Randomized,,,,,
2555,,Parallel Assignment,,,,
2555,,,,,None (Open Label),
2555,,,,,,Treatment
2556,Randomized,,,,,
2556,,Parallel Assignment,,,,
2556,,,,,None (Open Label),
2556,,,,,,Other
2557,Randomized,,,,,
2557,,Parallel Assignment,,,,
2557,,,,,"Triple (Participant, Care Provider, Investigator)",
2557,,,,,,Treatment
2558,,,Case-Control,,,
2558,,,,Prospective,,
2559,Randomized,,,,,
2559,,Parallel Assignment,,,,
2559,,,,,None (Open Label),
2559,,,,,,Treatment
2560,Randomized,,,,,
2560,,Parallel Assignment,,,,
2560,,,,,"Triple (Participant, Care Provider, Investigator)",
2560,,,,,,Treatment
2561,,,Case-Control,,,
2561,,,,Cross-Sectional,,
2562,N/A,,,,,
2562,,Single Group Assignment,,,,
2562,,,,,None (Open Label),
2562,,,,,,Treatment
2563,,,Case-Only,,,
2563,,,,Retrospective,,
2564,,,Cohort,,,
2564,,,,Prospective,,
2565,Randomized,,,,,
2565,,Parallel Assignment,,,,
2565,,,,,None (Open Label),
2565,,,,,,Treatment
2566,N/A,,,,,
2566,,Single Group Assignment,,,,
2566,,,,,None (Open Label),
2566,,,,,,Treatment
2567,,,Cohort,,,
2567,,,,Prospective,,
2568,Randomized,,,,,
2568,,Parallel Assignment,,,,
2568,,,,,"Quadruple (Participant, Care Provider, Investigator, Outcomes Assessor)",
2568,,,,,,Treatment
2569,Randomized,,,,,
2569,,Parallel Assignment,,,,
2569,,,,,"Quadruple (Participant, Care Provider, Investigator, Outcomes Assessor)",
2569,,,,,,Treatment
2570,,,Cohort,,,
2570,,,,Retrospective,,
2571,,,Case-Only,,,
2571,,,,Prospective,,
2572,Randomized,,,,,
2572,,Parallel Assignment,,,,
2572,,,,,None (Open Label),
2572,,,,,,Treatment
2573,,,Cohort,,,
2573,,,,Prospective,,
2574,N/A,,,,,
2574,,Single Group Assignment,,,,
2574,,,,,None (Open Label),
2574,,,,,,Screening
2575,,,Cohort,,,
2575,,,,Prospective,,
2576,,,Case-Only,,,
2576,,,,Retrospective,,
2577,Randomized,,,,,
2577,,Parallel Assignment,,,,
2577,,,,,"Double (Participant, Investigator)",
2577,,,,,,Prevention
2578,,,Cohort,,,
2578,,,,Retrospective,,
2579,Non-Randomized,,,,,
2579,,Sequential Assignment,,,,
2579,,,,,None (Open Label),
2579,,,,,,Treatment
2580,Non-Randomized,,,,,
2580,,Crossover Assignment,,,,
2580,,,,,None (Open Label),
2580,,,,,,Treatment
2581,,,Other,,,
2581,,,,Retrospective,,
2582,,,Cohort,,,
2582,,,,Retrospective,,
2583,Randomized,,,,,
2583,,Parallel Assignment,,,,
2583,,,,,None (Open Label),
2583,,,,,,Health Services Research
2584,,,Case-Control,,,
2584,,,,Prospective,,
2585,Randomized,,,,,
2585,,Parallel Assignment,,,,
2585,,,,,None (Open Label),
2585,,,,,,Treatment
2586,Non-Randomized,,,,,
2586,,Sequential Assignment,,,,
2586,,,,,None (Open Label),
2586,,,,,,Treatment
2587,,,Cohort,,,
2587,,,,Prospective,,
2588,,,Cohort,,,
2588,,,,Prospective,,
2589,Randomized,,,,,
2589,,Parallel Assignment,,,,
2589,,,,,"Quadruple (Participant, Care Provider, Investigator, Outcomes Assessor)",
2589,,,,,,Treatment
2590,Randomized,,,,,
2590,,Parallel Assignment,,,,
2590,,,,,"Double (Participant, Investigator)",
2590,,,,,,Treatment
2591,Randomized,,,,,
2591,,Parallel Assignment,,,,
2591,,,,,None (Open Label),
2591,,,,,,Treatment
2592,Randomized,,,,,
2592,,Parallel Assignment,,,,
2592,,,,,"Quadruple (Participant, Care Provider, Investigator, Outcomes Assessor)",
2592,,,,,,Treatment
2593,,,Cohort,,,
2593,,,,Prospective,,
2594,N/A,,,,,
2594,,Single Group Assignment,,,,
2594,,,,,None (Open Label),
2594,,,,,,Diagnostic
2595,,,Cohort,,,
2595,,,,Prospective,,
2596,Randomized,,,,,
2596,,Parallel Assignment,,,,
2596,,,,,"Double (Participant, Care Provider)",
2596,,,,,,Treatment
2597,,,Cohort,,,
2597,,,,Prospective,,
2598,Randomized,,,,,
2598,,Parallel Assignment,,,,
2598,,,,,"Double (Participant, Investigator)",
2598,,,,,,Prevention
2599,Randomized,,,,,
2599,,Factorial Assignment,,,,
2599,,,,,None (Open Label),
2599,,,,,,Treatment
2600,,,Cohort,,,
2600,,,,Prospective,,
2601,Randomized,,,,,
2601,,Parallel Assignment,,,,
2601,,,,,"Double (Investigator, Outcomes Assessor)",
2601,,,,,,Treatment
2602,,,Cohort,,,
2602,,,,Prospective,,
2603,Randomized,,,,,
2603,,Parallel Assignment,,,,
2603,,,,,"Quadruple (Participant, Care Provider, Investigator, Outcomes Assessor)",
2603,,,,,,Treatment
2604,Randomized,,,,,
2604,,Parallel Assignment,,,,
2604,,,,,"Quadruple (Participant, Care Provider, Investigator, Outcomes Assessor)",
2604,,,,,,Other
2605,,,Cohort,,,
2605,,,,Prospective,,
2606,Randomized,,,,,
2606,,Parallel Assignment,,,,
2606,,,,,Single (Participant),
2606,,,,,,Prevention
2607,Randomized,,,,,
2607,,Parallel Assignment,,,,
2607,,,,,"Quadruple (Participant, Care Provider, Investigator, Outcomes Assessor)",
2607,,,,,,Treatment
2608,Randomized,,,,,
2608,,Parallel Assignment,,,,
2608,,,,,Single (Outcomes Assessor),
2608,,,,,,Treatment
2609,,,Cohort,,,
2609,,,,Prospective,,
2610,Randomized,,,,,
2610,,Parallel Assignment,,,,
2610,,,,,"Double (Investigator, Outcomes Assessor)",
2610,,,,,,Treatment
2611,Randomized,,,,,
2611,,Parallel Assignment,,,,
2611,,,,,"Quadruple (Participant, Care Provider, Investigator, Outcomes Assessor)",
2611,,,,,,Treatment
2612,,,Cohort,,,
2612,,,,Prospective,,
2613,,,Ecologic or Community,,,
2613,,,,Cross-Sectional,,
2614,N/A,,,,,
2614,,Single Group Assignment,,,,
2614,,,,,None (Open Label),
2614,,,,,,Prevention
2615,,,Cohort,,,
2615,,,,Prospective,,
2616,Randomized,,,,,
2616,,Parallel Assignment,,,,
2616,,,,,None (Open Label),
2616,,,,,,Treatment
2617,Non-Randomized,,,,,
2617,,Single Group Assignment,,,,
2617,,,,,Single (Outcomes Assessor),
2617,,,,,,Treatment
2618,Randomized,,,,,
2618,,Parallel Assignment,,,,
2618,,,,,None (Open Label),
2618,,,,,,Treatment
2619,Randomized,,,,,
2619,,Parallel Assignment,,,,
2619,,,,,"Double (Investigator, Outcomes Assessor)",
2619,,,,,,Treatment
2620,,,Case-Control,,,
2620,,,,Prospective,,
2621,N/A,,,,,
2621,,Single Group Assignment,,,,
2621,,,,,None (Open Label),
2621,,,,,,Treatment
2622,Randomized,,,,,
2622,,Parallel Assignment,,,,
2622,,,,,"Double (Participant, Investigator)",
2622,,,,,,Prevention
2623,Randomized,,,,,
2623,,Parallel Assignment,,,,
2623,,,,,None (Open Label),
2623,,,,,,Treatment
2624,,,Cohort,,,
2624,,,,Retrospective,,
2625,,,Cohort,,,
2625,,,,Retrospective,,
2626,N/A,,,,,
2626,,Single Group Assignment,,,,
2626,,,,,None (Open Label),
2626,,,,,,Treatment
2627,Randomized,,,,,
2627,,Parallel Assignment,,,,
2627,,,,,None (Open Label),
2627,,,,,,Health Services Research
2628,,,Case-Only,,,
2628,,,,Retrospective,,
2629,Randomized,,,,,
2629,,Parallel Assignment,,,,
2629,,,,,"Double (Participant, Investigator)",
2629,,,,,,Treatment
2630,Randomized,,,,,
2630,,Parallel Assignment,,,,
2630,,,,,"Quadruple (Participant, Care Provider, Investigator, Outcomes Assessor)",
2630,,,,,,Treatment
2631,,,Cohort,,,
2631,,,,Retrospective,,
2632,Randomized,,,,,
2632,,Parallel Assignment,,,,
2632,,,,,None (Open Label),
2632,,,,,,Supportive Care
2633,Randomized,,,,,
2633,,Parallel Assignment,,,,
2633,,,,,"Double (Participant, Investigator)",
2633,,,,,,Treatment
2634,Randomized,,,,,
2634,,Sequential Assignment,,,,
2634,,,,,None (Open Label),
2634,,,,,,Prevention
2635,N/A,,,,,
2635,,Single Group Assignment,,,,
2635,,,,,None (Open Label),
2635,,,,,,Treatment
2636,Randomized,,,,,
2636,,Parallel Assignment,,,,
2636,,,,,None (Open Label),
2636,,,,,,Treatment
2637,Randomized,,,,,
2637,,Parallel Assignment,,,,
2637,,,,,Single (Outcomes Assessor),
2637,,,,,,Prevention
2638,,,Cohort,,,
2638,,,,Prospective,,
2639,,,Cohort,,,
2639,,,,Retrospective,,
2640,,,Cohort,,,
2640,,,,Other,,
2641,Randomized,,,,,
2641,,Parallel Assignment,,,,
2641,,,,,"Quadruple (Participant, Care Provider, Investigator, Outcomes Assessor)",
2641,,,,,,Prevention
2642,,,Case-Only,,,
2642,,,,Prospective,,
2643,Randomized,,,,,
2643,,Parallel Assignment,,,,
2643,,,,,None (Open Label),
2643,,,,,,Prevention
2644,,,Cohort,,,
2644,,,,Prospective,,
2645,,,Case-Only,,,
2645,,,,Prospective,,
2646,,,Cohort,,,
2646,,,,Prospective,,
2647,Randomized,,,,,
2647,,Parallel Assignment,,,,
2647,,,,,"Triple (Participant, Care Provider, Investigator)",
2647,,,,,,Treatment
2648,,,Cohort,,,
2648,,,,Prospective,,
2649,,,Cohort,,,
2649,,,,Prospective,,
2650,Randomized,,,,,
2650,,Parallel Assignment,,,,
2650,,,,,"Quadruple (Participant, Care Provider, Investigator, Outcomes Assessor)",
2650,,,,,,Treatment
2651,Randomized,,,,,
2651,,Parallel Assignment,,,,
2651,,,,,None (Open Label),
2651,,,,,,Treatment
2652,N/A,,,,,
2652,,Single Group Assignment,,,,
2652,,,,,None (Open Label),
2652,,,,,,Other
2653,,,Ecologic or Community,,,
2653,,,,Retrospective,,
2654,,,Cohort,,,
2654,,,,Prospective,,
2655,N/A,,,,,
2655,,Single Group Assignment,,,,
2655,,,,,None (Open Label),
2655,,,,,,Supportive Care
2656,,,Other,,,
2656,,,,Other,,
2658,,,Cohort,,,
2658,,,,Prospective,,
2659,,,Cohort,,,
2659,,,,Prospective,,
2660,Randomized,,,,,
2660,,Parallel Assignment,,,,
2660,,,,,None (Open Label),
2660,,,,,,Treatment
2661,Randomized,,,,,
2661,,Parallel Assignment,,,,
2661,,,,,"Quadruple (Participant, Care Provider, Investigator, Outcomes Assessor)",
2661,,,,,,Prevention
2662,,,Case-Only,,,
2662,,,,Other,,
2663,Randomized,,,,,
2663,,Parallel Assignment,,,,
2663,,,,,None (Open Label),
2663,,,,,,Treatment
2664,Randomized,,,,,
2664,,Parallel Assignment,,,,
2664,,,,,None (Open Label),
2664,,,,,,Other
2665,Non-Randomized,,,,,
2665,,Sequential Assignment,,,,
2665,,,,,None (Open Label),
2665,,,,,,Treatment
2666,N/A,,,,,
2666,,Single Group Assignment,,,,
2666,,,,,None (Open Label),
2666,,,,,,Diagnostic
2667,N/A,,,,,
2667,,Single Group Assignment,,,,
2667,,,,,None (Open Label),
2667,,,,,,Health Services Research
2668,Randomized,,,,,
2668,,Parallel Assignment,,,,
2668,,,,,"Quadruple (Participant, Care Provider, Investigator, Outcomes Assessor)",
2668,,,,,,Treatment
2669,,,Cohort,,,
2669,,,,Other,,
2670,Randomized,,,,,
2670,,Parallel Assignment,,,,
2670,,,,,"Triple (Participant, Care Provider, Investigator)",
2670,,,,,,Treatment
2671,,,Cohort,,,
2671,,,,Retrospective,,
2672,Randomized,,,,,
2672,,Parallel Assignment,,,,
2672,,,,,None (Open Label),
2672,,,,,,Treatment
2673,,,Cohort,,,
2673,,,,Prospective,,
2674,Randomized,,,,,
2674,,Parallel Assignment,,,,
2674,,,,,None (Open Label),
2674,,,,,,Treatment
2675,,,Cohort,,,
2675,,,,Prospective,,
2676,,,Case-Only,,,
2676,,,,Retrospective,,
2677,,,Case-Only,,,
2677,,,,Retrospective,,
2678,,,Other,,,
2678,,,,Cross-Sectional,,
2679,Randomized,,,,,
2679,,Parallel Assignment,,,,
2679,,,,,"Quadruple (Participant, Care Provider, Investigator, Outcomes Assessor)",
2679,,,,,,Treatment
2680,N/A,,,,,
2680,,Single Group Assignment,,,,
2680,,,,,None (Open Label),
2680,,,,,,Treatment
2681,,,Cohort,,,
2681,,,,Prospective,,
2682,Randomized,,,,,
2682,,Parallel Assignment,,,,
2682,,,,,None (Open Label),
2682,,,,,,Treatment
2683,Randomized,,,,,
2683,,Parallel Assignment,,,,
2683,,,,,"Quadruple (Participant, Care Provider, Investigator, Outcomes Assessor)",
2683,,,,,,Treatment
2684,Randomized,,,,,
2684,,Parallel Assignment,,,,
2684,,,,,"Triple (Participant, Investigator, Outcomes Assessor)",
2684,,,,,,Treatment
2685,Randomized,,,,,
2685,,Parallel Assignment,,,,
2685,,,,,"Quadruple (Participant, Care Provider, Investigator, Outcomes Assessor)",
2685,,,,,,Treatment
2686,Randomized,,,,,
2686,,Parallel Assignment,,,,
2686,,,,,"Quadruple (Participant, Care Provider, Investigator, Outcomes Assessor)",
2686,,,,,,Treatment
2687,,,Case-Only,,,
2687,,,,Cross-Sectional,,
2688,Randomized,,,,,
2688,,Parallel Assignment,,,,
2688,,,,,"Quadruple (Participant, Care Provider, Investigator, Outcomes Assessor)",
2688,,,,,,Treatment
2689,,,Case-Only,,,
2689,,,,Prospective,,
2690,,,Case-Control,,,
2690,,,,Prospective,,
2691,,,Cohort,,,
2691,,,,Prospective,,
2692,,,Case-Only,,,
2692,,,,Prospective,,
2693,Randomized,,,,,
2693,,Parallel Assignment,,,,
2693,,,,,"Double (Participant, Outcomes Assessor)",
2693,,,,,,Supportive Care
2694,Randomized,,,,,
2694,,Parallel Assignment,,,,
2694,,,,,None (Open Label),
2694,,,,,,Treatment
2695,,,Cohort,,,
2695,,,,Prospective,,
2696,,,Other,,,
2696,,,,Cross-Sectional,,
2697,Randomized,,,,,
2697,,Parallel Assignment,,,,
2697,,,,,None (Open Label),
2697,,,,,,Treatment
2698,,,Cohort,,,
2698,,,,Prospective,,
2699,N/A,,,,,
2699,,Single Group Assignment,,,,
2699,,,,,None (Open Label),
2699,,,,,,Treatment
2700,Randomized,,,,,
2700,,Parallel Assignment,,,,
2700,,,,,None (Open Label),
2700,,,,,,Treatment
2701,Randomized,,,,,
2701,,Parallel Assignment,,,,
2701,,,,,"Double (Participant, Investigator)",
2701,,,,,,Treatment
2702,Randomized,,,,,
2702,,Parallel Assignment,,,,
2702,,,,,"Triple (Participant, Care Provider, Investigator)",
2702,,,,,,Treatment
2703,Randomized,,,,,
2703,,Parallel Assignment,,,,
2703,,,,,None (Open Label),
2703,,,,,,Supportive Care
2704,Randomized,,,,,
2704,,Parallel Assignment,,,,
2704,,,,,"Double (Participant, Outcomes Assessor)",
2704,,,,,,Prevention
2705,Randomized,,,,,
2705,,Parallel Assignment,,,,
2705,,,,,None (Open Label),
2705,,,,,,Prevention
2706,,,Case-Control,,,
2706,,,,Prospective,,
2707,Randomized,,,,,
2707,,Parallel Assignment,,,,
2707,,,,,Single (Outcomes Assessor),
2707,,,,,,Treatment
2708,,,Cohort,,,
2708,,,,Prospective,,
2709,,,Case-Control,,,
2709,,,,Prospective,,
2710,Randomized,,,,,
2710,,Parallel Assignment,,,,
2710,,,,,"Double (Participant, Investigator)",
2710,,,,,,Treatment
2711,,,Ecologic or Community,,,
2711,,,,Cross-Sectional,,
2712,,,Cohort,,,
2712,,,,Prospective,,
2713,N/A,,,,,
2713,,Single Group Assignment,,,,
2713,,,,,None (Open Label),
2713,,,,,,Other
2714,,,Cohort,,,
2714,,,,Prospective,,
2715,Randomized,,,,,
2715,,Parallel Assignment,,,,
2715,,,,,None (Open Label),
2715,,,,,,Treatment
2716,,,Cohort,,,
2716,,,,Prospective,,
2717,Randomized,,,,,
2717,,Parallel Assignment,,,,
2717,,,,,None (Open Label),
2717,,,,,,Treatment
2718,Randomized,,,,,
2718,,Parallel Assignment,,,,
2718,,,,,"Double (Participant, Care Provider)",
2718,,,,,,Treatment
2719,Randomized,,,,,
2719,,Parallel Assignment,,,,
2719,,,,,"Quadruple (Participant, Care Provider, Investigator, Outcomes Assessor)",
2719,,,,,,Treatment
2720,Randomized,,,,,
2720,,Parallel Assignment,,,,
2720,,,,,"Quadruple (Participant, Care Provider, Investigator, Outcomes Assessor)",
2720,,,,,,Treatment
2721,,,Case-Only,,,
2721,,,,Prospective,,
2722,Randomized,,,,,
2722,,Parallel Assignment,,,,
2722,,,,,Single (Participant),
2722,,,,,,Treatment
2723,Randomized,,,,,
2723,,Parallel Assignment,,,,
2723,,,,,None (Open Label),
2723,,,,,,Treatment
2724,Randomized,,,,,
2724,,Parallel Assignment,,,,
2724,,,,,"Double (Participant, Investigator)",
2724,,,,,,Treatment
2725,Randomized,,,,,
2725,,Parallel Assignment,,,,
2725,,,,,"Quadruple (Participant, Care Provider, Investigator, Outcomes Assessor)",
2725,,,,,,Treatment
2726,Randomized,,,,,
2726,,Parallel Assignment,,,,
2726,,,,,None (Open Label),
2726,,,,,,Treatment
2727,Randomized,,,,,
2727,,Parallel Assignment,,,,
2727,,,,,Single (Outcomes Assessor),
2727,,,,,,Prevention
2728,Randomized,,,,,
2728,,Parallel Assignment,,,,
2728,,,,,None (Open Label),
2728,,,,,,Treatment
2729,,,Cohort,,,
2729,,,,Cross-Sectional,,
2730,Randomized,,,,,
2730,,Parallel Assignment,,,,
2730,,,,,"Triple (Participant, Care Provider, Investigator)",
2730,,,,,,Treatment
2731,Randomized,,,,,
2731,,Parallel Assignment,,,,
2731,,,,,"Quadruple (Participant, Care Provider, Investigator, Outcomes Assessor)",
2731,,,,,,Prevention
2732,N/A,,,,,
2732,,Single Group Assignment,,,,
2732,,,,,None (Open Label),
2732,,,,,,Diagnostic
2733,N/A,,,,,
2733,,Single Group Assignment,,,,
2733,,,,,None (Open Label),
2733,,,,,,Diagnostic
2734,Randomized,,,,,
2734,,Parallel Assignment,,,,
2734,,,,,"Quadruple (Participant, Care Provider, Investigator, Outcomes Assessor)",
2734,,,,,,Treatment
2735,Randomized,,,,,
2735,,Parallel Assignment,,,,
2735,,,,,"Quadruple (Participant, Care Provider, Investigator, Outcomes Assessor)",
2735,,,,,,Treatment
2736,N/A,,,,,
2736,,Single Group Assignment,,,,
2736,,,,,None (Open Label),
2736,,,,,,Treatment
2737,Randomized,,,,,
2737,,Parallel Assignment,,,,
2737,,,,,"Double (Participant, Investigator)",
2737,,,,,,Treatment
2738,Randomized,,,,,
2738,,Parallel Assignment,,,,
2738,,,,,Single (Outcomes Assessor),
2738,,,,,,Treatment
2739,Randomized,,,,,
2739,,Parallel Assignment,,,,
2739,,,,,"Double (Participant, Investigator)",
2739,,,,,,Treatment
2740,N/A,,,,,
2740,,Single Group Assignment,,,,
2740,,,,,None (Open Label),
2740,,,,,,Health Services Research
2741,Randomized,,,,,
2741,,Parallel Assignment,,,,
2741,,,,,"Double (Participant, Investigator)",
2741,,,,,,Treatment
2742,,,Other,,,
2742,,,,Cross-Sectional,,
2743,,,Other,,,
2743,,,,Cross-Sectional,,
2744,,,Cohort,,,
2744,,,,Other,,
2745,,,Case-Only,,,
2745,,,,Retrospective,,
2746,Randomized,,,,,
2746,,Parallel Assignment,,,,
2746,,,,,None (Open Label),
2746,,,,,,Treatment
2747,Randomized,,,,,
2747,,Parallel Assignment,,,,
2747,,,,,"Double (Participant, Outcomes Assessor)",
2747,,,,,,Treatment
2748,,,Case-Only,,,
2748,,,,Prospective,,
2749,Randomized,,,,,
2749,,Parallel Assignment,,,,
2749,,,,,"Triple (Participant, Care Provider, Investigator)",
2749,,,,,,Treatment
2750,Randomized,,,,,
2750,,Parallel Assignment,,,,
2750,,,,,"Double (Participant, Investigator)",
2750,,,,,,Treatment
2751,Randomized,,,,,
2751,,Crossover Assignment,,,,
2751,,,,,Single (Outcomes Assessor),
2751,,,,,,Treatment
2752,,,Cohort,,,
2752,,,,Prospective,,
2753,,,Cohort,,,
2753,,,,Prospective,,
2754,Randomized,,,,,
2754,,Parallel Assignment,,,,
2754,,,,,None (Open Label),
2754,,,,,,Treatment
2755,Randomized,,,,,
2755,,Parallel Assignment,,,,
2755,,,,,None (Open Label),
2755,,,,,,Treatment
2756,Randomized,,,,,
2756,,Parallel Assignment,,,,
2756,,,,,"Quadruple (Participant, Care Provider, Investigator, Outcomes Assessor)",
2756,,,,,,Treatment
2757,,,Other,,,
2757,,,,Prospective,,
2758,Randomized,,,,,
2758,,Parallel Assignment,,,,
2758,,,,,None (Open Label),
2758,,,,,,Treatment
2759,,,Cohort,,,
2759,,,,Cross-Sectional,,
2760,Randomized,,,,,
2760,,Parallel Assignment,,,,
2760,,,,,None (Open Label),
2760,,,,,,Treatment
2761,Randomized,,,,,
2761,,Parallel Assignment,,,,
2761,,,,,"Quadruple (Participant, Care Provider, Investigator, Outcomes Assessor)",
2761,,,,,,Treatment
2762,,,Cohort,,,
2762,,,,Cross-Sectional,,
2763,Randomized,,,,,
2763,,Parallel Assignment,,,,
2763,,,,,"Triple (Participant, Care Provider, Investigator)",
2763,,,,,,Treatment
2764,N/A,,,,,
2764,,Single Group Assignment,,,,
2764,,,,,None (Open Label),
2764,,,,,,Treatment
2765,Randomized,,,,,
2765,,Parallel Assignment,,,,
2765,,,,,None (Open Label),
2765,,,,,,Treatment
2766,Randomized,,,,,
2766,,Parallel Assignment,,,,
2766,,,,,None (Open Label),
2766,,,,,,Treatment
2767,Randomized,,,,,
2767,,Parallel Assignment,,,,
2767,,,,,None (Open Label),
2767,,,,,,Treatment
2769,,,Cohort,,,
2769,,,,Retrospective,,
2771,N/A,,,,,
2771,,Single Group Assignment,,,,
2771,,,,,None (Open Label),
2771,,,,,,Prevention
2772,,,Cohort,,,
2772,,,,Cross-Sectional,,
2773,,,Cohort,,,
2773,,,,Prospective,,
2774,Non-Randomized,,,,,
2774,,Parallel Assignment,,,,
2774,,,,,None (Open Label),
2774,,,,,,Screening
2775,Randomized,,,,,
2775,,Parallel Assignment,,,,
2775,,,,,"Quadruple (Participant, Care Provider, Investigator, Outcomes Assessor)",
2775,,,,,,Treatment
2776,,,Case-Control,,,
2776,,,,Prospective,,
2777,Randomized,,,,,
2777,,Parallel Assignment,,,,
2777,,,,,"Double (Participant, Investigator)",
2777,,,,,,Treatment
2778,N/A,,,,,
2778,,Single Group Assignment,,,,
2778,,,,,None (Open Label),
2778,,,,,,Treatment
2779,,,Cohort,,,
2779,,,,Prospective,,
2780,Non-Randomized,,,,,
2780,,Sequential Assignment,,,,
2780,,,,,None (Open Label),
2780,,,,,,Prevention
2781,Randomized,,,,,
2781,,Parallel Assignment,,,,
2781,,,,,None (Open Label),
2781,,,,,,Treatment
2782,Randomized,,,,,
2782,,Sequential Assignment,,,,
2782,,,,,"Triple (Participant, Investigator, Outcomes Assessor)",
2782,,,,,,Prevention
2783,Randomized,,,,,
2783,,Parallel Assignment,,,,
2783,,,,,"Double (Participant, Investigator)",
2783,,,,,,Treatment
2784,,,Cohort,,,
2784,,,,Prospective,,
2785,Randomized,,,,,
2785,,Parallel Assignment,,,,
2785,,,,,"Quadruple (Participant, Care Provider, Investigator, Outcomes Assessor)",
2785,,,,,,Treatment
2786,Randomized,,,,,
2786,,Parallel Assignment,,,,
2786,,,,,"Triple (Participant, Care Provider, Investigator)",
2786,,,,,,Other
2787,,,Cohort,,,
2787,,,,Prospective,,
2788,Randomized,,,,,
2788,,Parallel Assignment,,,,
2788,,,,,None (Open Label),
2788,,,,,,Treatment
2789,Randomized,,,,,
2789,,Parallel Assignment,,,,
2789,,,,,None (Open Label),
2789,,,,,,Treatment
2790,Randomized,,,,,
2790,,Parallel Assignment,,,,
2790,,,,,"Double (Participant, Outcomes Assessor)",
2790,,,,,,Prevention
2791,Randomized,,,,,
2791,,Parallel Assignment,,,,
2791,,,,,"Quadruple (Participant, Care Provider, Investigator, Outcomes Assessor)",
2791,,,,,,Treatment
2792,,,Case-Only,,,
2792,,,,Retrospective,,
2793,Randomized,,,,,
2793,,Parallel Assignment,,,,
2793,,,,,"Quadruple (Participant, Care Provider, Investigator, Outcomes Assessor)",
2793,,,,,,Other
2794,Non-Randomized,,,,,
2794,,Single Group Assignment,,,,
2794,,,,,None (Open Label),
2794,,,,,,Prevention
2795,,,Case-Control,,,
2795,,,,Retrospective,,
2796,Randomized,,,,,
2796,,Parallel Assignment,,,,
2796,,,,,None (Open Label),
2796,,,,,,Treatment
2797,,,Cohort,,,
2797,,,,Prospective,,
2798,Randomized,,,,,
2798,,Parallel Assignment,,,,
2798,,,,,None (Open Label),
2798,,,,,,Supportive Care
2799,,,Cohort,,,
2799,,,,Prospective,,
2800,,,Cohort,,,
2800,,,,Prospective,,
2801,Randomized,,,,,
2801,,Parallel Assignment,,,,
2801,,,,,"Double (Investigator, Outcomes Assessor)",
2801,,,,,,Treatment
2802,Non-Randomized,,,,,
2802,,Sequential Assignment,,,,
2802,,,,,None (Open Label),
2802,,,,,,Treatment
2803,Randomized,,,,,
2803,,Parallel Assignment,,,,
2803,,,,,"Double (Participant, Care Provider)",
2803,,,,,,Treatment
2804,,,Case-Only,,,
2804,,,,Other,,
2805,Randomized,,,,,
2805,,Parallel Assignment,,,,
2805,,,,,"Double (Participant, Investigator)",
2805,,,,,,Treatment
2806,Randomized,,,,,
2806,,Parallel Assignment,,,,
2806,,,,,"Triple (Participant, Care Provider, Investigator)",
2806,,,,,,Treatment
2807,Non-Randomized,,,,,
2807,,Crossover Assignment,,,,
2807,,,,,None (Open Label),
2807,,,,,,Treatment
2808,Randomized,,,,,
2808,,Parallel Assignment,,,,
2808,,,,,None (Open Label),
2808,,,,,,Treatment
2809,Randomized,,,,,
2809,,Single Group Assignment,,,,
2809,,,,,None (Open Label),
2809,,,,,,Treatment
2810,,,Case-Control,,,
2810,,,,Prospective,,
2811,Randomized,,,,,
2811,,Parallel Assignment,,,,
2811,,,,,"Double (Participant, Investigator)",
2811,,,,,,Prevention
2812,,,Other,,,
2812,,,,Prospective,,
2813,Randomized,,,,,
2813,,Parallel Assignment,,,,
2813,,,,,"Double (Participant, Investigator)",
2813,,,,,,Treatment
2814,,,Cohort,,,
2814,,,,Prospective,,
2815,Randomized,,,,,
2815,,Parallel Assignment,,,,
2815,,,,,"Triple (Participant, Investigator, Outcomes Assessor)",
2815,,,,,,Treatment
2816,,,Cohort,,,
2816,,,,Prospective,,
2817,N/A,,,,,
2817,,Single Group Assignment,,,,
2817,,,,,None (Open Label),
2817,,,,,,Diagnostic
2818,Randomized,,,,,
2818,,Parallel Assignment,,,,
2818,,,,,"Double (Participant, Investigator)",
2818,,,,,,Treatment
2819,,,Cohort,,,
2819,,,,Prospective,,
2820,Randomized,,,,,
2820,,Parallel Assignment,,,,
2820,,,,,Single (Outcomes Assessor),
2820,,,,,,Treatment
2821,,,Case-Only,,,
2821,,,,Prospective,,
2822,Randomized,,,,,
2822,,Parallel Assignment,,,,
2822,,,,,Single (Outcomes Assessor),
2822,,,,,,Treatment
2823,Randomized,,,,,
2823,,Sequential Assignment,,,,
2823,,,,,"Quadruple (Participant, Care Provider, Investigator, Outcomes Assessor)",
2823,,,,,,Treatment
2824,Randomized,,,,,
2824,,Parallel Assignment,,,,
2824,,,,,None (Open Label),
2824,,,,,,Treatment
2825,,,Cohort,,,
2825,,,,Prospective,,
2826,Randomized,,,,,
2826,,Parallel Assignment,,,,
2826,,,,,None (Open Label),
2826,,,,,,Treatment
2827,Randomized,,,,,
2827,,Parallel Assignment,,,,
2827,,,,,"Quadruple (Participant, Care Provider, Investigator, Outcomes Assessor)",
2827,,,,,,Prevention
2828,Randomized,,,,,
2828,,Parallel Assignment,,,,
2828,,,,,None (Open Label),
2828,,,,,,Prevention
2829,Randomized,,,,,
2829,,Parallel Assignment,,,,
2829,,,,,None (Open Label),
2829,,,,,,Prevention
2830,Randomized,,,,,
2830,,Parallel Assignment,,,,
2830,,,,,None (Open Label),
2830,,,,,,Treatment
2831,,,Cohort,,,
2831,,,,Prospective,,
2832,Non-Randomized,,,,,
2832,,Parallel Assignment,,,,
2832,,,,,None (Open Label),
2832,,,,,,Treatment
2833,,,Cohort,,,
2833,,,,Prospective,,
2834,,,Case-Only,,,
2834,,,,Prospective,,
2835,N/A,,,,,
2835,,Single Group Assignment,,,,
2835,,,,,None (Open Label),
2835,,,,,,Treatment
2836,,,Cohort,,,
2836,,,,Retrospective,,
2837,Non-Randomized,,,,,
2837,,Parallel Assignment,,,,
2837,,,,,None (Open Label),
2837,,,,,,Prevention
2838,Randomized,,,,,
2838,,Parallel Assignment,,,,
2838,,,,,"Double (Participant, Outcomes Assessor)",
2838,,,,,,Prevention
2839,,,Ecologic or Community,,,
2839,,,,Prospective,,
2840,Randomized,,,,,
2840,,Parallel Assignment,,,,
2840,,,,,None (Open Label),
2840,,,,,,Prevention
2841,N/A,,,,,
2841,,Single Group Assignment,,,,
2841,,,,,None (Open Label),
2841,,,,,,Treatment
2842,Randomized,,,,,
2842,,Parallel Assignment,,,,
2842,,,,,None (Open Label),
2842,,,,,,Other
2843,,,Case-Only,,,
2843,,,,Prospective,,
2844,,,Ecologic or Community,,,
2844,,,,Cross-Sectional,,
2845,,,Cohort,,,
2845,,,,Prospective,,
2846,Randomized,,,,,
2846,,Parallel Assignment,,,,
2846,,,,,Single (Outcomes Assessor),
2846,,,,,,Health Services Research
2847,Randomized,,,,,
2847,,Parallel Assignment,,,,
2847,,,,,"Double (Investigator, Outcomes Assessor)",
2847,,,,,,Treatment
2848,Randomized,,,,,
2848,,Parallel Assignment,,,,
2848,,,,,"Triple (Participant, Investigator, Outcomes Assessor)",
2848,,,,,,Treatment
2849,,,Cohort,,,
2849,,,,Retrospective,,
2850,,,Other,,,
2850,,,,Retrospective,,
2851,,,Cohort,,,
2851,,,,Retrospective,,
2852,,,Case-Only,,,
2852,,,,Retrospective,,
2853,Randomized,,,,,
2853,,Parallel Assignment,,,,
2853,,,,,"Triple (Participant, Care Provider, Investigator)",
2853,,,,,,Prevention
2854,N/A,,,,,
2854,,Single Group Assignment,,,,
2854,,,,,None (Open Label),
2854,,,,,,Treatment
2855,Randomized,,,,,
2855,,Sequential Assignment,,,,
2855,,,,,"Double (Participant, Care Provider)",
2855,,,,,,Treatment
2856,Randomized,,,,,
2856,,Parallel Assignment,,,,
2856,,,,,"Quadruple (Participant, Care Provider, Investigator, Outcomes Assessor)",
2856,,,,,,Treatment
2857,Non-Randomized,,,,,
2857,,Parallel Assignment,,,,
2857,,,,,None (Open Label),
2857,,,,,,Treatment
2858,Randomized,,,,,
2858,,Parallel Assignment,,,,
2858,,,,,None (Open Label),
2858,,,,,,Treatment
2859,Randomized,,,,,
2859,,Parallel Assignment,,,,
2859,,,,,"Quadruple (Participant, Care Provider, Investigator, Outcomes Assessor)",
2859,,,,,,Treatment
2860,,,Case-Control,,,
2860,,,,Prospective,,
2861,,,Cohort,,,
2861,,,,Retrospective,,
2862,N/A,,,,,
2862,,Single Group Assignment,,,,
2862,,,,,None (Open Label),
2862,,,,,,Treatment
2863,Non-Randomized,,,,,
2863,,Parallel Assignment,,,,
2863,,,,,None (Open Label),
2863,,,,,,Diagnostic
2864,,,Cohort,,,
2864,,,,Retrospective,,
2865,Randomized,,,,,
2865,,Parallel Assignment,,,,
2865,,,,,None (Open Label),
2865,,,,,,Treatment
2866,Randomized,,,,,
2866,,Parallel Assignment,,,,
2866,,,,,None (Open Label),
2866,,,,,,Treatment
2867,Randomized,,,,,
2867,,Parallel Assignment,,,,
2867,,,,,None (Open Label),
2867,,,,,,Treatment
2868,Randomized,,,,,
2868,,Parallel Assignment,,,,
2868,,,,,"Double (Participant, Investigator)",
2868,,,,,,Treatment
2869,Randomized,,,,,
2869,,Parallel Assignment,,,,
2869,,,,,"Double (Participant, Investigator)",
2869,,,,,,Prevention
2870,Non-Randomized,,,,,
2870,,Parallel Assignment,,,,
2870,,,,,"Double (Investigator, Outcomes Assessor)",
2870,,,,,,Treatment
2871,Randomized,,,,,
2871,,Parallel Assignment,,,,
2871,,,,,None (Open Label),
2871,,,,,,Treatment
2872,Randomized,,,,,
2872,,Parallel Assignment,,,,
2872,,,,,None (Open Label),
2872,,,,,,Treatment
2873,N/A,,,,,
2873,,Single Group Assignment,,,,
2873,,,,,None (Open Label),
2873,,,,,,Prevention
2874,,,Other,,,
2874,,,,Cross-Sectional,,
2875,Randomized,,,,,
2875,,Parallel Assignment,,,,
2875,,,,,None (Open Label),
2875,,,,,,Treatment
2876,Randomized,,,,,
2876,,Parallel Assignment,,,,
2876,,,,,"Triple (Participant, Care Provider, Investigator)",
2876,,,,,,Treatment
2877,Randomized,,,,,
2877,,Parallel Assignment,,,,
2877,,,,,"Triple (Participant, Care Provider, Investigator)",
2877,,,,,,Treatment
2878,Randomized,,,,,
2878,,Parallel Assignment,,,,
2878,,,,,"Double (Participant, Outcomes Assessor)",
2878,,,,,,Treatment
2879,Randomized,,,,,
2879,,Parallel Assignment,,,,
2879,,,,,"Double (Participant, Investigator)",
2879,,,,,,Other
2880,N/A,,,,,
2880,,Single Group Assignment,,,,
2880,,,,,None (Open Label),
2880,,,,,,Diagnostic
2881,Randomized,,,,,
2881,,Parallel Assignment,,,,
2881,,,,,"Double (Participant, Investigator)",
2881,,,,,,Treatment
2882,Randomized,,,,,
2882,,Parallel Assignment,,,,
2882,,,,,"Double (Participant, Investigator)",
2882,,,,,,Treatment
2883,,,Cohort,,,
2883,,,,Prospective,,
2884,,,Case-Only,,,
2884,,,,Prospective,,
2885,,,Case-Crossover,,,
2885,,,,Cross-Sectional,,
2886,Randomized,,,,,
2886,,Parallel Assignment,,,,
2886,,,,,None (Open Label),
2886,,,,,,Health Services Research
2887,Randomized,,,,,
2887,,Parallel Assignment,,,,
2887,,,,,Single (Participant),
2887,,,,,,Treatment
2888,Randomized,,,,,
2888,,Parallel Assignment,,,,
2888,,,,,"Double (Participant, Investigator)",
2888,,,,,,Treatment
2889,,,Case-Only,,,
2889,,,,Prospective,,
2890,Randomized,,,,,
2890,,Parallel Assignment,,,,
2890,,,,,"Triple (Participant, Care Provider, Investigator)",
2890,,,,,,Prevention
2891,Randomized,,,,,
2891,,Parallel Assignment,,,,
2891,,,,,None (Open Label),
2891,,,,,,Treatment
2892,,,Case-Control,,,
2892,,,,Prospective,,
2893,Randomized,,,,,
2893,,Single Group Assignment,,,,
2893,,,,,"Quadruple (Participant, Care Provider, Investigator, Outcomes Assessor)",
2893,,,,,,Treatment
2894,,,Cohort,,,
2894,,,,Cross-Sectional,,
2895,,,Cohort,,,
2895,,,,Prospective,,
2896,Randomized,,,,,
2896,,Parallel Assignment,,,,
2896,,,,,None (Open Label),
2896,,,,,,Treatment
2897,Randomized,,,,,
2897,,Parallel Assignment,,,,
2897,,,,,"Double (Participant, Care Provider)",
2897,,,,,,Treatment
2898,,,Cohort,,,
2898,,,,Prospective,,
2899,,,Case-Control,,,
2899,,,,Prospective,,
2900,,,Case-Only,,,
2900,,,,Cross-Sectional,,
2901,,,Cohort,,,
2901,,,,Prospective,,
2902,Randomized,,,,,
2902,,Parallel Assignment,,,,
2902,,,,,None (Open Label),
2902,,,,,,Treatment
2903,,,Cohort,,,
2903,,,,Cross-Sectional,,
2904,,,Cohort,,,
2904,,,,Prospective,,
2905,,,Other,,,
2905,,,,Prospective,,
2906,Randomized,,,,,
2906,,Parallel Assignment,,,,
2906,,,,,"Double (Investigator, Outcomes Assessor)",
2906,,,,,,Treatment
2907,,,Cohort,,,
2907,,,,Prospective,,
2908,,,Cohort,,,
2908,,,,Other,,
2909,,,Ecologic or Community,,,
2909,,,,Prospective,,
2910,N/A,,,,,
2910,,Single Group Assignment,,,,
2910,,,,,None (Open Label),
2910,,,,,,Treatment
2911,Randomized,,,,,
2911,,Parallel Assignment,,,,
2911,,,,,Single (Outcomes Assessor),
2911,,,,,,Treatment
2912,Randomized,,,,,
2912,,Parallel Assignment,,,,
2912,,,,,"Double (Participant, Outcomes Assessor)",
2912,,,,,,Treatment
2913,Randomized,,,,,
2913,,Factorial Assignment,,,,
2913,,,,,Single (Outcomes Assessor),
2913,,,,,,Treatment
2914,Randomized,,,,,
2914,,Parallel Assignment,,,,
2914,,,,,None (Open Label),
2914,,,,,,Other
2915,Randomized,,,,,
2915,,Parallel Assignment,,,,
2915,,,,,"Double (Participant, Care Provider)",
2915,,,,,,Prevention
2916,,,Cohort,,,
2916,,,,Prospective,,
2917,,,Cohort,,,
2917,,,,Prospective,,
2918,,,Cohort,,,
2918,,,,Prospective,,
2919,Randomized,,,,,
2919,,Parallel Assignment,,,,
2919,,,,,None (Open Label),
2919,,,,,,Treatment
2920,Randomized,,,,,
2920,,Parallel Assignment,,,,
2920,,,,,"Double (Care Provider, Outcomes Assessor)",
2920,,,,,,Prevention
2921,,,Cohort,,,
2921,,,,Cross-Sectional,,
2922,N/A,,,,,
2922,,Single Group Assignment,,,,
2922,,,,,None (Open Label),
2922,,,,,,Diagnostic
2923,,,Cohort,,,
2923,,,,Cross-Sectional,,
2924,,,Cohort,,,
2924,,,,Prospective,,
2925,Randomized,,,,,
2925,,Parallel Assignment,,,,
2925,,,,,None (Open Label),
2925,,,,,,Treatment
2926,,,Cohort,,,
2926,,,,Prospective,,
2927,Randomized,,,,,
2927,,Factorial Assignment,,,,
2927,,,,,"Double (Participant, Outcomes Assessor)",
2927,,,,,,Treatment
2928,Randomized,,,,,
2928,,Parallel Assignment,,,,
2928,,,,,None (Open Label),
2928,,,,,,Treatment
2929,Randomized,,,,,
2929,,Parallel Assignment,,,,
2929,,,,,"Double (Participant, Investigator)",
2929,,,,,,Treatment
2930,,,Cohort,,,
2930,,,,Retrospective,,
2931,Randomized,,,,,
2931,,Parallel Assignment,,,,
2931,,,,,Single (Care Provider),
2931,,,,,,Treatment
2932,Randomized,,,,,
2932,,Parallel Assignment,,,,
2932,,,,,None (Open Label),
2932,,,,,,Treatment
2933,Randomized,,,,,
2933,,Parallel Assignment,,,,
2933,,,,,None (Open Label),
2933,,,,,,Treatment
2934,,,Cohort,,,
2934,,,,Cross-Sectional,,
2935,Randomized,,,,,
2935,,Parallel Assignment,,,,
2935,,,,,"Quadruple (Participant, Care Provider, Investigator, Outcomes Assessor)",
2935,,,,,,Treatment
2936,Non-Randomized,,,,,
2936,,Parallel Assignment,,,,
2936,,,,,None (Open Label),
2936,,,,,,Treatment
2937,,,Cohort,,,
2937,,,,Retrospective,,
2938,Randomized,,,,,
2938,,Parallel Assignment,,,,
2938,,,,,None (Open Label),
2938,,,,,,Treatment
2939,Randomized,,,,,
2939,,Parallel Assignment,,,,
2939,,,,,"Double (Participant, Investigator)",
2939,,,,,,Treatment
2940,,,Cohort,,,
2940,,,,Other,,
2941,Randomized,,,,,
2941,,Parallel Assignment,,,,
2941,,,,,Single (Outcomes Assessor),
2941,,,,,,Treatment
2942,Randomized,,,,,
2942,,Parallel Assignment,,,,
2942,,,,,None (Open Label),
2942,,,,,,Treatment
2943,Non-Randomized,,,,,
2943,,Parallel Assignment,,,,
2943,,,,,None (Open Label),
2943,,,,,,Basic Science
2944,,,Case-Only,,,
2944,,,,Cross-Sectional,,
2945,Randomized,,,,,
2945,,Parallel Assignment,,,,
2945,,,,,None (Open Label),
2945,,,,,,Other
2946,Randomized,,,,,
2946,,Parallel Assignment,,,,
2946,,,,,Single (Outcomes Assessor),
2946,,,,,,Prevention
2947,Randomized,,,,,
2947,,Parallel Assignment,,,,
2947,,,,,None (Open Label),
2947,,,,,,Supportive Care
2948,N/A,,,,,
2948,,Single Group Assignment,,,,
2948,,,,,None (Open Label),
2948,,,,,,Diagnostic
2949,,,Cohort,,,
2949,,,,Prospective,,
2950,Randomized,,,,,
2950,,Parallel Assignment,,,,
2950,,,,,"Triple (Participant, Care Provider, Investigator)",
2950,,,,,,Treatment
2951,Non-Randomized,,,,,
2951,,Parallel Assignment,,,,
2951,,,,,None (Open Label),
2951,,,,,,Diagnostic
2952,,,Case-Only,,,
2952,,,,Prospective,,
2953,Randomized,,,,,
2953,,Parallel Assignment,,,,
2953,,,,,"Quadruple (Participant, Care Provider, Investigator, Outcomes Assessor)",
2953,,,,,,Treatment
2954,Randomized,,,,,
2954,,Parallel Assignment,,,,
2954,,,,,"Quadruple (Participant, Care Provider, Investigator, Outcomes Assessor)",
2954,,,,,,Treatment
2955,Randomized,,,,,
2955,,Parallel Assignment,,,,
2955,,,,,None (Open Label),
2955,,,,,,Treatment
2956,Non-Randomized,,,,,
2956,,Parallel Assignment,,,,
2956,,,,,None (Open Label),
2956,,,,,,Treatment
2957,Randomized,,,,,
2957,,Parallel Assignment,,,,
2957,,,,,"Double (Participant, Investigator)",
2957,,,,,,Treatment
2958,Randomized,,,,,
2958,,Parallel Assignment,,,,
2958,,,,,None (Open Label),
2958,,,,,,Supportive Care
2959,Randomized,,,,,
2959,,Parallel Assignment,,,,
2959,,,,,None (Open Label),
2959,,,,,,Treatment
2960,Randomized,,,,,
2960,,Parallel Assignment,,,,
2960,,,,,"Triple (Participant, Investigator, Outcomes Assessor)",
2960,,,,,,Treatment
2961,Non-Randomized,,,,,
2961,,Parallel Assignment,,,,
2961,,,,,None (Open Label),
2961,,,,,,Treatment
2962,Randomized,,,,,
2962,,Parallel Assignment,,,,
2962,,,,,"Triple (Participant, Care Provider, Investigator)",
2962,,,,,,Prevention
2963,Randomized,,,,,
2963,,Parallel Assignment,,,,
2963,,,,,None (Open Label),
2963,,,,,,Treatment
2964,,,Cohort,,,
2964,,,,Retrospective,,
2965,Randomized,,,,,
2965,,Parallel Assignment,,,,
2965,,,,,"Double (Participant, Care Provider)",
2965,,,,,,Treatment
2966,,,Ecologic or Community,,,
2966,,,,Other,,
2967,Non-Randomized,,,,,
2967,,Sequential Assignment,,,,
2967,,,,,None (Open Label),
2967,,,,,,Treatment
2968,,,Other,,,
2968,,,,Other,,
2969,Randomized,,,,,
2969,,Parallel Assignment,,,,
2969,,,,,None (Open Label),
2969,,,,,,Treatment
2970,,,Cohort,,,
2970,,,,Prospective,,
2971,,,Cohort,,,
2971,,,,Retrospective,,
2972,,,Cohort,,,
2972,,,,Prospective,,
2973,,,Case-Control,,,
2973,,,,Retrospective,,
2974,Randomized,,,,,
2974,,Parallel Assignment,,,,
2974,,,,,"Triple (Participant, Care Provider, Investigator)",
2974,,,,,,Treatment
2975,,,Cohort,,,
2975,,,,Retrospective,,
2976,,,Cohort,,,
2976,,,,Other,,
2977,Randomized,,,,,
2977,,Parallel Assignment,,,,
2977,,,,,None (Open Label),
2977,,,,,,Treatment
2978,,,Ecologic or Community,,,
2978,,,,Cross-Sectional,,
2979,,,Cohort,,,
2979,,,,Prospective,,
2980,,,Cohort,,,
2980,,,,Retrospective,,
2981,,,Cohort,,,
2981,,,,Retrospective,,
2982,Randomized,,,,,
2982,,Parallel Assignment,,,,
2982,,,,,"Quadruple (Participant, Care Provider, Investigator, Outcomes Assessor)",
2982,,,,,,Prevention
2983,Randomized,,,,,
2983,,Parallel Assignment,,,,
2983,,,,,"Quadruple (Participant, Care Provider, Investigator, Outcomes Assessor)",
2983,,,,,,Treatment
2984,Randomized,,,,,
2984,,Parallel Assignment,,,,
2984,,,,,None (Open Label),
2984,,,,,,Treatment
2985,Randomized,,,,,
2985,,Parallel Assignment,,,,
2985,,,,,None (Open Label),
2985,,,,,,Treatment
2986,Randomized,,,,,
2986,,Parallel Assignment,,,,
2986,,,,,"Quadruple (Participant, Care Provider, Investigator, Outcomes Assessor)",
2986,,,,,,Prevention
2987,,,Other,,,
2987,,,,Prospective,,
2988,,,Cohort,,,
2988,,,,Prospective,,
2989,Randomized,,,,,
2989,,Parallel Assignment,,,,
2989,,,,,"Quadruple (Participant, Care Provider, Investigator, Outcomes Assessor)",
2989,,,,,,Prevention
2990,,,Cohort,,,
2990,,,,Prospective,,
2991,,,Cohort,,,
2991,,,,Prospective,,
2992,,,Cohort,,,
2992,,,,Prospective,,
2993,Randomized,,,,,
2993,,Parallel Assignment,,,,
2993,,,,,None (Open Label),
2993,,,,,,Treatment
2994,Randomized,,,,,
2994,,Parallel Assignment,,,,
2994,,,,,"Triple (Participant, Investigator, Outcomes Assessor)",
2994,,,,,,Treatment
2995,Non-Randomized,,,,,
2995,,Parallel Assignment,,,,
2995,,,,,Single (Outcomes Assessor),
2995,,,,,,Treatment
2996,Randomized,,,,,
2996,,Parallel Assignment,,,,
2996,,,,,None (Open Label),
2996,,,,,,Treatment
2997,Randomized,,,,,
2997,,Factorial Assignment,,,,
2997,,,,,"Quadruple (Participant, Care Provider, Investigator, Outcomes Assessor)",
2997,,,,,,Treatment
2998,Randomized,,,,,
2998,,Parallel Assignment,,,,
2998,,,,,"Quadruple (Participant, Care Provider, Investigator, Outcomes Assessor)",
2998,,,,,,Treatment
2999,Randomized,,,,,
2999,,Parallel Assignment,,,,
2999,,,,,None (Open Label),
2999,,,,,,Treatment
3000,Randomized,,,,,
3000,,Parallel Assignment,,,,
3000,,,,,None (Open Label),
3000,,,,,,Treatment
3001,Randomized,,,,,
3001,,Parallel Assignment,,,,
3001,,,,,None (Open Label),
3001,,,,,,Treatment
3002,Randomized,,,,,
3002,,Parallel Assignment,,,,
3002,,,,,"Quadruple (Participant, Care Provider, Investigator, Outcomes Assessor)",
3002,,,,,,Treatment
3003,N/A,,,,,
3003,,Single Group Assignment,,,,
3003,,,,,None (Open Label),
3003,,,,,,Treatment
3004,,,Cohort,,,
3004,,,,Prospective,,
3005,,,Case-Only,,,
3005,,,,Retrospective,,
3006,Randomized,,,,,
3006,,Parallel Assignment,,,,
3006,,,,,None (Open Label),
3006,,,,,,Treatment
3007,,,Cohort,,,
3007,,,,Cross-Sectional,,
3008,Randomized,,,,,
3008,,Parallel Assignment,,,,
3008,,,,,"Double (Participant, Investigator)",
3008,,,,,,Treatment
3009,,,Cohort,,,
3009,,,,Prospective,,
3010,Randomized,,,,,
3010,,Parallel Assignment,,,,
3010,,,,,"Quadruple (Participant, Care Provider, Investigator, Outcomes Assessor)",
3010,,,,,,Treatment
3011,,,Ecologic or Community,,,
3011,,,,Prospective,,
3012,Randomized,,,,,
3012,,Parallel Assignment,,,,
3012,,,,,"Double (Participant, Investigator)",
3012,,,,,,Treatment
3013,Randomized,,,,,
3013,,Parallel Assignment,,,,
3013,,,,,"Double (Participant, Investigator)",
3013,,,,,,Treatment
3014,,,Cohort,,,
3014,,,,Prospective,,
3015,,,Case-Crossover,,,
3015,,,,Cross-Sectional,,
3016,Randomized,,,,,
3016,,Parallel Assignment,,,,
3016,,,,,None (Open Label),
3016,,,,,,Screening
3017,Randomized,,,,,
3017,,Parallel Assignment,,,,
3017,,,,,"Triple (Participant, Care Provider, Investigator)",
3017,,,,,,Treatment
3018,,,Cohort,,,
3018,,,,Cross-Sectional,,
3019,Randomized,,,,,
3019,,Parallel Assignment,,,,
3019,,,,,"Double (Participant, Investigator)",
3019,,,,,,Treatment
3020,,,Cohort,,,
3020,,,,Retrospective,,
3021,Randomized,,,,,
3021,,Parallel Assignment,,,,
3021,,,,,"Double (Participant, Investigator)",
3021,,,,,,Treatment
3022,,,Cohort,,,
3022,,,,Prospective,,
3023,Randomized,,,,,
3023,,Crossover Assignment,,,,
3023,,,,,None (Open Label),
3023,,,,,,Treatment
3024,Randomized,,,,,
3024,,Parallel Assignment,,,,
3024,,,,,None (Open Label),
3024,,,,,,Treatment
3025,Randomized,,,,,
3025,,Factorial Assignment,,,,
3025,,,,,None (Open Label),
3025,,,,,,Treatment
3026,,,Ecologic or Community,,,
3026,,,,Cross-Sectional,,
3027,,,Cohort,,,
3027,,,,Prospective,,
3028,Randomized,,,,,
3028,,Parallel Assignment,,,,
3028,,,,,None (Open Label),
3028,,,,,,Treatment
3029,Randomized,,,,,
3029,,Parallel Assignment,,,,
3029,,,,,"Quadruple (Participant, Care Provider, Investigator, Outcomes Assessor)",
3029,,,,,,Treatment
3030,Randomized,,,,,
3030,,Parallel Assignment,,,,
3030,,,,,"Quadruple (Participant, Care Provider, Investigator, Outcomes Assessor)",
3030,,,,,,Treatment
3031,Randomized,,,,,
3031,,Parallel Assignment,,,,
3031,,,,,None (Open Label),
3031,,,,,,Treatment
3032,Randomized,,,,,
3032,,Parallel Assignment,,,,
3032,,,,,"Double (Participant, Investigator)",
3032,,,,,,Treatment
3033,Randomized,,,,,
3033,,Factorial Assignment,,,,
3033,,,,,"Double (Participant, Investigator)",
3033,,,,,,Health Services Research
3034,Randomized,,,,,
3034,,Parallel Assignment,,,,
3034,,,,,"Quadruple (Participant, Care Provider, Investigator, Outcomes Assessor)",
3034,,,,,,Treatment
3035,,,Cohort,,,
3035,,,,Prospective,,
3036,Randomized,,,,,
3036,,Parallel Assignment,,,,
3036,,,,,None (Open Label),
3036,,,,,,Treatment
3037,Randomized,,,,,
3037,,Parallel Assignment,,,,
3037,,,,,None (Open Label),
3037,,,,,,Treatment
3038,N/A,,,,,
3038,,Single Group Assignment,,,,
3038,,,,,None (Open Label),
3038,,,,,,Treatment
3039,,,Cohort,,,
3039,,,,Prospective,,
3040,,,Ecologic or Community,,,
3040,,,,Cross-Sectional,,
3041,,,Cohort,,,
3041,,,,Prospective,,
3042,,,Cohort,,,
3042,,,,Prospective,,
3043,Randomized,,,,,
3043,,Sequential Assignment,,,,
3043,,,,,"Triple (Participant, Care Provider, Investigator)",
3043,,,,,,Treatment
3044,,,Cohort,,,
3044,,,,Prospective,,
3045,Randomized,,,,,
3045,,Parallel Assignment,,,,
3045,,,,,"Double (Participant, Investigator)",
3045,,,,,,Prevention
3046,Randomized,,,,,
3046,,Parallel Assignment,,,,
3046,,,,,None (Open Label),
3046,,,,,,Treatment
3047,N/A,,,,,
3047,,Single Group Assignment,,,,
3047,,,,,None (Open Label),
3047,,,,,,Diagnostic
3048,Randomized,,,,,
3048,,Parallel Assignment,,,,
3048,,,,,"Double (Participant, Investigator)",
3048,,,,,,Treatment
3049,,,Cohort,,,
3049,,,,Prospective,,
3050,Randomized,,,,,
3050,,Single Group Assignment,,,,
3050,,,,,"Quadruple (Participant, Care Provider, Investigator, Outcomes Assessor)",
3050,,,,,,Treatment
3051,N/A,,,,,
3051,,Single Group Assignment,,,,
3051,,,,,None (Open Label),
3051,,,,,,Prevention
3052,,,Case-Only,,,
3052,,,,Cross-Sectional,,
3053,,,Cohort,,,
3053,,,,Prospective,,
3054,Randomized,,,,,
3054,,Parallel Assignment,,,,
3054,,,,,"Double (Participant, Care Provider)",
3054,,,,,,Treatment
3055,Randomized,,,,,
3055,,Sequential Assignment,,,,
3055,,,,,"Quadruple (Participant, Care Provider, Investigator, Outcomes Assessor)",
3055,,,,,,Treatment
3056,,,Cohort,,,
3056,,,,Prospective,,
3057,,,Cohort,,,
3057,,,,Retrospective,,
3058,,,Cohort,,,
3058,,,,Retrospective,,
3059,Randomized,,,,,
3059,,Parallel Assignment,,,,
3059,,,,,"Quadruple (Participant, Care Provider, Investigator, Outcomes Assessor)",
3059,,,,,,Treatment
3060,Randomized,,,,,
3060,,Parallel Assignment,,,,
3060,,,,,"Triple (Participant, Investigator, Outcomes Assessor)",
3060,,,,,,Treatment
3061,N/A,,,,,
3061,,Single Group Assignment,,,,
3061,,,,,None (Open Label),
3061,,,,,,Treatment
3062,Randomized,,,,,
3062,,Parallel Assignment,,,,
3062,,,,,None (Open Label),
3062,,,,,,Treatment
3063,Randomized,,,,,
3063,,Parallel Assignment,,,,
3063,,,,,"Double (Participant, Outcomes Assessor)",
3063,,,,,,Prevention
3064,,,Cohort,,,
3064,,,,Other,,
3065,,,Case-Only,,,
3065,,,,Cross-Sectional,,
3066,,,Cohort,,,
3066,,,,Prospective,,
3067,Randomized,,,,,
3067,,Parallel Assignment,,,,
3067,,,,,"Triple (Participant, Investigator, Outcomes Assessor)",
3067,,,,,,Other
3068,,,Cohort,,,
3068,,,,Prospective,,
3069,Randomized,,,,,
3069,,Parallel Assignment,,,,
3069,,,,,"Quadruple (Participant, Care Provider, Investigator, Outcomes Assessor)",
3069,,,,,,Prevention
3070,Randomized,,,,,
3070,,Parallel Assignment,,,,
3070,,,,,"Double (Participant, Investigator)",
3070,,,,,,Treatment
3071,,,Case-Only,,,
3071,,,,Cross-Sectional,,
3072,,,Cohort,,,
3072,,,,Retrospective,,
3073,,,Cohort,,,
3073,,,,Prospective,,
3074,Randomized,,,,,
3074,,Parallel Assignment,,,,
3074,,,,,None (Open Label),
3074,,,,,,Treatment
3075,,,Case-Only,,,
3075,,,,Prospective,,
3076,,,Cohort,,,
3076,,,,Prospective,,
3077,N/A,,,,,
3077,,Single Group Assignment,,,,
3077,,,,,None (Open Label),
3077,,,,,,Treatment
3078,Randomized,,,,,
3078,,Parallel Assignment,,,,
3078,,,,,None (Open Label),
3078,,,,,,Treatment
3079,Randomized,,,,,
3079,,Parallel Assignment,,,,
3079,,,,,None (Open Label),
3079,,,,,,Treatment
3080,Randomized,,,,,
3080,,Parallel Assignment,,,,
3080,,,,,"Quadruple (Participant, Care Provider, Investigator, Outcomes Assessor)",
3080,,,,,,Prevention
3081,,,Cohort,,,
3081,,,,Prospective,,
3082,Randomized,,,,,
3082,,Parallel Assignment,,,,
3082,,,,,"Quadruple (Participant, Care Provider, Investigator, Outcomes Assessor)",
3082,,,,,,Treatment
3083,,,Cohort,,,
3083,,,,Prospective,,
3084,Non-Randomized,,,,,
3084,,Parallel Assignment,,,,
3084,,,,,None (Open Label),
3084,,,,,,Prevention
3085,,,Cohort,,,
3085,,,,Prospective,,
3086,Randomized,,,,,
3086,,Parallel Assignment,,,,
3086,,,,,"Triple (Participant, Care Provider, Investigator)",
3086,,,,,,Treatment
3087,,,Cohort,,,
3087,,,,Prospective,,
3088,Randomized,,,,,
3088,,Parallel Assignment,,,,
3088,,,,,None (Open Label),
3088,,,,,,Treatment
3089,Randomized,,,,,
3089,,Parallel Assignment,,,,
3089,,,,,"Triple (Participant, Investigator, Outcomes Assessor)",
3089,,,,,,Treatment
3090,Randomized,,,,,
3090,,Parallel Assignment,,,,
3090,,,,,"Double (Participant, Care Provider)",
3090,,,,,,Treatment
3091,Randomized,,,,,
3091,,Parallel Assignment,,,,
3091,,,,,"Quadruple (Participant, Care Provider, Investigator, Outcomes Assessor)",
3091,,,,,,Prevention
3092,,,Cohort,,,
3092,,,,Prospective,,
3093,N/A,,,,,
3093,,Single Group Assignment,,,,
3093,,,,,None (Open Label),
3093,,,,,,Supportive Care
3094,Randomized,,,,,
3094,,Parallel Assignment,,,,
3094,,,,,"Quadruple (Participant, Care Provider, Investigator, Outcomes Assessor)",
3094,,,,,,Treatment
3095,Randomized,,,,,
3095,,Parallel Assignment,,,,
3095,,,,,None (Open Label),
3095,,,,,,Treatment
3096,Randomized,,,,,
3096,,Parallel Assignment,,,,
3096,,,,,"Quadruple (Participant, Care Provider, Investigator, Outcomes Assessor)",
3096,,,,,,Prevention
3097,N/A,,,,,
3097,,Single Group Assignment,,,,
3097,,,,,None (Open Label),
3097,,,,,,Diagnostic
3098,,,Cohort,,,
3098,,,,Retrospective,,
3099,Randomized,,,,,
3099,,Parallel Assignment,,,,
3099,,,,,"Double (Participant, Investigator)",
3099,,,,,,Treatment
3100,Randomized,,,,,
3100,,Parallel Assignment,,,,
3100,,,,,None (Open Label),
3100,,,,,,Treatment
3101,,,Cohort,,,
3101,,,,Prospective,,
3102,Randomized,,,,,
3102,,Parallel Assignment,,,,
3102,,,,,"Quadruple (Participant, Care Provider, Investigator, Outcomes Assessor)",
3102,,,,,,Treatment
3103,Randomized,,,,,
3103,,Parallel Assignment,,,,
3103,,,,,"Double (Participant, Care Provider)",
3103,,,,,,Treatment
3104,N/A,,,,,
3104,,Single Group Assignment,,,,
3104,,,,,None (Open Label),
3104,,,,,,Prevention
3105,Randomized,,,,,
3105,,Parallel Assignment,,,,
3105,,,,,"Triple (Participant, Care Provider, Investigator)",
3105,,,,,,Treatment
3106,,,Cohort,,,
3106,,,,Cross-Sectional,,
3107,,,Cohort,,,
3107,,,,Prospective,,
3108,Randomized,,,,,
3108,,Crossover Assignment,,,,
3108,,,,,"Double (Participant, Care Provider)",
3108,,,,,,Treatment
3109,,,Cohort,,,
3109,,,,Prospective,,
3110,,,Cohort,,,
3110,,,,Prospective,,
3111,,,Cohort,,,
3111,,,,Prospective,,
3112,,,Cohort,,,
3112,,,,Prospective,,
3113,,,Other,,,
3113,,,,Prospective,,
3114,,,Cohort,,,
3114,,,,Prospective,,
3115,,,Cohort,,,
3115,,,,Retrospective,,
3116,Randomized,,,,,
3116,,Parallel Assignment,,,,
3116,,,,,"Double (Participant, Investigator)",
3116,,,,,,Treatment
3117,Randomized,,,,,
3117,,Parallel Assignment,,,,
3117,,,,,None (Open Label),
3117,,,,,,Treatment
3118,,,Cohort,,,
3118,,,,Prospective,,
3119,Randomized,,,,,
3119,,Parallel Assignment,,,,
3119,,,,,None (Open Label),
3119,,,,,,Treatment
3120,Randomized,,,,,
3120,,Parallel Assignment,,,,
3120,,,,,"Triple (Participant, Care Provider, Investigator)",
3120,,,,,,Prevention
3121,Randomized,,,,,
3121,,Parallel Assignment,,,,
3121,,,,,"Triple (Participant, Investigator, Outcomes Assessor)",
3121,,,,,,Treatment
3122,,,Case-Only,,,
3122,,,,Prospective,,
3123,,,Case-Only,,,
3123,,,,Prospective,,
3124,N/A,,,,,
3124,,Single Group Assignment,,,,
3124,,,,,None (Open Label),
3124,,,,,,Supportive Care
3125,,,Cohort,,,
3125,,,,Prospective,,
3126,Randomized,,,,,
3126,,Parallel Assignment,,,,
3126,,,,,"Quadruple (Participant, Care Provider, Investigator, Outcomes Assessor)",
3126,,,,,,Treatment
3127,,,Case-Only,,,
3127,,,,Prospective,,
3128,,,Cohort,,,
3128,,,,Prospective,,
3129,Randomized,,,,,
3129,,Parallel Assignment,,,,
3129,,,,,"Triple (Participant, Investigator, Outcomes Assessor)",
3129,,,,,,Treatment
3130,Randomized,,,,,
3130,,Parallel Assignment,,,,
3130,,,,,"Quadruple (Participant, Care Provider, Investigator, Outcomes Assessor)",
3130,,,,,,Treatment
3131,Randomized,,,,,
3131,,Parallel Assignment,,,,
3131,,,,,None (Open Label),
3131,,,,,,Treatment
3132,Randomized,,,,,
3132,,Parallel Assignment,,,,
3132,,,,,"Quadruple (Participant, Care Provider, Investigator, Outcomes Assessor)",
3132,,,,,,Supportive Care
3133,,,Cohort,,,
3133,,,,Prospective,,
3134,Randomized,,,,,
3134,,Parallel Assignment,,,,
3134,,,,,None (Open Label),
3134,,,,,,Treatment
3135,Randomized,,,,,
3135,,Parallel Assignment,,,,
3135,,,,,"Double (Participant, Care Provider)",
3135,,,,,,Treatment
3136,Randomized,,,,,
3136,,Parallel Assignment,,,,
3136,,,,,Single (Outcomes Assessor),
3136,,,,,,Prevention
3137,N/A,,,,,
3137,,Single Group Assignment,,,,
3137,,,,,None (Open Label),
3137,,,,,,Other
3138,,,Cohort,,,
3138,,,,Prospective,,
3139,N/A,,,,,
3139,,Single Group Assignment,,,,
3139,,,,,None (Open Label),
3139,,,,,,Diagnostic
3140,N/A,,,,,
3140,,Single Group Assignment,,,,
3140,,,,,None (Open Label),
3140,,,,,,Diagnostic
3141,Randomized,,,,,
3141,,Crossover Assignment,,,,
3141,,,,,"Double (Investigator, Outcomes Assessor)",
3141,,,,,,Treatment
3142,Randomized,,,,,
3142,,Parallel Assignment,,,,
3142,,,,,None (Open Label),
3142,,,,,,Treatment
3143,Randomized,,,,,
3143,,Parallel Assignment,,,,
3143,,,,,"Triple (Participant, Care Provider, Investigator)",
3143,,,,,,Treatment
3144,N/A,,,,,
3144,,Single Group Assignment,,,,
3144,,,,,None (Open Label),
3144,,,,,,Diagnostic
3145,Randomized,,,,,
3145,,Parallel Assignment,,,,
3145,,,,,Single (Outcomes Assessor),
3145,,,,,,Treatment
3146,N/A,,,,,
3146,,Single Group Assignment,,,,
3146,,,,,None (Open Label),
3146,,,,,,Other
3147,,,Family-Based,,,
3147,,,,Cross-Sectional,,
3148,,,Case-Control,,,
3148,,,,Prospective,,
3149,,,Other,,,
3149,,,,Prospective,,
3150,,,Case-Control,,,
3150,,,,Prospective,,
3151,,,Cohort,,,
3151,,,,Prospective,,
3152,N/A,,,,,
3152,,Single Group Assignment,,,,
3152,,,,,None (Open Label),
3152,,,,,,Treatment
3153,Randomized,,,,,
3153,,Single Group Assignment,,,,
3153,,,,,None (Open Label),
3153,,,,,,Treatment
3154,Randomized,,,,,
3154,,Parallel Assignment,,,,
3154,,,,,None (Open Label),
3154,,,,,,Screening
3155,,,Ecologic or Community,,,
3155,,,,Cross-Sectional,,
3156,Randomized,,,,,
3156,,Sequential Assignment,,,,
3156,,,,,None (Open Label),
3156,,,,,,Prevention
3157,N/A,,,,,
3157,,Single Group Assignment,,,,
3157,,,,,None (Open Label),
3157,,,,,,Prevention
3158,N/A,,,,,
3158,,Single Group Assignment,,,,
3158,,,,,None (Open Label),
3158,,,,,,Treatment
3159,Randomized,,,,,
3159,,Sequential Assignment,,,,
3159,,,,,None (Open Label),
3159,,,,,,Prevention
3160,,,Cohort,,,
3160,,,,Prospective,,
3161,,,Cohort,,,
3161,,,,Prospective,,
3162,,,Other,,,
3162,,,,Cross-Sectional,,
3163,,,Cohort,,,
3163,,,,Prospective,,
3164,Randomized,,,,,
3164,,Parallel Assignment,,,,
3164,,,,,"Double (Participant, Investigator)",
3164,,,,,,Treatment
3165,Randomized,,,,,
3165,,Parallel Assignment,,,,
3165,,,,,Single (Participant),
3165,,,,,,Treatment
3166,,,Case-Control,,,
3166,,,,Prospective,,
3167,,,Other,,,
3167,,,,Other,,
3168,Randomized,,,,,
3168,,Factorial Assignment,,,,
3168,,,,,None (Open Label),
3168,,,,,,Treatment
3169,,,Cohort,,,
3169,,,,Prospective,,
3170,Randomized,,,,,
3170,,Parallel Assignment,,,,
3170,,,,,Single (Outcomes Assessor),
3170,,,,,,Prevention
3171,,,Cohort,,,
3171,,,,Prospective,,
3172,Randomized,,,,,
3172,,Parallel Assignment,,,,
3172,,,,,None (Open Label),
3172,,,,,,Treatment
3173,N/A,,,,,
3173,,Single Group Assignment,,,,
3173,,,,,None (Open Label),
3173,,,,,,Treatment
3174,,,Cohort,,,
3174,,,,Retrospective,,
3175,Randomized,,,,,
3175,,Parallel Assignment,,,,
3175,,,,,"Double (Participant, Investigator)",
3175,,,,,,Prevention
3176,Randomized,,,,,
3176,,Parallel Assignment,,,,
3176,,,,,None (Open Label),
3176,,,,,,Treatment
3177,Randomized,,,,,
3177,,Parallel Assignment,,,,
3177,,,,,None (Open Label),
3177,,,,,,Treatment
3178,,,Cohort,,,
3178,,,,Prospective,,
3179,Randomized,,,,,
3179,,Parallel Assignment,,,,
3179,,,,,None (Open Label),
3179,,,,,,Treatment
3180,Randomized,,,,,
3180,,Parallel Assignment,,,,
3180,,,,,None (Open Label),
3180,,,,,,Treatment
3181,Randomized,,,,,
3181,,Parallel Assignment,,,,
3181,,,,,None (Open Label),
3181,,,,,,Treatment
3182,,,Cohort,,,
3182,,,,Cross-Sectional,,
3183,Randomized,,,,,
3183,,Parallel Assignment,,,,
3183,,,,,"Quadruple (Participant, Care Provider, Investigator, Outcomes Assessor)",
3183,,,,,,Treatment
3184,Randomized,,,,,
3184,,Parallel Assignment,,,,
3184,,,,,Single (Outcomes Assessor),
3184,,,,,,Treatment
3185,Randomized,,,,,
3185,,Parallel Assignment,,,,
3185,,,,,"Double (Participant, Care Provider)",
3185,,,,,,Treatment
3186,N/A,,,,,
3186,,Single Group Assignment,,,,
3186,,,,,None (Open Label),
3186,,,,,,Treatment
3187,Randomized,,,,,
3187,,Parallel Assignment,,,,
3187,,,,,None (Open Label),
3187,,,,,,Treatment
3188,,,Other,,,
3188,,,,Other,,
3189,,,Other,,,
3189,,,,Prospective,,
3190,Non-Randomized,,,,,
3190,,Parallel Assignment,,,,
3190,,,,,Single (Outcomes Assessor),
3190,,,,,,Treatment
3191,N/A,,,,,
3191,,Single Group Assignment,,,,
3191,,,,,None (Open Label),
3191,,,,,,Treatment
3192,Randomized,,,,,
3192,,Parallel Assignment,,,,
3192,,,,,"Quadruple (Participant, Care Provider, Investigator, Outcomes Assessor)",
3192,,,,,,Prevention
3193,N/A,,,,,
3193,,Single Group Assignment,,,,
3193,,,,,None (Open Label),
3193,,,,,,Prevention
3194,Randomized,,,,,
3194,,Parallel Assignment,,,,
3194,,,,,"Quadruple (Participant, Care Provider, Investigator, Outcomes Assessor)",
3194,,,,,,Treatment
3195,N/A,,,,,
3195,,Single Group Assignment,,,,
3195,,,,,None (Open Label),
3195,,,,,,Treatment
3196,Randomized,,,,,
3196,,Parallel Assignment,,,,
3196,,,,,None (Open Label),
3196,,,,,,Treatment
3197,,,Cohort,,,
3197,,,,Retrospective,,
3198,,,Cohort,,,
3198,,,,Prospective,,
3199,N/A,,,,,
3199,,Single Group Assignment,,,,
3199,,,,,None (Open Label),
3199,,,,,,Diagnostic
3200,Randomized,,,,,
3200,,Parallel Assignment,,,,
3200,,,,,Single (Outcomes Assessor),
3200,,,,,,Treatment
3201,Randomized,,,,,
3201,,Parallel Assignment,,,,
3201,,,,,None (Open Label),
3201,,,,,,Treatment
3202,,,Cohort,,,
3202,,,,Retrospective,,
3203,Randomized,,,,,
3203,,Parallel Assignment,,,,
3203,,,,,"Quadruple (Participant, Care Provider, Investigator, Outcomes Assessor)",
3203,,,,,,Treatment
3204,Non-Randomized,,,,,
3204,,Parallel Assignment,,,,
3204,,,,,None (Open Label),
3204,,,,,,Treatment
3205,,,Cohort,,,
3205,,,,Prospective,,
3206,Randomized,,,,,
3206,,Parallel Assignment,,,,
3206,,,,,None (Open Label),
3206,,,,,,Treatment
3207,Randomized,,,,,
3207,,Single Group Assignment,,,,
3207,,,,,"Double (Participant, Investigator)",
3207,,,,,,Treatment
3208,Non-Randomized,,,,,
3208,,Parallel Assignment,,,,
3208,,,,,None (Open Label),
3208,,,,,,Diagnostic
3209,Randomized,,,,,
3209,,Parallel Assignment,,,,
3209,,,,,None (Open Label),
3209,,,,,,Treatment
3210,N/A,,,,,
3210,,Single Group Assignment,,,,
3210,,,,,None (Open Label),
3210,,,,,,Treatment
3211,,,Case-Only,,,
3211,,,,Retrospective,,
3212,,,Cohort,,,
3212,,,,Prospective,,
3213,Randomized,,,,,
3213,,Parallel Assignment,,,,
3213,,,,,"Quadruple (Participant, Care Provider, Investigator, Outcomes Assessor)",
3213,,,,,,Treatment
3214,,,Cohort,,,
3214,,,,Prospective,,
3215,,,Cohort,,,
3215,,,,Prospective,,
3216,,,Cohort,,,
3216,,,,Prospective,,
3217,Randomized,,,,,
3217,,Parallel Assignment,,,,
3217,,,,,"Double (Participant, Care Provider)",
3217,,,,,,Treatment
3218,,,Case-Only,,,
3218,,,,Prospective,,
3219,Randomized,,,,,
3219,,Parallel Assignment,,,,
3219,,,,,"Quadruple (Participant, Care Provider, Investigator, Outcomes Assessor)",
3219,,,,,,Prevention
3220,,,Cohort,,,
3220,,,,Other,,
3221,Randomized,,,,,
3221,,Parallel Assignment,,,,
3221,,,,,"Double (Participant, Care Provider)",
3221,,,,,,Treatment
3222,Randomized,,,,,
3222,,Parallel Assignment,,,,
3222,,,,,"Triple (Participant, Care Provider, Investigator)",
3222,,,,,,Treatment
3223,Randomized,,,,,
3223,,Parallel Assignment,,,,
3223,,,,,None (Open Label),
3223,,,,,,Treatment
3224,Randomized,,,,,
3224,,Parallel Assignment,,,,
3224,,,,,None (Open Label),
3224,,,,,,Supportive Care
3225,Randomized,,,,,
3225,,Parallel Assignment,,,,
3225,,,,,"Quadruple (Participant, Care Provider, Investigator, Outcomes Assessor)",
3225,,,,,,Treatment
3226,Non-Randomized,,,,,
3226,,Parallel Assignment,,,,
3226,,,,,None (Open Label),
3226,,,,,,Diagnostic
3227,,,Other,,,
3227,,,,Cross-Sectional,,
3228,,,Cohort,,,
3228,,,,Retrospective,,
3229,Randomized,,,,,
3229,,Parallel Assignment,,,,
3229,,,,,"Double (Participant, Outcomes Assessor)",
3229,,,,,,Treatment
3230,Randomized,,,,,
3230,,Parallel Assignment,,,,
3230,,,,,"Double (Participant, Investigator)",
3230,,,,,,Treatment
3231,,,Case-Only,,,
3231,,,,Retrospective,,
3232,Randomized,,,,,
3232,,Parallel Assignment,,,,
3232,,,,,"Quadruple (Participant, Care Provider, Investigator, Outcomes Assessor)",
3232,,,,,,Prevention
3233,Randomized,,,,,
3233,,Parallel Assignment,,,,
3233,,,,,"Double (Participant, Care Provider)",
3233,,,,,,Treatment
3234,,,Cohort,,,
3234,,,,Prospective,,
3235,Randomized,,,,,
3235,,Parallel Assignment,,,,
3235,,,,,None (Open Label),
3235,,,,,,Treatment
3236,,,Family-Based,,,
3236,,,,Cross-Sectional,,
3237,,,Cohort,,,
3237,,,,Cross-Sectional,,
3238,,,Case-Control,,,
3238,,,,Retrospective,,
3239,,,Cohort,,,
3239,,,,Prospective,,
3240,N/A,,,,,
3240,,Single Group Assignment,,,,
3240,,,,,None (Open Label),
3240,,,,,,Prevention
3241,Non-Randomized,,,,,
3241,,Single Group Assignment,,,,
3241,,,,,None (Open Label),
3241,,,,,,Diagnostic
3242,Randomized,,,,,
3242,,Parallel Assignment,,,,
3242,,,,,"Double (Participant, Investigator)",
3242,,,,,,Treatment
3243,Randomized,,,,,
3243,,Parallel Assignment,,,,
3243,,,,,None (Open Label),
3243,,,,,,Treatment
3244,,,Cohort,,,
3244,,,,Prospective,,
3245,Randomized,,,,,
3245,,Parallel Assignment,,,,
3245,,,,,"Double (Investigator, Outcomes Assessor)",
3245,,,,,,Treatment
3246,,,Cohort,,,
3246,,,,Prospective,,
3247,Randomized,,,,,
3247,,Parallel Assignment,,,,
3247,,,,,None (Open Label),
3247,,,,,,Treatment
3248,Randomized,,,,,
3248,,Parallel Assignment,,,,
3248,,,,,"Quadruple (Participant, Care Provider, Investigator, Outcomes Assessor)",
3248,,,,,,Treatment
3249,,,Cohort,,,
3249,,,,Prospective,,
3250,Randomized,,,,,
3250,,Factorial Assignment,,,,
3250,,,,,None (Open Label),
3250,,,,,,Treatment
3251,Randomized,,,,,
3251,,Parallel Assignment,,,,
3251,,,,,"Quadruple (Participant, Care Provider, Investigator, Outcomes Assessor)",
3251,,,,,,Treatment
3252,Randomized,,,,,
3252,,Parallel Assignment,,,,
3252,,,,,"Double (Participant, Investigator)",
3252,,,,,,Treatment
3253,N/A,,,,,
3253,,Single Group Assignment,,,,
3253,,,,,None (Open Label),
3253,,,,,,Treatment
3254,Randomized,,,,,
3254,,Parallel Assignment,,,,
3254,,,,,None (Open Label),
3254,,,,,,Supportive Care
3255,,,Other,,,
3255,,,,Prospective,,
3256,Randomized,,,,,
3256,,Sequential Assignment,,,,
3256,,,,,"Double (Participant, Investigator)",
3256,,,,,,Prevention
3257,,,Cohort,,,
3257,,,,Prospective,,
3258,N/A,,,,,
3258,,Single Group Assignment,,,,
3258,,,,,None (Open Label),
3258,,,,,,Treatment
3259,Randomized,,,,,
3259,,Parallel Assignment,,,,
3259,,,,,"Double (Participant, Investigator)",
3259,,,,,,Treatment
3260,Randomized,,,,,
3260,,Parallel Assignment,,,,
3260,,,,,None (Open Label),
3260,,,,,,Health Services Research
3261,Randomized,,,,,
3261,,Sequential Assignment,,,,
3261,,,,,"Double (Participant, Investigator)",
3261,,,,,,Treatment
3262,,,Cohort,,,
3262,,,,Retrospective,,
3263,Non-Randomized,,,,,
3263,,Crossover Assignment,,,,
3263,,,,,None (Open Label),
3263,,,,,,Screening
3264,,,Cohort,,,
3264,,,,Prospective,,
3265,,,Cohort,,,
3265,,,,Prospective,,
3266,,,Cohort,,,
3266,,,,Prospective,,
3267,Randomized,,,,,
3267,,Parallel Assignment,,,,
3267,,,,,"Quadruple (Participant, Care Provider, Investigator, Outcomes Assessor)",
3267,,,,,,Prevention
3268,Randomized,,,,,
3268,,Sequential Assignment,,,,
3268,,,,,"Triple (Participant, Investigator, Outcomes Assessor)",
3268,,,,,,Prevention
3269,Randomized,,,,,
3269,,Parallel Assignment,,,,
3269,,,,,"Quadruple (Participant, Care Provider, Investigator, Outcomes Assessor)",
3269,,,,,,Treatment
3270,Randomized,,,,,
3270,,Parallel Assignment,,,,
3270,,,,,"Triple (Participant, Investigator, Outcomes Assessor)",
3270,,,,,,Treatment
3271,,,Case-Only,,,
3271,,,,Retrospective,,
3272,Randomized,,,,,
3272,,Parallel Assignment,,,,
3272,,,,,"Quadruple (Participant, Care Provider, Investigator, Outcomes Assessor)",
3272,,,,,,Treatment
3273,,,Cohort,,,
3273,,,,Prospective,,
3274,Randomized,,,,,
3274,,Parallel Assignment,,,,
3274,,,,,None (Open Label),
3274,,,,,,Treatment
3275,,,Cohort,,,
3275,,,,Prospective,,
3276,N/A,,,,,
3276,,Single Group Assignment,,,,
3276,,,,,None (Open Label),
3276,,,,,,Supportive Care
3277,,,Cohort,,,
3277,,,,Prospective,,
3278,,,Cohort,,,
3278,,,,Prospective,,
3279,,,Ecologic or Community,,,
3279,,,,Cross-Sectional,,
3280,Randomized,,,,,
3280,,Parallel Assignment,,,,
3280,,,,,None (Open Label),
3280,,,,,,Treatment
3281,,,Cohort,,,
3281,,,,Prospective,,
3282,Randomized,,,,,
3282,,Parallel Assignment,,,,
3282,,,,,"Double (Participant, Outcomes Assessor)",
3282,,,,,,Supportive Care
3283,N/A,,,,,
3283,,Single Group Assignment,,,,
3283,,,,,None (Open Label),
3283,,,,,,Supportive Care
3284,,,Other,,,
3284,,,,Cross-Sectional,,
3285,,,Cohort,,,
3285,,,,Cross-Sectional,,
3286,,,Cohort,,,
3286,,,,Prospective,,
3287,,,Cohort,,,
3287,,,,Other,,
3288,,,Cohort,,,
3288,,,,Prospective,,
3289,Randomized,,,,,
3289,,Single Group Assignment,,,,
3289,,,,,None (Open Label),
3289,,,,,,Treatment
3290,Randomized,,,,,
3290,,Parallel Assignment,,,,
3290,,,,,None (Open Label),
3290,,,,,,Treatment
3291,,,Case-Control,,,
3291,,,,Prospective,,
3292,,,Cohort,,,
3292,,,,Prospective,,
3293,Randomized,,,,,
3293,,Parallel Assignment,,,,
3293,,,,,None (Open Label),
3293,,,,,,Health Services Research
3294,,,Cohort,,,
3294,,,,Prospective,,
3296,,,Cohort,,,
3296,,,,Prospective,,
3297,,,Case-Control,,,
3297,,,,Prospective,,
3298,Randomized,,,,,
3298,,Parallel Assignment,,,,
3298,,,,,"Quadruple (Participant, Care Provider, Investigator, Outcomes Assessor)",
3298,,,,,,Treatment
3299,Randomized,,,,,
3299,,Parallel Assignment,,,,
3299,,,,,"Quadruple (Participant, Care Provider, Investigator, Outcomes Assessor)",
3299,,,,,,Treatment
3300,,,Cohort,,,
3300,,,,Prospective,,
3301,Randomized,,,,,
3301,,Parallel Assignment,,,,
3301,,,,,"Double (Participant, Care Provider)",
3301,,,,,,Treatment
3302,,,Case-Control,,,
3302,,,,Prospective,,
3303,Randomized,,,,,
3303,,Parallel Assignment,,,,
3303,,,,,None (Open Label),
3303,,,,,,Treatment
3304,Randomized,,,,,
3304,,Parallel Assignment,,,,
3304,,,,,"Quadruple (Participant, Care Provider, Investigator, Outcomes Assessor)",
3304,,,,,,Treatment
3305,Randomized,,,,,
3305,,Parallel Assignment,,,,
3305,,,,,None (Open Label),
3305,,,,,,Treatment
3306,Randomized,,,,,
3306,,Parallel Assignment,,,,
3306,,,,,None (Open Label),
3306,,,,,,Treatment
3307,Randomized,,,,,
3307,,Parallel Assignment,,,,
3307,,,,,None (Open Label),
3307,,,,,,Prevention
3308,Randomized,,,,,
3308,,Parallel Assignment,,,,
3308,,,,,Single (Outcomes Assessor),
3308,,,,,,Supportive Care
3309,Randomized,,,,,
3309,,Single Group Assignment,,,,
3309,,,,,None (Open Label),
3309,,,,,,Treatment
3310,Non-Randomized,,,,,
3310,,Parallel Assignment,,,,
3310,,,,,None (Open Label),
3310,,,,,,Treatment
3311,N/A,,,,,
3311,,Single Group Assignment,,,,
3311,,,,,None (Open Label),
3311,,,,,,Supportive Care
3312,N/A,,,,,
3312,,Single Group Assignment,,,,
3312,,,,,None (Open Label),
3312,,,,,,Treatment
3313,,,Cohort,,,
3313,,,,Prospective,,
3314,,,Cohort,,,
3314,,,,Prospective,,
3315,,,Other,,,
3315,,,,Other,,
3316,Randomized,,,,,
3316,,Parallel Assignment,,,,
3316,,,,,Single (Outcomes Assessor),
3316,,,,,,Treatment
3317,Randomized,,,,,
3317,,Parallel Assignment,,,,
3317,,,,,"Double (Participant, Investigator)",
3317,,,,,,Treatment
3318,Randomized,,,,,
3318,,Parallel Assignment,,,,
3318,,,,,None (Open Label),
3318,,,,,,Treatment
3319,Randomized,,,,,
3319,,Parallel Assignment,,,,
3319,,,,,None (Open Label),
3319,,,,,,Supportive Care
3320,,,Cohort,,,
3320,,,,Retrospective,,
3321,Randomized,,,,,
3321,,Parallel Assignment,,,,
3321,,,,,"Double (Participant, Care Provider)",
3321,,,,,,Treatment
3322,N/A,,,,,
3322,,Single Group Assignment,,,,
3322,,,,,None (Open Label),
3322,,,,,,Treatment
3323,,,Other,,,
3323,,,,Prospective,,
3324,Randomized,,,,,
3324,,Parallel Assignment,,,,
3324,,,,,None (Open Label),
3324,,,,,,Treatment
3325,,,Cohort,,,
3325,,,,Other,,
3326,Randomized,,,,,
3326,,Parallel Assignment,,,,
3326,,,,,"Double (Participant, Investigator)",
3326,,,,,,Treatment
3327,,,Ecologic or Community,,,
3327,,,,Cross-Sectional,,
3328,,,Cohort,,,
3328,,,,Prospective,,
3329,Randomized,,,,,
3329,,Crossover Assignment,,,,
3329,,,,,None (Open Label),
3329,,,,,,Treatment
3330,,,Cohort,,,
3330,,,,Prospective,,
3331,Randomized,,,,,
3331,,Parallel Assignment,,,,
3331,,,,,None (Open Label),
3331,,,,,,Treatment
3332,,,Cohort,,,
3332,,,,Prospective,,
3333,Randomized,,,,,
3333,,Parallel Assignment,,,,
3333,,,,,"Double (Participant, Investigator)",
3333,,,,,,Treatment
3334,Randomized,,,,,
3334,,Parallel Assignment,,,,
3334,,,,,Single (Outcomes Assessor),
3334,,,,,,Treatment
3335,Non-Randomized,,,,,
3335,,Parallel Assignment,,,,
3335,,,,,None (Open Label),
3335,,,,,,Prevention
3336,,,Cohort,,,
3336,,,,Retrospective,,
3337,N/A,,,,,
3337,,Single Group Assignment,,,,
3337,,,,,None (Open Label),
3337,,,,,,Other
3338,Randomized,,,,,
3338,,Parallel Assignment,,,,
3338,,,,,"Double (Investigator, Outcomes Assessor)",
3338,,,,,,Treatment
3339,Randomized,,,,,
3339,,Parallel Assignment,,,,
3339,,,,,"Quadruple (Participant, Care Provider, Investigator, Outcomes Assessor)",
3339,,,,,,Treatment
3340,Randomized,,,,,
3340,,Single Group Assignment,,,,
3340,,,,,"Quadruple (Participant, Care Provider, Investigator, Outcomes Assessor)",
3340,,,,,,Treatment
3341,Non-Randomized,,,,,
3341,,Sequential Assignment,,,,
3341,,,,,None (Open Label),
3341,,,,,,Prevention
3342,,,Case-Only,,,
3342,,,,Cross-Sectional,,
3343,,,Cohort,,,
3343,,,,Prospective,,
3344,,,Cohort,,,
3344,,,,Prospective,,
3345,,,Cohort,,,
3345,,,,Cross-Sectional,,
3346,Randomized,,,,,
3346,,Parallel Assignment,,,,
3346,,,,,None (Open Label),
3346,,,,,,Treatment
3347,Randomized,,,,,
3347,,Parallel Assignment,,,,
3347,,,,,"Double (Participant, Investigator)",
3347,,,,,,Prevention
3348,,,Cohort,,,
3348,,,,Prospective,,
3349,Randomized,,,,,
3349,,Parallel Assignment,,,,
3349,,,,,None (Open Label),
3349,,,,,,Treatment
3350,,,Other,,,
3350,,,,Retrospective,,
3351,Randomized,,,,,
3351,,Parallel Assignment,,,,
3351,,,,,"Quadruple (Participant, Care Provider, Investigator, Outcomes Assessor)",
3351,,,,,,Treatment
3352,Randomized,,,,,
3352,,Crossover Assignment,,,,
3352,,,,,"Triple (Participant, Care Provider, Investigator)",
3352,,,,,,Treatment
3353,Randomized,,,,,
3353,,Parallel Assignment,,,,
3353,,,,,"Quadruple (Participant, Care Provider, Investigator, Outcomes Assessor)",
3353,,,,,,Prevention
3354,Randomized,,,,,
3354,,Parallel Assignment,,,,
3354,,,,,"Triple (Participant, Care Provider, Investigator)",
3354,,,,,,Treatment
3355,Randomized,,,,,
3355,,Parallel Assignment,,,,
3355,,,,,"Quadruple (Participant, Care Provider, Investigator, Outcomes Assessor)",
3355,,,,,,Treatment
3356,Randomized,,,,,
3356,,Parallel Assignment,,,,
3356,,,,,"Quadruple (Participant, Care Provider, Investigator, Outcomes Assessor)",
3356,,,,,,Treatment
3357,Randomized,,,,,
3357,,Parallel Assignment,,,,
3357,,,,,"Double (Participant, Care Provider)",
3357,,,,,,Treatment
3358,Randomized,,,,,
3358,,Sequential Assignment,,,,
3358,,,,,"Triple (Participant, Care Provider, Investigator)",
3358,,,,,,Treatment
3359,Randomized,,,,,
3359,,Sequential Assignment,,,,
3359,,,,,"Double (Participant, Investigator)",
3359,,,,,,Prevention
3360,Randomized,,,,,
3360,,Parallel Assignment,,,,
3360,,,,,"Quadruple (Participant, Care Provider, Investigator, Outcomes Assessor)",
3360,,,,,,Treatment
3361,,,Ecologic or Community,,,
3361,,,,Prospective,,
3362,,,Cohort,,,
3362,,,,Prospective,,
3363,,,Other,,,
3363,,,,Prospective,,
3364,N/A,,,,,
3364,,Single Group Assignment,,,,
3364,,,,,None (Open Label),
3364,,,,,,Other
3365,Randomized,,,,,
3365,,Parallel Assignment,,,,
3365,,,,,"Triple (Participant, Care Provider, Investigator)",
3365,,,,,,Prevention
3366,,,Case-Control,,,
3366,,,,Retrospective,,
3367,Randomized,,,,,
3367,,Factorial Assignment,,,,
3367,,,,,None (Open Label),
3367,,,,,,Treatment
3368,Randomized,,,,,
3368,,Parallel Assignment,,,,
3368,,,,,None (Open Label),
3368,,,,,,Treatment
3369,,,Cohort,,,
3369,,,,Prospective,,
3370,Randomized,,,,,
3370,,Parallel Assignment,,,,
3370,,,,,Single (Outcomes Assessor),
3370,,,,,,Supportive Care
3371,,,Cohort,,,
3371,,,,Prospective,,
3372,,,Other,,,
3372,,,,Prospective,,
3373,,,Cohort,,,
3373,,,,Cross-Sectional,,
3374,,,Other,,,
3374,,,,Cross-Sectional,,
3375,Randomized,,,,,
3375,,Parallel Assignment,,,,
3375,,,,,"Quadruple (Participant, Care Provider, Investigator, Outcomes Assessor)",
3375,,,,,,Treatment
3376,Randomized,,,,,
3376,,Parallel Assignment,,,,
3376,,,,,None (Open Label),
3376,,,,,,Treatment
3377,,,Case-Only,,,
3377,,,,Prospective,,
3378,Randomized,,,,,
3378,,Parallel Assignment,,,,
3378,,,,,None (Open Label),
3378,,,,,,Treatment
3379,,,Cohort,,,
3379,,,,Cross-Sectional,,
3380,Randomized,,,,,
3380,,Parallel Assignment,,,,
3380,,,,,None (Open Label),
3380,,,,,,Treatment
3381,,,Cohort,,,
3381,,,,Prospective,,
3382,N/A,,,,,
3382,,Single Group Assignment,,,,
3382,,,,,None (Open Label),
3382,,,,,,Diagnostic
3383,Randomized,,,,,
3383,,Parallel Assignment,,,,
3383,,,,,"Double (Participant, Outcomes Assessor)",
3383,,,,,,Treatment
3384,Randomized,,,,,
3384,,Parallel Assignment,,,,
3384,,,,,"Quadruple (Participant, Care Provider, Investigator, Outcomes Assessor)",
3384,,,,,,Treatment
3385,,,Cohort,,,
3385,,,,Retrospective,,
3387,Randomized,,,,,
3387,,Parallel Assignment,,,,
3387,,,,,None (Open Label),
3387,,,,,,Prevention
3388,Non-Randomized,,,,,
3388,,Sequential Assignment,,,,
3388,,,,,None (Open Label),
3388,,,,,,Treatment
3389,Randomized,,,,,
3389,,Parallel Assignment,,,,
3389,,,,,None (Open Label),
3389,,,,,,Treatment
3390,,,Cohort,,,
3390,,,,Other,,
3391,Non-Randomized,,,,,
3391,,Sequential Assignment,,,,
3391,,,,,None (Open Label),
3391,,,,,,Treatment
3392,,,Other,,,
3392,,,,Prospective,,
3393,Randomized,,,,,
3393,,Sequential Assignment,,,,
3393,,,,,None (Open Label),
3393,,,,,,Treatment
3394,Non-Randomized,,,,,
3394,,Parallel Assignment,,,,
3394,,,,,None (Open Label),
3394,,,,,,Supportive Care
3395,Randomized,,,,,
3395,,Parallel Assignment,,,,
3395,,,,,Single (Participant),
3395,,,,,,Treatment
3396,,,Cohort,,,
3396,,,,Prospective,,
3397,Randomized,,,,,
3397,,Parallel Assignment,,,,
3397,,,,,Single (Outcomes Assessor),
3397,,,,,,Prevention
3398,Randomized,,,,,
3398,,Parallel Assignment,,,,
3398,,,,,"Double (Participant, Care Provider)",
3398,,,,,,Health Services Research
3399,,,Cohort,,,
3399,,,,Prospective,,
3400,,,Cohort,,,
3400,,,,Retrospective,,
3401,,,Cohort,,,
3401,,,,Other,,
3402,Randomized,,,,,
3402,,Parallel Assignment,,,,
3402,,,,,None (Open Label),
3402,,,,,,Health Services Research
3403,,,Other,,,
3403,,,,Retrospective,,
3404,Randomized,,,,,
3404,,Parallel Assignment,,,,
3404,,,,,Single (Outcomes Assessor),
3404,,,,,,Health Services Research
3405,,,Cohort,,,
3405,,,,Prospective,,
3406,,,Ecologic or Community,,,
3406,,,,Prospective,,
3407,Randomized,,,,,
3407,,Parallel Assignment,,,,
3407,,,,,"Quadruple (Participant, Care Provider, Investigator, Outcomes Assessor)",
3407,,,,,,Treatment
3408,Randomized,,,,,
3408,,Parallel Assignment,,,,
3408,,,,,"Quadruple (Participant, Care Provider, Investigator, Outcomes Assessor)",
3408,,,,,,Treatment
3409,Randomized,,,,,
3409,,Parallel Assignment,,,,
3409,,,,,"Double (Participant, Care Provider)",
3409,,,,,,Treatment
3410,,,Cohort,,,
3410,,,,Retrospective,,
3411,,,Cohort,,,
3411,,,,Other,,
3412,N/A,,,,,
3412,,Single Group Assignment,,,,
3412,,,,,None (Open Label),
3412,,,,,,Treatment
3413,Randomized,,,,,
3413,,Parallel Assignment,,,,
3413,,,,,"Double (Participant, Investigator)",
3413,,,,,,Treatment
3414,,,Cohort,,,
3414,,,,Prospective,,
3415,,,Case-Control,,,
3415,,,,Prospective,,
3416,Randomized,,,,,
3416,,Sequential Assignment,,,,
3416,,,,,None (Open Label),
3416,,,,,,Treatment
3417,,,Cohort,,,
3417,,,,Prospective,,
3418,,,Cohort,,,
3418,,,,Prospective,,
3419,Randomized,,,,,
3419,,Parallel Assignment,,,,
3419,,,,,"Double (Participant, Investigator)",
3419,,,,,,Treatment
3420,N/A,,,,,
3420,,Single Group Assignment,,,,
3420,,,,,None (Open Label),
3420,,,,,,Treatment
3421,,,Cohort,,,
3421,,,,Retrospective,,
3422,Randomized,,,,,
3422,,Parallel Assignment,,,,
3422,,,,,None (Open Label),
3422,,,,,,Treatment
3423,Randomized,,,,,
3423,,Parallel Assignment,,,,
3423,,,,,Single (Investigator),
3423,,,,,,Health Services Research
3424,Non-Randomized,,,,,
3424,,Sequential Assignment,,,,
3424,,,,,None (Open Label),
3424,,,,,,Prevention
3425,Randomized,,,,,
3425,,Crossover Assignment,,,,
3425,,,,,"Double (Participant, Investigator)",
3425,,,,,,Prevention
3426,Randomized,,,,,
3426,,Parallel Assignment,,,,
3426,,,,,None (Open Label),
3426,,,,,,Treatment
3427,Randomized,,,,,
3427,,Parallel Assignment,,,,
3427,,,,,Single (Outcomes Assessor),
3427,,,,,,Treatment
3428,Randomized,,,,,
3428,,Parallel Assignment,,,,
3428,,,,,"Quadruple (Participant, Care Provider, Investigator, Outcomes Assessor)",
3428,,,,,,Treatment
3429,Randomized,,,,,
3429,,Parallel Assignment,,,,
3429,,,,,None (Open Label),
3429,,,,,,Treatment
3430,Randomized,,,,,
3430,,Parallel Assignment,,,,
3430,,,,,"Quadruple (Participant, Care Provider, Investigator, Outcomes Assessor)",
3430,,,,,,Treatment
3431,Randomized,,,,,
3431,,Parallel Assignment,,,,
3431,,,,,"Quadruple (Participant, Care Provider, Investigator, Outcomes Assessor)",
3431,,,,,,Treatment
3432,,,Cohort,,,
3432,,,,Cross-Sectional,,
3433,Randomized,,,,,
3433,,Parallel Assignment,,,,
3433,,,,,"Quadruple (Participant, Care Provider, Investigator, Outcomes Assessor)",
3433,,,,,,Prevention
3434,Non-Randomized,,,,,
3434,,Single Group Assignment,,,,
3434,,,,,None (Open Label),
3434,,,,,,Treatment
3435,Randomized,,,,,
3435,,Parallel Assignment,,,,
3435,,,,,"Quadruple (Participant, Care Provider, Investigator, Outcomes Assessor)",
3435,,,,,,Treatment
3436,Randomized,,,,,
3436,,Parallel Assignment,,,,
3436,,,,,"Triple (Participant, Care Provider, Investigator)",
3436,,,,,,Treatment
3437,,,Cohort,,,
3437,,,,Prospective,,
3438,Randomized,,,,,
3438,,Parallel Assignment,,,,
3438,,,,,None (Open Label),
3438,,,,,,Treatment
3439,Randomized,,,,,
3439,,Parallel Assignment,,,,
3439,,,,,"Double (Participant, Investigator)",
3439,,,,,,Treatment
3440,,,Cohort,,,
3440,,,,Retrospective,,
3441,Non-Randomized,,,,,
3441,,Parallel Assignment,,,,
3441,,,,,None (Open Label),
3441,,,,,,Treatment
3442,Randomized,,,,,
3442,,Parallel Assignment,,,,
3442,,,,,"Double (Participant, Outcomes Assessor)",
3442,,,,,,Treatment
3443,Randomized,,,,,
3443,,Parallel Assignment,,,,
3443,,,,,"Double (Investigator, Outcomes Assessor)",
3443,,,,,,Treatment
3444,Randomized,,,,,
3444,,Parallel Assignment,,,,
3444,,,,,None (Open Label),
3444,,,,,,Treatment
3445,Randomized,,,,,
3445,,Parallel Assignment,,,,
3445,,,,,None (Open Label),
3445,,,,,,Treatment
3446,,,Ecologic or Community,,,
3446,,,,Prospective,,
3447,,,Cohort,,,
3447,,,,Retrospective,,
3448,Randomized,,,,,
3448,,Parallel Assignment,,,,
3448,,,,,"Quadruple (Participant, Care Provider, Investigator, Outcomes Assessor)",
3448,,,,,,Treatment
3449,,,Case-Only,,,
3449,,,,Prospective,,
3450,Randomized,,,,,
3450,,Parallel Assignment,,,,
3450,,,,,"Double (Participant, Investigator)",
3450,,,,,,Treatment
3451,Randomized,,,,,
3451,,Parallel Assignment,,,,
3451,,,,,None (Open Label),
3451,,,,,,Treatment
3452,,,Other,,,
3452,,,,Prospective,,
3453,Randomized,,,,,
3453,,Sequential Assignment,,,,
3453,,,,,"Quadruple (Participant, Care Provider, Investigator, Outcomes Assessor)",
3453,,,,,,Treatment
3454,Randomized,,,,,
3454,,Parallel Assignment,,,,
3454,,,,,"Triple (Participant, Care Provider, Investigator)",
3454,,,,,,Treatment
3455,Randomized,,,,,
3455,,Parallel Assignment,,,,
3455,,,,,Single (Outcomes Assessor),
3455,,,,,,Treatment
3456,Randomized,,,,,
3456,,Parallel Assignment,,,,
3456,,,,,"Quadruple (Participant, Care Provider, Investigator, Outcomes Assessor)",
3456,,,,,,Treatment
3457,N/A,,,,,
3457,,Single Group Assignment,,,,
3457,,,,,None (Open Label),
3457,,,,,,Treatment
3459,Randomized,,,,,
3459,,Parallel Assignment,,,,
3459,,,,,"Double (Participant, Investigator)",
3459,,,,,,Treatment
3460,N/A,,,,,
3460,,Single Group Assignment,,,,
3460,,,,,None (Open Label),
3460,,,,,,Prevention
3461,Randomized,,,,,
3461,,Parallel Assignment,,,,
3461,,,,,None (Open Label),
3461,,,,,,Treatment
3462,Non-Randomized,,,,,
3462,,Parallel Assignment,,,,
3462,,,,,None (Open Label),
3462,,,,,,Diagnostic
3463,Randomized,,,,,
3463,,Parallel Assignment,,,,
3463,,,,,Single (Participant),
3463,,,,,,Treatment
3464,Randomized,,,,,
3464,,Parallel Assignment,,,,
3464,,,,,None (Open Label),
3464,,,,,,Prevention
3465,Randomized,,,,,
3465,,Parallel Assignment,,,,
3465,,,,,None (Open Label),
3465,,,,,,Prevention
3466,Randomized,,,,,
3466,,Parallel Assignment,,,,
3466,,,,,None (Open Label),
3466,,,,,,Treatment
3467,Randomized,,,,,
3467,,Parallel Assignment,,,,
3467,,,,,Single (Outcomes Assessor),
3467,,,,,,Treatment
3468,Randomized,,,,,
3468,,Parallel Assignment,,,,
3468,,,,,None (Open Label),
3468,,,,,,Treatment
3469,N/A,,,,,
3469,,Single Group Assignment,,,,
3469,,,,,None (Open Label),
3469,,,,,,Treatment
3470,Randomized,,,,,
3470,,Parallel Assignment,,,,
3470,,,,,None (Open Label),
3470,,,,,,Health Services Research
3471,Randomized,,,,,
3471,,Parallel Assignment,,,,
3471,,,,,"Triple (Participant, Care Provider, Investigator)",
3471,,,,,,Treatment
3472,,,Case-Control,,,
3472,,,,Prospective,,
3473,Randomized,,,,,
3473,,Parallel Assignment,,,,
3473,,,,,"Double (Participant, Outcomes Assessor)",
3473,,,,,,Supportive Care
3474,Randomized,,,,,
3474,,Sequential Assignment,,,,
3474,,,,,None (Open Label),
3474,,,,,,Treatment
3475,Randomized,,,,,
3475,,Parallel Assignment,,,,
3475,,,,,"Double (Investigator, Outcomes Assessor)",
3475,,,,,,Treatment
3476,Randomized,,,,,
3476,,Parallel Assignment,,,,
3476,,,,,Single (Outcomes Assessor),
3476,,,,,,Treatment
3477,N/A,,,,,
3477,,Single Group Assignment,,,,
3477,,,,,None (Open Label),
3477,,,,,,Supportive Care
3478,Non-Randomized,,,,,
3478,,Parallel Assignment,,,,
3478,,,,,None (Open Label),
3478,,,,,,Other
3479,N/A,,,,,
3479,,Single Group Assignment,,,,
3479,,,,,None (Open Label),
3479,,,,,,Prevention
3480,,,Case-Only,,,
3480,,,,Prospective,,
3481,N/A,,,,,
3481,,Single Group Assignment,,,,
3481,,,,,None (Open Label),
3481,,,,,,Diagnostic
3482,N/A,,,,,
3482,,Single Group Assignment,,,,
3482,,,,,None (Open Label),
3482,,,,,,Supportive Care
3483,Randomized,,,,,
3483,,Parallel Assignment,,,,
3483,,,,,None (Open Label),
3483,,,,,,Treatment
3484,Randomized,,,,,
3484,,Parallel Assignment,,,,
3484,,,,,"Quadruple (Participant, Care Provider, Investigator, Outcomes Assessor)",
3484,,,,,,Treatment
3485,N/A,,,,,
3485,,Single Group Assignment,,,,
3485,,,,,None (Open Label),
3485,,,,,,Treatment
3486,N/A,,,,,
3486,,Single Group Assignment,,,,
3486,,,,,None (Open Label),
3486,,,,,,Treatment
3487,Randomized,,,,,
3487,,Parallel Assignment,,,,
3487,,,,,"Quadruple (Participant, Care Provider, Investigator, Outcomes Assessor)",
3487,,,,,,Supportive Care
3488,,,Cohort,,,
3488,,,,Prospective,,
3489,Randomized,,,,,
3489,,Parallel Assignment,,,,
3489,,,,,None (Open Label),
3489,,,,,,Treatment
3490,Randomized,,,,,
3490,,Parallel Assignment,,,,
3490,,,,,Single (Investigator),
3490,,,,,,Prevention
3491,,,Cohort,,,
3491,,,,Prospective,,
3492,Randomized,,,,,
3492,,Parallel Assignment,,,,
3492,,,,,None (Open Label),
3492,,,,,,Treatment
3493,Randomized,,,,,
3493,,Parallel Assignment,,,,
3493,,,,,"Quadruple (Participant, Care Provider, Investigator, Outcomes Assessor)",
3493,,,,,,Treatment
3494,Randomized,,,,,
3494,,Parallel Assignment,,,,
3494,,,,,None (Open Label),
3494,,,,,,Treatment
3495,Non-Randomized,,,,,
3495,,Parallel Assignment,,,,
3495,,,,,None (Open Label),
3495,,,,,,Treatment
3496,,,Cohort,,,
3496,,,,Prospective,,
3497,Randomized,,,,,
3497,,Parallel Assignment,,,,
3497,,,,,Single (Outcomes Assessor),
3497,,,,,,Treatment
3498,Non-Randomized,,,,,
3498,,Sequential Assignment,,,,
3498,,,,,None (Open Label),
3498,,,,,,Prevention
3499,,,Cohort,,,
3499,,,,Prospective,,
3500,Randomized,,,,,
3500,,Sequential Assignment,,,,
3500,,,,,"Quadruple (Participant, Care Provider, Investigator, Outcomes Assessor)",
3500,,,,,,Treatment
3501,,,Cohort,,,
3501,,,,Cross-Sectional,,
3502,Randomized,,,,,
3502,,Parallel Assignment,,,,
3502,,,,,"Quadruple (Participant, Care Provider, Investigator, Outcomes Assessor)",
3502,,,,,,Treatment
3503,N/A,,,,,
3503,,Single Group Assignment,,,,
3503,,,,,None (Open Label),
3503,,,,,,Diagnostic
3504,,,Cohort,,,
3504,,,,Prospective,,
3505,Randomized,,,,,
3505,,Parallel Assignment,,,,
3505,,,,,"Quadruple (Participant, Care Provider, Investigator, Outcomes Assessor)",
3505,,,,,,Prevention
3506,Randomized,,,,,
3506,,Parallel Assignment,,,,
3506,,,,,Single (Participant),
3506,,,,,,Other
3507,Randomized,,,,,
3507,,Parallel Assignment,,,,
3507,,,,,"Triple (Participant, Care Provider, Investigator)",
3507,,,,,,Treatment
3508,,,Cohort,,,
3508,,,,Prospective,,
3509,Randomized,,,,,
3509,,Parallel Assignment,,,,
3509,,,,,None (Open Label),
3509,,,,,,Treatment
3510,Randomized,,,,,
3510,,Parallel Assignment,,,,
3510,,,,,Single (Outcomes Assessor),
3510,,,,,,Treatment
3511,Randomized,,,,,
3511,,Parallel Assignment,,,,
3511,,,,,None (Open Label),
3511,,,,,,Treatment
3512,Randomized,,,,,
3512,,Parallel Assignment,,,,
3512,,,,,"Triple (Participant, Care Provider, Outcomes Assessor)",
3512,,,,,,Treatment
3513,Randomized,,,,,
3513,,Parallel Assignment,,,,
3513,,,,,None (Open Label),
3513,,,,,,Treatment
3514,Randomized,,,,,
3514,,Parallel Assignment,,,,
3514,,,,,"Triple (Participant, Care Provider, Outcomes Assessor)",
3514,,,,,,Treatment
3515,Randomized,,,,,
3515,,Parallel Assignment,,,,
3515,,,,,"Triple (Participant, Care Provider, Investigator)",
3515,,,,,,Treatment
3516,,,Cohort,,,
3516,,,,Prospective,,
3517,,,Ecologic or Community,,,
3517,,,,Cross-Sectional,,
3518,,,Cohort,,,
3518,,,,Cross-Sectional,,
3519,,,Case-Control,,,
3519,,,,Prospective,,
3520,N/A,,,,,
3520,,Single Group Assignment,,,,
3520,,,,,None (Open Label),
3520,,,,,,Device Feasibility
3521,Randomized,,,,,
3521,,Parallel Assignment,,,,
3521,,,,,"Quadruple (Participant, Care Provider, Investigator, Outcomes Assessor)",
3521,,,,,,Treatment
3522,Randomized,,,,,
3522,,Sequential Assignment,,,,
3522,,,,,Single (Participant),
3522,,,,,,Treatment
3523,Non-Randomized,,,,,
3523,,Parallel Assignment,,,,
3523,,,,,None (Open Label),
3523,,,,,,Other
3524,,,Case-Control,,,
3524,,,,Prospective,,
3525,,,Cohort,,,
3525,,,,Prospective,,
3526,Randomized,,,,,
3526,,Parallel Assignment,,,,
3526,,,,,"Double (Participant, Investigator)",
3526,,,,,,Treatment
3527,,,Cohort,,,
3527,,,,Prospective,,
3528,Non-Randomized,,,,,
3528,,Parallel Assignment,,,,
3528,,,,,None (Open Label),
3528,,,,,,Treatment
3529,N/A,,,,,
3529,,Single Group Assignment,,,,
3529,,,,,None (Open Label),
3529,,,,,,Treatment
3530,Randomized,,,,,
3530,,Parallel Assignment,,,,
3530,,,,,"Quadruple (Participant, Care Provider, Investigator, Outcomes Assessor)",
3530,,,,,,Treatment
3531,N/A,,,,,
3531,,Single Group Assignment,,,,
3531,,,,,None (Open Label),
3531,,,,,,Screening
3532,,,Case-Only,,,
3532,,,,Prospective,,
3533,,,Case-Control,,,
3533,,,,Cross-Sectional,,
3534,N/A,,,,,
3534,,Single Group Assignment,,,,
3534,,,,,None (Open Label),
3534,,,,,,Supportive Care
3535,,,Other,,,
3535,,,,Other,,
3536,,,Cohort,,,
3536,,,,Retrospective,,
3537,Randomized,,,,,
3537,,Parallel Assignment,,,,
3537,,,,,"Quadruple (Participant, Care Provider, Investigator, Outcomes Assessor)",
3537,,,,,,Treatment
3538,,,Cohort,,,
3538,,,,Cross-Sectional,,
3539,,,Case-Control,,,
3539,,,,Prospective,,
3540,Randomized,,,,,
3540,,Parallel Assignment,,,,
3540,,,,,"Triple (Participant, Care Provider, Investigator)",
3540,,,,,,Prevention
3541,Non-Randomized,,,,,
3541,,Parallel Assignment,,,,
3541,,,,,None (Open Label),
3541,,,,,,Treatment
3542,,,Cohort,,,
3542,,,,Prospective,,
3543,Randomized,,,,,
3543,,Parallel Assignment,,,,
3543,,,,,"Quadruple (Participant, Care Provider, Investigator, Outcomes Assessor)",
3543,,,,,,Treatment
3544,Randomized,,,,,
3544,,Parallel Assignment,,,,
3544,,,,,"Double (Participant, Investigator)",
3544,,,,,,Prevention
3545,,,Other,,,
3545,,,,Retrospective,,
3546,Non-Randomized,,,,,
3546,,Parallel Assignment,,,,
3546,,,,,None (Open Label),
3546,,,,,,Treatment
3547,Randomized,,,,,
3547,,Sequential Assignment,,,,
3547,,,,,"Quadruple (Participant, Care Provider, Investigator, Outcomes Assessor)",
3547,,,,,,Other
3549,N/A,,,,,
3549,,Single Group Assignment,,,,
3549,,,,,None (Open Label),
3549,,,,,,Treatment
3550,Randomized,,,,,
3550,,Parallel Assignment,,,,
3550,,,,,Single (Participant),
3550,,,,,,Treatment
3551,,,Cohort,,,
3551,,,,Prospective,,
3552,Randomized,,,,,
3552,,Parallel Assignment,,,,
3552,,,,,None (Open Label),
3552,,,,,,Treatment
3553,Randomized,,,,,
3553,,Parallel Assignment,,,,
3553,,,,,"Quadruple (Participant, Care Provider, Investigator, Outcomes Assessor)",
3553,,,,,,Treatment
3554,N/A,,,,,
3554,,Single Group Assignment,,,,
3554,,,,,None (Open Label),
3554,,,,,,Treatment
3555,,,Case-Control,,,
3555,,,,Prospective,,
3556,Randomized,,,,,
3556,,Parallel Assignment,,,,
3556,,,,,"Quadruple (Participant, Care Provider, Investigator, Outcomes Assessor)",
3556,,,,,,Treatment
3557,Randomized,,,,,
3557,,Parallel Assignment,,,,
3557,,,,,None (Open Label),
3557,,,,,,Treatment
3558,N/A,,,,,
3558,,Single Group Assignment,,,,
3558,,,,,None (Open Label),
3558,,,,,,Diagnostic
3559,Randomized,,,,,
3559,,Parallel Assignment,,,,
3559,,,,,None (Open Label),
3559,,,,,,Treatment
3560,,,Cohort,,,
3560,,,,Prospective,,
3561,Randomized,,,,,
3561,,Parallel Assignment,,,,
3561,,,,,"Quadruple (Participant, Care Provider, Investigator, Outcomes Assessor)",
3561,,,,,,Treatment
3562,Randomized,,,,,
3562,,Parallel Assignment,,,,
3562,,,,,None (Open Label),
3562,,,,,,Treatment
3563,Randomized,,,,,
3563,,Parallel Assignment,,,,
3563,,,,,"Quadruple (Participant, Care Provider, Investigator, Outcomes Assessor)",
3563,,,,,,Treatment
3564,Randomized,,,,,
3564,,Parallel Assignment,,,,
3564,,,,,"Quadruple (Participant, Care Provider, Investigator, Outcomes Assessor)",
3564,,,,,,Treatment
3565,Randomized,,,,,
3565,,Parallel Assignment,,,,
3565,,,,,"Quadruple (Participant, Care Provider, Investigator, Outcomes Assessor)",
3565,,,,,,Treatment
3566,N/A,,,,,
3566,,Single Group Assignment,,,,
3566,,,,,None (Open Label),
3566,,,,,,Treatment
3567,,,Cohort,,,
3567,,,,Prospective,,
3568,Randomized,,,,,
3568,,Parallel Assignment,,,,
3568,,,,,"Double (Participant, Investigator)",
3568,,,,,,Treatment
3569,Randomized,,,,,
3569,,Parallel Assignment,,,,
3569,,,,,"Double (Participant, Investigator)",
3569,,,,,,Treatment
3570,Randomized,,,,,
3570,,Parallel Assignment,,,,
3570,,,,,None (Open Label),
3570,,,,,,Other
3571,Randomized,,,,,
3571,,Parallel Assignment,,,,
3571,,,,,"Double (Participant, Investigator)",
3571,,,,,,Treatment
3572,Randomized,,,,,
3572,,Parallel Assignment,,,,
3572,,,,,"Quadruple (Participant, Care Provider, Investigator, Outcomes Assessor)",
3572,,,,,,Treatment
3573,,,Case-Only,,,
3573,,,,Retrospective,,
3574,,,Case-Only,,,
3574,,,,Prospective,,
3575,Randomized,,,,,
3575,,Parallel Assignment,,,,
3575,,,,,None (Open Label),
3575,,,,,,Treatment
3576,Non-Randomized,,,,,
3576,,Parallel Assignment,,,,
3576,,,,,None (Open Label),
3576,,,,,,Treatment
3577,,,Cohort,,,
3577,,,,Cross-Sectional,,
3578,Randomized,,,,,
3578,,Parallel Assignment,,,,
3578,,,,,"Double (Participant, Investigator)",
3578,,,,,,Treatment
3579,Randomized,,,,,
3579,,Parallel Assignment,,,,
3579,,,,,"Triple (Participant, Care Provider, Investigator)",
3579,,,,,,Treatment
3580,Randomized,,,,,
3580,,Parallel Assignment,,,,
3580,,,,,"Triple (Participant, Care Provider, Investigator)",
3580,,,,,,Treatment
3582,Randomized,,,,,
3582,,Parallel Assignment,,,,
3582,,,,,"Triple (Participant, Care Provider, Investigator)",
3582,,,,,,Treatment
3583,Non-Randomized,,,,,
3583,,Sequential Assignment,,,,
3583,,,,,None (Open Label),
3583,,,,,,Prevention
3584,Randomized,,,,,
3584,,Parallel Assignment,,,,
3584,,,,,Single (Participant),
3584,,,,,,Prevention
3585,Randomized,,,,,
3585,,Parallel Assignment,,,,
3585,,,,,None (Open Label),
3585,,,,,,Treatment
3586,Randomized,,,,,
3586,,Parallel Assignment,,,,
3586,,,,,"Double (Participant, Investigator)",
3586,,,,,,Treatment
3587,Non-Randomized,,,,,
3587,,Parallel Assignment,,,,
3587,,,,,None (Open Label),
3587,,,,,,Other
3588,,,Cohort,,,
3588,,,,Prospective,,
3589,Randomized,,,,,
3589,,Factorial Assignment,,,,
3589,,,,,Single (Outcomes Assessor),
3589,,,,,,Treatment
3590,Randomized,,,,,
3590,,Parallel Assignment,,,,
3590,,,,,None (Open Label),
3590,,,,,,Treatment
3591,,,Case-Control,,,
3591,,,,Cross-Sectional,,
3592,Randomized,,,,,
3592,,Parallel Assignment,,,,
3592,,,,,"Quadruple (Participant, Care Provider, Investigator, Outcomes Assessor)",
3592,,,,,,Treatment
3593,Randomized,,,,,
3593,,Parallel Assignment,,,,
3593,,,,,"Quadruple (Participant, Care Provider, Investigator, Outcomes Assessor)",
3593,,,,,,Treatment
3594,Randomized,,,,,
3594,,Parallel Assignment,,,,
3594,,,,,None (Open Label),
3594,,,,,,Treatment
3595,,,Cohort,,,
3595,,,,Retrospective,,
3596,N/A,,,,,
3596,,Single Group Assignment,,,,
3596,,,,,None (Open Label),
3596,,,,,,Other
3597,N/A,,,,,
3597,,Single Group Assignment,,,,
3597,,,,,None (Open Label),
3597,,,,,,Basic Science
3598,,,Cohort,,,
3598,,,,Retrospective,,
3599,Randomized,,,,,
3599,,Parallel Assignment,,,,
3599,,,,,None (Open Label),
3599,,,,,,Treatment
3600,Randomized,,,,,
3600,,Parallel Assignment,,,,
3600,,,,,"Double (Participant, Investigator)",
3600,,,,,,Treatment
3601,,,Case-Control,,,
3601,,,,Prospective,,
3602,Randomized,,,,,
3602,,Parallel Assignment,,,,
3602,,,,,"Triple (Participant, Investigator, Outcomes Assessor)",
3602,,,,,,Treatment
3603,N/A,,,,,
3603,,Single Group Assignment,,,,
3603,,,,,None (Open Label),
3603,,,,,,Screening
3604,N/A,,,,,
3604,,Single Group Assignment,,,,
3604,,,,,None (Open Label),
3604,,,,,,Supportive Care
3605,Randomized,,,,,
3605,,Single Group Assignment,,,,
3605,,,,,None (Open Label),
3605,,,,,,Treatment
3606,,,Ecologic or Community,,,
3606,,,,Prospective,,
3607,,,Cohort,,,
3607,,,,Prospective,,
3608,,,Cohort,,,
3608,,,,Cross-Sectional,,
3609,Randomized,,,,,
3609,,Parallel Assignment,,,,
3609,,,,,"Triple (Participant, Investigator, Outcomes Assessor)",
3609,,,,,,Treatment
3610,N/A,,,,,
3610,,Single Group Assignment,,,,
3610,,,,,None (Open Label),
3610,,,,,,Diagnostic
3611,Randomized,,,,,
3611,,Parallel Assignment,,,,
3611,,,,,"Double (Participant, Investigator)",
3611,,,,,,Treatment
3612,,,Other,,,
3612,,,,Prospective,,
3613,Randomized,,,,,
3613,,Parallel Assignment,,,,
3613,,,,,None (Open Label),
3613,,,,,,Treatment
3614,Randomized,,,,,
3614,,Sequential Assignment,,,,
3614,,,,,None (Open Label),
3614,,,,,,Treatment
3615,Randomized,,,,,
3615,,Parallel Assignment,,,,
3615,,,,,Single (Outcomes Assessor),
3615,,,,,,Treatment
3616,,,Cohort,,,
3616,,,,Prospective,,
3617,Randomized,,,,,
3617,,Parallel Assignment,,,,
3617,,,,,Single (Outcomes Assessor),
3617,,,,,,Treatment
3618,,,Case-Only,,,
3618,,,,Prospective,,
3619,,,Cohort,,,
3619,,,,Prospective,,
3620,,,Cohort,,,
3620,,,,Prospective,,
3621,Randomized,,,,,
3621,,Parallel Assignment,,,,
3621,,,,,"Triple (Participant, Care Provider, Investigator)",
3621,,,,,,Treatment
3622,,,Cohort,,,
3622,,,,Prospective,,
3623,Randomized,,,,,
3623,,Parallel Assignment,,,,
3623,,,,,"Double (Participant, Investigator)",
3623,,,,,,Basic Science
3624,Randomized,,,,,
3624,,Parallel Assignment,,,,
3624,,,,,"Triple (Participant, Care Provider, Investigator)",
3624,,,,,,Treatment
3625,Randomized,,,,,
3625,,Parallel Assignment,,,,
3625,,,,,"Double (Participant, Investigator)",
3625,,,,,,Treatment
3626,Randomized,,,,,
3626,,Parallel Assignment,,,,
3626,,,,,None (Open Label),
3626,,,,,,Treatment
3627,,,Other,,,
3627,,,,Cross-Sectional,,
3628,,,Cohort,,,
3628,,,,Other,,
3629,,,Cohort,,,
3629,,,,Other,,
3630,Randomized,,,,,
3630,,Parallel Assignment,,,,
3630,,,,,"Quadruple (Participant, Care Provider, Investigator, Outcomes Assessor)",
3630,,,,,,Treatment
3631,Randomized,,,,,
3631,,Parallel Assignment,,,,
3631,,,,,"Quadruple (Participant, Care Provider, Investigator, Outcomes Assessor)",
3631,,,,,,Treatment
3632,,,Cohort,,,
3632,,,,Prospective,,
3633,Randomized,,,,,
3633,,Parallel Assignment,,,,
3633,,,,,"Double (Participant, Investigator)",
3633,,,,,,Treatment
3634,Randomized,,,,,
3634,,Parallel Assignment,,,,
3634,,,,,None (Open Label),
3634,,,,,,Treatment
3635,Randomized,,,,,
3635,,Parallel Assignment,,,,
3635,,,,,None (Open Label),
3635,,,,,,Treatment
3636,,,Cohort,,,
3636,,,,Retrospective,,
3637,,,Cohort,,,
3637,,,,Prospective,,
3638,Non-Randomized,,,,,
3638,,Parallel Assignment,,,,
3638,,,,,None (Open Label),
3638,,,,,,Supportive Care
3639,Randomized,,,,,
3639,,Parallel Assignment,,,,
3639,,,,,None (Open Label),
3639,,,,,,Treatment
3640,Randomized,,,,,
3640,,Parallel Assignment,,,,
3640,,,,,None (Open Label),
3640,,,,,,Prevention
3641,,,Cohort,,,
3641,,,,Other,,
3642,Randomized,,,,,
3642,,Sequential Assignment,,,,
3642,,,,,None (Open Label),
3642,,,,,,Treatment
3643,N/A,,,,,
3643,,Single Group Assignment,,,,
3643,,,,,None (Open Label),
3643,,,,,,Treatment
3644,Non-Randomized,,,,,
3644,,Factorial Assignment,,,,
3644,,,,,None (Open Label),
3644,,,,,,Treatment
3645,Non-Randomized,,,,,
3645,,Parallel Assignment,,,,
3645,,,,,None (Open Label),
3645,,,,,,Supportive Care
3646,Randomized,,,,,
3646,,Parallel Assignment,,,,
3646,,,,,None (Open Label),
3646,,,,,,Treatment
3647,Randomized,,,,,
3647,,Parallel Assignment,,,,
3647,,,,,None (Open Label),
3647,,,,,,Treatment
3648,N/A,,,,,
3648,,Single Group Assignment,,,,
3648,,,,,None (Open Label),
3648,,,,,,Supportive Care
3649,Randomized,,,,,
3649,,Parallel Assignment,,,,
3649,,,,,None (Open Label),
3649,,,,,,Prevention
3650,N/A,,,,,
3650,,Single Group Assignment,,,,
3650,,,,,None (Open Label),
3650,,,,,,Treatment
3651,Randomized,,,,,
3651,,Parallel Assignment,,,,
3651,,,,,"Triple (Participant, Care Provider, Investigator)",
3651,,,,,,Treatment
3652,Randomized,,,,,
3652,,Parallel Assignment,,,,
3652,,,,,None (Open Label),
3652,,,,,,Treatment
3653,,,Cohort,,,
3653,,,,Cross-Sectional,,
3654,,,Case-Only,,,
3654,,,,Cross-Sectional,,
3655,,,Cohort,,,
3655,,,,Prospective,,
3656,Randomized,,,,,
3656,,Parallel Assignment,,,,
3656,,,,,"Triple (Participant, Care Provider, Outcomes Assessor)",
3656,,,,,,Treatment
3657,Randomized,,,,,
3657,,Parallel Assignment,,,,
3657,,,,,"Quadruple (Participant, Care Provider, Investigator, Outcomes Assessor)",
3657,,,,,,Prevention
3658,,,Case-Only,,,
3658,,,,Prospective,,
3659,,,Cohort,,,
3659,,,,Prospective,,
3660,Randomized,,,,,
3660,,Parallel Assignment,,,,
3660,,,,,"Double (Participant, Outcomes Assessor)",
3660,,,,,,Health Services Research
3661,Randomized,,,,,
3661,,Parallel Assignment,,,,
3661,,,,,"Quadruple (Participant, Care Provider, Investigator, Outcomes Assessor)",
3661,,,,,,Treatment
3662,,,Cohort,,,
3662,,,,Prospective,,
3663,Randomized,,,,,
3663,,Single Group Assignment,,,,
3663,,,,,None (Open Label),
3663,,,,,,Health Services Research
3664,Randomized,,,,,
3664,,Parallel Assignment,,,,
3664,,,,,"Double (Participant, Investigator)",
3664,,,,,,Treatment
3665,Randomized,,,,,
3665,,Parallel Assignment,,,,
3665,,,,,None (Open Label),
3665,,,,,,Treatment
3666,Randomized,,,,,
3666,,Parallel Assignment,,,,
3666,,,,,Single (Outcomes Assessor),
3666,,,,,,Treatment
3667,Randomized,,,,,
3667,,Single Group Assignment,,,,
3667,,,,,None (Open Label),
3667,,,,,,Treatment
3668,,,Other,,,
3668,,,,Retrospective,,
3669,Non-Randomized,,,,,
3669,,Parallel Assignment,,,,
3669,,,,,None (Open Label),
3669,,,,,,Diagnostic
3670,,,Case-Control,,,
3670,,,,Retrospective,,
3671,,,Cohort,,,
3671,,,,Prospective,,
3672,,,Cohort,,,
3672,,,,Cross-Sectional,,
3673,Randomized,,,,,
3673,,Parallel Assignment,,,,
3673,,,,,"Triple (Participant, Care Provider, Investigator)",
3673,,,,,,Prevention
3674,,,Cohort,,,
3674,,,,Prospective,,
3675,Randomized,,,,,
3675,,Parallel Assignment,,,,
3675,,,,,"Quadruple (Participant, Care Provider, Investigator, Outcomes Assessor)",
3675,,,,,,Prevention
3676,Randomized,,,,,
3676,,Parallel Assignment,,,,
3676,,,,,"Double (Participant, Outcomes Assessor)",
3676,,,,,,Treatment
3677,Randomized,,,,,
3677,,Parallel Assignment,,,,
3677,,,,,"Double (Investigator, Outcomes Assessor)",
3677,,,,,,Treatment
3678,Randomized,,,,,
3678,,Parallel Assignment,,,,
3678,,,,,"Double (Participant, Investigator)",
3678,,,,,,Treatment
3679,,,Cohort,,,
3679,,,,Prospective,,
3680,,,Case-Control,,,
3680,,,,Cross-Sectional,,
3681,,,Cohort,,,
3681,,,,Other,,
3682,Randomized,,,,,
3682,,Parallel Assignment,,,,
3682,,,,,"Quadruple (Participant, Care Provider, Investigator, Outcomes Assessor)",
3682,,,,,,Treatment
3683,Randomized,,,,,
3683,,Parallel Assignment,,,,
3683,,,,,"Quadruple (Participant, Care Provider, Investigator, Outcomes Assessor)",
3683,,,,,,Treatment
3684,Randomized,,,,,
3684,,Parallel Assignment,,,,
3684,,,,,"Quadruple (Participant, Care Provider, Investigator, Outcomes Assessor)",
3684,,,,,,Treatment
3685,,,Cohort,,,
3685,,,,Cross-Sectional,,
3686,Randomized,,,,,
3686,,Parallel Assignment,,,,
3686,,,,,"Double (Participant, Investigator)",
3686,,,,,,Treatment
3687,Randomized,,,,,
3687,,Sequential Assignment,,,,
3687,,,,,"Quadruple (Participant, Care Provider, Investigator, Outcomes Assessor)",
3687,,,,,,Treatment
3688,,,Cohort,,,
3688,,,,Retrospective,,
3689,Randomized,,,,,
3689,,Parallel Assignment,,,,
3689,,,,,None (Open Label),
3689,,,,,,Health Services Research
3690,Randomized,,,,,
3690,,Factorial Assignment,,,,
3690,,,,,Single (Investigator),
3690,,,,,,Treatment
3691,,,Other,,,
3691,,,,Other,,
3692,Randomized,,,,,
3692,,Parallel Assignment,,,,
3692,,,,,"Double (Participant, Investigator)",
3692,,,,,,Treatment
3693,Randomized,,,,,
3693,,Parallel Assignment,,,,
3693,,,,,"Double (Participant, Investigator)",
3693,,,,,,Treatment
3694,,,Cohort,,,
3694,,,,Prospective,,
3695,Randomized,,,,,
3695,,Parallel Assignment,,,,
3695,,,,,None (Open Label),
3695,,,,,,Treatment
3696,Randomized,,,,,
3696,,Parallel Assignment,,,,
3696,,,,,"Triple (Participant, Investigator, Outcomes Assessor)",
3696,,,,,,Treatment
3697,,,Cohort,,,
3697,,,,Prospective,,
3698,Randomized,,,,,
3698,,Parallel Assignment,,,,
3698,,,,,"Double (Participant, Investigator)",
3698,,,,,,Treatment
3699,Randomized,,,,,
3699,,Parallel Assignment,,,,
3699,,,,,"Quadruple (Participant, Care Provider, Investigator, Outcomes Assessor)",
3699,,,,,,Prevention
3700,Randomized,,,,,
3700,,Parallel Assignment,,,,
3700,,,,,"Triple (Participant, Care Provider, Outcomes Assessor)",
3700,,,,,,Treatment
3701,,,Cohort,,,
3701,,,,Prospective,,
3702,Randomized,,,,,
3702,,Parallel Assignment,,,,
3702,,,,,None (Open Label),
3702,,,,,,Screening
3703,N/A,,,,,
3703,,Single Group Assignment,,,,
3703,,,,,None (Open Label),
3703,,,,,,Diagnostic
3704,Non-Randomized,,,,,
3704,,Parallel Assignment,,,,
3704,,,,,None (Open Label),
3704,,,,,,Supportive Care
3705,Randomized,,,,,
3705,,Parallel Assignment,,,,
3705,,,,,None (Open Label),
3705,,,,,,Treatment
3706,Randomized,,,,,
3706,,Parallel Assignment,,,,
3706,,,,,"Triple (Participant, Care Provider, Investigator)",
3706,,,,,,Treatment
3707,Randomized,,,,,
3707,,Parallel Assignment,,,,
3707,,,,,"Double (Participant, Investigator)",
3707,,,,,,Treatment
3708,,,Other,,,
3708,,,,Cross-Sectional,,
3709,Randomized,,,,,
3709,,Parallel Assignment,,,,
3709,,,,,None (Open Label),
3709,,,,,,Treatment
3710,Randomized,,,,,
3710,,Parallel Assignment,,,,
3710,,,,,"Quadruple (Participant, Care Provider, Investigator, Outcomes Assessor)",
3710,,,,,,Treatment
3711,Randomized,,,,,
3711,,Parallel Assignment,,,,
3711,,,,,None (Open Label),
3711,,,,,,Treatment
3712,Randomized,,,,,
3712,,Parallel Assignment,,,,
3712,,,,,"Triple (Participant, Care Provider, Investigator)",
3712,,,,,,Treatment
3713,Randomized,,,,,
3713,,Parallel Assignment,,,,
3713,,,,,"Quadruple (Participant, Care Provider, Investigator, Outcomes Assessor)",
3713,,,,,,Treatment
3714,,,Other,,,
3714,,,,Prospective,,
3715,Randomized,,,,,
3715,,Parallel Assignment,,,,
3715,,,,,None (Open Label),
3715,,,,,,Treatment
3716,,,Cohort,,,
3716,,,,Prospective,,
3717,,,Cohort,,,
3717,,,,Prospective,,
3718,,,Cohort,,,
3718,,,,Retrospective,,
3719,Randomized,,,,,
3719,,Parallel Assignment,,,,
3719,,,,,"Quadruple (Participant, Care Provider, Investigator, Outcomes Assessor)",
3719,,,,,,Treatment
3720,,,Cohort,,,
3720,,,,Retrospective,,
3721,Randomized,,,,,
3721,,Parallel Assignment,,,,
3721,,,,,None (Open Label),
3721,,,,,,Treatment
3722,Randomized,,,,,
3722,,Parallel Assignment,,,,
3722,,,,,"Quadruple (Participant, Care Provider, Investigator, Outcomes Assessor)",
3722,,,,,,Treatment
3723,,,Cohort,,,
3723,,,,Prospective,,
3724,Randomized,,,,,
3724,,Parallel Assignment,,,,
3724,,,,,None (Open Label),
3724,,,,,,Prevention
3725,Randomized,,,,,
3725,,Parallel Assignment,,,,
3725,,,,,"Quadruple (Participant, Care Provider, Investigator, Outcomes Assessor)",
3725,,,,,,Treatment
3726,Randomized,,,,,
3726,,Parallel Assignment,,,,
3726,,,,,None (Open Label),
3726,,,,,,Treatment
3727,Randomized,,,,,
3727,,Parallel Assignment,,,,
3727,,,,,None (Open Label),
3727,,,,,,Treatment
3728,Randomized,,,,,
3728,,Parallel Assignment,,,,
3728,,,,,None (Open Label),
3728,,,,,,Treatment
3729,,,Case-Crossover,,,
3729,,,,Prospective,,
3730,,,Cohort,,,
3730,,,,Prospective,,
3731,,,Case-Control,,,
3731,,,,Prospective,,
3732,,,Case-Control,,,
3732,,,,Retrospective,,
3733,,,Ecologic or Community,,,
3733,,,,Cross-Sectional,,
3734,,,Case-Only,,,
3734,,,,Cross-Sectional,,
3735,Randomized,,,,,
3735,,Parallel Assignment,,,,
3735,,,,,None (Open Label),
3735,,,,,,Treatment
3736,Randomized,,,,,
3736,,Parallel Assignment,,,,
3736,,,,,None (Open Label),
3736,,,,,,Other
3738,,,Cohort,,,
3738,,,,Prospective,,
3739,Non-Randomized,,,,,
3739,,Sequential Assignment,,,,
3739,,,,,None (Open Label),
3739,,,,,,Treatment
3740,Non-Randomized,,,,,
3740,,Parallel Assignment,,,,
3740,,,,,None (Open Label),
3740,,,,,,Prevention
3741,Randomized,,,,,
3741,,Parallel Assignment,,,,
3741,,,,,"Quadruple (Participant, Care Provider, Investigator, Outcomes Assessor)",
3741,,,,,,Treatment
3742,Randomized,,,,,
3742,,Parallel Assignment,,,,
3742,,,,,None (Open Label),
3742,,,,,,Treatment
3743,,,Cohort,,,
3743,,,,Prospective,,
3744,Randomized,,,,,
3744,,Parallel Assignment,,,,
3744,,,,,None (Open Label),
3744,,,,,,Treatment
3745,Randomized,,,,,
3745,,Parallel Assignment,,,,
3745,,,,,"Quadruple (Participant, Care Provider, Investigator, Outcomes Assessor)",
3745,,,,,,Treatment
3746,,,Cohort,,,
3746,,,,Prospective,,
3747,Randomized,,,,,
3747,,Parallel Assignment,,,,
3747,,,,,None (Open Label),
3747,,,,,,Treatment
3748,,,Case-Only,,,
3748,,,,Prospective,,
3749,Randomized,,,,,
3749,,Parallel Assignment,,,,
3749,,,,,"Quadruple (Participant, Care Provider, Investigator, Outcomes Assessor)",
3749,,,,,,Treatment
3750,,,Cohort,,,
3750,,,,Other,,
3751,Randomized,,,,,
3751,,Parallel Assignment,,,,
3751,,,,,None (Open Label),
3751,,,,,,Treatment
3752,Randomized,,,,,
3752,,Parallel Assignment,,,,
3752,,,,,"Quadruple (Participant, Care Provider, Investigator, Outcomes Assessor)",
3752,,,,,,Treatment
3753,,,Ecologic or Community,,,
3753,,,,Prospective,,
3754,,,Case-Control,,,
3754,,,,Cross-Sectional,,
3755,,,Cohort,,,
3755,,,,Retrospective,,
3756,N/A,,,,,
3756,,Single Group Assignment,,,,
3756,,,,,None (Open Label),
3756,,,,,,Supportive Care
3757,Randomized,,,,,
3757,,Parallel Assignment,,,,
3757,,,,,"Quadruple (Participant, Care Provider, Investigator, Outcomes Assessor)",
3757,,,,,,Treatment
3758,Randomized,,,,,
3758,,Parallel Assignment,,,,
3758,,,,,"Quadruple (Participant, Care Provider, Investigator, Outcomes Assessor)",
3758,,,,,,Treatment
3759,,,Cohort,,,
3759,,,,Prospective,,
3760,Randomized,,,,,
3760,,Sequential Assignment,,,,
3760,,,,,"Triple (Participant, Care Provider, Investigator)",
3760,,,,,,Treatment
3761,Randomized,,,,,
3761,,Parallel Assignment,,,,
3761,,,,,Single (Outcomes Assessor),
3761,,,,,,Treatment
3762,Randomized,,,,,
3762,,Crossover Assignment,,,,
3762,,,,,Single (Participant),
3762,,,,,,Other
3763,,,Cohort,,,
3763,,,,Prospective,,
3764,Randomized,,,,,
3764,,Parallel Assignment,,,,
3764,,,,,Single (Investigator),
3764,,,,,,Treatment
3765,,,Other,,,
3765,,,,Other,,
3766,,,Cohort,,,
3766,,,,Prospective,,
3767,Randomized,,,,,
3767,,Parallel Assignment,,,,
3767,,,,,"Double (Investigator, Outcomes Assessor)",
3767,,,,,,Prevention
3769,Randomized,,,,,
3769,,Parallel Assignment,,,,
3769,,,,,None (Open Label),
3769,,,,,,Treatment
3770,,,Cohort,,,
3770,,,,Cross-Sectional,,
3771,Randomized,,,,,
3771,,Parallel Assignment,,,,
3771,,,,,None (Open Label),
3771,,,,,,Treatment
3772,,,Cohort,,,
3772,,,,Prospective,,
3773,Randomized,,,,,
3773,,Parallel Assignment,,,,
3773,,,,,None (Open Label),
3773,,,,,,Treatment
3774,Non-Randomized,,,,,
3774,,Parallel Assignment,,,,
3774,,,,,None (Open Label),
3774,,,,,,Treatment
3775,Non-Randomized,,,,,
3775,,Parallel Assignment,,,,
3775,,,,,None (Open Label),
3775,,,,,,Diagnostic
3776,Randomized,,,,,
3776,,Parallel Assignment,,,,
3776,,,,,"Double (Participant, Outcomes Assessor)",
3776,,,,,,Prevention
3777,,,Cohort,,,
3777,,,,Prospective,,
3778,,,Case-Only,,,
3778,,,,Prospective,,
3779,,,Other,,,
3779,,,,Prospective,,
3780,,,Cohort,,,
3780,,,,Prospective,,
3781,,,Cohort,,,
3781,,,,Other,,
3782,Randomized,,,,,
3782,,Parallel Assignment,,,,
3782,,,,,Single (Participant),
3782,,,,,,Other
3783,Randomized,,,,,
3783,,Parallel Assignment,,,,
3783,,,,,"Double (Participant, Investigator)",
3783,,,,,,Treatment
3784,N/A,,,,,
3784,,Single Group Assignment,,,,
3784,,,,,None (Open Label),
3784,,,,,,Screening
3785,Randomized,,,,,
3785,,Parallel Assignment,,,,
3785,,,,,None (Open Label),
3785,,,,,,Treatment
3786,Randomized,,,,,
3786,,Parallel Assignment,,,,
3786,,,,,Single (Outcomes Assessor),
3786,,,,,,Treatment
3787,Randomized,,,,,
3787,,Parallel Assignment,,,,
3787,,,,,"Double (Participant, Investigator)",
3787,,,,,,Treatment
3788,,,Cohort,,,
3788,,,,Retrospective,,
3789,Randomized,,,,,
3789,,Parallel Assignment,,,,
3789,,,,,"Quadruple (Participant, Care Provider, Investigator, Outcomes Assessor)",
3789,,,,,,Treatment
3790,Randomized,,,,,
3790,,Parallel Assignment,,,,
3790,,,,,"Quadruple (Participant, Care Provider, Investigator, Outcomes Assessor)",
3790,,,,,,Treatment
3791,N/A,,,,,
3791,,Single Group Assignment,,,,
3791,,,,,None (Open Label),
3791,,,,,,Diagnostic
3792,,,Cohort,,,
3792,,,,Prospective,,
3793,Randomized,,,,,
3793,,Parallel Assignment,,,,
3793,,,,,None (Open Label),
3793,,,,,,Treatment
3794,,,Other,,,
3794,,,,Prospective,,
3795,Randomized,,,,,
3795,,Parallel Assignment,,,,
3795,,,,,"Triple (Participant, Care Provider, Outcomes Assessor)",
3795,,,,,,Prevention
3796,Non-Randomized,,,,,
3796,,Single Group Assignment,,,,
3796,,,,,None (Open Label),
3796,,,,,,Treatment
3797,,,Cohort,,,
3797,,,,Prospective,,
3798,Randomized,,,,,
3798,,Parallel Assignment,,,,
3798,,,,,None (Open Label),
3798,,,,,,Treatment
3799,,,Cohort,,,
3799,,,,Prospective,,
3800,,,Cohort,,,
3800,,,,Prospective,,
3801,Randomized,,,,,
3801,,Parallel Assignment,,,,
3801,,,,,None (Open Label),
3801,,,,,,Diagnostic
3802,,,Cohort,,,
3802,,,,Prospective,,
3803,,,Cohort,,,
3803,,,,Prospective,,
3804,N/A,,,,,
3804,,Single Group Assignment,,,,
3804,,,,,None (Open Label),
3804,,,,,,Prevention
3805,,,Cohort,,,
3805,,,,Prospective,,
3806,,,Case-Only,,,
3806,,,,Retrospective,,
3807,Randomized,,,,,
3807,,Parallel Assignment,,,,
3807,,,,,None (Open Label),
3807,,,,,,Treatment
3808,,,Cohort,,,
3808,,,,Prospective,,
3809,,,Cohort,,,
3809,,,,Prospective,,
3810,,,Cohort,,,
3810,,,,Prospective,,
3811,Randomized,,,,,
3811,,Parallel Assignment,,,,
3811,,,,,"Triple (Participant, Care Provider, Investigator)",
3811,,,,,,Supportive Care
3812,Randomized,,,,,
3812,,Parallel Assignment,,,,
3812,,,,,Single (Participant),
3812,,,,,,Treatment
3813,Randomized,,,,,
3813,,Parallel Assignment,,,,
3813,,,,,"Quadruple (Participant, Care Provider, Investigator, Outcomes Assessor)",
3813,,,,,,Treatment
3814,,,Cohort,,,
3814,,,,Cross-Sectional,,
3815,,,Cohort,,,
3815,,,,Cross-Sectional,,
3816,Randomized,,,,,
3816,,Parallel Assignment,,,,
3816,,,,,"Quadruple (Participant, Care Provider, Investigator, Outcomes Assessor)",
3816,,,,,,Treatment
3817,Randomized,,,,,
3817,,Parallel Assignment,,,,
3817,,,,,"Double (Participant, Investigator)",
3817,,,,,,Treatment
3818,Randomized,,,,,
3818,,Parallel Assignment,,,,
3818,,,,,"Quadruple (Participant, Care Provider, Investigator, Outcomes Assessor)",
3818,,,,,,Treatment
3819,Randomized,,,,,
3819,,Parallel Assignment,,,,
3819,,,,,None (Open Label),
3819,,,,,,Treatment
3820,,,Cohort,,,
3820,,,,Retrospective,,
3821,,,Ecologic or Community,,,
3821,,,,Prospective,,
3822,,,Cohort,,,
3822,,,,Retrospective,,
3823,,,Other,,,
3823,,,,Retrospective,,
3824,,,Cohort,,,
3824,,,,Prospective,,
3825,,,Cohort,,,
3825,,,,Prospective,,
3826,Randomized,,,,,
3826,,Parallel Assignment,,,,
3826,,,,,"Double (Participant, Investigator)",
3826,,,,,,Treatment
3827,,,Cohort,,,
3827,,,,Prospective,,
3828,Randomized,,,,,
3828,,Parallel Assignment,,,,
3828,,,,,"Triple (Participant, Care Provider, Investigator)",
3828,,,,,,Treatment
3829,Randomized,,,,,
3829,,Parallel Assignment,,,,
3829,,,,,"Quadruple (Participant, Care Provider, Investigator, Outcomes Assessor)",
3829,,,,,,Prevention
3830,,,Cohort,,,
3830,,,,Cross-Sectional,,
3831,Randomized,,,,,
3831,,Crossover Assignment,,,,
3831,,,,,None (Open Label),
3831,,,,,,Supportive Care
3832,Randomized,,,,,
3832,,Parallel Assignment,,,,
3832,,,,,"Quadruple (Participant, Care Provider, Investigator, Outcomes Assessor)",
3832,,,,,,Treatment
3833,Randomized,,,,,
3833,,Parallel Assignment,,,,
3833,,,,,None (Open Label),
3833,,,,,,Treatment
3834,Randomized,,,,,
3834,,Parallel Assignment,,,,
3834,,,,,None (Open Label),
3834,,,,,,Treatment
3835,Randomized,,,,,
3835,,Parallel Assignment,,,,
3835,,,,,None (Open Label),
3835,,,,,,Treatment
3836,,,Case-Control,,,
3836,,,,Retrospective,,
3837,,,Cohort,,,
3837,,,,Prospective,,
3838,Randomized,,,,,
3838,,Parallel Assignment,,,,
3838,,,,,"Triple (Participant, Care Provider, Investigator)",
3838,,,,,,Treatment
3839,,,Cohort,,,
3839,,,,Prospective,,
3840,,,Case-Control,,,
3840,,,,Retrospective,,
3841,Randomized,,,,,
3841,,Parallel Assignment,,,,
3841,,,,,"Double (Participant, Investigator)",
3841,,,,,,Treatment
3842,N/A,,,,,
3842,,Single Group Assignment,,,,
3842,,,,,None (Open Label),
3842,,,,,,Treatment
3843,,,Cohort,,,
3843,,,,Retrospective,,
3844,,,Case-Only,,,
3844,,,,Prospective,,
3845,Randomized,,,,,
3845,,Parallel Assignment,,,,
3845,,,,,"Triple (Participant, Care Provider, Investigator)",
3845,,,,,,Treatment
3846,,,Case-Only,,,
3846,,,,Prospective,,
3847,Randomized,,,,,
3847,,Parallel Assignment,,,,
3847,,,,,"Quadruple (Participant, Care Provider, Investigator, Outcomes Assessor)",
3847,,,,,,Treatment
3848,Non-Randomized,,,,,
3848,,Parallel Assignment,,,,
3848,,,,,None (Open Label),
3848,,,,,,Diagnostic
3849,Randomized,,,,,
3849,,Parallel Assignment,,,,
3849,,,,,"Double (Participant, Investigator)",
3849,,,,,,Treatment
3850,,,Cohort,,,
3850,,,,Prospective,,
3852,Randomized,,,,,
3852,,Parallel Assignment,,,,
3852,,,,,Single (Participant),
3852,,,,,,Treatment
3853,Randomized,,,,,
3853,,Sequential Assignment,,,,
3853,,,,,"Triple (Participant, Care Provider, Investigator)",
3853,,,,,,Treatment
3854,Randomized,,,,,
3854,,Parallel Assignment,,,,
3854,,,,,None (Open Label),
3854,,,,,,Health Services Research
3855,,,Cohort,,,
3855,,,,Retrospective,,
3856,,,Cohort,,,
3856,,,,Prospective,,
3857,Randomized,,,,,
3857,,Sequential Assignment,,,,
3857,,,,,"Double (Participant, Investigator)",
3857,,,,,,Treatment
3858,Randomized,,,,,
3858,,Parallel Assignment,,,,
3858,,,,,Single (Participant),
3858,,,,,,Treatment
3859,Randomized,,,,,
3859,,Parallel Assignment,,,,
3859,,,,,None (Open Label),
3859,,,,,,Treatment
3860,Randomized,,,,,
3860,,Parallel Assignment,,,,
3860,,,,,Single (Participant),
3860,,,,,,Treatment
3861,,,Cohort,,,
3861,,,,Other,,
3862,Randomized,,,,,
3862,,Factorial Assignment,,,,
3862,,,,,"Quadruple (Participant, Care Provider, Investigator, Outcomes Assessor)",
3862,,,,,,Treatment
3863,Randomized,,,,,
3863,,Parallel Assignment,,,,
3863,,,,,"Quadruple (Participant, Care Provider, Investigator, Outcomes Assessor)",
3863,,,,,,Prevention
3864,Randomized,,,,,
3864,,Parallel Assignment,,,,
3864,,,,,"Triple (Participant, Care Provider, Investigator)",
3864,,,,,,Treatment
3865,Randomized,,,,,
3865,,Crossover Assignment,,,,
3865,,,,,None (Open Label),
3865,,,,,,Other
3866,N/A,,,,,
3866,,Single Group Assignment,,,,
3866,,,,,None (Open Label),
3866,,,,,,Treatment
3867,,,Cohort,,,
3867,,,,Cross-Sectional,,
3868,,,Cohort,,,
3868,,,,Prospective,,
3869,,,Case-Control,,,
3869,,,,Prospective,,
3870,,,Cohort,,,
3870,,,,Other,,
3871,Randomized,,,,,
3871,,Parallel Assignment,,,,
3871,,,,,"Triple (Participant, Care Provider, Investigator)",
3871,,,,,,Treatment
3872,,,Cohort,,,
3872,,,,Other,,
3873,Randomized,,,,,
3873,,Parallel Assignment,,,,
3873,,,,,None (Open Label),
3873,,,,,,Prevention
3874,Randomized,,,,,
3874,,Parallel Assignment,,,,
3874,,,,,"Triple (Participant, Care Provider, Investigator)",
3874,,,,,,Treatment
3875,,,Case-Only,,,
3875,,,,Cross-Sectional,,
3876,Randomized,,,,,
3876,,Parallel Assignment,,,,
3876,,,,,Single (Outcomes Assessor),
3876,,,,,,Treatment
3877,,,Cohort,,,
3877,,,,Prospective,,
3878,Randomized,,,,,
3878,,Parallel Assignment,,,,
3878,,,,,"Double (Participant, Investigator)",
3878,,,,,,Treatment
3879,,,Cohort,,,
3879,,,,Prospective,,
3880,Randomized,,,,,
3880,,Parallel Assignment,,,,
3880,,,,,None (Open Label),
3880,,,,,,Treatment
3881,Randomized,,,,,
3881,,Factorial Assignment,,,,
3881,,,,,"Quadruple (Participant, Care Provider, Investigator, Outcomes Assessor)",
3881,,,,,,Treatment
3882,Randomized,,,,,
3882,,Parallel Assignment,,,,
3882,,,,,"Triple (Participant, Care Provider, Investigator)",
3882,,,,,,Treatment
3883,N/A,,,,,
3883,,Single Group Assignment,,,,
3883,,,,,None (Open Label),
3883,,,,,,Basic Science
3884,,,Cohort,,,
3884,,,,Retrospective,,
3885,Randomized,,,,,
3885,,Parallel Assignment,,,,
3885,,,,,"Double (Participant, Investigator)",
3885,,,,,,Treatment
3886,,,Ecologic or Community,,,
3886,,,,Cross-Sectional,,
3887,,,Other,,,
3887,,,,Prospective,,
3888,,,Case-Crossover,,,
3888,,,,Prospective,,
3889,N/A,,,,,
3889,,Single Group Assignment,,,,
3889,,,,,None (Open Label),
3889,,,,,,Treatment
3890,,,Cohort,,,
3890,,,,Prospective,,
3891,Randomized,,,,,
3891,,Parallel Assignment,,,,
3891,,,,,None (Open Label),
3891,,,,,,Treatment
3892,Randomized,,,,,
3892,,Parallel Assignment,,,,
3892,,,,,Single (Investigator),
3892,,,,,,Treatment
3893,Non-Randomized,,,,,
3893,,Parallel Assignment,,,,
3893,,,,,None (Open Label),
3893,,,,,,Screening
3894,,,Cohort,,,
3894,,,,Prospective,,
3895,Randomized,,,,,
3895,,Parallel Assignment,,,,
3895,,,,,"Triple (Participant, Investigator, Outcomes Assessor)",
3895,,,,,,Prevention
3896,,,Cohort,,,
3896,,,,Retrospective,,
3897,,,Cohort,,,
3897,,,,Retrospective,,
3898,Randomized,,,,,
3898,,Parallel Assignment,,,,
3898,,,,,"Triple (Participant, Care Provider, Investigator)",
3898,,,,,,Treatment
3899,,,Cohort,,,
3899,,,,Prospective,,
3900,Randomized,,,,,
3900,,Parallel Assignment,,,,
3900,,,,,None (Open Label),
3900,,,,,,Treatment
3901,Randomized,,,,,
3901,,Parallel Assignment,,,,
3901,,,,,None (Open Label),
3901,,,,,,Treatment
3902,,,Case-Control,,,
3902,,,,Cross-Sectional,,
3903,Randomized,,,,,
3903,,Parallel Assignment,,,,
3903,,,,,"Quadruple (Participant, Care Provider, Investigator, Outcomes Assessor)",
3903,,,,,,Treatment
3904,,,Cohort,,,
3904,,,,Prospective,,
3905,,,Cohort,,,
3905,,,,Prospective,,
3906,Randomized,,,,,
3906,,Parallel Assignment,,,,
3906,,,,,"Quadruple (Participant, Care Provider, Investigator, Outcomes Assessor)",
3906,,,,,,Treatment
3907,Randomized,,,,,
3907,,Parallel Assignment,,,,
3907,,,,,"Triple (Participant, Care Provider, Investigator)",
3907,,,,,,Treatment
3908,Randomized,,,,,
3908,,Parallel Assignment,,,,
3908,,,,,None (Open Label),
3908,,,,,,Treatment
3909,,,Cohort,,,
3909,,,,Prospective,,
3910,Randomized,,,,,
3910,,Sequential Assignment,,,,
3910,,,,,"Triple (Participant, Investigator, Outcomes Assessor)",
3910,,,,,,Prevention
3912,Randomized,,,,,
3912,,Parallel Assignment,,,,
3912,,,,,Single (Participant),
3912,,,,,,Treatment
3913,Randomized,,,,,
3913,,Parallel Assignment,,,,
3913,,,,,"Double (Participant, Care Provider)",
3913,,,,,,Treatment
3914,Randomized,,,,,
3914,,Parallel Assignment,,,,
3914,,,,,"Double (Participant, Investigator)",
3914,,,,,,Treatment
3916,,,Case-Only,,,
3916,,,,Prospective,,
3917,,,Cohort,,,
3917,,,,Retrospective,,
3918,Randomized,,,,,
3918,,Parallel Assignment,,,,
3918,,,,,"Triple (Participant, Care Provider, Investigator)",
3918,,,,,,Treatment
3919,N/A,,,,,
3919,,Single Group Assignment,,,,
3919,,,,,None (Open Label),
3919,,,,,,Supportive Care
3920,,,Case-Only,,,
3920,,,,Retrospective,,
3921,,,Cohort,,,
3921,,,,Prospective,,
3922,N/A,,,,,
3922,,Single Group Assignment,,,,
3922,,,,,None (Open Label),
3922,,,,,,Treatment
3923,,,Cohort,,,
3923,,,,Prospective,,
3924,Randomized,,,,,
3924,,Parallel Assignment,,,,
3924,,,,,Single (Participant),
3924,,,,,,Treatment
3925,,,Cohort,,,
3925,,,,Prospective,,
3926,,,Cohort,,,
3926,,,,Prospective,,
3927,Randomized,,,,,
3927,,Parallel Assignment,,,,
3927,,,,,None (Open Label),
3927,,,,,,Supportive Care
3928,Randomized,,,,,
3928,,Parallel Assignment,,,,
3928,,,,,"Double (Participant, Investigator)",
3928,,,,,,Treatment
3929,,,Case-Only,,,
3929,,,,Other,,
3930,,,Cohort,,,
3930,,,,Retrospective,,
3931,Randomized,,,,,
3931,,Parallel Assignment,,,,
3931,,,,,Single (Outcomes Assessor),
3931,,,,,,Prevention
3932,Randomized,,,,,
3932,,Parallel Assignment,,,,
3932,,,,,"Quadruple (Participant, Care Provider, Investigator, Outcomes Assessor)",
3932,,,,,,Treatment
3933,Randomized,,,,,
3933,,Crossover Assignment,,,,
3933,,,,,None (Open Label),
3933,,,,,,Prevention
3934,Non-Randomized,,,,,
3934,,Sequential Assignment,,,,
3934,,,,,None (Open Label),
3934,,,,,,Treatment
3935,,,Cohort,,,
3935,,,,Other,,
3936,,,Cohort,,,
3936,,,,Retrospective,,
3937,,,Case-Control,,,
3937,,,,Prospective,,
3938,,,Case-Control,,,
3938,,,,Prospective,,
3939,Randomized,,,,,
3939,,Parallel Assignment,,,,
3939,,,,,None (Open Label),
3939,,,,,,Treatment
3940,Randomized,,,,,
3940,,Parallel Assignment,,,,
3940,,,,,"Double (Participant, Care Provider)",
3940,,,,,,Treatment
3941,Randomized,,,,,
3941,,Parallel Assignment,,,,
3941,,,,,None (Open Label),
3941,,,,,,Treatment
3942,Randomized,,,,,
3942,,Single Group Assignment,,,,
3942,,,,,None (Open Label),
3942,,,,,,Treatment
3943,Randomized,,,,,
3943,,Parallel Assignment,,,,
3943,,,,,"Double (Participant, Outcomes Assessor)",
3943,,,,,,Treatment
3944,,,Cohort,,,
3944,,,,Prospective,,
3945,Randomized,,,,,
3945,,Parallel Assignment,,,,
3945,,,,,None (Open Label),
3945,,,,,,Treatment
3946,N/A,,,,,
3946,,Single Group Assignment,,,,
3946,,,,,None (Open Label),
3946,,,,,,Prevention
3947,Randomized,,,,,
3947,,Sequential Assignment,,,,
3947,,,,,None (Open Label),
3947,,,,,,Prevention
3948,Non-Randomized,,,,,
3948,,Parallel Assignment,,,,
3948,,,,,None (Open Label),
3948,,,,,,Prevention
3949,,,Cohort,,,
3949,,,,Prospective,,
3950,,,Case-Only,,,
3950,,,,Retrospective,,
3951,Randomized,,,,,
3951,,Parallel Assignment,,,,
3951,,,,,None (Open Label),
3951,,,,,,Treatment
3952,Randomized,,,,,
3952,,Parallel Assignment,,,,
3952,,,,,None (Open Label),
3952,,,,,,Treatment
3953,,,Cohort,,,
3953,,,,Prospective,,
3954,Randomized,,,,,
3954,,Parallel Assignment,,,,
3954,,,,,"Triple (Participant, Investigator, Outcomes Assessor)",
3954,,,,,,Prevention
3955,,,Cohort,,,
3955,,,,Prospective,,
3956,Randomized,,,,,
3956,,Parallel Assignment,,,,
3956,,,,,None (Open Label),
3956,,,,,,Treatment
3958,,,Cohort,,,
3958,,,,Prospective,,
3959,,,Cohort,,,
3959,,,,Prospective,,
3960,Randomized,,,,,
3960,,Parallel Assignment,,,,
3960,,,,,None (Open Label),
3960,,,,,,Basic Science
3961,Randomized,,,,,
3961,,Parallel Assignment,,,,
3961,,,,,"Double (Participant, Investigator)",
3961,,,,,,Treatment
3962,,,Other,,,
3962,,,,Retrospective,,
3963,Randomized,,,,,
3963,,Parallel Assignment,,,,
3963,,,,,"Double (Participant, Investigator)",
3963,,,,,,Treatment
3964,Randomized,,,,,
3964,,Parallel Assignment,,,,
3964,,,,,None (Open Label),
3964,,,,,,Treatment
3965,Randomized,,,,,
3965,,Parallel Assignment,,,,
3965,,,,,None (Open Label),
3965,,,,,,Treatment
3966,,,Cohort,,,
3966,,,,Cross-Sectional,,
3967,,,Case-Control,,,
3967,,,,Prospective,,
3968,Randomized,,,,,
3968,,Parallel Assignment,,,,
3968,,,,,Single (Outcomes Assessor),
3968,,,,,,Treatment
3969,Randomized,,,,,
3969,,Parallel Assignment,,,,
3969,,,,,"Double (Participant, Investigator)",
3969,,,,,,Treatment
3970,,,Case-Only,,,
3970,,,,Cross-Sectional,,
3971,Randomized,,,,,
3971,,Parallel Assignment,,,,
3971,,,,,None (Open Label),
3971,,,,,,Treatment
3972,Randomized,,,,,
3972,,Parallel Assignment,,,,
3972,,,,,"Quadruple (Participant, Care Provider, Investigator, Outcomes Assessor)",
3972,,,,,,Treatment
3973,Randomized,,,,,
3973,,Parallel Assignment,,,,
3973,,,,,"Quadruple (Participant, Care Provider, Investigator, Outcomes Assessor)",
3973,,,,,,Treatment
3974,,,Cohort,,,
3974,,,,Prospective,,
3975,,,Cohort,,,
3975,,,,Prospective,,
3976,Randomized,,,,,
3976,,Parallel Assignment,,,,
3976,,,,,"Quadruple (Participant, Care Provider, Investigator, Outcomes Assessor)",
3976,,,,,,Prevention
3977,,,Cohort,,,
3977,,,,Other,,
3978,,,Other,,,
3978,,,,Prospective,,
3979,Randomized,,,,,
3979,,Parallel Assignment,,,,
3979,,,,,Single (Outcomes Assessor),
3979,,,,,,Supportive Care
3980,Randomized,,,,,
3980,,Parallel Assignment,,,,
3980,,,,,Single (Outcomes Assessor),
3980,,,,,,Prevention
3981,N/A,,,,,
3981,,Single Group Assignment,,,,
3981,,,,,None (Open Label),
3981,,,,,,Treatment
3982,,,Cohort,,,
3982,,,,Prospective,,
3983,Randomized,,,,,
3983,,Parallel Assignment,,,,
3983,,,,,None (Open Label),
3983,,,,,,Diagnostic
3984,,,Case-Only,,,
3984,,,,Prospective,,
3985,Randomized,,,,,
3985,,Parallel Assignment,,,,
3985,,,,,None (Open Label),
3985,,,,,,Treatment
3986,Randomized,,,,,
3986,,Parallel Assignment,,,,
3986,,,,,None (Open Label),
3986,,,,,,Health Services Research
3987,Randomized,,,,,
3987,,Parallel Assignment,,,,
3987,,,,,"Double (Participant, Outcomes Assessor)",
3987,,,,,,Treatment
3988,Randomized,,,,,
3988,,Parallel Assignment,,,,
3988,,,,,"Double (Participant, Care Provider)",
3988,,,,,,Treatment
3989,,,Other,,,
3989,,,,Retrospective,,
3990,,,Other,,,
3990,,,,Cross-Sectional,,
3991,,,Cohort,,,
3991,,,,Prospective,,
3992,Randomized,,,,,
3992,,Parallel Assignment,,,,
3992,,,,,None (Open Label),
3992,,,,,,Treatment
3993,,,Cohort,,,
3993,,,,Cross-Sectional,,
3994,Randomized,,,,,
3994,,Sequential Assignment,,,,
3994,,,,,None (Open Label),
3994,,,,,,Prevention
3995,Randomized,,,,,
3995,,Parallel Assignment,,,,
3995,,,,,"Double (Participant, Investigator)",
3995,,,,,,Treatment
3996,N/A,,,,,
3996,,Single Group Assignment,,,,
3996,,,,,None (Open Label),
3996,,,,,,Other
3997,,,Other,,,
3997,,,,Cross-Sectional,,
3998,Non-Randomized,,,,,
3998,,Parallel Assignment,,,,
3998,,,,,None (Open Label),
3998,,,,,,Prevention
3999,Randomized,,,,,
3999,,Parallel Assignment,,,,
3999,,,,,"Triple (Participant, Care Provider, Outcomes Assessor)",
3999,,,,,,Other
4000,,,Case-Control,,,
4000,,,,Prospective,,
4001,,,Ecologic or Community,,,
4001,,,,Prospective,,
4002,Randomized,,,,,
4002,,Single Group Assignment,,,,
4002,,,,,None (Open Label),
4002,,,,,,Treatment
4003,Randomized,,,,,
4003,,Parallel Assignment,,,,
4003,,,,,"Double (Participant, Investigator)",
4003,,,,,,Treatment
4004,Non-Randomized,,,,,
4004,,Single Group Assignment,,,,
4004,,,,,None (Open Label),
4004,,,,,,Diagnostic
4005,Randomized,,,,,
4005,,Sequential Assignment,,,,
4005,,,,,"Triple (Participant, Investigator, Outcomes Assessor)",
4005,,,,,,Prevention
4006,,,Ecologic or Community,,,
4006,,,,Prospective,,
4007,Randomized,,,,,
4007,,Parallel Assignment,,,,
4007,,,,,None (Open Label),
4007,,,,,,Treatment
4008,Randomized,,,,,
4008,,Parallel Assignment,,,,
4008,,,,,Single (Participant),
4008,,,,,,Supportive Care
4009,Randomized,,,,,
4009,,Parallel Assignment,,,,
4009,,,,,"Quadruple (Participant, Care Provider, Investigator, Outcomes Assessor)",
4009,,,,,,Treatment
4010,Randomized,,,,,
4010,,Parallel Assignment,,,,
4010,,,,,"Quadruple (Participant, Care Provider, Investigator, Outcomes Assessor)",
4010,,,,,,Treatment
4011,Randomized,,,,,
4011,,Parallel Assignment,,,,
4011,,,,,"Double (Participant, Outcomes Assessor)",
4011,,,,,,Prevention
4012,,,Cohort,,,
4012,,,,Prospective,,
4013,Randomized,,,,,
4013,,Parallel Assignment,,,,
4013,,,,,None (Open Label),
4013,,,,,,Treatment
4014,Randomized,,,,,
4014,,Parallel Assignment,,,,
4014,,,,,Single (Participant),
4014,,,,,,Prevention
4015,Randomized,,,,,
4015,,Parallel Assignment,,,,
4015,,,,,"Double (Participant, Outcomes Assessor)",
4015,,,,,,Prevention
4016,Randomized,,,,,
4016,,Sequential Assignment,,,,
4016,,,,,"Quadruple (Participant, Care Provider, Investigator, Outcomes Assessor)",
4016,,,,,,Treatment
4017,,,Ecologic or Community,,,
4017,,,,Prospective,,
4018,,,Cohort,,,
4018,,,,Other,,
4019,Randomized,,,,,
4019,,Parallel Assignment,,,,
4019,,,,,"Quadruple (Participant, Care Provider, Investigator, Outcomes Assessor)",
4019,,,,,,Treatment
4020,,,Cohort,,,
4020,,,,Prospective,,
4021,,,Case-Only,,,
4021,,,,Prospective,,
4022,Randomized,,,,,
4022,,Parallel Assignment,,,,
4022,,,,,"Double (Participant, Investigator)",
4022,,,,,,Treatment
4023,Randomized,,,,,
4023,,Parallel Assignment,,,,
4023,,,,,"Triple (Participant, Care Provider, Investigator)",
4023,,,,,,Treatment
4024,,,Cohort,,,
4024,,,,Retrospective,,
4025,Randomized,,,,,
4025,,Parallel Assignment,,,,
4025,,,,,None (Open Label),
4025,,,,,,Treatment
4026,Randomized,,,,,
4026,,Parallel Assignment,,,,
4026,,,,,None (Open Label),
4026,,,,,,Health Services Research
4027,,,Cohort,,,
4027,,,,Retrospective,,
4028,Randomized,,,,,
4028,,Parallel Assignment,,,,
4028,,,,,None (Open Label),
4028,,,,,,Supportive Care
4029,,,Case-Control,,,
4029,,,,Prospective,,
4030,N/A,,,,,
4030,,Single Group Assignment,,,,
4030,,,,,None (Open Label),
4030,,,,,,Treatment
4031,Randomized,,,,,
4031,,Parallel Assignment,,,,
4031,,,,,"Double (Participant, Outcomes Assessor)",
4031,,,,,,Prevention
4032,,,Cohort,,,
4032,,,,Prospective,,
4033,Randomized,,,,,
4033,,Parallel Assignment,,,,
4033,,,,,None (Open Label),
4033,,,,,,Treatment
4034,Randomized,,,,,
4034,,Parallel Assignment,,,,
4034,,,,,None (Open Label),
4034,,,,,,Treatment
4035,N/A,,,,,
4035,,Single Group Assignment,,,,
4035,,,,,None (Open Label),
4035,,,,,,Basic Science
4036,Randomized,,,,,
4036,,Parallel Assignment,,,,
4036,,,,,None (Open Label),
4036,,,,,,Prevention
4037,N/A,,,,,
4037,,Single Group Assignment,,,,
4037,,,,,None (Open Label),
4037,,,,,,Treatment
4038,Randomized,,,,,
4038,,Parallel Assignment,,,,
4038,,,,,None (Open Label),
4038,,,,,,Treatment
4039,Randomized,,,,,
4039,,Parallel Assignment,,,,
4039,,,,,"Quadruple (Participant, Care Provider, Investigator, Outcomes Assessor)",
4039,,,,,,Prevention
4040,Randomized,,,,,
4040,,Parallel Assignment,,,,
4040,,,,,"Quadruple (Participant, Care Provider, Investigator, Outcomes Assessor)",
4040,,,,,,Prevention
4041,,,Case-Only,,,
4041,,,,Retrospective,,
4042,,,Cohort,,,
4042,,,,Prospective,,
4043,,,Cohort,,,
4043,,,,Prospective,,
4044,,,Cohort,,,
4044,,,,Prospective,,
4045,Randomized,,,,,
4045,,Parallel Assignment,,,,
4045,,,,,None (Open Label),
4045,,,,,,Treatment
4046,Randomized,,,,,
4046,,Parallel Assignment,,,,
4046,,,,,None (Open Label),
4046,,,,,,Treatment
4047,,,Cohort,,,
4047,,,,Prospective,,
4048,,,Family-Based,,,
4048,,,,Cross-Sectional,,
4049,Randomized,,,,,
4049,,Sequential Assignment,,,,
4049,,,,,None (Open Label),
4049,,,,,,Treatment
4050,,,Cohort,,,
4050,,,,Prospective,,
4051,Randomized,,,,,
4051,,Parallel Assignment,,,,
4051,,,,,Single (Outcomes Assessor),
4051,,,,,,Prevention
4052,Randomized,,,,,
4052,,Parallel Assignment,,,,
4052,,,,,"Triple (Participant, Investigator, Outcomes Assessor)",
4052,,,,,,Treatment
4053,Randomized,,,,,
4053,,Parallel Assignment,,,,
4053,,,,,"Double (Participant, Investigator)",
4053,,,,,,Treatment
4054,,,Cohort,,,
4054,,,,Cross-Sectional,,
4055,,,Case-Control,,,
4055,,,,Prospective,,
4056,Non-Randomized,,,,,
4056,,Parallel Assignment,,,,
4056,,,,,None (Open Label),
4056,,,,,,Treatment
4057,Randomized,,,,,
4057,,Factorial Assignment,,,,
4057,,,,,Single (Participant),
4057,,,,,,Prevention
4058,N/A,,,,,
4058,,Single Group Assignment,,,,
4058,,,,,None (Open Label),
4058,,,,,,Treatment
4059,,,Ecologic or Community,,,
4059,,,,Cross-Sectional,,
4060,Randomized,,,,,
4060,,Parallel Assignment,,,,
4060,,,,,Single (Outcomes Assessor),
4060,,,,,,Treatment
4061,N/A,,,,,
4061,,Single Group Assignment,,,,
4061,,,,,None (Open Label),
4061,,,,,,Supportive Care
4062,Randomized,,,,,
4062,,Parallel Assignment,,,,
4062,,,,,None (Open Label),
4062,,,,,,Treatment
4063,,,Cohort,,,
4063,,,,Prospective,,
4064,,,Cohort,,,
4064,,,,Prospective,,
4065,Randomized,,,,,
4065,,Parallel Assignment,,,,
4065,,,,,"Quadruple (Participant, Care Provider, Investigator, Outcomes Assessor)",
4065,,,,,,Treatment
4066,,,Case-Control,,,
4066,,,,Prospective,,
4067,N/A,,,,,
4067,,Single Group Assignment,,,,
4067,,,,,None (Open Label),
4067,,,,,,Other
4068,Randomized,,,,,
4068,,Parallel Assignment,,,,
4068,,,,,"Double (Participant, Investigator)",
4068,,,,,,Treatment
4069,Non-Randomized,,,,,
4069,,Parallel Assignment,,,,
4069,,,,,"Quadruple (Participant, Care Provider, Investigator, Outcomes Assessor)",
4069,,,,,,Treatment
4070,,,Case-Control,,,
4070,,,,Prospective,,
4071,Randomized,,,,,
4071,,Parallel Assignment,,,,
4071,,,,,Single (Participant),
4071,,,,,,Treatment
4072,,,Cohort,,,
4072,,,,Prospective,,
4073,Non-Randomized,,,,,
4073,,Parallel Assignment,,,,
4073,,,,,None (Open Label),
4073,,,,,,Other
4074,Non-Randomized,,,,,
4074,,Parallel Assignment,,,,
4074,,,,,None (Open Label),
4074,,,,,,Prevention
4075,,,Cohort,,,
4075,,,,Retrospective,,
4076,Randomized,,,,,
4076,,Parallel Assignment,,,,
4076,,,,,"Triple (Participant, Investigator, Outcomes Assessor)",
4076,,,,,,Treatment
4077,Randomized,,,,,
4077,,Parallel Assignment,,,,
4077,,,,,None (Open Label),
4077,,,,,,Treatment
4078,Randomized,,,,,
4078,,Parallel Assignment,,,,
4078,,,,,"Quadruple (Participant, Care Provider, Investigator, Outcomes Assessor)",
4078,,,,,,Treatment
4079,Randomized,,,,,
4079,,Parallel Assignment,,,,
4079,,,,,Single (Participant),
4079,,,,,,Treatment
4080,,,Cohort,,,
4080,,,,Prospective,,
4082,Randomized,,,,,
4082,,Parallel Assignment,,,,
4082,,,,,None (Open Label),
4082,,,,,,Other
4083,,,Cohort,,,
4083,,,,Retrospective,,
4084,Randomized,,,,,
4084,,Parallel Assignment,,,,
4084,,,,,"Triple (Participant, Care Provider, Investigator)",
4084,,,,,,Treatment
4085,Randomized,,,,,
4085,,Parallel Assignment,,,,
4085,,,,,"Double (Participant, Investigator)",
4085,,,,,,Treatment
4086,,,Cohort,,,
4086,,,,Other,,
4087,Randomized,,,,,
4087,,Parallel Assignment,,,,
4087,,,,,None (Open Label),
4087,,,,,,Treatment
4088,Randomized,,,,,
4088,,Parallel Assignment,,,,
4088,,,,,"Quadruple (Participant, Care Provider, Investigator, Outcomes Assessor)",
4088,,,,,,Prevention
4089,Randomized,,,,,
4089,,Parallel Assignment,,,,
4089,,,,,"Quadruple (Participant, Care Provider, Investigator, Outcomes Assessor)",
4089,,,,,,Treatment
4090,Randomized,,,,,
4090,,Parallel Assignment,,,,
4090,,,,,Single (Participant),
4090,,,,,,Treatment
4091,Randomized,,,,,
4091,,Factorial Assignment,,,,
4091,,,,,"Quadruple (Participant, Care Provider, Investigator, Outcomes Assessor)",
4091,,,,,,Treatment
4092,Randomized,,,,,
4092,,Parallel Assignment,,,,
4092,,,,,"Triple (Participant, Care Provider, Investigator)",
4092,,,,,,Treatment
4093,Randomized,,,,,
4093,,Single Group Assignment,,,,
4093,,,,,"Double (Participant, Investigator)",
4093,,,,,,Supportive Care
4094,Randomized,,,,,
4094,,Factorial Assignment,,,,
4094,,,,,None (Open Label),
4094,,,,,,Treatment
4095,,,Cohort,,,
4095,,,,Prospective,,
4096,,,Cohort,,,
4096,,,,Prospective,,
4097,Randomized,,,,,
4097,,Parallel Assignment,,,,
4097,,,,,"Double (Participant, Investigator)",
4097,,,,,,Prevention
4098,,,Ecologic or Community,,,
4098,,,,Cross-Sectional,,
4099,Randomized,,,,,
4099,,Parallel Assignment,,,,
4099,,,,,"Quadruple (Participant, Care Provider, Investigator, Outcomes Assessor)",
4099,,,,,,Treatment
4100,,,Other,,,
4100,,,,Other,,
4101,,,Other,,,
4101,,,,Prospective,,
4102,Randomized,,,,,
4102,,Parallel Assignment,,,,
4102,,,,,"Double (Participant, Investigator)",
4102,,,,,,Treatment
4103,Randomized,,,,,
4103,,Crossover Assignment,,,,
4103,,,,,"Double (Participant, Outcomes Assessor)",
4103,,,,,,Prevention
4104,,,Case-Only,,,
4104,,,,Prospective,,
4105,Randomized,,,,,
4105,,Parallel Assignment,,,,
4105,,,,,None (Open Label),
4105,,,,,,Treatment
4106,Randomized,,,,,
4106,,Parallel Assignment,,,,
4106,,,,,Single (Outcomes Assessor),
4106,,,,,,Supportive Care
4107,,,Cohort,,,
4107,,,,Prospective,,
4108,N/A,,,,,
4108,,Single Group Assignment,,,,
4108,,,,,None (Open Label),
4108,,,,,,Prevention
4109,Randomized,,,,,
4109,,Parallel Assignment,,,,
4109,,,,,Single (Outcomes Assessor),
4109,,,,,,Treatment
4110,,,Cohort,,,
4110,,,,Prospective,,
4111,Randomized,,,,,
4111,,Parallel Assignment,,,,
4111,,,,,"Double (Participant, Outcomes Assessor)",
4111,,,,,,Treatment
4112,,,Cohort,,,
4112,,,,Prospective,,
4113,Randomized,,,,,
4113,,Parallel Assignment,,,,
4113,,,,,"Double (Participant, Investigator)",
4113,,,,,,Treatment
4114,Randomized,,,,,
4114,,Parallel Assignment,,,,
4114,,,,,None (Open Label),
4114,,,,,,Treatment
4115,Randomized,,,,,
4115,,Parallel Assignment,,,,
4115,,,,,"Quadruple (Participant, Care Provider, Investigator, Outcomes Assessor)",
4115,,,,,,Treatment
4116,,,Other,,,
4116,,,,Retrospective,,
4117,N/A,,,,,
4117,,Single Group Assignment,,,,
4117,,,,,None (Open Label),
4117,,,,,,Treatment
4118,,,Case-Only,,,
4118,,,,Prospective,,
4119,Randomized,,,,,
4119,,Parallel Assignment,,,,
4119,,,,,"Quadruple (Participant, Care Provider, Investigator, Outcomes Assessor)",
4119,,,,,,Treatment
4120,Randomized,,,,,
4120,,Parallel Assignment,,,,
4120,,,,,None (Open Label),
4120,,,,,,Treatment
4121,,,Case-Only,,,
4121,,,,Prospective,,
4122,Non-Randomized,,,,,
4122,,Parallel Assignment,,,,
4122,,,,,None (Open Label),
4122,,,,,,Treatment
4123,N/A,,,,,
4123,,Single Group Assignment,,,,
4123,,,,,None (Open Label),
4123,,,,,,Supportive Care
4124,Randomized,,,,,
4124,,Parallel Assignment,,,,
4124,,,,,Single (Participant),
4124,,,,,,Supportive Care
4125,Randomized,,,,,
4125,,Parallel Assignment,,,,
4125,,,,,None (Open Label),
4125,,,,,,Treatment
4126,,,Cohort,,,
4126,,,,Prospective,,
4127,Randomized,,,,,
4127,,Parallel Assignment,,,,
4127,,,,,Single (Participant),
4127,,,,,,Treatment
4128,Non-Randomized,,,,,
4128,,Parallel Assignment,,,,
4128,,,,,None (Open Label),
4128,,,,,,Prevention
4129,Randomized,,,,,
4129,,Factorial Assignment,,,,
4129,,,,,None (Open Label),
4129,,,,,,Treatment
4130,Randomized,,,,,
4130,,Parallel Assignment,,,,
4130,,,,,"Quadruple (Participant, Care Provider, Investigator, Outcomes Assessor)",
4130,,,,,,Treatment
4131,Randomized,,,,,
4131,,Parallel Assignment,,,,
4131,,,,,None (Open Label),
4131,,,,,,Treatment
4132,,,Cohort,,,
4132,,,,Prospective,,
4133,,,Other,,,
4133,,,,Prospective,,
4134,Randomized,,,,,
4134,,Parallel Assignment,,,,
4134,,,,,Single (Outcomes Assessor),
4134,,,,,,Treatment
4135,Randomized,,,,,
4135,,Parallel Assignment,,,,
4135,,,,,None (Open Label),
4135,,,,,,Treatment
4136,Randomized,,,,,
4136,,Parallel Assignment,,,,
4136,,,,,None (Open Label),
4136,,,,,,Treatment
4137,,,Cohort,,,
4137,,,,Prospective,,
4138,,,Cohort,,,
4138,,,,Prospective,,
4139,,,Cohort,,,
4139,,,,Retrospective,,
4140,,,Other,,,
4140,,,,Cross-Sectional,,
4141,,,Cohort,,,
4141,,,,Prospective,,
4142,N/A,,,,,
4142,,Single Group Assignment,,,,
4142,,,,,None (Open Label),
4142,,,,,,Treatment
4143,,,Cohort,,,
4143,,,,Prospective,,
4144,Randomized,,,,,
4144,,Parallel Assignment,,,,
4144,,,,,"Triple (Participant, Care Provider, Investigator)",
4144,,,,,,Treatment
4145,,,Cohort,,,
4145,,,,Prospective,,
4146,Randomized,,,,,
4146,,Sequential Assignment,,,,
4146,,,,,"Double (Participant, Investigator)",
4146,,,,,,Treatment
4147,Randomized,,,,,
4147,,Parallel Assignment,,,,
4147,,,,,None (Open Label),
4147,,,,,,Treatment
4148,Randomized,,,,,
4148,,Parallel Assignment,,,,
4148,,,,,"Quadruple (Participant, Care Provider, Investigator, Outcomes Assessor)",
4148,,,,,,Treatment
4149,Randomized,,,,,
4149,,Parallel Assignment,,,,
4149,,,,,None (Open Label),
4149,,,,,,Treatment
4150,Randomized,,,,,
4150,,Parallel Assignment,,,,
4150,,,,,Single (Participant),
4150,,,,,,Supportive Care
4151,Randomized,,,,,
4151,,Parallel Assignment,,,,
4151,,,,,None (Open Label),
4151,,,,,,Treatment
4152,,,Cohort,,,
4152,,,,Retrospective,,
4153,Randomized,,,,,
4153,,Parallel Assignment,,,,
4153,,,,,"Quadruple (Participant, Care Provider, Investigator, Outcomes Assessor)",
4153,,,,,,Treatment
4154,,,Cohort,,,
4154,,,,Prospective,,
4155,,,Cohort,,,
4155,,,,Other,,
4156,,,Case-Control,,,
4156,,,,Prospective,,
4157,,,Case-Control,,,
4157,,,,Retrospective,,
4158,,,Cohort,,,
4158,,,,Prospective,,
4159,Non-Randomized,,,,,
4159,,Parallel Assignment,,,,
4159,,,,,None (Open Label),
4159,,,,,,Treatment
4160,,,Other,,,
4160,,,,Retrospective,,
4161,,,Other,,,
4161,,,,Cross-Sectional,,
4162,,,Case-Control,,,
4162,,,,Prospective,,
4163,Non-Randomized,,,,,
4163,,Factorial Assignment,,,,
4163,,,,,None (Open Label),
4163,,,,,,Treatment
4164,Randomized,,,,,
4164,,Parallel Assignment,,,,
4164,,,,,"Double (Participant, Investigator)",
4164,,,,,,Treatment
4165,,,Cohort,,,
4165,,,,Other,,
4166,,,Other,,,
4166,,,,Prospective,,
4167,Randomized,,,,,
4167,,Parallel Assignment,,,,
4167,,,,,"Double (Participant, Investigator)",
4167,,,,,,Prevention
4168,,,Cohort,,,
4168,,,,Prospective,,
4169,Randomized,,,,,
4169,,Parallel Assignment,,,,
4169,,,,,None (Open Label),
4169,,,,,,Treatment
4170,,,Cohort,,,
4170,,,,Prospective,,
4171,Non-Randomized,,,,,
4171,,Single Group Assignment,,,,
4171,,,,,None (Open Label),
4171,,,,,,Diagnostic
4172,Randomized,,,,,
4172,,Parallel Assignment,,,,
4172,,,,,"Triple (Participant, Investigator, Outcomes Assessor)",
4172,,,,,,Supportive Care
4173,,,Case-Control,,,
4173,,,,Prospective,,
4174,Randomized,,,,,
4174,,Parallel Assignment,,,,
4174,,,,,"Quadruple (Participant, Care Provider, Investigator, Outcomes Assessor)",
4174,,,,,,Treatment
4175,,,Other,,,
4175,,,,Prospective,,
4176,,,Cohort,,,
4176,,,,Prospective,,
4177,,,Cohort,,,
4177,,,,Prospective,,
4178,Randomized,,,,,
4178,,Parallel Assignment,,,,
4178,,,,,"Quadruple (Participant, Care Provider, Investigator, Outcomes Assessor)",
4178,,,,,,Treatment
4179,Randomized,,,,,
4179,,Parallel Assignment,,,,
4179,,,,,Single (Participant),
4179,,,,,,Treatment
4180,,,Cohort,,,
4180,,,,Prospective,,
4181,Randomized,,,,,
4181,,Parallel Assignment,,,,
4181,,,,,None (Open Label),
4181,,,,,,Supportive Care
4182,,,Other,,,
4182,,,,Cross-Sectional,,
4183,Randomized,,,,,
4183,,Parallel Assignment,,,,
4183,,,,,"Triple (Care Provider, Investigator, Outcomes Assessor)",
4183,,,,,,Prevention
4184,Randomized,,,,,
4184,,Parallel Assignment,,,,
4184,,,,,None (Open Label),
4184,,,,,,Supportive Care
4185,Randomized,,,,,
4185,,Parallel Assignment,,,,
4185,,,,,"Quadruple (Participant, Care Provider, Investigator, Outcomes Assessor)",
4185,,,,,,Treatment
4186,,,Case-Only,,,
4186,,,,Prospective,,
4187,,,Cohort,,,
4187,,,,Other,,
4188,Randomized,,,,,
4188,,Parallel Assignment,,,,
4188,,,,,"Quadruple (Participant, Care Provider, Investigator, Outcomes Assessor)",
4188,,,,,,Treatment
4189,Randomized,,,,,
4189,,Parallel Assignment,,,,
4189,,,,,None (Open Label),
4189,,,,,,Treatment
4190,,,Cohort,,,
4190,,,,Prospective,,
4191,,,Cohort,,,
4191,,,,Prospective,,
4192,Randomized,,,,,
4192,,Parallel Assignment,,,,
4192,,,,,"Quadruple (Participant, Care Provider, Investigator, Outcomes Assessor)",
4192,,,,,,Treatment
4193,,,Cohort,,,
4193,,,,Prospective,,
4194,,,Cohort,,,
4194,,,,Prospective,,
4195,,,Other,,,
4195,,,,Prospective,,
4196,Randomized,,,,,
4196,,Parallel Assignment,,,,
4196,,,,,None (Open Label),
4196,,,,,,Treatment
4197,Randomized,,,,,
4197,,Parallel Assignment,,,,
4197,,,,,None (Open Label),
4197,,,,,,Treatment
4198,Randomized,,,,,
4198,,Parallel Assignment,,,,
4198,,,,,None (Open Label),
4198,,,,,,Treatment
4199,Randomized,,,,,
4199,,Parallel Assignment,,,,
4199,,,,,None (Open Label),
4199,,,,,,Treatment
4200,,,Cohort,,,
4200,,,,Prospective,,
4201,,,Other,,,
4201,,,,Prospective,,
4202,Randomized,,,,,
4202,,Parallel Assignment,,,,
4202,,,,,None (Open Label),
4202,,,,,,Treatment
4203,Randomized,,,,,
4203,,Parallel Assignment,,,,
4203,,,,,None (Open Label),
4203,,,,,,Treatment
4204,N/A,,,,,
4204,,Single Group Assignment,,,,
4204,,,,,None (Open Label),
4204,,,,,,Basic Science
4205,Randomized,,,,,
4205,,Parallel Assignment,,,,
4205,,,,,"Quadruple (Participant, Care Provider, Investigator, Outcomes Assessor)",
4205,,,,,,Treatment
4206,,,Case-Control,,,
4206,,,,Cross-Sectional,,
4207,,,Cohort,,,
4207,,,,Prospective,,
4208,Randomized,,,,,
4208,,Parallel Assignment,,,,
4208,,,,,None (Open Label),
4208,,,,,,Treatment
4209,,,Cohort,,,
4209,,,,Prospective,,
4210,,,Cohort,,,
4210,,,,Retrospective,,
4211,,,Cohort,,,
4211,,,,Cross-Sectional,,
4212,Randomized,,,,,
4212,,Parallel Assignment,,,,
4212,,,,,"Quadruple (Participant, Care Provider, Investigator, Outcomes Assessor)",
4212,,,,,,Treatment
4213,,,Cohort,,,
4213,,,,Prospective,,
4214,,,Cohort,,,
4214,,,,Prospective,,
4215,Randomized,,,,,
4215,,Parallel Assignment,,,,
4215,,,,,"Double (Participant, Care Provider)",
4215,,,,,,Health Services Research
4216,N/A,,,,,
4216,,Single Group Assignment,,,,
4216,,,,,None (Open Label),
4216,,,,,,Treatment
4217,,,Cohort,,,
4217,,,,Prospective,,
4218,,,Ecologic or Community,,,
4218,,,,Cross-Sectional,,
4219,,,Cohort,,,
4219,,,,Other,,
4220,,,Cohort,,,
4220,,,,Prospective,,
4221,Randomized,,,,,
4221,,Parallel Assignment,,,,
4221,,,,,None (Open Label),
4221,,,,,,Treatment
4222,,,Cohort,,,
4222,,,,Prospective,,
4223,N/A,,,,,
4223,,Single Group Assignment,,,,
4223,,,,,None (Open Label),
4223,,,,,,Treatment
4224,,,Cohort,,,
4224,,,,Retrospective,,
4225,,,Other,,,
4225,,,,Prospective,,
4226,,,Cohort,,,
4226,,,,Prospective,,
4227,,,Cohort,,,
4227,,,,Retrospective,,
4228,,,Other,,,
4228,,,,Prospective,,
4229,Randomized,,,,,
4229,,Parallel Assignment,,,,
4229,,,,,None (Open Label),
4229,,,,,,Treatment
4230,Randomized,,,,,
4230,,Parallel Assignment,,,,
4230,,,,,"Quadruple (Participant, Care Provider, Investigator, Outcomes Assessor)",
4230,,,,,,Prevention
4231,Randomized,,,,,
4231,,Parallel Assignment,,,,
4231,,,,,"Quadruple (Participant, Care Provider, Investigator, Outcomes Assessor)",
4231,,,,,,Treatment
4232,Randomized,,,,,
4232,,Parallel Assignment,,,,
4232,,,,,None (Open Label),
4232,,,,,,Treatment
4233,Randomized,,,,,
4233,,Sequential Assignment,,,,
4233,,,,,"Quadruple (Participant, Care Provider, Investigator, Outcomes Assessor)",
4233,,,,,,Treatment
4234,,,Ecologic or Community,,,
4234,,,,Prospective,,
4235,,,Case-Only,,,
4235,,,,Prospective,,
4236,Randomized,,,,,
4236,,Parallel Assignment,,,,
4236,,,,,"Double (Participant, Care Provider)",
4236,,,,,,Supportive Care
4237,N/A,,,,,
4237,,Single Group Assignment,,,,
4237,,,,,None (Open Label),
4237,,,,,,Diagnostic
4238,,,Cohort,,,
4238,,,,Retrospective,,
4239,,,Cohort,,,
4239,,,,Prospective,,
4240,Randomized,,,,,
4240,,Parallel Assignment,,,,
4240,,,,,Single (Outcomes Assessor),
4240,,,,,,Treatment
4241,N/A,,,,,
4241,,Single Group Assignment,,,,
4241,,,,,None (Open Label),
4241,,,,,,Diagnostic
4242,,,Other,,,
4242,,,,Cross-Sectional,,
4243,Randomized,,,,,
4243,,Parallel Assignment,,,,
4243,,,,,Single (Participant),
4243,,,,,,Treatment
4244,Randomized,,,,,
4244,,Parallel Assignment,,,,
4244,,,,,"Quadruple (Participant, Care Provider, Investigator, Outcomes Assessor)",
4244,,,,,,Treatment
4245,N/A,,,,,
4245,,Single Group Assignment,,,,
4245,,,,,None (Open Label),
4245,,,,,,Supportive Care
4246,N/A,,,,,
4246,,Single Group Assignment,,,,
4246,,,,,None (Open Label),
4246,,,,,,Treatment
4247,Randomized,,,,,
4247,,Parallel Assignment,,,,
4247,,,,,None (Open Label),
4247,,,,,,Treatment
4248,,,Case-Control,,,
4248,,,,Prospective,,
4249,,,Cohort,,,
4249,,,,Cross-Sectional,,
4250,,,Cohort,,,
4250,,,,Retrospective,,
4251,,,Other,,,
4251,,,,Cross-Sectional,,
4252,,,Cohort,,,
4252,,,,Retrospective,,
4253,Randomized,,,,,
4253,,Parallel Assignment,,,,
4253,,,,,None (Open Label),
4253,,,,,,Treatment
4254,Randomized,,,,,
4254,,Parallel Assignment,,,,
4254,,,,,"Quadruple (Participant, Care Provider, Investigator, Outcomes Assessor)",
4254,,,,,,Prevention
4255,,,Cohort,,,
4255,,,,Cross-Sectional,,
4256,Randomized,,,,,
4256,,Parallel Assignment,,,,
4256,,,,,"Double (Participant, Investigator)",
4256,,,,,,Treatment
4257,Non-Randomized,,,,,
4257,,Parallel Assignment,,,,
4257,,,,,None (Open Label),
4257,,,,,,Prevention
4258,Randomized,,,,,
4258,,Parallel Assignment,,,,
4258,,,,,None (Open Label),
4258,,,,,,Supportive Care
4259,Randomized,,,,,
4259,,Parallel Assignment,,,,
4259,,,,,Single (Participant),
4259,,,,,,Supportive Care
4260,Randomized,,,,,
4260,,Parallel Assignment,,,,
4260,,,,,"Quadruple (Participant, Care Provider, Investigator, Outcomes Assessor)",
4260,,,,,,Treatment
4261,Randomized,,,,,
4261,,Crossover Assignment,,,,
4261,,,,,"Double (Participant, Care Provider)",
4261,,,,,,Treatment
4262,Randomized,,,,,
4262,,Parallel Assignment,,,,
4262,,,,,Single (Outcomes Assessor),
4262,,,,,,Prevention
4263,Randomized,,,,,
4263,,Parallel Assignment,,,,
4263,,,,,None (Open Label),
4263,,,,,,Treatment
4264,Randomized,,,,,
4264,,Parallel Assignment,,,,
4264,,,,,"Double (Participant, Outcomes Assessor)",
4264,,,,,,Treatment
4265,Randomized,,,,,
4265,,Parallel Assignment,,,,
4265,,,,,"Quadruple (Participant, Care Provider, Investigator, Outcomes Assessor)",
4265,,,,,,Treatment
4266,Randomized,,,,,
4266,,Parallel Assignment,,,,
4266,,,,,"Triple (Care Provider, Investigator, Outcomes Assessor)",
4266,,,,,,Prevention
4267,,,Cohort,,,
4267,,,,Retrospective,,
4268,,,Cohort,,,
4268,,,,Prospective,,
4269,,,Other,,,
4269,,,,Retrospective,,
4270,Non-Randomized,,,,,
4270,,Parallel Assignment,,,,
4270,,,,,"Double (Participant, Care Provider)",
4270,,,,,,Supportive Care
4271,N/A,,,,,
4271,,Single Group Assignment,,,,
4271,,,,,None (Open Label),
4271,,,,,,Diagnostic
4272,Randomized,,,,,
4272,,Parallel Assignment,,,,
4272,,,,,Single (Participant),
4272,,,,,,Treatment
4273,,,Cohort,,,
4273,,,,Prospective,,
4274,Randomized,,,,,
4274,,Parallel Assignment,,,,
4274,,,,,None (Open Label),
4274,,,,,,Treatment
4275,,,Cohort,,,
4275,,,,Retrospective,,
4276,,,Case-Only,,,
4276,,,,Cross-Sectional,,
4277,N/A,,,,,
4277,,Single Group Assignment,,,,
4277,,,,,None (Open Label),
4277,,,,,,Supportive Care
4278,,,Cohort,,,
4278,,,,Retrospective,,
4279,N/A,,,,,
4279,,Single Group Assignment,,,,
4279,,,,,None (Open Label),
4279,,,,,,Supportive Care
4280,Randomized,,,,,
4280,,Parallel Assignment,,,,
4280,,,,,Single (Outcomes Assessor),
4280,,,,,,Treatment
4281,,,Other,,,
4281,,,,Other,,
4282,,,Cohort,,,
4282,,,,Prospective,,
4283,N/A,,,,,
4283,,Single Group Assignment,,,,
4283,,,,,None (Open Label),
4283,,,,,,Treatment
4284,Randomized,,,,,
4284,,Parallel Assignment,,,,
4284,,,,,"Quadruple (Participant, Care Provider, Investigator, Outcomes Assessor)",
4284,,,,,,Treatment
4285,Randomized,,,,,
4285,,Sequential Assignment,,,,
4285,,,,,"Double (Participant, Investigator)",
4285,,,,,,Treatment
4286,Randomized,,,,,
4286,,Parallel Assignment,,,,
4286,,,,,"Quadruple (Participant, Care Provider, Investigator, Outcomes Assessor)",
4286,,,,,,Treatment
4287,,,Cohort,,,
4287,,,,Prospective,,
4288,,,Cohort,,,
4288,,,,Prospective,,
4289,N/A,,,,,
4289,,Single Group Assignment,,,,
4289,,,,,None (Open Label),
4289,,,,,,Treatment
4290,N/A,,,,,
4290,,Single Group Assignment,,,,
4290,,,,,None (Open Label),
4290,,,,,,Treatment
4291,N/A,,,,,
4291,,Single Group Assignment,,,,
4291,,,,,None (Open Label),
4291,,,,,,Treatment
4292,Randomized,,,,,
4292,,Parallel Assignment,,,,
4292,,,,,None (Open Label),
4292,,,,,,Treatment
4293,Randomized,,,,,
4293,,Parallel Assignment,,,,
4293,,,,,None (Open Label),
4293,,,,,,Treatment
4294,,,Cohort,,,
4294,,,,Retrospective,,
4295,Randomized,,,,,
4295,,Sequential Assignment,,,,
4295,,,,,"Triple (Participant, Care Provider, Investigator)",
4295,,,,,,Treatment
4296,N/A,,,,,
4296,,Single Group Assignment,,,,
4296,,,,,None (Open Label),
4296,,,,,,Treatment
4297,Non-Randomized,,,,,
4297,,Sequential Assignment,,,,
4297,,,,,None (Open Label),
4297,,,,,,Prevention
4298,,,Cohort,,,
4298,,,,Prospective,,
4299,,,Cohort,,,
4299,,,,Prospective,,
4300,,,Other,,,
4300,,,,Cross-Sectional,,
4301,Non-Randomized,,,,,
4301,,Sequential Assignment,,,,
4301,,,,,None (Open Label),
4301,,,,,,Prevention
4302,Randomized,,,,,
4302,,Parallel Assignment,,,,
4302,,,,,"Quadruple (Participant, Care Provider, Investigator, Outcomes Assessor)",
4302,,,,,,Treatment
4303,,,Other,,,
4303,,,,Retrospective,,
4304,N/A,,,,,
4304,,Single Group Assignment,,,,
4304,,,,,None (Open Label),
4304,,,,,,Diagnostic
4305,Randomized,,,,,
4305,,Parallel Assignment,,,,
4305,,,,,"Double (Participant, Investigator)",
4305,,,,,,Treatment
4306,Randomized,,,,,
4306,,Parallel Assignment,,,,
4306,,,,,None (Open Label),
4306,,,,,,Treatment
4307,,,Other,,,
4307,,,,Cross-Sectional,,
4308,Randomized,,,,,
4308,,Parallel Assignment,,,,
4308,,,,,None (Open Label),
4308,,,,,,Supportive Care
4309,Randomized,,,,,
4309,,Parallel Assignment,,,,
4309,,,,,None (Open Label),
4309,,,,,,Supportive Care
4310,,,Cohort,,,
4310,,,,Other,,
4311,,,Cohort,,,
4311,,,,Other,,
4312,,,Cohort,,,
4312,,,,Cross-Sectional,,
4313,Randomized,,,,,
4313,,Parallel Assignment,,,,
4313,,,,,None (Open Label),
4313,,,,,,Treatment
4314,,,Cohort,,,
4314,,,,Cross-Sectional,,
4315,N/A,,,,,
4315,,Single Group Assignment,,,,
4315,,,,,None (Open Label),
4315,,,,,,Treatment
4316,Randomized,,,,,
4316,,Parallel Assignment,,,,
4316,,,,,None (Open Label),
4316,,,,,,Treatment
4317,Randomized,,,,,
4317,,Sequential Assignment,,,,
4317,,,,,None (Open Label),
4317,,,,,,Treatment
4318,,,Ecologic or Community,,,
4318,,,,Cross-Sectional,,
4319,Randomized,,,,,
4319,,Parallel Assignment,,,,
4319,,,,,"Quadruple (Participant, Care Provider, Investigator, Outcomes Assessor)",
4319,,,,,,Treatment
4320,,,Cohort,,,
4320,,,,Prospective,,
4321,,,Cohort,,,
4321,,,,Prospective,,
4322,N/A,,,,,
4322,,Single Group Assignment,,,,
4322,,,,,None (Open Label),
4322,,,,,,Treatment
4323,Randomized,,,,,
4323,,Parallel Assignment,,,,
4323,,,,,"Double (Investigator, Outcomes Assessor)",
4323,,,,,,Prevention
4324,Randomized,,,,,
4324,,Parallel Assignment,,,,
4324,,,,,"Double (Participant, Investigator)",
4324,,,,,,Treatment
4325,,,Case-Only,,,
4325,,,,Cross-Sectional,,
4326,Non-Randomized,,,,,
4326,,Parallel Assignment,,,,
4326,,,,,None (Open Label),
4326,,,,,,Treatment
4327,,,Cohort,,,
4327,,,,Prospective,,
4328,Randomized,,,,,
4328,,Parallel Assignment,,,,
4328,,,,,"Quadruple (Participant, Care Provider, Investigator, Outcomes Assessor)",
4328,,,,,,Prevention
4329,Randomized,,,,,
4329,,Parallel Assignment,,,,
4329,,,,,"Quadruple (Participant, Care Provider, Investigator, Outcomes Assessor)",
4329,,,,,,Prevention
4330,Randomized,,,,,
4330,,Parallel Assignment,,,,
4330,,,,,"Double (Participant, Investigator)",
4330,,,,,,Treatment
4331,,,Cohort,,,
4331,,,,Cross-Sectional,,
4332,,,Other,,,
4332,,,,Cross-Sectional,,
4333,Randomized,,,,,
4333,,Parallel Assignment,,,,
4333,,,,,None (Open Label),
4333,,,,,,Treatment
4334,,,Cohort,,,
4334,,,,Other,,
4335,N/A,,,,,
4335,,Single Group Assignment,,,,
4335,,,,,None (Open Label),
4335,,,,,,Treatment
4336,,,Cohort,,,
4336,,,,Prospective,,
4337,,,Other,,,
4337,,,,Other,,
4338,,,Case-Crossover,,,
4338,,,,Retrospective,,
4339,,,Cohort,,,
4339,,,,Retrospective,,
4340,Randomized,,,,,
4340,,Parallel Assignment,,,,
4340,,,,,"Quadruple (Participant, Care Provider, Investigator, Outcomes Assessor)",
4340,,,,,,Treatment
4341,,,Cohort,,,
4341,,,,Prospective,,
4342,Randomized,,,,,
4342,,Parallel Assignment,,,,
4342,,,,,"Quadruple (Participant, Care Provider, Investigator, Outcomes Assessor)",
4342,,,,,,Treatment
4343,Randomized,,,,,
4343,,Parallel Assignment,,,,
4343,,,,,Single (Outcomes Assessor),
4343,,,,,,Other
4344,Randomized,,,,,
4344,,Parallel Assignment,,,,
4344,,,,,"Double (Participant, Outcomes Assessor)",
4344,,,,,,Treatment
4345,Randomized,,,,,
4345,,Parallel Assignment,,,,
4345,,,,,None (Open Label),
4345,,,,,,Treatment
4346,Non-Randomized,,,,,
4346,,Sequential Assignment,,,,
4346,,,,,None (Open Label),
4346,,,,,,Prevention
4347,,,Cohort,,,
4347,,,,Prospective,,
4348,N/A,,,,,
4348,,Single Group Assignment,,,,
4348,,,,,None (Open Label),
4348,,,,,,Treatment
4349,Randomized,,,,,
4349,,Parallel Assignment,,,,
4349,,,,,"Double (Participant, Outcomes Assessor)",
4349,,,,,,Treatment
4350,Randomized,,,,,
4350,,Parallel Assignment,,,,
4350,,,,,"Double (Participant, Care Provider)",
4350,,,,,,Treatment
4351,Randomized,,,,,
4351,,Sequential Assignment,,,,
4351,,,,,"Triple (Participant, Care Provider, Investigator)",
4351,,,,,,Treatment
4352,Randomized,,,,,
4352,,Parallel Assignment,,,,
4352,,,,,Single (Participant),
4352,,,,,,Treatment
4353,,,Cohort,,,
4353,,,,Prospective,,
4354,N/A,,,,,
4354,,Single Group Assignment,,,,
4354,,,,,None (Open Label),
4354,,,,,,Other
4355,Randomized,,,,,
4355,,Parallel Assignment,,,,
4355,,,,,Single (Participant),
4355,,,,,,Health Services Research
4356,Randomized,,,,,
4356,,Parallel Assignment,,,,
4356,,,,,"Triple (Participant, Care Provider, Outcomes Assessor)",
4356,,,,,,Treatment
4357,Randomized,,,,,
4357,,Parallel Assignment,,,,
4357,,,,,Single (Participant),
4357,,,,,,Health Services Research
4358,Randomized,,,,,
4358,,Parallel Assignment,,,,
4358,,,,,"Quadruple (Participant, Care Provider, Investigator, Outcomes Assessor)",
4358,,,,,,Treatment
4359,,,Case-Control,,,
4359,,,,Retrospective,,
4360,,,Case-Control,,,
4360,,,,Prospective,,
4361,Randomized,,,,,
4361,,Parallel Assignment,,,,
4361,,,,,Single (Investigator),
4361,,,,,,Diagnostic
4362,Randomized,,,,,
4362,,Parallel Assignment,,,,
4362,,,,,None (Open Label),
4362,,,,,,Treatment
4363,N/A,,,,,
4363,,Single Group Assignment,,,,
4363,,,,,None (Open Label),
4363,,,,,,Treatment
4364,Randomized,,,,,
4364,,Parallel Assignment,,,,
4364,,,,,"Double (Participant, Outcomes Assessor)",
4364,,,,,,Basic Science
4365,,,Case-Only,,,
4365,,,,Prospective,,
4366,,,Other,,,
4366,,,,Cross-Sectional,,
4367,,,Case-Only,,,
4367,,,,Prospective,,
4368,,,Cohort,,,
4368,,,,Prospective,,
4369,,,Cohort,,,
4369,,,,Prospective,,
4370,Randomized,,,,,
4370,,Parallel Assignment,,,,
4370,,,,,"Quadruple (Participant, Care Provider, Investigator, Outcomes Assessor)",
4370,,,,,,Treatment
4371,Randomized,,,,,
4371,,Sequential Assignment,,,,
4371,,,,,"Quadruple (Participant, Care Provider, Investigator, Outcomes Assessor)",
4371,,,,,,Treatment
4372,,,Cohort,,,
4372,,,,Prospective,,
4373,Randomized,,,,,
4373,,Parallel Assignment,,,,
4373,,,,,None (Open Label),
4373,,,,,,Treatment
4374,Randomized,,,,,
4374,,Parallel Assignment,,,,
4374,,,,,None (Open Label),
4374,,,,,,Treatment
4375,Randomized,,,,,
4375,,Parallel Assignment,,,,
4375,,,,,None (Open Label),
4375,,,,,,Treatment
4376,Randomized,,,,,
4376,,Parallel Assignment,,,,
4376,,,,,None (Open Label),
4376,,,,,,Treatment
4377,N/A,,,,,
4377,,Single Group Assignment,,,,
4377,,,,,None (Open Label),
4377,,,,,,Health Services Research
4378,N/A,,,,,
4378,,Single Group Assignment,,,,
4378,,,,,None (Open Label),
4378,,,,,,Treatment
4379,,,Cohort,,,
4379,,,,Prospective,,
4380,,,Cohort,,,
4380,,,,Retrospective,,
4381,,,Cohort,,,
4381,,,,Cross-Sectional,,
4382,,,Cohort,,,
4382,,,,Prospective,,
4383,Randomized,,,,,
4383,,Parallel Assignment,,,,
4383,,,,,"Quadruple (Participant, Care Provider, Investigator, Outcomes Assessor)",
4383,,,,,,Treatment
4384,Randomized,,,,,
4384,,Sequential Assignment,,,,
4384,,,,,"Double (Participant, Investigator)",
4384,,,,,,Treatment
4385,Randomized,,,,,
4385,,Parallel Assignment,,,,
4385,,,,,"Quadruple (Participant, Care Provider, Investigator, Outcomes Assessor)",
4385,,,,,,Treatment
4386,N/A,,,,,
4386,,Single Group Assignment,,,,
4386,,,,,None (Open Label),
4386,,,,,,Diagnostic
4387,Randomized,,,,,
4387,,Parallel Assignment,,,,
4387,,,,,"Quadruple (Participant, Care Provider, Investigator, Outcomes Assessor)",
4387,,,,,,Treatment
4388,,,Cohort,,,
4388,,,,Prospective,,
4389,,,Cohort,,,
4389,,,,Cross-Sectional,,
4390,Randomized,,,,,
4390,,Parallel Assignment,,,,
4390,,,,,"Triple (Participant, Care Provider, Outcomes Assessor)",
4390,,,,,,Supportive Care
4391,Randomized,,,,,
4391,,Parallel Assignment,,,,
4391,,,,,None (Open Label),
4391,,,,,,Treatment
4392,Randomized,,,,,
4392,,Parallel Assignment,,,,
4392,,,,,"Triple (Participant, Care Provider, Investigator)",
4392,,,,,,Treatment
4393,Randomized,,,,,
4393,,Parallel Assignment,,,,
4393,,,,,"Double (Participant, Care Provider)",
4393,,,,,,Health Services Research
4394,,,Cohort,,,
4394,,,,Cross-Sectional,,
4395,Randomized,,,,,
4395,,Parallel Assignment,,,,
4395,,,,,Single (Participant),
4395,,,,,,Treatment
4396,,,Cohort,,,
4396,,,,Retrospective,,
4397,,,Cohort,,,
4397,,,,Prospective,,
4398,Randomized,,,,,
4398,,Parallel Assignment,,,,
4398,,,,,None (Open Label),
4398,,,,,,Device Feasibility
4399,,,Other,,,
4399,,,,Retrospective,,
4400,Randomized,,,,,
4400,,Parallel Assignment,,,,
4400,,,,,None (Open Label),
4400,,,,,,Treatment
4401,,,Case-Control,,,
4401,,,,Cross-Sectional,,
4402,N/A,,,,,
4402,,Single Group Assignment,,,,
4402,,,,,None (Open Label),
4402,,,,,,Health Services Research
4403,N/A,,,,,
4403,,Single Group Assignment,,,,
4403,,,,,None (Open Label),
4403,,,,,,Treatment
4404,Randomized,,,,,
4404,,Parallel Assignment,,,,
4404,,,,,"Double (Investigator, Outcomes Assessor)",
4404,,,,,,Treatment
4405,Randomized,,,,,
4405,,Parallel Assignment,,,,
4405,,,,,"Triple (Participant, Care Provider, Outcomes Assessor)",
4405,,,,,,Prevention
4406,Randomized,,,,,
4406,,Factorial Assignment,,,,
4406,,,,,"Double (Participant, Care Provider)",
4406,,,,,,Treatment
4407,Randomized,,,,,
4407,,Sequential Assignment,,,,
4407,,,,,Single (Investigator),
4407,,,,,,Supportive Care
4408,Randomized,,,,,
4408,,Parallel Assignment,,,,
4408,,,,,"Triple (Participant, Care Provider, Investigator)",
4408,,,,,,Treatment
4409,,,Cohort,,,
4409,,,,Prospective,,
4410,,,Cohort,,,
4410,,,,Prospective,,
4411,Randomized,,,,,
4411,,Parallel Assignment,,,,
4411,,,,,Single (Participant),
4411,,,,,,Prevention
4412,Randomized,,,,,
4412,,Parallel Assignment,,,,
4412,,,,,"Quadruple (Participant, Care Provider, Investigator, Outcomes Assessor)",
4412,,,,,,Treatment
4413,Randomized,,,,,
4413,,Parallel Assignment,,,,
4413,,,,,"Quadruple (Participant, Care Provider, Investigator, Outcomes Assessor)",
4413,,,,,,Prevention
4414,Randomized,,,,,
4414,,Parallel Assignment,,,,
4414,,,,,Single (Outcomes Assessor),
4414,,,,,,Treatment
4415,,,Cohort,,,
4415,,,,Prospective,,
4416,,,Cohort,,,
4416,,,,Cross-Sectional,,
4417,,,Cohort,,,
4417,,,,Prospective,,
4418,Randomized,,,,,
4418,,Parallel Assignment,,,,
4418,,,,,None (Open Label),
4418,,,,,,Treatment
4419,Randomized,,,,,
4419,,Sequential Assignment,,,,
4419,,,,,Single (Participant),
4419,,,,,,Prevention
4421,Randomized,,,,,
4421,,Parallel Assignment,,,,
4421,,,,,None (Open Label),
4421,,,,,,Treatment
4422,N/A,,,,,
4422,,Single Group Assignment,,,,
4422,,,,,None (Open Label),
4422,,,,,,Treatment
4423,Randomized,,,,,
4423,,Parallel Assignment,,,,
4423,,,,,None (Open Label),
4423,,,,,,Other
4424,Randomized,,,,,
4424,,Parallel Assignment,,,,
4424,,,,,Single (Outcomes Assessor),
4424,,,,,,Treatment
4425,,,Cohort,,,
4425,,,,Prospective,,
4426,,,Cohort,,,
4426,,,,Cross-Sectional,,
4427,N/A,,,,,
4427,,Single Group Assignment,,,,
4427,,,,,None (Open Label),
4427,,,,,,Treatment
4429,,,Cohort,,,
4429,,,,Cross-Sectional,,
4430,,,Cohort,,,
4430,,,,Cross-Sectional,,
4431,,,Cohort,,,
4431,,,,Prospective,,
4432,Randomized,,,,,
4432,,Parallel Assignment,,,,
4432,,,,,Single (Participant),
4432,,,,,,Prevention
4433,,,Cohort,,,
4433,,,,Retrospective,,
4434,Randomized,,,,,
4434,,Parallel Assignment,,,,
4434,,,,,None (Open Label),
4434,,,,,,Treatment
4435,Randomized,,,,,
4435,,Parallel Assignment,,,,
4435,,,,,None (Open Label),
4435,,,,,,Treatment
4436,,,Cohort,,,
4436,,,,Prospective,,
4437,,,Case-Control,,,
4437,,,,Retrospective,,
4438,,,Cohort,,,
4438,,,,Retrospective,,
4439,Randomized,,,,,
4439,,Parallel Assignment,,,,
4439,,,,,None (Open Label),
4439,,,,,,Prevention
4440,Randomized,,,,,
4440,,Parallel Assignment,,,,
4440,,,,,"Double (Participant, Investigator)",
4440,,,,,,Other
4441,Randomized,,,,,
4441,,Parallel Assignment,,,,
4441,,,,,None (Open Label),
4441,,,,,,Treatment
4442,Randomized,,,,,
4442,,Parallel Assignment,,,,
4442,,,,,None (Open Label),
4442,,,,,,Treatment
4443,,,Cohort,,,
4443,,,,Retrospective,,
4444,N/A,,,,,
4444,,Single Group Assignment,,,,
4444,,,,,None (Open Label),
4444,,,,,,Treatment
4445,,,Cohort,,,
4445,,,,Prospective,,
4446,,,Cohort,,,
4446,,,,Prospective,,
4447,Randomized,,,,,
4447,,Crossover Assignment,,,,
4447,,,,,Single (Outcomes Assessor),
4447,,,,,,Supportive Care
4448,,,Family-Based,,,
4448,,,,Cross-Sectional,,
4449,,,Cohort,,,
4449,,,,Retrospective,,
4450,,,Case-Only,,,
4450,,,,Prospective,,
4451,Randomized,,,,,
4451,,Parallel Assignment,,,,
4451,,,,,None (Open Label),
4451,,,,,,Treatment
4452,,,Case-Control,,,
4452,,,,Retrospective,,
4453,N/A,,,,,
4453,,Single Group Assignment,,,,
4453,,,,,None (Open Label),
4453,,,,,,Supportive Care
4454,Randomized,,,,,
4454,,Parallel Assignment,,,,
4454,,,,,None (Open Label),
4454,,,,,,Treatment
4455,,,Cohort,,,
4455,,,,Prospective,,
4456,Non-Randomized,,,,,
4456,,Parallel Assignment,,,,
4456,,,,,Single (Care Provider),
4456,,,,,,Supportive Care
4457,Randomized,,,,,
4457,,Parallel Assignment,,,,
4457,,,,,"Triple (Participant, Care Provider, Outcomes Assessor)",
4457,,,,,,Treatment
4458,,,Case-Control,,,
4458,,,,Prospective,,
4459,Randomized,,,,,
4459,,Sequential Assignment,,,,
4459,,,,,"Quadruple (Participant, Care Provider, Investigator, Outcomes Assessor)",
4459,,,,,,Treatment
4460,N/A,,,,,
4460,,Single Group Assignment,,,,
4460,,,,,None (Open Label),
4460,,,,,,Treatment
4461,,,Cohort,,,
4461,,,,Prospective,,
4462,Non-Randomized,,,,,
4462,,Parallel Assignment,,,,
4462,,,,,Single (Participant),
4462,,,,,,Supportive Care
4463,Randomized,,,,,
4463,,Parallel Assignment,,,,
4463,,,,,"Double (Participant, Investigator)",
4463,,,,,,Treatment
4464,Randomized,,,,,
4464,,Parallel Assignment,,,,
4464,,,,,"Double (Participant, Investigator)",
4464,,,,,,Treatment
4465,,,Other,,,
4465,,,,Prospective,,
4466,,,Cohort,,,
4466,,,,Other,,
4467,Randomized,,,,,
4467,,Parallel Assignment,,,,
4467,,,,,Single (Participant),
4467,,,,,,Treatment
4468,Randomized,,,,,
4468,,Parallel Assignment,,,,
4468,,,,,"Quadruple (Participant, Care Provider, Investigator, Outcomes Assessor)",
4468,,,,,,Treatment
4469,Randomized,,,,,
4469,,Factorial Assignment,,,,
4469,,,,,"Triple (Participant, Care Provider, Investigator)",
4469,,,,,,Treatment
4470,Randomized,,,,,
4470,,Parallel Assignment,,,,
4470,,,,,None (Open Label),
4470,,,,,,Prevention
4471,Non-Randomized,,,,,
4471,,Parallel Assignment,,,,
4471,,,,,None (Open Label),
4471,,,,,,Treatment
4472,,,Case-Only,,,
4472,,,,Retrospective,,
4473,,,Cohort,,,
4473,,,,Prospective,,
4474,Randomized,,,,,
4474,,Parallel Assignment,,,,
4474,,,,,None (Open Label),
4474,,,,,,Treatment
4475,Randomized,,,,,
4475,,Parallel Assignment,,,,
4475,,,,,None (Open Label),
4475,,,,,,Treatment
4476,Randomized,,,,,
4476,,Parallel Assignment,,,,
4476,,,,,Single (Outcomes Assessor),
4476,,,,,,Treatment
4477,Randomized,,,,,
4477,,Parallel Assignment,,,,
4477,,,,,"Triple (Participant, Investigator, Outcomes Assessor)",
4477,,,,,,Treatment
4478,Randomized,,,,,
4478,,Parallel Assignment,,,,
4478,,,,,"Quadruple (Participant, Care Provider, Investigator, Outcomes Assessor)",
4478,,,,,,Prevention
4479,Randomized,,,,,
4479,,Sequential Assignment,,,,
4479,,,,,"Triple (Participant, Investigator, Outcomes Assessor)",
4479,,,,,,Prevention
4480,Randomized,,,,,
4480,,Parallel Assignment,,,,
4480,,,,,"Double (Care Provider, Investigator)",
4480,,,,,,Supportive Care
4481,,,Cohort,,,
4481,,,,Prospective,,
4482,,,Cohort,,,
4482,,,,Prospective,,
4483,Randomized,,,,,
4483,,Parallel Assignment,,,,
4483,,,,,None (Open Label),
4483,,,,,,Treatment
4484,,,Ecologic or Community,,,
4484,,,,Prospective,,
4485,,,Other,,,
4485,,,,Cross-Sectional,,
4486,Randomized,,,,,
4486,,Parallel Assignment,,,,
4486,,,,,Single (Investigator),
4486,,,,,,Treatment
4487,,,Cohort,,,
4487,,,,Prospective,,
4488,,,Cohort,,,
4488,,,,Prospective,,
4489,Randomized,,,,,
4489,,Parallel Assignment,,,,
4489,,,,,"Double (Participant, Care Provider)",
4489,,,,,,Treatment
4490,Randomized,,,,,
4490,,Parallel Assignment,,,,
4490,,,,,None (Open Label),
4490,,,,,,Treatment
4491,,,Cohort,,,
4491,,,,Prospective,,
4492,N/A,,,,,
4492,,Single Group Assignment,,,,
4492,,,,,None (Open Label),
4492,,,,,,Treatment
4493,Randomized,,,,,
4493,,Single Group Assignment,,,,
4493,,,,,None (Open Label),
4493,,,,,,Supportive Care
4494,Randomized,,,,,
4494,,Parallel Assignment,,,,
4494,,,,,"Quadruple (Participant, Care Provider, Investigator, Outcomes Assessor)",
4494,,,,,,Treatment
4495,,,Case-Control,,,
4495,,,,Retrospective,,
4496,Randomized,,,,,
4496,,Parallel Assignment,,,,
4496,,,,,"Triple (Participant, Care Provider, Investigator)",
4496,,,,,,Treatment
4497,Non-Randomized,,,,,
4497,,Sequential Assignment,,,,
4497,,,,,None (Open Label),
4497,,,,,,Device Feasibility
4498,,,Case-Control,,,
4498,,,,Retrospective,,
4499,,,Cohort,,,
4499,,,,Prospective,,
4500,N/A,,,,,
4500,,Single Group Assignment,,,,
4500,,,,,None (Open Label),
4500,,,,,,Treatment
4501,Randomized,,,,,
4501,,Parallel Assignment,,,,
4501,,,,,"Triple (Participant, Care Provider, Investigator)",
4501,,,,,,Basic Science
4502,Randomized,,,,,
4502,,Parallel Assignment,,,,
4502,,,,,Single (Investigator),
4502,,,,,,Treatment
4503,Randomized,,,,,
4503,,Parallel Assignment,,,,
4503,,,,,"Triple (Participant, Investigator, Outcomes Assessor)",
4503,,,,,,Prevention
4504,N/A,,,,,
4504,,Single Group Assignment,,,,
4504,,,,,None (Open Label),
4504,,,,,,Health Services Research
4505,Randomized,,,,,
4505,,Parallel Assignment,,,,
4505,,,,,None (Open Label),
4505,,,,,,Treatment
4506,Randomized,,,,,
4506,,Parallel Assignment,,,,
4506,,,,,None (Open Label),
4506,,,,,,Treatment
4507,Randomized,,,,,
4507,,Parallel Assignment,,,,
4507,,,,,None (Open Label),
4507,,,,,,Treatment
4508,Randomized,,,,,
4508,,Parallel Assignment,,,,
4508,,,,,None (Open Label),
4508,,,,,,Treatment
4509,Randomized,,,,,
4509,,Parallel Assignment,,,,
4509,,,,,None (Open Label),
4509,,,,,,Treatment
4510,,,Other,,,
4510,,,,Retrospective,,
4511,,,Case-Control,,,
4511,,,,Prospective,,
4512,Randomized,,,,,
4512,,Crossover Assignment,,,,
4512,,,,,Single (Outcomes Assessor),
4512,,,,,,Treatment
4513,Randomized,,,,,
4513,,Parallel Assignment,,,,
4513,,,,,"Quadruple (Participant, Care Provider, Investigator, Outcomes Assessor)",
4513,,,,,,Treatment
4514,,,Cohort,,,
4514,,,,Prospective,,
4515,,,Cohort,,,
4515,,,,Prospective,,
4516,,,Cohort,,,
4516,,,,Prospective,,
4517,Non-Randomized,,,,,
4517,,Parallel Assignment,,,,
4517,,,,,None (Open Label),
4517,,,,,,Prevention
4518,Randomized,,,,,
4518,,Parallel Assignment,,,,
4518,,,,,None (Open Label),
4518,,,,,,Treatment
4519,Randomized,,,,,
4519,,Parallel Assignment,,,,
4519,,,,,None (Open Label),
4519,,,,,,Treatment
4520,Randomized,,,,,
4520,,Parallel Assignment,,,,
4520,,,,,Single (Participant),
4520,,,,,,Prevention
4521,,,Cohort,,,
4521,,,,Prospective,,
4522,,,Other,,,
4522,,,,Prospective,,
4523,Randomized,,,,,
4523,,Parallel Assignment,,,,
4523,,,,,None (Open Label),
4523,,,,,,Supportive Care
4524,Randomized,,,,,
4524,,Factorial Assignment,,,,
4524,,,,,"Double (Participant, Care Provider)",
4524,,,,,,Prevention
4525,Randomized,,,,,
4525,,Parallel Assignment,,,,
4525,,,,,"Double (Participant, Care Provider)",
4525,,,,,,Treatment
4526,Randomized,,,,,
4526,,Factorial Assignment,,,,
4526,,,,,Single (Participant),
4526,,,,,,Supportive Care
4527,,,Ecologic or Community,,,
4527,,,,Cross-Sectional,,
4528,Randomized,,,,,
4528,,Parallel Assignment,,,,
4528,,,,,"Quadruple (Participant, Care Provider, Investigator, Outcomes Assessor)",
4528,,,,,,Supportive Care
4529,Randomized,,,,,
4529,,Parallel Assignment,,,,
4529,,,,,"Quadruple (Participant, Care Provider, Investigator, Outcomes Assessor)",
4529,,,,,,Treatment
4530,Randomized,,,,,
4530,,Parallel Assignment,,,,
4530,,,,,Single (Participant),
4530,,,,,,Treatment
4532,Randomized,,,,,
4532,,Parallel Assignment,,,,
4532,,,,,"Triple (Participant, Care Provider, Investigator)",
4532,,,,,,Treatment
4533,Randomized,,,,,
4533,,Parallel Assignment,,,,
4533,,,,,Single (Outcomes Assessor),
4533,,,,,,Treatment
4534,,,Cohort,,,
4534,,,,Prospective,,
4535,Randomized,,,,,
4535,,Parallel Assignment,,,,
4535,,,,,"Double (Participant, Investigator)",
4535,,,,,,Treatment
4536,Randomized,,,,,
4536,,Parallel Assignment,,,,
4536,,,,,None (Open Label),
4536,,,,,,Prevention
4537,Randomized,,,,,
4537,,Factorial Assignment,,,,
4537,,,,,None (Open Label),
4537,,,,,,Treatment
4538,Randomized,,,,,
4538,,Parallel Assignment,,,,
4538,,,,,"Double (Participant, Investigator)",
4538,,,,,,Treatment
4539,Randomized,,,,,
4539,,Parallel Assignment,,,,
4539,,,,,"Quadruple (Participant, Care Provider, Investigator, Outcomes Assessor)",
4539,,,,,,Treatment
4540,Randomized,,,,,
4540,,Parallel Assignment,,,,
4540,,,,,"Quadruple (Participant, Care Provider, Investigator, Outcomes Assessor)",
4540,,,,,,Treatment
4541,Non-Randomized,,,,,
4541,,Parallel Assignment,,,,
4541,,,,,None (Open Label),
4541,,,,,,Other
4542,,,Cohort,,,
4542,,,,Prospective,,
4543,Randomized,,,,,
4543,,Parallel Assignment,,,,
4543,,,,,"Double (Participant, Investigator)",
4543,,,,,,Treatment
4544,Randomized,,,,,
4544,,Parallel Assignment,,,,
4544,,,,,Single (Participant),
4544,,,,,,Treatment
4546,Randomized,,,,,
4546,,Sequential Assignment,,,,
4546,,,,,"Double (Participant, Investigator)",
4546,,,,,,Other
4547,Randomized,,,,,
4547,,Parallel Assignment,,,,
4547,,,,,"Double (Participant, Investigator)",
4547,,,,,,Treatment
4548,,,Cohort,,,
4548,,,,Retrospective,,
4549,,,Cohort,,,
4549,,,,Prospective,,
4550,Randomized,,,,,
4550,,Parallel Assignment,,,,
4550,,,,,None (Open Label),
4550,,,,,,Treatment
4551,,,Other,,,
4551,,,,Cross-Sectional,,
4552,Randomized,,,,,
4552,,Parallel Assignment,,,,
4552,,,,,"Quadruple (Participant, Care Provider, Investigator, Outcomes Assessor)",
4552,,,,,,Prevention
4553,Non-Randomized,,,,,
4553,,Parallel Assignment,,,,
4553,,,,,None (Open Label),
4553,,,,,,Screening
4555,,,Cohort,,,
4555,,,,Retrospective,,
4556,,,Case-Only,,,
4556,,,,Retrospective,,
4557,Randomized,,,,,
4557,,Parallel Assignment,,,,
4557,,,,,Single (Outcomes Assessor),
4557,,,,,,Health Services Research
4558,,,Other,,,
4558,,,,Prospective,,
4559,Non-Randomized,,,,,
4559,,Sequential Assignment,,,,
4559,,,,,None (Open Label),
4559,,,,,,Prevention
4560,,,Other,,,
4560,,,,Other,,
4561,Randomized,,,,,
4561,,Parallel Assignment,,,,
4561,,,,,None (Open Label),
4561,,,,,,Treatment
4562,Randomized,,,,,
4562,,Parallel Assignment,,,,
4562,,,,,"Triple (Participant, Care Provider, Investigator)",
4562,,,,,,Basic Science
4563,Randomized,,,,,
4563,,Parallel Assignment,,,,
4563,,,,,Single (Outcomes Assessor),
4563,,,,,,Prevention
4564,,,Cohort,,,
4564,,,,Prospective,,
4565,Randomized,,,,,
4565,,Parallel Assignment,,,,
4565,,,,,"Quadruple (Participant, Care Provider, Investigator, Outcomes Assessor)",
4565,,,,,,Treatment
4566,,,Cohort,,,
4566,,,,Prospective,,
4567,Randomized,,,,,
4567,,Parallel Assignment,,,,
4567,,,,,"Triple (Participant, Care Provider, Investigator)",
4567,,,,,,Treatment
4568,Randomized,,,,,
4568,,Parallel Assignment,,,,
4568,,,,,"Quadruple (Participant, Care Provider, Investigator, Outcomes Assessor)",
4568,,,,,,Treatment
4569,,,Case-Control,,,
4569,,,,Prospective,,
4570,Randomized,,,,,
4570,,Parallel Assignment,,,,
4570,,,,,"Double (Participant, Investigator)",
4570,,,,,,Treatment
4571,,,Other,,,
4571,,,,Prospective,,
4572,,,Cohort,,,
4572,,,,Prospective,,
4573,,,Cohort,,,
4573,,,,Prospective,,
4574,Randomized,,,,,
4574,,Parallel Assignment,,,,
4574,,,,,None (Open Label),
4574,,,,,,Prevention
4575,,,Cohort,,,
4575,,,,Retrospective,,
4576,,,Case-Control,,,
4576,,,,Prospective,,
4577,Non-Randomized,,,,,
4577,,Parallel Assignment,,,,
4577,,,,,None (Open Label),
4577,,,,,,Basic Science
4578,N/A,,,,,
4578,,Single Group Assignment,,,,
4578,,,,,None (Open Label),
4578,,,,,,Other
4579,Randomized,,,,,
4579,,Parallel Assignment,,,,
4579,,,,,"Double (Participant, Investigator)",
4579,,,,,,Treatment
4580,Randomized,,,,,
4580,,Parallel Assignment,,,,
4580,,,,,None (Open Label),
4580,,,,,,Supportive Care
4581,N/A,,,,,
4581,,Single Group Assignment,,,,
4581,,,,,None (Open Label),
4581,,,,,,Treatment
4582,,,Cohort,,,
4582,,,,Prospective,,
4583,,,Cohort,,,
4583,,,,Prospective,,
4584,,,Case-Control,,,
4584,,,,Retrospective,,
4585,Randomized,,,,,
4585,,Parallel Assignment,,,,
4585,,,,,"Double (Participant, Investigator)",
4585,,,,,,Treatment
4586,,,Cohort,,,
4586,,,,Prospective,,
4587,N/A,,,,,
4587,,Single Group Assignment,,,,
4587,,,,,None (Open Label),
4587,,,,,,Other
4588,Randomized,,,,,
4588,,Parallel Assignment,,,,
4588,,,,,"Triple (Participant, Care Provider, Investigator)",
4588,,,,,,Treatment
4589,Non-Randomized,,,,,
4589,,Sequential Assignment,,,,
4589,,,,,None (Open Label),
4589,,,,,,Treatment
4590,,,Cohort,,,
4590,,,,Prospective,,
4591,,,Cohort,,,
4591,,,,Prospective,,
4592,,,Other,,,
4592,,,,Cross-Sectional,,
4593,Randomized,,,,,
4593,,Parallel Assignment,,,,
4593,,,,,None (Open Label),
4593,,,,,,Prevention
4594,N/A,,,,,
4594,,Single Group Assignment,,,,
4594,,,,,None (Open Label),
4594,,,,,,Other
4595,Randomized,,,,,
4595,,Parallel Assignment,,,,
4595,,,,,None (Open Label),
4595,,,,,,Health Services Research
4596,,,Cohort,,,
4596,,,,Cross-Sectional,,
4597,Randomized,,,,,
4597,,Crossover Assignment,,,,
4597,,,,,"Quadruple (Participant, Care Provider, Investigator, Outcomes Assessor)",
4597,,,,,,Treatment
4598,,,Cohort,,,
4598,,,,Prospective,,
4599,N/A,,,,,
4599,,Single Group Assignment,,,,
4599,,,,,None (Open Label),
4599,,,,,,Treatment
4600,,,Cohort,,,
4600,,,,Retrospective,,
4601,,,Other,,,
4601,,,,Retrospective,,
4602,Randomized,,,,,
4602,,Parallel Assignment,,,,
4602,,,,,"Triple (Participant, Care Provider, Investigator)",
4602,,,,,,Treatment
4603,Randomized,,,,,
4603,,Sequential Assignment,,,,
4603,,,,,"Quadruple (Participant, Care Provider, Investigator, Outcomes Assessor)",
4603,,,,,,Treatment
4604,,,Cohort,,,
4604,,,,Prospective,,
4605,Randomized,,,,,
4605,,Parallel Assignment,,,,
4605,,,,,None (Open Label),
4605,,,,,,Treatment
4606,Randomized,,,,,
4606,,Parallel Assignment,,,,
4606,,,,,Single (Investigator),
4606,,,,,,Treatment
4607,Randomized,,,,,
4607,,Parallel Assignment,,,,
4607,,,,,None (Open Label),
4607,,,,,,Treatment
4608,,,Cohort,,,
4608,,,,Prospective,,
4609,Randomized,,,,,
4609,,Parallel Assignment,,,,
4609,,,,,None (Open Label),
4609,,,,,,Treatment
4610,,,Cohort,,,
4610,,,,Retrospective,,
4611,Randomized,,,,,
4611,,Parallel Assignment,,,,
4611,,,,,None (Open Label),
4611,,,,,,Treatment
4612,,,Cohort,,,
4612,,,,Prospective,,
4613,,,Cohort,,,
4613,,,,Prospective,,
4614,,,Cohort,,,
4614,,,,Retrospective,,
4615,Randomized,,,,,
4615,,Parallel Assignment,,,,
4615,,,,,"Quadruple (Participant, Care Provider, Investigator, Outcomes Assessor)",
4615,,,,,,Treatment
4616,,,Cohort,,,
4616,,,,Prospective,,
4617,,,Other,,,
4617,,,,Retrospective,,
4618,,,Cohort,,,
4618,,,,Prospective,,
4619,,,Case-Control,,,
4619,,,,Retrospective,,
4620,Randomized,,,,,
4620,,Parallel Assignment,,,,
4620,,,,,None (Open Label),
4620,,,,,,Treatment
4621,,,Other,,,
4621,,,,Prospective,,
4622,,,Cohort,,,
4622,,,,Prospective,,
4623,,,Case-Only,,,
4623,,,,Cross-Sectional,,
4624,N/A,,,,,
4624,,Single Group Assignment,,,,
4624,,,,,None (Open Label),
4624,,,,,,Prevention
4625,Randomized,,,,,
4625,,Parallel Assignment,,,,
4625,,,,,None (Open Label),
4625,,,,,,Treatment
4626,Randomized,,,,,
4626,,Parallel Assignment,,,,
4626,,,,,Single (Outcomes Assessor),
4626,,,,,,Prevention
4627,,,Cohort,,,
4627,,,,Prospective,,
4628,Randomized,,,,,
4628,,Parallel Assignment,,,,
4628,,,,,"Double (Investigator, Outcomes Assessor)",
4628,,,,,,Treatment
4629,,,Cohort,,,
4629,,,,Prospective,,
4630,Randomized,,,,,
4630,,Parallel Assignment,,,,
4630,,,,,Single (Participant),
4630,,,,,,Treatment
4631,,,Cohort,,,
4631,,,,Retrospective,,
4632,N/A,,,,,
4632,,Single Group Assignment,,,,
4632,,,,,None (Open Label),
4632,,,,,,Basic Science
4633,,,Ecologic or Community,,,
4633,,,,Prospective,,
4634,N/A,,,,,
4634,,Single Group Assignment,,,,
4634,,,,,None (Open Label),
4634,,,,,,Diagnostic
4635,,,Cohort,,,
4635,,,,Prospective,,
4636,Randomized,,,,,
4636,,Parallel Assignment,,,,
4636,,,,,None (Open Label),
4636,,,,,,Supportive Care
4637,,,Case-Only,,,
4637,,,,Prospective,,
4638,Randomized,,,,,
4638,,Parallel Assignment,,,,
4638,,,,,None (Open Label),
4638,,,,,,Treatment
4639,Randomized,,,,,
4639,,Parallel Assignment,,,,
4639,,,,,"Quadruple (Participant, Care Provider, Investigator, Outcomes Assessor)",
4639,,,,,,Prevention
4640,Randomized,,,,,
4640,,Factorial Assignment,,,,
4640,,,,,"Quadruple (Participant, Care Provider, Investigator, Outcomes Assessor)",
4640,,,,,,Treatment
4641,,,Cohort,,,
4641,,,,Prospective,,
4642,Non-Randomized,,,,,
4642,,Sequential Assignment,,,,
4642,,,,,None (Open Label),
4642,,,,,,Treatment
4643,Randomized,,,,,
4643,,Parallel Assignment,,,,
4643,,,,,None (Open Label),
4643,,,,,,Prevention
4644,,,Cohort,,,
4644,,,,Prospective,,
4645,Randomized,,,,,
4645,,Parallel Assignment,,,,
4645,,,,,"Quadruple (Participant, Care Provider, Investigator, Outcomes Assessor)",
4645,,,,,,Treatment
4646,Randomized,,,,,
4646,,Sequential Assignment,,,,
4646,,,,,None (Open Label),
4646,,,,,,Treatment
4647,,,Case-Only,,,
4647,,,,Prospective,,
4648,,,Cohort,,,
4648,,,,Other,,
4649,Randomized,,,,,
4649,,Parallel Assignment,,,,
4649,,,,,"Quadruple (Participant, Care Provider, Investigator, Outcomes Assessor)",
4649,,,,,,Treatment
4650,,,Other,,,
4650,,,,Prospective,,
4651,N/A,,,,,
4651,,Single Group Assignment,,,,
4651,,,,,None (Open Label),
4651,,,,,,Treatment
4652,,,Cohort,,,
4652,,,,Cross-Sectional,,
4653,N/A,,,,,
4653,,Single Group Assignment,,,,
4653,,,,,None (Open Label),
4653,,,,,,Treatment
4654,Non-Randomized,,,,,
4654,,Sequential Assignment,,,,
4654,,,,,None (Open Label),
4654,,,,,,Treatment
4655,N/A,,,,,
4655,,Sequential Assignment,,,,
4655,,,,,None (Open Label),
4655,,,,,,Prevention
4656,Randomized,,,,,
4656,,Parallel Assignment,,,,
4656,,,,,None (Open Label),
4656,,,,,,Supportive Care
4657,,,Ecologic or Community,,,
4657,,,,Prospective,,
4658,,,Cohort,,,
4658,,,,Prospective,,
4659,Randomized,,,,,
4659,,Parallel Assignment,,,,
4659,,,,,None (Open Label),
4659,,,,,,Treatment
4660,Randomized,,,,,
4660,,Parallel Assignment,,,,
4660,,,,,Single (Outcomes Assessor),
4660,,,,,,Other
4661,Non-Randomized,,,,,
4661,,Parallel Assignment,,,,
4661,,,,,None (Open Label),
4661,,,,,,Treatment
4662,Randomized,,,,,
4662,,Parallel Assignment,,,,
4662,,,,,"Double (Participant, Investigator)",
4662,,,,,,Treatment
4663,N/A,,,,,
4663,,Single Group Assignment,,,,
4663,,,,,None (Open Label),
4663,,,,,,Treatment
4664,Randomized,,,,,
4664,,Parallel Assignment,,,,
4664,,,,,Single (Outcomes Assessor),
4664,,,,,,Treatment
4665,N/A,,,,,
4665,,Single Group Assignment,,,,
4665,,,,,None (Open Label),
4665,,,,,,Health Services Research
4666,,,Other,,,
4666,,,,Other,,
4667,,,Cohort,,,
4667,,,,Retrospective,,
4668,Randomized,,,,,
4668,,Parallel Assignment,,,,
4668,,,,,"Quadruple (Participant, Care Provider, Investigator, Outcomes Assessor)",
4668,,,,,,Prevention
4669,N/A,,,,,
4669,,Single Group Assignment,,,,
4669,,,,,None (Open Label),
4669,,,,,,Other
4670,,,Cohort,,,
4670,,,,Prospective,,
4671,,,Cohort,,,
4671,,,,Prospective,,
4672,,,Other,,,
4672,,,,Cross-Sectional,,
4673,Randomized,,,,,
4673,,Parallel Assignment,,,,
4673,,,,,Single (Outcomes Assessor),
4673,,,,,,Treatment
4674,Randomized,,,,,
4674,,Parallel Assignment,,,,
4674,,,,,Single (Care Provider),
4674,,,,,,Supportive Care
4675,,,Cohort,,,
4675,,,,Prospective,,
4676,Randomized,,,,,
4676,,Parallel Assignment,,,,
4676,,,,,Single (Outcomes Assessor),
4676,,,,,,Prevention
4677,Randomized,,,,,
4677,,Crossover Assignment,,,,
4677,,,,,None (Open Label),
4677,,,,,,Other
4678,Randomized,,,,,
4678,,Parallel Assignment,,,,
4678,,,,,"Quadruple (Participant, Care Provider, Investigator, Outcomes Assessor)",
4678,,,,,,Prevention
4679,Randomized,,,,,
4679,,Crossover Assignment,,,,
4679,,,,,None (Open Label),
4679,,,,,,Prevention
4680,,,Other,,,
4680,,,,Prospective,,
4681,,,Cohort,,,
4681,,,,Retrospective,,
4682,,,Case-Control,,,
4682,,,,Retrospective,,
4683,Randomized,,,,,
4683,,Sequential Assignment,,,,
4683,,,,,"Quadruple (Participant, Care Provider, Investigator, Outcomes Assessor)",
4683,,,,,,Treatment
4684,,,Cohort,,,
4684,,,,Prospective,,
4685,Randomized,,,,,
4685,,Parallel Assignment,,,,
4685,,,,,None (Open Label),
4685,,,,,,Prevention
4686,,,Cohort,,,
4686,,,,Prospective,,
4687,Randomized,,,,,
4687,,Parallel Assignment,,,,
4687,,,,,"Triple (Participant, Investigator, Outcomes Assessor)",
4687,,,,,,Prevention
4688,,,Case-Control,,,
4688,,,,Prospective,,
4689,Randomized,,,,,
4689,,Parallel Assignment,,,,
4689,,,,,"Double (Participant, Care Provider)",
4689,,,,,,Treatment
4690,Randomized,,,,,
4690,,Parallel Assignment,,,,
4690,,,,,"Triple (Participant, Care Provider, Investigator)",
4690,,,,,,Treatment
4691,,,Other,,,
4691,,,,Cross-Sectional,,
4692,,,Cohort,,,
4692,,,,Prospective,,
4693,N/A,,,,,
4693,,Single Group Assignment,,,,
4693,,,,,None (Open Label),
4693,,,,,,Health Services Research
4694,Randomized,,,,,
4694,,Parallel Assignment,,,,
4694,,,,,"Quadruple (Participant, Care Provider, Investigator, Outcomes Assessor)",
4694,,,,,,Prevention
4695,Randomized,,,,,
4695,,Parallel Assignment,,,,
4695,,,,,"Double (Participant, Investigator)",
4695,,,,,,Other
4696,N/A,,,,,
4696,,Single Group Assignment,,,,
4696,,,,,None (Open Label),
4696,,,,,,Prevention
4697,,,Cohort,,,
4697,,,,Cross-Sectional,,
4698,Randomized,,,,,
4698,,Parallel Assignment,,,,
4698,,,,,None (Open Label),
4698,,,,,,Supportive Care
4699,,,Other,,,
4699,,,,Retrospective,,
4700,,,Cohort,,,
4700,,,,Prospective,,
4701,Randomized,,,,,
4701,,Parallel Assignment,,,,
4701,,,,,"Triple (Participant, Care Provider, Investigator)",
4701,,,,,,Treatment
4702,N/A,,,,,
4702,,Single Group Assignment,,,,
4702,,,,,None (Open Label),
4702,,,,,,Treatment
4703,N/A,,,,,
4703,,Single Group Assignment,,,,
4703,,,,,None (Open Label),
4703,,,,,,Treatment
4704,,,Cohort,,,
4704,,,,Retrospective,,
4705,N/A,,,,,
4705,,Single Group Assignment,,,,
4705,,,,,None (Open Label),
4705,,,,,,Treatment
4706,,,Cohort,,,
4706,,,,Prospective,,
4707,Randomized,,,,,
4707,,Sequential Assignment,,,,
4707,,,,,Single (Outcomes Assessor),
4707,,,,,,Treatment
4708,Randomized,,,,,
4708,,Sequential Assignment,,,,
4708,,,,,"Double (Participant, Investigator)",
4708,,,,,,Prevention
4709,Randomized,,,,,
4709,,Parallel Assignment,,,,
4709,,,,,Single (Participant),
4709,,,,,,Supportive Care
4710,,,Case-Control,,,
4710,,,,Retrospective,,
4711,Non-Randomized,,,,,
4711,,Single Group Assignment,,,,
4711,,,,,None (Open Label),
4711,,,,,,Prevention
4712,Randomized,,,,,
4712,,Parallel Assignment,,,,
4712,,,,,Single (Outcomes Assessor),
4712,,,,,,Prevention
4713,,,Case-Only,,,
4713,,,,Prospective,,
4714,Randomized,,,,,
4714,,Parallel Assignment,,,,
4714,,,,,None (Open Label),
4714,,,,,,Prevention
4715,,,Cohort,,,
4715,,,,Retrospective,,
4716,Randomized,,,,,
4716,,Parallel Assignment,,,,
4716,,,,,"Triple (Participant, Care Provider, Investigator)",
4716,,,,,,Treatment
4717,Randomized,,,,,
4717,,Sequential Assignment,,,,
4717,,,,,"Quadruple (Participant, Care Provider, Investigator, Outcomes Assessor)",
4717,,,,,,Other
4718,,,Cohort,,,
4718,,,,Prospective,,
4719,N/A,,,,,
4719,,Single Group Assignment,,,,
4719,,,,,None (Open Label),
4719,,,,,,Other
4720,Randomized,,,,,
4720,,Crossover Assignment,,,,
4720,,,,,Single (Outcomes Assessor),
4720,,,,,,Health Services Research
4721,Randomized,,,,,
4721,,Parallel Assignment,,,,
4721,,,,,"Double (Investigator, Outcomes Assessor)",
4721,,,,,,Supportive Care
4722,N/A,,,,,
4722,,Single Group Assignment,,,,
4722,,,,,None (Open Label),
4722,,,,,,Health Services Research
4723,,,Case-Only,,,
4723,,,,Retrospective,,
4724,Randomized,,,,,
4724,,Crossover Assignment,,,,
4724,,,,,None (Open Label),
4724,,,,,,Prevention
4725,,,Cohort,,,
4725,,,,Prospective,,
4726,Randomized,,,,,
4726,,Parallel Assignment,,,,
4726,,,,,Single (Outcomes Assessor),
4726,,,,,,Prevention
4727,Randomized,,,,,
4727,,Parallel Assignment,,,,
4727,,,,,Single (Outcomes Assessor),
4727,,,,,,Treatment
4728,Non-Randomized,,,,,
4728,,Crossover Assignment,,,,
4728,,,,,None (Open Label),
4728,,,,,,Supportive Care
4729,Randomized,,,,,
4729,,Parallel Assignment,,,,
4729,,,,,None (Open Label),
4729,,,,,,Prevention
4730,Randomized,,,,,
4730,,Parallel Assignment,,,,
4730,,,,,"Triple (Participant, Care Provider, Outcomes Assessor)",
4730,,,,,,Supportive Care
4731,Randomized,,,,,
4731,,Sequential Assignment,,,,
4731,,,,,None (Open Label),
4731,,,,,,Prevention
4732,Non-Randomized,,,,,
4732,,Parallel Assignment,,,,
4732,,,,,None (Open Label),
4732,,,,,,Treatment
4733,Randomized,,,,,
4733,,Parallel Assignment,,,,
4733,,,,,"Quadruple (Participant, Care Provider, Investigator, Outcomes Assessor)",
4733,,,,,,Treatment
4734,,,Cohort,,,
4734,,,,Cross-Sectional,,
4735,Randomized,,,,,
4735,,Parallel Assignment,,,,
4735,,,,,"Triple (Participant, Care Provider, Investigator)",
4735,,,,,,Prevention
4736,N/A,,,,,
4736,,Single Group Assignment,,,,
4736,,,,,None (Open Label),
4736,,,,,,Diagnostic
4737,Randomized,,,,,
4737,,Single Group Assignment,,,,
4737,,,,,"Quadruple (Participant, Care Provider, Investigator, Outcomes Assessor)",
4737,,,,,,Treatment
4738,,,Case-Control,,,
4738,,,,Retrospective,,
4739,,,Cohort,,,
4739,,,,Retrospective,,
4740,Non-Randomized,,,,,
4740,,Crossover Assignment,,,,
4740,,,,,None (Open Label),
4740,,,,,,Treatment
4741,Randomized,,,,,
4741,,Parallel Assignment,,,,
4741,,,,,Single (Participant),
4741,,,,,,Other
4742,,,Case-Only,,,
4742,,,,Prospective,,
4743,,,Case-Control,,,
4743,,,,Prospective,,
4744,,,Other,,,
4744,,,,Prospective,,
4745,Randomized,,,,,
4745,,Parallel Assignment,,,,
4745,,,,,None (Open Label),
4745,,,,,,Prevention
4746,,,Cohort,,,
4746,,,,Prospective,,
4747,Randomized,,,,,
4747,,Parallel Assignment,,,,
4747,,,,,None (Open Label),
4747,,,,,,Supportive Care
4748,,,Cohort,,,
4748,,,,Prospective,,
4749,Randomized,,,,,
4749,,Parallel Assignment,,,,
4749,,,,,None (Open Label),
4749,,,,,,Treatment
4750,,,Cohort,,,
4750,,,,Prospective,,
4751,,,Cohort,,,
4751,,,,Retrospective,,
4752,Randomized,,,,,
4752,,Parallel Assignment,,,,
4752,,,,,Single (Outcomes Assessor),
4752,,,,,,Treatment
4753,,,Cohort,,,
4753,,,,Prospective,,
4754,Randomized,,,,,
4754,,Parallel Assignment,,,,
4754,,,,,"Quadruple (Participant, Care Provider, Investigator, Outcomes Assessor)",
4754,,,,,,Treatment
4755,,,Other,,,
4755,,,,Cross-Sectional,,
4756,,,Cohort,,,
4756,,,,Prospective,,
4757,Randomized,,,,,
4757,,Crossover Assignment,,,,
4757,,,,,"Triple (Participant, Investigator, Outcomes Assessor)",
4757,,,,,,Other
4758,N/A,,,,,
4758,,Single Group Assignment,,,,
4758,,,,,None (Open Label),
4758,,,,,,Health Services Research
4759,N/A,,,,,
4759,,Single Group Assignment,,,,
4759,,,,,None (Open Label),
4759,,,,,,Other
4760,,,Cohort,,,
4760,,,,Retrospective,,
4761,,,Cohort,,,
4761,,,,Retrospective,,
4762,Randomized,,,,,
4762,,Parallel Assignment,,,,
4762,,,,,"Quadruple (Participant, Care Provider, Investigator, Outcomes Assessor)",
4762,,,,,,Treatment
4763,Non-Randomized,,,,,
4763,,Parallel Assignment,,,,
4763,,,,,None (Open Label),
4763,,,,,,Diagnostic
4764,,,Other,,,
4764,,,,Prospective,,
4765,,,Cohort,,,
4765,,,,Prospective,,
4766,Randomized,,,,,
4766,,Parallel Assignment,,,,
4766,,,,,"Quadruple (Participant, Care Provider, Investigator, Outcomes Assessor)",
4766,,,,,,Treatment
4767,,,Cohort,,,
4767,,,,Prospective,,
4768,N/A,,,,,
4768,,Single Group Assignment,,,,
4768,,,,,None (Open Label),
4768,,,,,,Health Services Research
4769,,,Other,,,
4769,,,,Cross-Sectional,,
4770,,,Other,,,
4770,,,,Prospective,,
4771,,,Case-Only,,,
4771,,,,Retrospective,,
4772,Randomized,,,,,
4772,,Parallel Assignment,,,,
4772,,,,,"Triple (Participant, Investigator, Outcomes Assessor)",
4772,,,,,,Supportive Care
4773,,,Other,,,
4773,,,,Prospective,,
4774,Randomized,,,,,
4774,,Crossover Assignment,,,,
4774,,,,,Single (Care Provider),
4774,,,,,,Treatment
4775,,,Cohort,,,
4775,,,,Prospective,,
4776,Randomized,,,,,
4776,,Parallel Assignment,,,,
4776,,,,,None (Open Label),
4776,,,,,,Treatment
4777,,,Cohort,,,
4777,,,,Prospective,,
4778,,,Case-Only,,,
4778,,,,Other,,
4779,,,Other,,,
4779,,,,Prospective,,
4780,,,Cohort,,,
4780,,,,Prospective,,
4781,,,Cohort,,,
4781,,,,Prospective,,
4782,N/A,,,,,
4782,,Single Group Assignment,,,,
4782,,,,,None (Open Label),
4782,,,,,,Supportive Care
4783,N/A,,,,,
4783,,Single Group Assignment,,,,
4783,,,,,None (Open Label),
4783,,,,,,Treatment
4784,Non-Randomized,,,,,
4784,,Parallel Assignment,,,,
4784,,,,,None (Open Label),
4784,,,,,,Diagnostic
4785,,,Cohort,,,
4785,,,,Prospective,,
4786,Randomized,,,,,
4786,,Parallel Assignment,,,,
4786,,,,,None (Open Label),
4786,,,,,,Treatment
4787,Randomized,,,,,
4787,,Parallel Assignment,,,,
4787,,,,,None (Open Label),
4787,,,,,,Supportive Care
4788,Randomized,,,,,
4788,,Parallel Assignment,,,,
4788,,,,,None (Open Label),
4788,,,,,,Treatment
4789,,,Cohort,,,
4789,,,,Prospective,,
4790,,,Cohort,,,
4790,,,,Prospective,,
4791,Randomized,,,,,
4791,,Parallel Assignment,,,,
4791,,,,,Single (Outcomes Assessor),
4791,,,,,,Treatment
4792,Randomized,,,,,
4792,,Parallel Assignment,,,,
4792,,,,,Single (Participant),
4792,,,,,,Basic Science
4793,Randomized,,,,,
4793,,Single Group Assignment,,,,
4793,,,,,None (Open Label),
4793,,,,,,Supportive Care
4794,Randomized,,,,,
4794,,Parallel Assignment,,,,
4794,,,,,None (Open Label),
4794,,,,,,Treatment
4795,,,Cohort,,,
4795,,,,Prospective,,
4796,,,Cohort,,,
4796,,,,Prospective,,
4797,Non-Randomized,,,,,
4797,,Single Group Assignment,,,,
4797,,,,,None (Open Label),
4797,,,,,,Treatment
4798,Randomized,,,,,
4798,,Crossover Assignment,,,,
4798,,,,,None (Open Label),
4798,,,,,,Supportive Care
4799,,,Case-Only,,,
4799,,,,Other,,
4800,,,Case-Control,,,
4800,,,,Prospective,,
4801,,,Cohort,,,
4801,,,,Prospective,,
4802,,,Other,,,
4802,,,,Prospective,,
4803,N/A,,,,,
4803,,Single Group Assignment,,,,
4803,,,,,None (Open Label),
4803,,,,,,Treatment
4804,Randomized,,,,,
4804,,Parallel Assignment,,,,
4804,,,,,"Triple (Participant, Care Provider, Investigator)",
4804,,,,,,Treatment
4805,,,Cohort,,,
4805,,,,Other,,
4806,,,Cohort,,,
4806,,,,Prospective,,
4807,Randomized,,,,,
4807,,Factorial Assignment,,,,
4807,,,,,None (Open Label),
4807,,,,,,Supportive Care
4808,Randomized,,,,,
4808,,Parallel Assignment,,,,
4808,,,,,Single (Outcomes Assessor),
4808,,,,,,Treatment
4809,Randomized,,,,,
4809,,Parallel Assignment,,,,
4809,,,,,None (Open Label),
4809,,,,,,Treatment
4810,N/A,,,,,
4810,,Single Group Assignment,,,,
4810,,,,,None (Open Label),
4810,,,,,,Supportive Care
4811,,,Cohort,,,
4811,,,,Retrospective,,
4812,Randomized,,,,,
4812,,Parallel Assignment,,,,
4812,,,,,"Quadruple (Participant, Care Provider, Investigator, Outcomes Assessor)",
4812,,,,,,Treatment
4813,,,Case-Only,,,
4813,,,,Prospective,,
4814,,,Case-Crossover,,,
4814,,,,Prospective,,
4815,Randomized,,,,,
4815,,Parallel Assignment,,,,
4815,,,,,Single (Participant),
4815,,,,,,Treatment
4816,Randomized,,,,,
4816,,Parallel Assignment,,,,
4816,,,,,"Quadruple (Participant, Care Provider, Investigator, Outcomes Assessor)",
4816,,,,,,Treatment
4817,Randomized,,,,,
4817,,Parallel Assignment,,,,
4817,,,,,"Quadruple (Participant, Care Provider, Investigator, Outcomes Assessor)",
4817,,,,,,Treatment
4818,,,Other,,,
4818,,,,Cross-Sectional,,
4819,,,Cohort,,,
4819,,,,Retrospective,,
4820,Randomized,,,,,
4820,,Parallel Assignment,,,,
4820,,,,,Single (Participant),
4820,,,,,,Treatment
4821,N/A,,,,,
4821,,Single Group Assignment,,,,
4821,,,,,None (Open Label),
4821,,,,,,Treatment
4822,Randomized,,,,,
4822,,Parallel Assignment,,,,
4822,,,,,None (Open Label),
4822,,,,,,Treatment
4823,,,Case-Control,,,
4823,,,,Retrospective,,
4824,N/A,,,,,
4824,,Single Group Assignment,,,,
4824,,,,,None (Open Label),
4824,,,,,,Treatment
4825,Randomized,,,,,
4825,,Parallel Assignment,,,,
4825,,,,,None (Open Label),
4825,,,,,,Treatment
4826,,,Other,,,
4826,,,,Prospective,,
4827,N/A,,,,,
4827,,Single Group Assignment,,,,
4827,,,,,None (Open Label),
4827,,,,,,Treatment
4828,Randomized,,,,,
4828,,Parallel Assignment,,,,
4828,,,,,"Triple (Participant, Care Provider, Investigator)",
4828,,,,,,Treatment
4829,N/A,,,,,
4829,,Single Group Assignment,,,,
4829,,,,,None (Open Label),
4829,,,,,,Treatment
4830,,,Cohort,,,
4830,,,,Prospective,,
4831,Randomized,,,,,
4831,,Parallel Assignment,,,,
4831,,,,,None (Open Label),
4831,,,,,,Treatment
4832,Randomized,,,,,
4832,,Parallel Assignment,,,,
4832,,,,,Single (Participant),
4832,,,,,,Treatment
4833,,,Cohort,,,
4833,,,,Prospective,,
4834,Randomized,,,,,
4834,,Parallel Assignment,,,,
4834,,,,,None (Open Label),
4834,,,,,,Treatment
4835,Randomized,,,,,
4835,,Parallel Assignment,,,,
4835,,,,,None (Open Label),
4835,,,,,,Treatment
4836,Randomized,,,,,
4836,,Factorial Assignment,,,,
4836,,,,,None (Open Label),
4836,,,,,,Treatment
4837,Randomized,,,,,
4837,,Parallel Assignment,,,,
4837,,,,,"Double (Participant, Care Provider)",
4837,,,,,,Other
4838,Randomized,,,,,
4838,,Parallel Assignment,,,,
4838,,,,,None (Open Label),
4838,,,,,,Health Services Research
4839,,,Cohort,,,
4839,,,,Prospective,,
4840,Randomized,,,,,
4840,,Parallel Assignment,,,,
4840,,,,,Single (Outcomes Assessor),
4840,,,,,,Prevention
4841,,,Cohort,,,
4841,,,,Prospective,,
4842,Randomized,,,,,
4842,,Parallel Assignment,,,,
4842,,,,,"Quadruple (Participant, Care Provider, Investigator, Outcomes Assessor)",
4842,,,,,,Treatment
4843,,,Cohort,,,
4843,,,,Retrospective,,
4844,Randomized,,,,,
4844,,Parallel Assignment,,,,
4844,,,,,None (Open Label),
4844,,,,,,Prevention
4845,,,Cohort,,,
4845,,,,Prospective,,
4846,Randomized,,,,,
4846,,Parallel Assignment,,,,
4846,,,,,Single (Participant),
4846,,,,,,Treatment
4847,Randomized,,,,,
4847,,Parallel Assignment,,,,
4847,,,,,None (Open Label),
4847,,,,,,Treatment
4848,,,Cohort,,,
4848,,,,Prospective,,
4849,Randomized,,,,,
4849,,Parallel Assignment,,,,
4849,,,,,"Quadruple (Participant, Care Provider, Investigator, Outcomes Assessor)",
4849,,,,,,Prevention
4850,N/A,,,,,
4850,,Single Group Assignment,,,,
4850,,,,,None (Open Label),
4850,,,,,,Treatment
4851,Randomized,,,,,
4851,,Parallel Assignment,,,,
4851,,,,,None (Open Label),
4851,,,,,,Prevention
4852,,,Cohort,,,
4852,,,,Retrospective,,
4853,Randomized,,,,,
4853,,Parallel Assignment,,,,
4853,,,,,None (Open Label),
4853,,,,,,Prevention
4854,Randomized,,,,,
4854,,Parallel Assignment,,,,
4854,,,,,"Double (Participant, Investigator)",
4854,,,,,,Treatment
4855,,,Cohort,,,
4855,,,,Retrospective,,
4856,Randomized,,,,,
4856,,Parallel Assignment,,,,
4856,,,,,Single (Participant),
4856,,,,,,Prevention
4857,,,Case-Only,,,
4857,,,,Cross-Sectional,,
4858,,,Other,,,
4858,,,,Retrospective,,
4859,Randomized,,,,,
4859,,Parallel Assignment,,,,
4859,,,,,None (Open Label),
4859,,,,,,Treatment
4860,Randomized,,,,,
4860,,Parallel Assignment,,,,
4860,,,,,"Triple (Participant, Care Provider, Investigator)",
4860,,,,,,Treatment
4861,,,Other,,,
4861,,,,Prospective,,
4862,Randomized,,,,,
4862,,Parallel Assignment,,,,
4862,,,,,None (Open Label),
4862,,,,,,Health Services Research
4863,Non-Randomized,,,,,
4863,,Crossover Assignment,,,,
4863,,,,,None (Open Label),
4863,,,,,,Other
4864,Randomized,,,,,
4864,,Parallel Assignment,,,,
4864,,,,,"Double (Investigator, Outcomes Assessor)",
4864,,,,,,Treatment
4865,Randomized,,,,,
4865,,Parallel Assignment,,,,
4865,,,,,None (Open Label),
4865,,,,,,Supportive Care
4866,Randomized,,,,,
4866,,Parallel Assignment,,,,
4866,,,,,Single (Care Provider),
4866,,,,,,Treatment
4867,Randomized,,,,,
4867,,Parallel Assignment,,,,
4867,,,,,"Quadruple (Participant, Care Provider, Investigator, Outcomes Assessor)",
4867,,,,,,Treatment
4868,Randomized,,,,,
4868,,Parallel Assignment,,,,
4868,,,,,None (Open Label),
4868,,,,,,Health Services Research
4869,Randomized,,,,,
4869,,Factorial Assignment,,,,
4869,,,,,Single (Participant),
4869,,,,,,Treatment
4870,Randomized,,,,,
4870,,Parallel Assignment,,,,
4870,,,,,Single (Participant),
4870,,,,,,Treatment
4871,Non-Randomized,,,,,
4871,,Parallel Assignment,,,,
4871,,,,,None (Open Label),
4871,,,,,,Treatment
4872,N/A,,,,,
4872,,Single Group Assignment,,,,
4872,,,,,None (Open Label),
4872,,,,,,Treatment
4873,Non-Randomized,,,,,
4873,,Parallel Assignment,,,,
4873,,,,,None (Open Label),
4873,,,,,,Treatment
4874,,,Case-Crossover,,,
4874,,,,Cross-Sectional,,
4875,,,Cohort,,,
4875,,,,Prospective,,
4876,,,Cohort,,,
4876,,,,Retrospective,,
4877,N/A,,,,,
4877,,Single Group Assignment,,,,
4877,,,,,None (Open Label),
4877,,,,,,Treatment
4878,,,Cohort,,,
4878,,,,Prospective,,
4879,Randomized,,,,,
4879,,Parallel Assignment,,,,
4879,,,,,None (Open Label),
4879,,,,,,Treatment
4880,Non-Randomized,,,,,
4880,,Parallel Assignment,,,,
4880,,,,,Single (Participant),
4880,,,,,,Treatment
4881,Randomized,,,,,
4881,,Parallel Assignment,,,,
4881,,,,,Single (Participant),
4881,,,,,,Health Services Research
4882,,,Cohort,,,
4882,,,,Prospective,,
4883,,,Cohort,,,
4883,,,,Retrospective,,
4884,N/A,,,,,
4884,,Single Group Assignment,,,,
4884,,,,,None (Open Label),
4884,,,,,,Supportive Care
4885,Randomized,,,,,
4885,,Parallel Assignment,,,,
4885,,,,,"Quadruple (Participant, Care Provider, Investigator, Outcomes Assessor)",
4885,,,,,,Prevention
4887,,,Cohort,,,
4887,,,,Other,,
4888,,,Cohort,,,
4888,,,,Prospective,,
4889,Randomized,,,,,
4889,,Sequential Assignment,,,,
4889,,,,,"Triple (Participant, Investigator, Outcomes Assessor)",
4889,,,,,,Prevention
4890,Randomized,,,,,
4890,,Parallel Assignment,,,,
4890,,,,,"Triple (Participant, Investigator, Outcomes Assessor)",
4890,,,,,,Treatment
4891,,,Other,,,
4891,,,,Prospective,,
4892,Randomized,,,,,
4892,,Parallel Assignment,,,,
4892,,,,,Single (Outcomes Assessor),
4892,,,,,,Treatment
4893,N/A,,,,,
4893,,Single Group Assignment,,,,
4893,,,,,None (Open Label),
4893,,,,,,Supportive Care
4894,,,Other,,,
4894,,,,Prospective,,
4895,Randomized,,,,,
4895,,Parallel Assignment,,,,
4895,,,,,None (Open Label),
4895,,,,,,Other
4896,Randomized,,,,,
4896,,Sequential Assignment,,,,
4896,,,,,Single (Participant),
4896,,,,,,Treatment
4897,Randomized,,,,,
4897,,Parallel Assignment,,,,
4897,,,,,"Triple (Participant, Investigator, Outcomes Assessor)",
4897,,,,,,Supportive Care
4898,Randomized,,,,,
4898,,Parallel Assignment,,,,
4898,,,,,None (Open Label),
4898,,,,,,Prevention
4899,N/A,,,,,
4899,,Single Group Assignment,,,,
4899,,,,,None (Open Label),
4899,,,,,,Treatment
4900,Randomized,,,,,
4900,,Parallel Assignment,,,,
4900,,,,,Single (Participant),
4900,,,,,,Supportive Care
4901,,,Cohort,,,
4901,,,,Prospective,,
4902,,,Other,,,
4902,,,,Prospective,,
4903,N/A,,,,,
4903,,Single Group Assignment,,,,
4903,,,,,None (Open Label),
4903,,,,,,Treatment
4904,,,Cohort,,,
4904,,,,Prospective,,
4905,,,Cohort,,,
4905,,,,Retrospective,,
4906,Randomized,,,,,
4906,,Factorial Assignment,,,,
4906,,,,,None (Open Label),
4906,,,,,,Prevention
4907,,,Other,,,
4907,,,,Prospective,,
4908,,,Case-Only,,,
4908,,,,Retrospective,,
4909,N/A,,,,,
4909,,Single Group Assignment,,,,
4909,,,,,None (Open Label),
4909,,,,,,Basic Science
4910,Randomized,,,,,
4910,,Parallel Assignment,,,,
4910,,,,,"Quadruple (Participant, Care Provider, Investigator, Outcomes Assessor)",
4910,,,,,,Treatment
4911,Randomized,,,,,
4911,,Parallel Assignment,,,,
4911,,,,,None (Open Label),
4911,,,,,,Treatment
4912,Randomized,,,,,
4912,,Parallel Assignment,,,,
4912,,,,,Single (Outcomes Assessor),
4912,,,,,,Other
4913,Randomized,,,,,
4913,,Parallel Assignment,,,,
4913,,,,,Single (Outcomes Assessor),
4913,,,,,,Prevention
4914,N/A,,,,,
4914,,Single Group Assignment,,,,
4914,,,,,None (Open Label),
4914,,,,,,Device Feasibility
4915,,,Cohort,,,
4915,,,,Prospective,,
4916,,,Case-Control,,,
4916,,,,Prospective,,
4917,,,Cohort,,,
4917,,,,Prospective,,
4918,,,Cohort,,,
4918,,,,Retrospective,,
4919,Randomized,,,,,
4919,,Parallel Assignment,,,,
4919,,,,,Single (Outcomes Assessor),
4919,,,,,,Treatment
4920,Non-Randomized,,,,,
4920,,Parallel Assignment,,,,
4920,,,,,None (Open Label),
4920,,,,,,Treatment
4921,Randomized,,,,,
4921,,Parallel Assignment,,,,
4921,,,,,None (Open Label),
4921,,,,,,Treatment
4922,Non-Randomized,,,,,
4922,,Sequential Assignment,,,,
4922,,,,,None (Open Label),
4922,,,,,,Prevention
4923,,,Cohort,,,
4923,,,,Prospective,,
4924,,,Cohort,,,
4924,,,,Cross-Sectional,,
4925,,,Cohort,,,
4925,,,,Prospective,,
4926,N/A,,,,,
4926,,Single Group Assignment,,,,
4926,,,,,None (Open Label),
4926,,,,,,Supportive Care
4927,,,Cohort,,,
4927,,,,Prospective,,
4928,,,Case-Control,,,
4928,,,,Other,,
4929,Randomized,,,,,
4929,,Parallel Assignment,,,,
4929,,,,,"Quadruple (Participant, Care Provider, Investigator, Outcomes Assessor)",
4929,,,,,,Prevention
4930,,,Cohort,,,
4930,,,,Cross-Sectional,,
4931,Randomized,,,,,
4931,,Parallel Assignment,,,,
4931,,,,,None (Open Label),
4931,,,,,,Health Services Research
4932,Non-Randomized,,,,,
4932,,Parallel Assignment,,,,
4932,,,,,None (Open Label),
4932,,,,,,Prevention
4933,Randomized,,,,,
4933,,Parallel Assignment,,,,
4933,,,,,"Quadruple (Participant, Care Provider, Investigator, Outcomes Assessor)",
4933,,,,,,Treatment
4934,Randomized,,,,,
4934,,Crossover Assignment,,,,
4934,,,,,"Double (Investigator, Outcomes Assessor)",
4934,,,,,,Other
4935,Randomized,,,,,
4935,,Parallel Assignment,,,,
4935,,,,,None (Open Label),
4935,,,,,,Treatment
4936,Randomized,,,,,
4936,,Parallel Assignment,,,,
4936,,,,,"Quadruple (Participant, Care Provider, Investigator, Outcomes Assessor)",
4936,,,,,,Treatment
4937,,,Cohort,,,
4937,,,,Retrospective,,
4938,,,Cohort,,,
4938,,,,Prospective,,
4939,Randomized,,,,,
4939,,Parallel Assignment,,,,
4939,,,,,"Double (Investigator, Outcomes Assessor)",
4939,,,,,,Treatment
4940,Randomized,,,,,
4940,,Parallel Assignment,,,,
4940,,,,,"Quadruple (Participant, Care Provider, Investigator, Outcomes Assessor)",
4940,,,,,,Treatment
4941,Randomized,,,,,
4941,,Parallel Assignment,,,,
4941,,,,,None (Open Label),
4941,,,,,,Treatment
4942,,,Cohort,,,
4942,,,,Cross-Sectional,,
4943,N/A,,,,,
4943,,Single Group Assignment,,,,
4943,,,,,None (Open Label),
4943,,,,,,Health Services Research
4944,N/A,,,,,
4944,,Single Group Assignment,,,,
4944,,,,,None (Open Label),
4944,,,,,,Supportive Care
4945,Randomized,,,,,
4945,,Sequential Assignment,,,,
4945,,,,,"Double (Participant, Investigator)",
4945,,,,,,Treatment
4946,N/A,,,,,
4946,,Single Group Assignment,,,,
4946,,,,,None (Open Label),
4946,,,,,,Treatment
4947,N/A,,,,,
4947,,Single Group Assignment,,,,
4947,,,,,None (Open Label),
4947,,,,,,Treatment
4948,Randomized,,,,,
4948,,Parallel Assignment,,,,
4948,,,,,"Double (Participant, Investigator)",
4948,,,,,,Treatment
4949,Randomized,,,,,
4949,,Parallel Assignment,,,,
4949,,,,,Single (Outcomes Assessor),
4949,,,,,,Health Services Research
4950,,,Cohort,,,
4950,,,,Prospective,,
4951,Randomized,,,,,
4951,,Parallel Assignment,,,,
4951,,,,,None (Open Label),
4951,,,,,,Prevention
4952,N/A,,,,,
4952,,Single Group Assignment,,,,
4952,,,,,None (Open Label),
4952,,,,,,Treatment
4953,,,Case-Control,,,
4953,,,,Prospective,,
4954,,,Cohort,,,
4954,,,,Retrospective,,
4955,Randomized,,,,,
4955,,Parallel Assignment,,,,
4955,,,,,None (Open Label),
4955,,,,,,Treatment
4956,Randomized,,,,,
4956,,Parallel Assignment,,,,
4956,,,,,None (Open Label),
4956,,,,,,Prevention
4957,Randomized,,,,,
4957,,Parallel Assignment,,,,
4957,,,,,"Quadruple (Participant, Care Provider, Investigator, Outcomes Assessor)",
4957,,,,,,Treatment
4958,Randomized,,,,,
4958,,Parallel Assignment,,,,
4958,,,,,"Quadruple (Participant, Care Provider, Investigator, Outcomes Assessor)",
4958,,,,,,Treatment
4959,Randomized,,,,,
4959,,Crossover Assignment,,,,
4959,,,,,None (Open Label),
4959,,,,,,Treatment
4960,,,Case-Crossover,,,
4960,,,,Cross-Sectional,,
4961,Randomized,,,,,
4961,,Parallel Assignment,,,,
4961,,,,,"Triple (Participant, Investigator, Outcomes Assessor)",
4961,,,,,,Prevention
4962,,,Cohort,,,
4962,,,,Retrospective,,
4963,,,Cohort,,,
4963,,,,Prospective,,
4964,N/A,,,,,
4964,,Single Group Assignment,,,,
4964,,,,,None (Open Label),
4964,,,,,,Prevention
4965,Randomized,,,,,
4965,,Parallel Assignment,,,,
4965,,,,,Single (Participant),
4965,,,,,,Supportive Care
4966,Non-Randomized,,,,,
4966,,Parallel Assignment,,,,
4966,,,,,None (Open Label),
4966,,,,,,Treatment
4967,Randomized,,,,,
4967,,Parallel Assignment,,,,
4967,,,,,Single (Participant),
4967,,,,,,Health Services Research
4968,Randomized,,,,,
4968,,Parallel Assignment,,,,
4968,,,,,None (Open Label),
4968,,,,,,Treatment
4969,,,Cohort,,,
4969,,,,Prospective,,
4970,,,Case-Only,,,
4970,,,,Retrospective,,
4971,,,Cohort,,,
4971,,,,Prospective,,
4973,Randomized,,,,,
4973,,Parallel Assignment,,,,
4973,,,,,"Double (Participant, Outcomes Assessor)",
4973,,,,,,Treatment
4974,,,Other,,,
4974,,,,Prospective,,
4975,Randomized,,,,,
4975,,Sequential Assignment,,,,
4975,,,,,None (Open Label),
4975,,,,,,Treatment
4976,Randomized,,,,,
4976,,Sequential Assignment,,,,
4976,,,,,"Quadruple (Participant, Care Provider, Investigator, Outcomes Assessor)",
4976,,,,,,Prevention
4977,Randomized,,,,,
4977,,Parallel Assignment,,,,
4977,,,,,Single (Investigator),
4977,,,,,,Treatment
4978,Randomized,,,,,
4978,,Parallel Assignment,,,,
4978,,,,,"Double (Participant, Investigator)",
4978,,,,,,Prevention
4979,,,Case-Only,,,
4979,,,,Prospective,,
4980,Randomized,,,,,
4980,,Parallel Assignment,,,,
4980,,,,,None (Open Label),
4980,,,,,,Treatment
4981,Randomized,,,,,
4981,,Parallel Assignment,,,,
4981,,,,,"Quadruple (Participant, Care Provider, Investigator, Outcomes Assessor)",
4981,,,,,,Treatment
4982,Randomized,,,,,
4982,,Parallel Assignment,,,,
4982,,,,,"Double (Participant, Investigator)",
4982,,,,,,Treatment
4983,N/A,,,,,
4983,,Single Group Assignment,,,,
4983,,,,,None (Open Label),
4983,,,,,,Supportive Care
4984,,,Other,,,
4984,,,,Prospective,,
4985,,,Cohort,,,
4985,,,,Retrospective,,
4986,Randomized,,,,,
4986,,Parallel Assignment,,,,
4986,,,,,"Quadruple (Participant, Care Provider, Investigator, Outcomes Assessor)",
4986,,,,,,Other
4987,Randomized,,,,,
4987,,Parallel Assignment,,,,
4987,,,,,Single (Outcomes Assessor),
4987,,,,,,Prevention
4988,,,Cohort,,,
4988,,,,Retrospective,,
4989,Randomized,,,,,
4989,,Parallel Assignment,,,,
4989,,,,,"Triple (Participant, Care Provider, Investigator)",
4989,,,,,,Treatment
4990,,,Cohort,,,
4990,,,,Retrospective,,
4991,Randomized,,,,,
4991,,Parallel Assignment,,,,
4991,,,,,None (Open Label),
4991,,,,,,Supportive Care
4992,,,Cohort,,,
4992,,,,Prospective,,
4993,Randomized,,,,,
4993,,Parallel Assignment,,,,
4993,,,,,None (Open Label),
4993,,,,,,Treatment
4994,Randomized,,,,,
4994,,Crossover Assignment,,,,
4994,,,,,Single (Outcomes Assessor),
4994,,,,,,Treatment
4995,,,Case-Only,,,
4995,,,,Prospective,,
4996,,,Other,,,
4996,,,,Cross-Sectional,,
4997,N/A,,,,,
4997,,Single Group Assignment,,,,
4997,,,,,None (Open Label),
4997,,,,,,Treatment
4998,Randomized,,,,,
4998,,Parallel Assignment,,,,
4998,,,,,None (Open Label),
4998,,,,,,Treatment
4999,,,Cohort,,,
4999,,,,Prospective,,
5000,Randomized,,,,,
5000,,Parallel Assignment,,,,
5000,,,,,"Quadruple (Participant, Care Provider, Investigator, Outcomes Assessor)",
5000,,,,,,Treatment
5001,,,Cohort,,,
5001,,,,Retrospective,,
5002,,,Other,,,
5002,,,,Prospective,,
5003,N/A,,,,,
5003,,Single Group Assignment,,,,
5003,,,,,None (Open Label),
5003,,,,,,Prevention
5004,,,Cohort,,,
5004,,,,Prospective,,
5005,,,Cohort,,,
5005,,,,Cross-Sectional,,
5006,Randomized,,,,,
5006,,Parallel Assignment,,,,
5006,,,,,Single (Outcomes Assessor),
5006,,,,,,Treatment
5007,Randomized,,,,,
5007,,Parallel Assignment,,,,
5007,,,,,Single (Outcomes Assessor),
5007,,,,,,Treatment
5008,Randomized,,,,,
5008,,Parallel Assignment,,,,
5008,,,,,None (Open Label),
5008,,,,,,Treatment
5009,N/A,,,,,
5009,,Single Group Assignment,,,,
5009,,,,,None (Open Label),
5009,,,,,,Treatment
5010,Randomized,,,,,
5010,,Parallel Assignment,,,,
5010,,,,,None (Open Label),
5010,,,,,,Treatment
5011,Randomized,,,,,
5011,,Sequential Assignment,,,,
5011,,,,,None (Open Label),
5011,,,,,,Treatment
5012,Non-Randomized,,,,,
5012,,Sequential Assignment,,,,
5012,,,,,None (Open Label),
5012,,,,,,Treatment
5013,,,Case-Only,,,
5013,,,,Prospective,,
5014,,,Cohort,,,
5014,,,,Prospective,,
5015,,,Case-Control,,,
5015,,,,Retrospective,,
5016,Randomized,,,,,
5016,,Parallel Assignment,,,,
5016,,,,,"Double (Investigator, Outcomes Assessor)",
5016,,,,,,Prevention
5017,,,Cohort,,,
5017,,,,Other,,
5018,Non-Randomized,,,,,
5018,,Sequential Assignment,,,,
5018,,,,,None (Open Label),
5018,,,,,,Treatment
5019,,,Cohort,,,
5019,,,,Other,,
5020,N/A,,,,,
5020,,Single Group Assignment,,,,
5020,,,,,None (Open Label),
5020,,,,,,Treatment
5021,Non-Randomized,,,,,
5021,,Crossover Assignment,,,,
5021,,,,,Single (Outcomes Assessor),
5021,,,,,,Other
5022,,,Cohort,,,
5022,,,,Prospective,,
5023,,,Case-Only,,,
5023,,,,Prospective,,
5024,,,Cohort,,,
5024,,,,Retrospective,,
5025,,,Other,,,
5025,,,,Prospective,,
5026,Randomized,,,,,
5026,,Crossover Assignment,,,,
5026,,,,,None (Open Label),
5026,,,,,,Basic Science
5027,Randomized,,,,,
5027,,Parallel Assignment,,,,
5027,,,,,"Triple (Participant, Care Provider, Outcomes Assessor)",
5027,,,,,,Treatment
5028,,,Cohort,,,
5028,,,,Other,,
5029,,,Case-Control,,,
5029,,,,Retrospective,,
5030,Randomized,,,,,
5030,,Sequential Assignment,,,,
5030,,,,,"Triple (Participant, Care Provider, Investigator)",
5030,,,,,,Other
5031,N/A,,,,,
5031,,Single Group Assignment,,,,
5031,,,,,None (Open Label),
5031,,,,,,Basic Science
5032,,,Cohort,,,
5032,,,,Cross-Sectional,,
5033,Randomized,,,,,
5033,,Parallel Assignment,,,,
5033,,,,,None (Open Label),
5033,,,,,,Prevention
5034,N/A,,,,,
5034,,Single Group Assignment,,,,
5034,,,,,None (Open Label),
5034,,,,,,Other
5035,Non-Randomized,,,,,
5035,,Crossover Assignment,,,,
5035,,,,,None (Open Label),
5035,,,,,,Diagnostic
5036,,,Other,,,
5036,,,,Prospective,,
5037,,,Cohort,,,
5037,,,,Prospective,,
5038,N/A,,,,,
5038,,Single Group Assignment,,,,
5038,,,,,None (Open Label),
5038,,,,,,Supportive Care
5039,N/A,,,,,
5039,,Single Group Assignment,,,,
5039,,,,,None (Open Label),
5039,,,,,,Other
5040,Non-Randomized,,,,,
5040,,Parallel Assignment,,,,
5040,,,,,None (Open Label),
5040,,,,,,Health Services Research
5041,Randomized,,,,,
5041,,Parallel Assignment,,,,
5041,,,,,Single (Outcomes Assessor),
5041,,,,,,Treatment
5042,,,Cohort,,,
5042,,,,Prospective,,
5043,N/A,,,,,
5043,,Single Group Assignment,,,,
5043,,,,,None (Open Label),
5043,,,,,,Other
5044,,,Cohort,,,
5044,,,,Prospective,,
5045,Non-Randomized,,,,,
5045,,Sequential Assignment,,,,
5045,,,,,None (Open Label),
5045,,,,,,Treatment
5046,Randomized,,,,,
5046,,Parallel Assignment,,,,
5046,,,,,None (Open Label),
5046,,,,,,Treatment
5047,,,Other,,,
5047,,,,Prospective,,
5048,,,Other,,,
5048,,,,Retrospective,,
5050,N/A,,,,,
5050,,Single Group Assignment,,,,
5050,,,,,None (Open Label),
5050,,,,,,Supportive Care
5051,Randomized,,,,,
5051,,Crossover Assignment,,,,
5051,,,,,None (Open Label),
5051,,,,,,Prevention
5052,,,Ecologic or Community,,,
5052,,,,Cross-Sectional,,
5053,,,Cohort,,,
5053,,,,Prospective,,
5054,Non-Randomized,,,,,
5054,,Parallel Assignment,,,,
5054,,,,,None (Open Label),
5054,,,,,,Prevention
5055,Randomized,,,,,
5055,,Parallel Assignment,,,,
5055,,,,,None (Open Label),
5055,,,,,,Treatment
5056,,,Case-Only,,,
5056,,,,Prospective,,
5057,Randomized,,,,,
5057,,Parallel Assignment,,,,
5057,,,,,None (Open Label),
5057,,,,,,Treatment
5058,,,Other,,,
5058,,,,Cross-Sectional,,
5059,,,Ecologic or Community,,,
5059,,,,Prospective,,
5060,Randomized,,,,,
5060,,Parallel Assignment,,,,
5060,,,,,None (Open Label),
5060,,,,,,Prevention
5061,N/A,,,,,
5061,,Single Group Assignment,,,,
5061,,,,,None (Open Label),
5061,,,,,,Treatment
5062,Randomized,,,,,
5062,,Parallel Assignment,,,,
5062,,,,,None (Open Label),
5062,,,,,,Health Services Research
5063,N/A,,,,,
5063,,Single Group Assignment,,,,
5063,,,,,None (Open Label),
5063,,,,,,Treatment
5064,N/A,,,,,
5064,,Single Group Assignment,,,,
5064,,,,,None (Open Label),
5064,,,,,,Health Services Research
5065,Randomized,,,,,
5065,,Parallel Assignment,,,,
5065,,,,,Single (Participant),
5065,,,,,,Supportive Care
5066,N/A,,,,,
5066,,Single Group Assignment,,,,
5066,,,,,None (Open Label),
5066,,,,,,Diagnostic
5067,Randomized,,,,,
5067,,Parallel Assignment,,,,
5067,,,,,"Double (Participant, Investigator)",
5067,,,,,,Other
5068,Randomized,,,,,
5068,,Parallel Assignment,,,,
5068,,,,,Single (Outcomes Assessor),
5068,,,,,,Other
5069,N/A,,,,,
5069,,Single Group Assignment,,,,
5069,,,,,None (Open Label),
5069,,,,,,Treatment
5070,Randomized,,,,,
5070,,Parallel Assignment,,,,
5070,,,,,Single (Participant),
5070,,,,,,Treatment
5071,,,Cohort,,,
5071,,,,Prospective,,
5072,Randomized,,,,,
5072,,Parallel Assignment,,,,
5072,,,,,Single (Outcomes Assessor),
5072,,,,,,Treatment
5073,Randomized,,,,,
5073,,Parallel Assignment,,,,
5073,,,,,Single (Participant),
5073,,,,,,Treatment
5074,Randomized,,,,,
5074,,Parallel Assignment,,,,
5074,,,,,Single (Participant),
5074,,,,,,Treatment
5075,Randomized,,,,,
5075,,Parallel Assignment,,,,
5075,,,,,"Double (Investigator, Outcomes Assessor)",
5075,,,,,,Treatment
5076,,,Cohort,,,
5076,,,,Prospective,,
5077,Randomized,,,,,
5077,,Parallel Assignment,,,,
5077,,,,,"Double (Participant, Investigator)",
5077,,,,,,Treatment
5078,Randomized,,,,,
5078,,Parallel Assignment,,,,
5078,,,,,None (Open Label),
5078,,,,,,Treatment
5079,,,Case-Only,,,
5079,,,,Prospective,,
5080,,,Other,,,
5080,,,,Prospective,,
5081,Randomized,,,,,
5081,,Parallel Assignment,,,,
5081,,,,,"Double (Investigator, Outcomes Assessor)",
5081,,,,,,Other
5082,Randomized,,,,,
5082,,Parallel Assignment,,,,
5082,,,,,Single (Participant),
5082,,,,,,Treatment
5083,N/A,,,,,
5083,,Single Group Assignment,,,,
5083,,,,,None (Open Label),
5083,,,,,,Supportive Care
5084,,,Case-Only,,,
5084,,,,Prospective,,
5085,,,Cohort,,,
5085,,,,Cross-Sectional,,
5086,,,Cohort,,,
5086,,,,Cross-Sectional,,
5087,Non-Randomized,,,,,
5087,,Parallel Assignment,,,,
5087,,,,,None (Open Label),
5087,,,,,,Health Services Research
5088,Randomized,,,,,
5088,,Parallel Assignment,,,,
5088,,,,,None (Open Label),
5088,,,,,,Treatment
5089,Randomized,,,,,
5089,,Parallel Assignment,,,,
5089,,,,,None (Open Label),
5089,,,,,,Prevention
5090,Non-Randomized,,,,,
5090,,Sequential Assignment,,,,
5090,,,,,None (Open Label),
5090,,,,,,Other
5092,Randomized,,,,,
5092,,Parallel Assignment,,,,
5092,,,,,"Double (Investigator, Outcomes Assessor)",
5092,,,,,,Treatment
5093,N/A,,,,,
5093,,Single Group Assignment,,,,
5093,,,,,None (Open Label),
5093,,,,,,Treatment
5094,Randomized,,,,,
5094,,Parallel Assignment,,,,
5094,,,,,Single (Outcomes Assessor),
5094,,,,,,Treatment
5095,,,Other,,,
5095,,,,Other,,
5096,N/A,,,,,
5096,,Single Group Assignment,,,,
5096,,,,,None (Open Label),
5096,,,,,,Screening
5097,N/A,,,,,
5097,,Sequential Assignment,,,,
5097,,,,,None (Open Label),
5097,,,,,,Treatment
5098,Randomized,,,,,
5098,,Parallel Assignment,,,,
5098,,,,,"Triple (Participant, Care Provider, Investigator)",
5098,,,,,,Treatment
5099,Randomized,,,,,
5099,,Parallel Assignment,,,,
5099,,,,,Single (Outcomes Assessor),
5099,,,,,,Treatment
5100,Randomized,,,,,
5100,,Parallel Assignment,,,,
5100,,,,,"Double (Participant, Investigator)",
5100,,,,,,Prevention
5101,N/A,,,,,
5101,,Sequential Assignment,,,,
5101,,,,,None (Open Label),
5101,,,,,,Prevention
5102,N/A,,,,,
5102,,Single Group Assignment,,,,
5102,,,,,None (Open Label),
5102,,,,,,Diagnostic
5103,,,Cohort,,,
5103,,,,Prospective,,
5104,,,Cohort,,,
5104,,,,Cross-Sectional,,
5105,,,Cohort,,,
5105,,,,Prospective,,
5106,,,Cohort,,,
5106,,,,Prospective,,
5107,,,Case-Only,,,
5107,,,,Prospective,,
5108,Non-Randomized,,,,,
5108,,Parallel Assignment,,,,
5108,,,,,None (Open Label),
5108,,,,,,Treatment
5109,Randomized,,,,,
5109,,Parallel Assignment,,,,
5109,,,,,"Double (Participant, Care Provider)",
5109,,,,,,Treatment
5110,Randomized,,,,,
5110,,Sequential Assignment,,,,
5110,,,,,Single (Outcomes Assessor),
5110,,,,,,Prevention
5111,Randomized,,,,,
5111,,Crossover Assignment,,,,
5111,,,,,None (Open Label),
5111,,,,,,Health Services Research
5112,Randomized,,,,,
5112,,Parallel Assignment,,,,
5112,,,,,Single (Participant),
5112,,,,,,Treatment
5113,,,Other,,,
5113,,,,Prospective,,
5114,,,Cohort,,,
5114,,,,Prospective,,
5115,Non-Randomized,,,,,
5115,,Sequential Assignment,,,,
5115,,,,,None (Open Label),
5115,,,,,,Prevention
5116,Randomized,,,,,
5116,,Parallel Assignment,,,,
5116,,,,,"Triple (Participant, Care Provider, Investigator)",
5116,,,,,,Prevention
5117,,,Cohort,,,
5117,,,,Retrospective,,
5118,,,Cohort,,,
5118,,,,Prospective,,
5119,Randomized,,,,,
5119,,Sequential Assignment,,,,
5119,,,,,"Quadruple (Participant, Care Provider, Investigator, Outcomes Assessor)",
5119,,,,,,Other
5120,Randomized,,,,,
5120,,Parallel Assignment,,,,
5120,,,,,None (Open Label),
5120,,,,,,Prevention
5121,Randomized,,,,,
5121,,Parallel Assignment,,,,
5121,,,,,None (Open Label),
5121,,,,,,Prevention
5122,N/A,,,,,
5122,,Single Group Assignment,,,,
5122,,,,,None (Open Label),
5122,,,,,,Supportive Care
5123,,,Cohort,,,
5123,,,,Prospective,,
5124,,,Cohort,,,
5124,,,,Prospective,,
5125,Randomized,,,,,
5125,,Parallel Assignment,,,,
5125,,,,,"Quadruple (Participant, Care Provider, Investigator, Outcomes Assessor)",
5125,,,,,,Prevention
5126,N/A,,,,,
5126,,Single Group Assignment,,,,
5126,,,,,None (Open Label),
5126,,,,,,Supportive Care
5127,Randomized,,,,,
5127,,Parallel Assignment,,,,
5127,,,,,"Double (Investigator, Outcomes Assessor)",
5127,,,,,,Treatment
5128,,,Cohort,,,
5128,,,,Prospective,,
5129,,,Cohort,,,
5129,,,,Prospective,,
5130,,,Cohort,,,
5130,,,,Prospective,,
5131,,,Cohort,,,
5131,,,,Retrospective,,
5132,N/A,,,,,
5132,,Single Group Assignment,,,,
5132,,,,,None (Open Label),
5132,,,,,,Other
5133,,,Cohort,,,
5133,,,,Prospective,,
5134,Randomized,,,,,
5134,,Parallel Assignment,,,,
5134,,,,,"Double (Participant, Investigator)",
5134,,,,,,Treatment
5135,,,Cohort,,,
5135,,,,Cross-Sectional,,
5136,N/A,,,,,
5136,,Single Group Assignment,,,,
5136,,,,,None (Open Label),
5136,,,,,,Treatment
5137,N/A,,,,,
5137,,Single Group Assignment,,,,
5137,,,,,None (Open Label),
5137,,,,,,Health Services Research
5138,,Sequential Assignment,,,,
5138,,,,,None (Open Label),
5138,,,,,,Supportive Care
5139,Randomized,,,,,
5139,,Crossover Assignment,,,,
5139,,,,,Single (Participant),
5139,,,,,,Health Services Research
5140,,,Cohort,,,
5140,,,,Prospective,,
5141,,,Other,,,
5141,,,,Retrospective,,
5142,Randomized,,,,,
5142,,Parallel Assignment,,,,
5142,,,,,"Double (Investigator, Outcomes Assessor)",
5142,,,,,,Other
5143,Randomized,,,,,
5143,,Parallel Assignment,,,,
5143,,,,,None (Open Label),
5143,,,,,,Treatment
5144,N/A,,,,,
5144,,Single Group Assignment,,,,
5144,,,,,None (Open Label),
5144,,,,,,Prevention
5145,Randomized,,,,,
5145,,Parallel Assignment,,,,
5145,,,,,None (Open Label),
5145,,,,,,Health Services Research
5147,,,Case-Control,,,
5147,,,,Prospective,,
5148,Randomized,,,,,
5148,,Parallel Assignment,,,,
5148,,,,,None (Open Label),
5148,,,,,,Other
5149,Randomized,,,,,
5149,,Parallel Assignment,,,,
5149,,,,,None (Open Label),
5149,,,,,,Supportive Care
5150,Randomized,,,,,
5150,,Single Group Assignment,,,,
5150,,,,,None (Open Label),
5150,,,,,,Prevention
5151,N/A,,,,,
5151,,Single Group Assignment,,,,
5151,,,,,None (Open Label),
5151,,,,,,Treatment
5152,,,Cohort,,,
5152,,,,Prospective,,
5153,Randomized,,,,,
5153,,Parallel Assignment,,,,
5153,,,,,Single (Outcomes Assessor),
5153,,,,,,Supportive Care
5154,N/A,,,,,
5154,,Single Group Assignment,,,,
5154,,,,,None (Open Label),
5154,,,,,,Treatment
5155,,,Cohort,,,
5155,,,,Prospective,,
5156,Randomized,,,,,
5156,,Factorial Assignment,,,,
5156,,,,,None (Open Label),
5156,,,,,,Prevention
5157,Randomized,,,,,
5157,,Parallel Assignment,,,,
5157,,,,,None (Open Label),
5157,,,,,,Treatment
5158,Randomized,,,,,
5158,,Parallel Assignment,,,,
5158,,,,,None (Open Label),
5158,,,,,,Basic Science
5159,Randomized,,,,,
5159,,Factorial Assignment,,,,
5159,,,,,"Double (Participant, Investigator)",
5159,,,,,,Treatment
5160,Non-Randomized,,,,,
5160,,Parallel Assignment,,,,
5160,,,,,Single (Outcomes Assessor),
5160,,,,,,Other
5161,Randomized,,,,,
5161,,Crossover Assignment,,,,
5161,,,,,"Double (Participant, Investigator)",
5161,,,,,,Treatment
5162,N/A,,,,,
5162,,Single Group Assignment,,,,
5162,,,,,None (Open Label),
5162,,,,,,Treatment
5163,,,Other,,,
5163,,,,Cross-Sectional,,
5164,,,Cohort,,,
5164,,,,Prospective,,
5165,,,Cohort,,,
5165,,,,Retrospective,,
5166,,,Cohort,,,
5166,,,,Prospective,,
5167,,,Cohort,,,
5167,,,,Prospective,,
5168,Randomized,,,,,
5168,,Parallel Assignment,,,,
5168,,,,,Single (Outcomes Assessor),
5168,,,,,,Treatment
5169,,,Cohort,,,
5169,,,,Prospective,,
5170,,,Cohort,,,
5170,,,,Prospective,,
5171,Randomized,,,,,
5171,,Sequential Assignment,,,,
5171,,,,,"Double (Participant, Investigator)",
5171,,,,,,Prevention
5172,Randomized,,,,,
5172,,Parallel Assignment,,,,
5172,,,,,Single (Participant),
5172,,,,,,Prevention
5173,Randomized,,,,,
5173,,Parallel Assignment,,,,
5173,,,,,Single (Investigator),
5173,,,,,,Supportive Care
5174,Randomized,,,,,
5174,,Parallel Assignment,,,,
5174,,,,,Single (Outcomes Assessor),
5174,,,,,,Treatment
5175,,,Other,,,
5175,,,,Retrospective,,
5176,Randomized,,,,,
5176,,Parallel Assignment,,,,
5176,,,,,Single (Investigator),
5176,,,,,,Treatment
5177,,,Case-Only,,,
5177,,,,Prospective,,
5178,,,Cohort,,,
5178,,,,Other,,
5179,Randomized,,,,,
5179,,Parallel Assignment,,,,
5179,,,,,Single (Participant),
5179,,,,,,Treatment
5180,,,Case-Only,,,
5180,,,,Other,,
5181,Randomized,,,,,
5181,,Parallel Assignment,,,,
5181,,,,,"Triple (Care Provider, Investigator, Outcomes Assessor)",
5181,,,,,,Prevention
5182,N/A,,,,,
5182,,Sequential Assignment,,,,
5182,,,,,None (Open Label),
5182,,,,,,Supportive Care
5183,Randomized,,,,,
5183,,Crossover Assignment,,,,
5183,,,,,Single (Outcomes Assessor),
5183,,,,,,Prevention
5184,N/A,,,,,
5184,,Single Group Assignment,,,,
5184,,,,,None (Open Label),
5184,,,,,,Supportive Care
5185,,,Cohort,,,
5185,,,,Prospective,,
5186,Randomized,,,,,
5186,,Parallel Assignment,,,,
5186,,,,,"Double (Participant, Outcomes Assessor)",
5186,,,,,,Treatment
5187,Randomized,,,,,
5187,,Parallel Assignment,,,,
5187,,,,,"Double (Participant, Outcomes Assessor)",
5187,,,,,,Supportive Care
5188,Randomized,,,,,
5188,,Crossover Assignment,,,,
5188,,,,,Single (Participant),
5188,,,,,,Treatment
5189,Randomized,,,,,
5189,,Parallel Assignment,,,,
5189,,,,,Single (Outcomes Assessor),
5189,,,,,,Treatment
5190,,,Other,,,
5190,,,,Prospective,,
5191,,,Other,,,
5191,,,,Prospective,,
5192,,,Cohort,,,
5192,,,,Prospective,,
5193,,,Case-Control,,,
5193,,,,Prospective,,
5194,,,Cohort,,,
5194,,,,Prospective,,
5195,Randomized,,,,,
5195,,Parallel Assignment,,,,
5195,,,,,None (Open Label),
5195,,,,,,Treatment
5196,,,Other,,,
5196,,,,Prospective,,
5197,N/A,,,,,
5197,,Single Group Assignment,,,,
5197,,,,,None (Open Label),
5197,,,,,,Treatment
5198,Randomized,,,,,
5198,,Parallel Assignment,,,,
5198,,,,,Single (Participant),
5198,,,,,,Prevention
5199,Randomized,,,,,
5199,,Parallel Assignment,,,,
5199,,,,,None (Open Label),
5199,,,,,,Treatment
5200,N/A,,,,,
5200,,Single Group Assignment,,,,
5200,,,,,None (Open Label),
5200,,,,,,Treatment
5201,Randomized,,,,,
5201,,Parallel Assignment,,,,
5201,,,,,Single (Outcomes Assessor),
5201,,,,,,Supportive Care
5202,Non-Randomized,,,,,
5202,,Parallel Assignment,,,,
5202,,,,,Single (Participant),
5202,,,,,,Treatment
5203,,,Ecologic or Community,,,
5203,,,,Prospective,,
5204,,,Cohort,,,
5204,,,,Prospective,,
5205,,,Other,,,
5205,,,,Other,,
5206,Randomized,,,,,
5206,,Parallel Assignment,,,,
5206,,,,,None (Open Label),
5206,,,,,,Treatment
5207,,,Other,,,
5207,,,,Retrospective,,
5208,N/A,,,,,
5208,,Single Group Assignment,,,,
5208,,,,,None (Open Label),
5208,,,,,,Treatment
5209,Randomized,,,,,
5209,,Parallel Assignment,,,,
5209,,,,,"Triple (Participant, Care Provider, Investigator)",
5209,,,,,,Treatment
5210,Randomized,,,,,
5210,,Parallel Assignment,,,,
5210,,,,,None (Open Label),
5210,,,,,,Prevention
5211,Randomized,,,,,
5211,,Sequential Assignment,,,,
5211,,,,,"Quadruple (Participant, Care Provider, Investigator, Outcomes Assessor)",
5211,,,,,,Treatment
5212,,,Case-Only,,,
5212,,,,Cross-Sectional,,
5213,,,Cohort,,,
5213,,,,Prospective,,
5214,,,Cohort,,,
5214,,,,Prospective,,
5215,,,Cohort,,,
5215,,,,Prospective,,
5216,,,Cohort,,,
5216,,,,Cross-Sectional,,
5217,,,Cohort,,,
5217,,,,Prospective,,
5218,Randomized,,,,,
5218,,Parallel Assignment,,,,
5218,,,,,"Double (Participant, Investigator)",
5218,,,,,,Treatment
5219,Randomized,,,,,
5219,,Crossover Assignment,,,,
5219,,,,,Single (Outcomes Assessor),
5219,,,,,,Treatment
5220,,,Cohort,,,
5220,,,,Prospective,,
5221,Randomized,,,,,
5221,,Parallel Assignment,,,,
5221,,,,,"Triple (Participant, Care Provider, Investigator)",
5221,,,,,,Prevention
5222,Randomized,,,,,
5222,,Parallel Assignment,,,,
5222,,,,,Single (Outcomes Assessor),
5222,,,,,,Prevention
5223,,,Case-Only,,,
5223,,,,Prospective,,
5224,,,Cohort,,,
5224,,,,Prospective,,
5225,,,Ecologic or Community,,,
5225,,,,Prospective,,
5226,Non-Randomized,,,,,
5226,,Parallel Assignment,,,,
5226,,,,,None (Open Label),
5226,,,,,,Treatment
5227,Randomized,,,,,
5227,,Sequential Assignment,,,,
5227,,,,,"Quadruple (Participant, Care Provider, Investigator, Outcomes Assessor)",
5227,,,,,,Treatment
5228,Randomized,,,,,
5228,,Parallel Assignment,,,,
5228,,,,,"Triple (Care Provider, Investigator, Outcomes Assessor)",
5228,,,,,,Treatment
5229,,,Family-Based,,,
5229,,,,Cross-Sectional,,
5230,Randomized,,,,,
5230,,Parallel Assignment,,,,
5230,,,,,Single (Outcomes Assessor),
5230,,,,,,Prevention
5231,,,Case-Control,,,
5231,,,,Prospective,,
5232,N/A,,,,,
5232,,Single Group Assignment,,,,
5232,,,,,None (Open Label),
5232,,,,,,Prevention
5233,,,Cohort,,,
5233,,,,Prospective,,
5234,Randomized,,,,,
5234,,Parallel Assignment,,,,
5234,,,,,None (Open Label),
5234,,,,,,Treatment
5235,Randomized,,,,,
5235,,Crossover Assignment,,,,
5235,,,,,Single (Outcomes Assessor),
5235,,,,,,Supportive Care
5236,N/A,,,,,
5236,,Single Group Assignment,,,,
5236,,,,,None (Open Label),
5236,,,,,,Other
5237,Randomized,,,,,
5237,,Single Group Assignment,,,,
5237,,,,,None (Open Label),
5237,,,,,,Treatment
5238,Randomized,,,,,
5238,,Parallel Assignment,,,,
5238,,,,,"Double (Investigator, Outcomes Assessor)",
5238,,,,,,Prevention
5239,Randomized,,,,,
5239,,Sequential Assignment,,,,
5239,,,,,"Quadruple (Participant, Care Provider, Investigator, Outcomes Assessor)",
5239,,,,,,Treatment
5240,,,Other,,,
5240,,,,Prospective,,
5241,N/A,,,,,
5241,,Single Group Assignment,,,,
5241,,,,,None (Open Label),
5241,,,,,,Treatment
5242,Randomized,,,,,
5242,,Parallel Assignment,,,,
5242,,,,,None (Open Label),
5242,,,,,,Treatment
5243,Randomized,,,,,
5243,,Parallel Assignment,,,,
5243,,,,,None (Open Label),
5243,,,,,,Treatment
5244,N/A,,,,,
5244,,Single Group Assignment,,,,
5244,,,,,None (Open Label),
5244,,,,,,Treatment
5245,N/A,,,,,
5245,,Single Group Assignment,,,,
5245,,,,,None (Open Label),
5245,,,,,,Other
5246,Randomized,,,,,
5246,,Parallel Assignment,,,,
5246,,,,,None (Open Label),
5246,,,,,,Diagnostic
5247,Randomized,,,,,
5247,,Factorial Assignment,,,,
5247,,,,,None (Open Label),
5247,,,,,,Treatment
5248,,,Cohort,,,
5248,,,,Retrospective,,
5249,N/A,,,,,
5249,,Single Group Assignment,,,,
5249,,,,,None (Open Label),
5249,,,,,,Treatment
5250,,,Case-Crossover,,,
5250,,,,Cross-Sectional,,
5251,Randomized,,,,,
5251,,Parallel Assignment,,,,
5251,,,,,Single (Outcomes Assessor),
5251,,,,,,Treatment
5252,,,Cohort,,,
5252,,,,Prospective,,
5253,Randomized,,,,,
5253,,Parallel Assignment,,,,
5253,,,,,Single (Participant),
5253,,,,,,Treatment
5254,,,Cohort,,,
5254,,,,Prospective,,
5255,Randomized,,,,,
5255,,Sequential Assignment,,,,
5255,,,,,None (Open Label),
5255,,,,,,Prevention
5256,Randomized,,,,,
5256,,Parallel Assignment,,,,
5256,,,,,"Double (Participant, Investigator)",
5256,,,,,,Treatment
5257,,,Other,,,
5257,,,,Prospective,,
5258,,,Cohort,,,
5258,,,,Other,,
5259,Randomized,,,,,
5259,,Parallel Assignment,,,,
5259,,,,,"Quadruple (Participant, Care Provider, Investigator, Outcomes Assessor)",
5259,,,,,,Treatment
5260,Randomized,,,,,
5260,,Factorial Assignment,,,,
5260,,,,,"Quadruple (Participant, Care Provider, Investigator, Outcomes Assessor)",
5260,,,,,,Treatment
5261,Non-Randomized,,,,,
5261,,Single Group Assignment,,,,
5261,,,,,None (Open Label),
5261,,,,,,Device Feasibility
5262,,,Cohort,,,
5262,,,,Prospective,,
5263,,,Case-Only,,,
5263,,,,Retrospective,,
5264,N/A,,,,,
5264,,Single Group Assignment,,,,
5264,,,,,None (Open Label),
5264,,,,,,Basic Science
5265,Randomized,,,,,
5265,,Parallel Assignment,,,,
5265,,,,,Single (Participant),
5265,,,,,,Treatment
5266,Randomized,,,,,
5266,,Parallel Assignment,,,,
5266,,,,,None (Open Label),
5266,,,,,,Treatment
5267,Randomized,,,,,
5267,,Parallel Assignment,,,,
5267,,,,,Single (Outcomes Assessor),
5267,,,,,,Treatment
5268,Randomized,,,,,
5268,,Parallel Assignment,,,,
5268,,,,,"Triple (Participant, Care Provider, Investigator)",
5268,,,,,,Treatment
5269,Randomized,,,,,
5269,,Parallel Assignment,,,,
5269,,,,,None (Open Label),
5269,,,,,,Treatment
5270,Randomized,,,,,
5270,,Parallel Assignment,,,,
5270,,,,,None (Open Label),
5270,,,,,,Treatment
5271,,,Cohort,,,
5271,,,,Prospective,,
5272,N/A,,,,,
5272,,Single Group Assignment,,,,
5272,,,,,None (Open Label),
5272,,,,,,Prevention
5273,,,Case-Control,,,
5273,,,,Retrospective,,
5274,N/A,,,,,
5274,,Single Group Assignment,,,,
5274,,,,,None (Open Label),
5274,,,,,,Other
5275,Randomized,,,,,
5275,,Factorial Assignment,,,,
5275,,,,,None (Open Label),
5275,,,,,,Other
5276,,,Case-Only,,,
5276,,,,Prospective,,
5277,,,Ecologic or Community,,,
5277,,,,Prospective,,
5278,Randomized,,,,,
5278,,Factorial Assignment,,,,
5278,,,,,Single (Outcomes Assessor),
5278,,,,,,Health Services Research
5279,Randomized,,,,,
5279,,Crossover Assignment,,,,
5279,,,,,Single (Participant),
5279,,,,,,Treatment
5280,,,Cohort,,,
5280,,,,Prospective,,
5281,Randomized,,,,,
5281,,Parallel Assignment,,,,
5281,,,,,"Double (Participant, Investigator)",
5281,,,,,,Treatment
5282,,,Cohort,,,
5282,,,,Prospective,,
5283,Randomized,,,,,
5283,,Parallel Assignment,,,,
5283,,,,,Single (Participant),
5283,,,,,,Prevention
5284,,,Cohort,,,
5284,,,,Other,,
5285,,,Cohort,,,
5285,,,,Cross-Sectional,,
5286,N/A,,,,,
5286,,Single Group Assignment,,,,
5286,,,,,None (Open Label),
5286,,,,,,Treatment
5287,Randomized,,,,,
5287,,Parallel Assignment,,,,
5287,,,,,None (Open Label),
5287,,,,,,Treatment
5288,,,Cohort,,,
5288,,,,Retrospective,,
5289,Randomized,,,,,
5289,,Parallel Assignment,,,,
5289,,,,,Single (Outcomes Assessor),
5289,,,,,,Prevention
5290,Randomized,,,,,
5290,,Parallel Assignment,,,,
5290,,,,,"Double (Participant, Investigator)",
5290,,,,,,Treatment
5291,Randomized,,,,,
5291,,Parallel Assignment,,,,
5291,,,,,None (Open Label),
5291,,,,,,Basic Science
5292,N/A,,,,,
5292,,Single Group Assignment,,,,
5292,,,,,None (Open Label),
5292,,,,,,Prevention
5293,Randomized,,,,,
5293,,Parallel Assignment,,,,
5293,,,,,None (Open Label),
5293,,,,,,Supportive Care
5294,,,Cohort,,,
5294,,,,Retrospective,,
5295,Non-Randomized,,,,,
5295,,Parallel Assignment,,,,
5295,,,,,None (Open Label),
5295,,,,,,Treatment
5296,N/A,,,,,
5296,,Single Group Assignment,,,,
5296,,,,,None (Open Label),
5296,,,,,,Prevention
5297,,,Case-Control,,,
5297,,,,Prospective,,
5298,,,Cohort,,,
5298,,,,Retrospective,,
5299,N/A,,,,,
5299,,Single Group Assignment,,,,
5299,,,,,None (Open Label),
5299,,,,,,Screening
5300,Randomized,,,,,
5300,,Parallel Assignment,,,,
5300,,,,,Single (Outcomes Assessor),
5300,,,,,,Treatment
5301,Non-Randomized,,,,,
5301,,Sequential Assignment,,,,
5301,,,,,None (Open Label),
5301,,,,,,Basic Science
5302,Randomized,,,,,
5302,,Parallel Assignment,,,,
5302,,,,,"Double (Participant, Investigator)",
5302,,,,,,Treatment
5303,Randomized,,,,,
5303,,Parallel Assignment,,,,
5303,,,,,None (Open Label),
5303,,,,,,Treatment
5304,Randomized,,,,,
5304,,Parallel Assignment,,,,
5304,,,,,"Double (Participant, Care Provider)",
5304,,,,,,Treatment
5305,Randomized,,,,,
5305,,Sequential Assignment,,,,
5305,,,,,"Quadruple (Participant, Care Provider, Investigator, Outcomes Assessor)",
5305,,,,,,Prevention
5306,,,Case-Control,,,
5306,,,,Prospective,,
5307,Randomized,,,,,
5307,,Parallel Assignment,,,,
5307,,,,,None (Open Label),
5307,,,,,,Treatment
5308,Non-Randomized,,,,,
5308,,Parallel Assignment,,,,
5308,,,,,None (Open Label),
5308,,,,,,Basic Science
5309,Randomized,,,,,
5309,,Crossover Assignment,,,,
5309,,,,,None (Open Label),
5309,,,,,,Supportive Care
5310,N/A,,,,,
5310,,Single Group Assignment,,,,
5310,,,,,None (Open Label),
5310,,,,,,Supportive Care
5311,N/A,,,,,
5311,,Single Group Assignment,,,,
5311,,,,,None (Open Label),
5311,,,,,,Other
5312,,,Cohort,,,
5312,,,,Prospective,,
5313,Randomized,,,,,
5313,,Parallel Assignment,,,,
5313,,,,,None (Open Label),
5313,,,,,,Supportive Care
5314,Randomized,,,,,
5314,,Parallel Assignment,,,,
5314,,,,,None (Open Label),
5314,,,,,,Treatment
5315,Randomized,,,,,
5315,,Parallel Assignment,,,,
5315,,,,,Single (Outcomes Assessor),
5315,,,,,,Treatment
5316,Randomized,,,,,
5316,,Parallel Assignment,,,,
5316,,,,,"Quadruple (Participant, Care Provider, Investigator, Outcomes Assessor)",
5316,,,,,,Treatment
5317,N/A,,,,,
5317,,Single Group Assignment,,,,
5317,,,,,None (Open Label),
5317,,,,,,Diagnostic
5318,,,Case-Only,,,
5318,,,,Cross-Sectional,,
5319,Randomized,,,,,
5319,,Parallel Assignment,,,,
5319,,,,,Single (Participant),
5319,,,,,,Other
5320,N/A,,,,,
5320,,Single Group Assignment,,,,
5320,,,,,None (Open Label),
5320,,,,,,Treatment
5321,Randomized,,,,,
5321,,Parallel Assignment,,,,
5321,,,,,None (Open Label),
5321,,,,,,Treatment
5322,Randomized,,,,,
5322,,Parallel Assignment,,,,
5322,,,,,None (Open Label),
5322,,,,,,Treatment
5323,,,Cohort,,,
5323,,,,Prospective,,
5324,,,Cohort,,,
5324,,,,Cross-Sectional,,
5325,Randomized,,,,,
5325,,Crossover Assignment,,,,
5325,,,,,None (Open Label),
5325,,,,,,Other
5326,N/A,,,,,
5326,,Single Group Assignment,,,,
5326,,,,,None (Open Label),
5326,,,,,,Treatment
5327,Randomized,,,,,
5327,,Parallel Assignment,,,,
5327,,,,,None (Open Label),
5327,,,,,,Supportive Care
5328,N/A,,,,,
5328,,Single Group Assignment,,,,
5328,,,,,None (Open Label),
5328,,,,,,Other
5329,Randomized,,,,,
5329,,Crossover Assignment,,,,
5329,,,,,None (Open Label),
5329,,,,,,Treatment
5330,N/A,,,,,
5330,,Single Group Assignment,,,,
5330,,,,,None (Open Label),
5330,,,,,,Other
5331,Randomized,,,,,
5331,,Parallel Assignment,,,,
5331,,,,,Single (Outcomes Assessor),
5331,,,,,,Other
5332,Randomized,,,,,
5332,,Factorial Assignment,,,,
5332,,,,,"Quadruple (Participant, Care Provider, Investigator, Outcomes Assessor)",
5332,,,,,,Other
5333,N/A,,,,,
5333,,Sequential Assignment,,,,
5333,,,,,None (Open Label),
5333,,,,,,Diagnostic
5334,N/A,,,,,
5334,,Single Group Assignment,,,,
5334,,,,,None (Open Label),
5334,,,,,,Treatment
5335,Randomized,,,,,
5335,,Parallel Assignment,,,,
5335,,,,,Single (Outcomes Assessor),
5335,,,,,,Treatment
5336,Randomized,,,,,
5336,,Parallel Assignment,,,,
5336,,,,,Single (Participant),
5336,,,,,,Treatment
5337,,,Ecologic or Community,,,
5337,,,,Other,,
5338,Randomized,,,,,
5338,,Parallel Assignment,,,,
5338,,,,,"Quadruple (Participant, Care Provider, Investigator, Outcomes Assessor)",
5338,,,,,,Treatment
5339,,,Other,,,
5339,,,,Prospective,,
5340,Randomized,,,,,
5340,,Parallel Assignment,,,,
5340,,,,,Single (Care Provider),
5340,,,,,,Supportive Care
5341,Non-Randomized,,,,,
5341,,Sequential Assignment,,,,
5341,,,,,None (Open Label),
5341,,,,,,Prevention
5342,N/A,,,,,
5342,,Single Group Assignment,,,,
5342,,,,,None (Open Label),
5342,,,,,,Prevention
5343,,,Cohort,,,
5343,,,,Prospective,,
5344,Randomized,,,,,
5344,,Sequential Assignment,,,,
5344,,,,,"Quadruple (Participant, Care Provider, Investigator, Outcomes Assessor)",
5344,,,,,,Treatment
5345,Randomized,,,,,
5345,,Crossover Assignment,,,,
5345,,,,,Single (Outcomes Assessor),
5345,,,,,,Treatment
5346,,,Cohort,,,
5346,,,,Prospective,,
5347,,,Case-Control,,,
5347,,,,Prospective,,
5348,Randomized,,,,,
5348,,Parallel Assignment,,,,
5348,,,,,Single (Participant),
5348,,,,,,Treatment
5349,Randomized,,,,,
5349,,Crossover Assignment,,,,
5349,,,,,Single (Participant),
5349,,,,,,Treatment
5350,Randomized,,,,,
5350,,Parallel Assignment,,,,
5350,,,,,None (Open Label),
5350,,,,,,Other
5351,Randomized,,,,,
5351,,Parallel Assignment,,,,
5351,,,,,Single (Participant),
5351,,,,,,Treatment
5352,Randomized,,,,,
5352,,Parallel Assignment,,,,
5352,,,,,Single (Outcomes Assessor),
5352,,,,,,Supportive Care
5353,Randomized,,,,,
5353,,Sequential Assignment,,,,
5353,,,,,"Quadruple (Participant, Care Provider, Investigator, Outcomes Assessor)",
5353,,,,,,Screening
5354,,,Other,,,
5354,,,,Prospective,,
5355,,,Case-Only,,,
5355,,,,Prospective,,
5356,Randomized,,,,,
5356,,Parallel Assignment,,,,
5356,,,,,"Double (Participant, Outcomes Assessor)",
5356,,,,,,Prevention
5357,Randomized,,,,,
5357,,Parallel Assignment,,,,
5357,,,,,"Quadruple (Participant, Care Provider, Investigator, Outcomes Assessor)",
5357,,,,,,Treatment
5358,,,Cohort,,,
5358,,,,Prospective,,
5359,Randomized,,,,,
5359,,Parallel Assignment,,,,
5359,,,,,None (Open Label),
5359,,,,,,Other
5360,Randomized,,,,,
5360,,Parallel Assignment,,,,
5360,,,,,Single (Outcomes Assessor),
5360,,,,,,Prevention
5361,N/A,,,,,
5361,,Single Group Assignment,,,,
5361,,,,,None (Open Label),
5361,,,,,,Treatment
5362,Randomized,,,,,
5362,,Crossover Assignment,,,,
5362,,,,,None (Open Label),
5362,,,,,,Other
5363,Randomized,,,,,
5363,,Sequential Assignment,,,,
5363,,,,,None (Open Label),
5363,,,,,,Supportive Care
5364,Randomized,,,,,
5364,,Parallel Assignment,,,,
5364,,,,,None (Open Label),
5364,,,,,,Other
5365,,,Cohort,,,
5365,,,,Prospective,,
5366,,,Other,,,
5366,,,,Cross-Sectional,,
5367,,,Cohort,,,
5367,,,,Prospective,,
5368,,,Case-Only,,,
5368,,,,Cross-Sectional,,
5369,,,Case-Crossover,,,
5369,,,,Cross-Sectional,,
5370,Randomized,,,,,
5370,,Sequential Assignment,,,,
5370,,,,,None (Open Label),
5370,,,,,,Treatment
5371,,,Case-Only,,,
5371,,,,Prospective,,
5372,,,Cohort,,,
5372,,,,Prospective,,
5373,Randomized,,,,,
5373,,Parallel Assignment,,,,
5373,,,,,None (Open Label),
5373,,,,,,Prevention
5374,Randomized,,,,,
5374,,Factorial Assignment,,,,
5374,,,,,"Double (Care Provider, Outcomes Assessor)",
5374,,,,,,Other
5375,N/A,,,,,
5375,,Single Group Assignment,,,,
5375,,,,,None (Open Label),
5375,,,,,,Treatment
5376,N/A,,,,,
5376,,Single Group Assignment,,,,
5376,,,,,None (Open Label),
5376,,,,,,Prevention
5377,Randomized,,,,,
5377,,Parallel Assignment,,,,
5377,,,,,None (Open Label),
5377,,,,,,Supportive Care
5378,Randomized,,,,,
5378,,Parallel Assignment,,,,
5378,,,,,None (Open Label),
5378,,,,,,Prevention
5379,Randomized,,,,,
5379,,Parallel Assignment,,,,
5379,,,,,None (Open Label),
5379,,,,,,Supportive Care
5380,,,Cohort,,,
5380,,,,Prospective,,
5381,N/A,,,,,
5381,,Single Group Assignment,,,,
5381,,,,,None (Open Label),
5381,,,,,,Diagnostic
5382,Randomized,,,,,
5382,,Parallel Assignment,,,,
5382,,,,,None (Open Label),
5382,,,,,,Treatment
5383,N/A,,,,,
5383,,Single Group Assignment,,,,
5383,,,,,None (Open Label),
5383,,,,,,Supportive Care
5384,Randomized,,,,,
5384,,Parallel Assignment,,,,
5384,,,,,None (Open Label),
5384,,,,,,Other
5385,Randomized,,,,,
5385,,Parallel Assignment,,,,
5385,,,,,None (Open Label),
5385,,,,,,Prevention
5386,Randomized,,,,,
5386,,Parallel Assignment,,,,
5386,,,,,"Quadruple (Participant, Care Provider, Investigator, Outcomes Assessor)",
5386,,,,,,Treatment
5387,,,Cohort,,,
5387,,,,Prospective,,
5388,Randomized,,,,,
5388,,Parallel Assignment,,,,
5388,,,,,None (Open Label),
5388,,,,,,Treatment
5389,Non-Randomized,,,,,
5389,,Parallel Assignment,,,,
5389,,,,,None (Open Label),
5389,,,,,,Supportive Care
5390,Randomized,,,,,
5390,,Single Group Assignment,,,,
5390,,,,,Single (Care Provider),
5390,,,,,,Prevention
5391,N/A,,,,,
5391,,Single Group Assignment,,,,
5391,,,,,None (Open Label),
5391,,,,,,Supportive Care
5392,Randomized,,,,,
5392,,Parallel Assignment,,,,
5392,,,,,None (Open Label),
5392,,,,,,Health Services Research
5393,,,Cohort,,,
5393,,,,Prospective,,
5394,Randomized,,,,,
5394,,Parallel Assignment,,,,
5394,,,,,None (Open Label),
5394,,,,,,Supportive Care
5395,,,Cohort,,,
5395,,,,Prospective,,
5396,,,Cohort,,,
5396,,,,Prospective,,
5397,Randomized,,,,,
5397,,Crossover Assignment,,,,
5397,,,,,None (Open Label),
5397,,,,,,Health Services Research
5398,Randomized,,,,,
5398,,Parallel Assignment,,,,
5398,,,,,None (Open Label),
5398,,,,,,Supportive Care
5399,,,Cohort,,,
5399,,,,Prospective,,
5400,N/A,,,,,
5400,,Single Group Assignment,,,,
5400,,,,,None (Open Label),
5400,,,,,,Treatment
5401,N/A,,,,,
5401,,Single Group Assignment,,,,
5401,,,,,None (Open Label),
5401,,,,,,Treatment
5402,,,Cohort,,,
5402,,,,Prospective,,
5403,,,Case-Only,,,
5403,,,,Prospective,,
5404,N/A,,,,,
5404,,Single Group Assignment,,,,
5404,,,,,None (Open Label),
5404,,,,,,Treatment
5405,Randomized,,,,,
5405,,Crossover Assignment,,,,
5405,,,,,None (Open Label),
5405,,,,,,Other
5406,,,Ecologic or Community,,,
5406,,,,Retrospective,,
5407,,,Ecologic or Community,,,
5407,,,,Cross-Sectional,,
5408,Randomized,,,,,
5408,,Parallel Assignment,,,,
5408,,,,,Single (Outcomes Assessor),
5408,,,,,,Treatment
5409,Randomized,,,,,
5409,,Parallel Assignment,,,,
5409,,,,,"Triple (Participant, Investigator, Outcomes Assessor)",
5409,,,,,,Prevention
5410,Randomized,,,,,
5410,,Parallel Assignment,,,,
5410,,,,,"Double (Participant, Outcomes Assessor)",
5410,,,,,,Treatment
5411,,,Cohort,,,
5411,,,,Prospective,,
5412,N/A,,,,,
5412,,Single Group Assignment,,,,
5412,,,,,None (Open Label),
5412,,,,,,Treatment
5413,Randomized,,,,,
5413,,Parallel Assignment,,,,
5413,,,,,None (Open Label),
5413,,,,,,Prevention
5414,Non-Randomized,,,,,
5414,,Parallel Assignment,,,,
5414,,,,,None (Open Label),
5414,,,,,,Other
5415,Randomized,,,,,
5415,,Crossover Assignment,,,,
5415,,,,,None (Open Label),
5415,,,,,,Other
5416,N/A,,,,,
5416,,Single Group Assignment,,,,
5416,,,,,None (Open Label),
5416,,,,,,Supportive Care
5417,Randomized,,,,,
5417,,Parallel Assignment,,,,
5417,,,,,"Quadruple (Participant, Care Provider, Investigator, Outcomes Assessor)",
5417,,,,,,Treatment
5418,Randomized,,,,,
5418,,Parallel Assignment,,,,
5418,,,,,"Double (Participant, Investigator)",
5418,,,,,,Other
5419,Randomized,,,,,
5419,,Parallel Assignment,,,,
5419,,,,,None (Open Label),
5419,,,,,,Other
5420,Randomized,,,,,
5420,,Parallel Assignment,,,,
5420,,,,,"Double (Participant, Investigator)",
5420,,,,,,Prevention
5421,Randomized,,,,,
5421,,Parallel Assignment,,,,
5421,,,,,None (Open Label),
5421,,,,,,Prevention
5422,Randomized,,,,,
5422,,Parallel Assignment,,,,
5422,,,,,"Triple (Participant, Care Provider, Outcomes Assessor)",
5422,,,,,,Diagnostic
5423,Non-Randomized,,,,,
5423,,Parallel Assignment,,,,
5423,,,,,None (Open Label),
5423,,,,,,Diagnostic
5424,N/A,,,,,
5424,,Single Group Assignment,,,,
5424,,,,,None (Open Label),
5424,,,,,,Prevention
5425,Randomized,,,,,
5425,,Parallel Assignment,,,,
5425,,,,,Single (Outcomes Assessor),
5425,,,,,,Supportive Care
5426,,,Other,,,
5426,,,,Retrospective,,
5427,,,Ecologic or Community,,,
5427,,,,Prospective,,
5428,Randomized,,,,,
5428,,Factorial Assignment,,,,
5428,,,,,"Double (Investigator, Outcomes Assessor)",
5428,,,,,,Treatment
5429,,,Cohort,,,
5429,,,,Cross-Sectional,,
5430,Randomized,,,,,
5430,,Parallel Assignment,,,,
5430,,,,,None (Open Label),
5430,,,,,,Treatment
5431,Randomized,,,,,
5431,,Parallel Assignment,,,,
5431,,,,,None (Open Label),
5431,,,,,,Treatment
5432,N/A,,,,,
5432,,Single Group Assignment,,,,
5432,,,,,None (Open Label),
5432,,,,,,Basic Science
5433,,,Other,,,
5433,,,,Other,,
5434,,,Case-Only,,,
5434,,,,Prospective,,
5435,Randomized,,,,,
5435,,Parallel Assignment,,,,
5435,,,,,None (Open Label),
5435,,,,,,Treatment
5436,Randomized,,,,,
5436,,Crossover Assignment,,,,
5436,,,,,None (Open Label),
5436,,,,,,Treatment
5437,,,Cohort,,,
5437,,,,Prospective,,
5438,Randomized,,,,,
5438,,Crossover Assignment,,,,
5438,,,,,Single (Outcomes Assessor),
5438,,,,,,Prevention
5439,Randomized,,,,,
5439,,Parallel Assignment,,,,
5439,,,,,"Double (Participant, Outcomes Assessor)",
5439,,,,,,Treatment
5440,Randomized,,,,,
5440,,Parallel Assignment,,,,
5440,,,,,"Double (Participant, Outcomes Assessor)",
5440,,,,,,Prevention
5441,,,Other,,,
5441,,,,Prospective,,
5442,Randomized,,,,,
5442,,Parallel Assignment,,,,
5442,,,,,"Double (Investigator, Outcomes Assessor)",
5442,,,,,,Prevention
5443,N/A,,,,,
5443,,Single Group Assignment,,,,
5443,,,,,None (Open Label),
5443,,,,,,Treatment
5444,Randomized,,,,,
5444,,Parallel Assignment,,,,
5444,,,,,None (Open Label),
5444,,,,,,Supportive Care
5445,Randomized,,,,,
5445,,Parallel Assignment,,,,
5445,,,,,Single (Outcomes Assessor),
5445,,,,,,Prevention
5446,Randomized,,,,,
5446,,Parallel Assignment,,,,
5446,,,,,Single (Outcomes Assessor),
5446,,,,,,Treatment
5447,N/A,,,,,
5447,,Single Group Assignment,,,,
5447,,,,,None (Open Label),
5447,,,,,,Health Services Research
5448,Randomized,,,,,
5448,,Parallel Assignment,,,,
5448,,,,,"Quadruple (Participant, Care Provider, Investigator, Outcomes Assessor)",
5448,,,,,,Treatment
5449,,,Cohort,,,
5449,,,,Prospective,,
5450,N/A,,,,,
5450,,Single Group Assignment,,,,
5450,,,,,None (Open Label),
5450,,,,,,Other
5451,Randomized,,,,,
5451,,Parallel Assignment,,,,
5451,,,,,"Triple (Participant, Care Provider, Investigator)",
5451,,,,,,Treatment
5452,Randomized,,,,,
5452,,Parallel Assignment,,,,
5452,,,,,None (Open Label),
5452,,,,,,Other
5453,Randomized,,,,,
5453,,Parallel Assignment,,,,
5453,,,,,None (Open Label),
5453,,,,,,Health Services Research
5454,,,Cohort,,,
5454,,,,Retrospective,,
5455,Randomized,,,,,
5455,,Parallel Assignment,,,,
5455,,,,,"Triple (Participant, Investigator, Outcomes Assessor)",
5455,,,,,,Treatment
5456,N/A,,,,,
5456,,Single Group Assignment,,,,
5456,,,,,None (Open Label),
5456,,,,,,Health Services Research
5457,,,Cohort,,,
5457,,,,Prospective,,
5458,Randomized,,,,,
5458,,Parallel Assignment,,,,
5458,,,,,Single (Outcomes Assessor),
5458,,,,,,Other
5459,Randomized,,,,,
5459,,Parallel Assignment,,,,
5459,,,,,None (Open Label),
5459,,,,,,Prevention
5460,,,Cohort,,,
5460,,,,Prospective,,
5461,Randomized,,,,,
5461,,Parallel Assignment,,,,
5461,,,,,None (Open Label),
5461,,,,,,Prevention
5462,Randomized,,,,,
5462,,Parallel Assignment,,,,
5462,,,,,Single (Participant),
5462,,,,,,Treatment
5463,,,Cohort,,,
5463,,,,Prospective,,
5464,N/A,,,,,
5464,,Single Group Assignment,,,,
5464,,,,,None (Open Label),
5464,,,,,,Prevention
5465,Randomized,,,,,
5465,,Parallel Assignment,,,,
5465,,,,,Single (Outcomes Assessor),
5465,,,,,,Treatment
5466,,,Ecologic or Community,,,
5466,,,,Cross-Sectional,,
5467,,,Ecologic or Community,,,
5467,,,,Cross-Sectional,,
5468,N/A,,,,,
5468,,Single Group Assignment,,,,
5468,,,,,None (Open Label),
5468,,,,,,Supportive Care
5469,,,Ecologic or Community,,,
5469,,,,Cross-Sectional,,
5470,Randomized,,,,,
5470,,Parallel Assignment,,,,
5470,,,,,None (Open Label),
5470,,,,,,Prevention
5471,,,Case-Control,,,
5471,,,,Cross-Sectional,,
5472,Randomized,,,,,
5472,,Parallel Assignment,,,,
5472,,,,,None (Open Label),
5472,,,,,,Prevention
5473,,,Ecologic or Community,,,
5473,,,,Other,,
5474,Randomized,,,,,
5474,,Parallel Assignment,,,,
5474,,,,,None (Open Label),
5474,,,,,,Other
5475,Randomized,,,,,
5475,,Parallel Assignment,,,,
5475,,,,,Single (Outcomes Assessor),
5475,,,,,,Treatment
5476,N/A,,,,,
5476,,Single Group Assignment,,,,
5476,,,,,None (Open Label),
5476,,,,,,Supportive Care
5477,Randomized,,,,,
5477,,Crossover Assignment,,,,
5477,,,,,None (Open Label),
5477,,,,,,Health Services Research
5478,N/A,,,,,
5478,,Single Group Assignment,,,,
5478,,,,,None (Open Label),
5478,,,,,,Treatment
5479,Randomized,,,,,
5479,,Factorial Assignment,,,,
5479,,,,,Single (Outcomes Assessor),
5479,,,,,,Prevention
5480,N/A,,,,,
5480,,Single Group Assignment,,,,
5480,,,,,None (Open Label),
5480,,,,,,Diagnostic
5481,Randomized,,,,,
5481,,Parallel Assignment,,,,
5481,,,,,Single (Outcomes Assessor),
5481,,,,,,Treatment
5482,N/A,,,,,
5482,,Single Group Assignment,,,,
5482,,,,,None (Open Label),
5482,,,,,,Diagnostic
5483,Randomized,,,,,
5483,,Parallel Assignment,,,,
5483,,,,,"Double (Participant, Investigator)",
5483,,,,,,Health Services Research
5484,Randomized,,,,,
5484,,Parallel Assignment,,,,
5484,,,,,None (Open Label),
5484,,,,,,Treatment
5485,Randomized,,,,,
5485,,Parallel Assignment,,,,
5485,,,,,Single (Participant),
5485,,,,,,Treatment
5486,Randomized,,,,,
5486,,Parallel Assignment,,,,
5486,,,,,Single (Outcomes Assessor),
5486,,,,,,Treatment
5487,Randomized,,,,,
5487,,Parallel Assignment,,,,
5487,,,,,Single (Outcomes Assessor),
5487,,,,,,Prevention
5488,Non-Randomized,,,,,
5488,,Parallel Assignment,,,,
5488,,,,,None (Open Label),
5488,,,,,,Treatment
5489,,,Cohort,,,
5489,,,,Prospective,,
5490,N/A,,,,,
5490,,Single Group Assignment,,,,
5490,,,,,None (Open Label),
5490,,,,,,Basic Science
5491,Randomized,,,,,
5491,,Parallel Assignment,,,,
5491,,,,,None (Open Label),
5491,,,,,,Treatment
5492,N/A,,,,,
5492,,Single Group Assignment,,,,
5492,,,,,None (Open Label),
5492,,,,,,Treatment
5493,Randomized,,,,,
5493,,Parallel Assignment,,,,
5493,,,,,None (Open Label),
5493,,,,,,Other
5494,,,Case-Control,,,
5494,,,,Prospective,,
5495,Randomized,,,,,
5495,,Parallel Assignment,,,,
5495,,,,,None (Open Label),
5495,,,,,,Treatment
5496,Randomized,,,,,
5496,,Parallel Assignment,,,,
5496,,,,,"Double (Care Provider, Outcomes Assessor)",
5496,,,,,,Treatment
5497,,,Cohort,,,
5497,,,,Prospective,,
5498,Randomized,,,,,
5498,,Single Group Assignment,,,,
5498,,,,,"Double (Participant, Care Provider)",
5498,,,,,,Treatment
5499,Randomized,,,,,
5499,,Parallel Assignment,,,,
5499,,,,,None (Open Label),
5499,,,,,,Supportive Care
5500,Randomized,,,,,
5500,,Parallel Assignment,,,,
5500,,,,,Single (Outcomes Assessor),
5500,,,,,,Treatment
5501,Randomized,,,,,
5501,,Parallel Assignment,,,,
5501,,,,,Single (Outcomes Assessor),
5501,,,,,,Treatment
5502,Randomized,,,,,
5502,,Crossover Assignment,,,,
5502,,,,,None (Open Label),
5502,,,,,,Supportive Care
5503,Randomized,,,,,
5503,,Parallel Assignment,,,,
5503,,,,,Single (Outcomes Assessor),
5503,,,,,,Treatment
5504,,,Cohort,,,
5504,,,,Cross-Sectional,,
5505,N/A,,,,,
5505,,Single Group Assignment,,,,
5505,,,,,None (Open Label),
5505,,,,,,Treatment
5506,Randomized,,,,,
5506,,Parallel Assignment,,,,
5506,,,,,"Quadruple (Participant, Care Provider, Investigator, Outcomes Assessor)",
5506,,,,,,Treatment
5507,N/A,,,,,
5507,,Single Group Assignment,,,,
5507,,,,,None (Open Label),
5507,,,,,,Other
5508,Randomized,,,,,
5508,,Parallel Assignment,,,,
5508,,,,,"Quadruple (Participant, Care Provider, Investigator, Outcomes Assessor)",
5508,,,,,,Treatment
5509,,,Case-Crossover,,,
5509,,,,Prospective,,
5510,,,Cohort,,,
5510,,,,Cross-Sectional,,
5511,,,Other,,,
5511,,,,Retrospective,,
5512,,,Cohort,,,
5512,,,,Cross-Sectional,,
5513,Randomized,,,,,
5513,,Parallel Assignment,,,,
5513,,,,,Single (Outcomes Assessor),
5513,,,,,,Treatment
5514,Randomized,,,,,
5514,,Parallel Assignment,,,,
5514,,,,,"Double (Investigator, Outcomes Assessor)",
5514,,,,,,Treatment
5515,,,Cohort,,,
5515,,,,Prospective,,
5516,Randomized,,,,,
5516,,Parallel Assignment,,,,
5516,,,,,Single (Participant),
5516,,,,,,Basic Science
5517,Randomized,,,,,
5517,,Parallel Assignment,,,,
5517,,,,,None (Open Label),
5517,,,,,,Health Services Research
5518,N/A,,,,,
5518,,Single Group Assignment,,,,
5518,,,,,None (Open Label),
5518,,,,,,Diagnostic
5519,Randomized,,,,,
5519,,Parallel Assignment,,,,
5519,,,,,Single (Investigator),
5519,,,,,,Treatment
5520,Randomized,,,,,
5520,,Parallel Assignment,,,,
5520,,,,,None (Open Label),
5520,,,,,,Health Services Research
5521,,,Cohort,,,
5521,,,,Prospective,,
5522,Non-Randomized,,,,,
5522,,Parallel Assignment,,,,
5522,,,,,Single (Outcomes Assessor),
5522,,,,,,Treatment
5523,,,Other,,,
5523,,,,Cross-Sectional,,
5524,N/A,,,,,
5524,,Single Group Assignment,,,,
5524,,,,,None (Open Label),
5524,,,,,,Other
5525,Randomized,,,,,
5525,,Parallel Assignment,,,,
5525,,,,,None (Open Label),
5525,,,,,,Supportive Care
5526,N/A,,,,,
5526,,Single Group Assignment,,,,
5526,,,,,None (Open Label),
5526,,,,,,Treatment
5527,Randomized,,,,,
5527,,Parallel Assignment,,,,
5527,,,,,None (Open Label),
5527,,,,,,Prevention
5528,Randomized,,,,,
5528,,Parallel Assignment,,,,
5528,,,,,"Double (Participant, Care Provider)",
5528,,,,,,Supportive Care
5529,Randomized,,,,,
5529,,Crossover Assignment,,,,
5529,,,,,None (Open Label),
5529,,,,,,Basic Science
5530,,,Case-Only,,,
5530,,,,Other,,
5531,N/A,,,,,
5531,,Single Group Assignment,,,,
5531,,,,,None (Open Label),
5531,,,,,,Health Services Research
5532,N/A,,,,,
5532,,Single Group Assignment,,,,
5532,,,,,None (Open Label),
5532,,,,,,Diagnostic
5533,Randomized,,,,,
5533,,Parallel Assignment,,,,
5533,,,,,None (Open Label),
5533,,,,,,Treatment
5534,Randomized,,,,,
5534,,Parallel Assignment,,,,
5534,,,,,Single (Outcomes Assessor),
5534,,,,,,Health Services Research
5535,,,Ecologic or Community,,,
5535,,,,Cross-Sectional,,
5536,,,Case-Only,,,
5536,,,,Cross-Sectional,,
5537,Randomized,,,,,
5537,,Parallel Assignment,,,,
5537,,,,,None (Open Label),
5537,,,,,,Prevention
5538,N/A,,,,,
5538,,Single Group Assignment,,,,
5538,,,,,None (Open Label),
5538,,,,,,Treatment
5539,Non-Randomized,,,,,
5539,,Parallel Assignment,,,,
5539,,,,,Single (Care Provider),
5539,,,,,,Treatment
5540,Non-Randomized,,,,,
5540,,Parallel Assignment,,,,
5540,,,,,None (Open Label),
5540,,,,,,Diagnostic
5541,Randomized,,,,,
5541,,Parallel Assignment,,,,
5541,,,,,"Double (Participant, Investigator)",
5541,,,,,,Device Feasibility
5542,Non-Randomized,,,,,
5542,,Crossover Assignment,,,,
5542,,,,,"Triple (Participant, Investigator, Outcomes Assessor)",
5542,,,,,,Basic Science
5543,Randomized,,,,,
5543,,Parallel Assignment,,,,
5543,,,,,"Quadruple (Participant, Care Provider, Investigator, Outcomes Assessor)",
5543,,,,,,Treatment
5544,Randomized,,,,,
5544,,Parallel Assignment,,,,
5544,,,,,None (Open Label),
5544,,,,,,Other
5545,Randomized,,,,,
5545,,Parallel Assignment,,,,
5545,,,,,Single (Outcomes Assessor),
5545,,,,,,Treatment
5546,Randomized,,,,,
5546,,Factorial Assignment,,,,
5546,,,,,"Double (Investigator, Outcomes Assessor)",
5546,,,,,,Treatment
5547,,,Case-Only,,,
5547,,,,Prospective,,
5548,Randomized,,,,,
5548,,Parallel Assignment,,,,
5548,,,,,None (Open Label),
5548,,,,,,Treatment
5549,Randomized,,,,,
5549,,Parallel Assignment,,,,
5549,,,,,None (Open Label),
5549,,,,,,Treatment
5550,N/A,,,,,
5550,,Single Group Assignment,,,,
5550,,,,,None (Open Label),
5550,,,,,,Treatment
5551,Randomized,,,,,
5551,,Parallel Assignment,,,,
5551,,,,,Single (Outcomes Assessor),
5551,,,,,,Other
5552,,,Cohort,,,
5552,,,,Cross-Sectional,,
5553,Randomized,,,,,
5553,,Parallel Assignment,,,,
5553,,,,,None (Open Label),
5553,,,,,,Treatment
5554,Randomized,,,,,
5554,,Parallel Assignment,,,,
5554,,,,,None (Open Label),
5554,,,,,,Prevention
5555,N/A,,,,,
5555,,Single Group Assignment,,,,
5555,,,,,None (Open Label),
5555,,,,,,Treatment
5556,N/A,,,,,
5556,,Single Group Assignment,,,,
5556,,,,,None (Open Label),
5556,,,,,,Health Services Research
5557,Randomized,,,,,
5557,,Parallel Assignment,,,,
5557,,,,,"Double (Care Provider, Outcomes Assessor)",
5557,,,,,,Treatment
5558,Randomized,,,,,
5558,,Parallel Assignment,,,,
5558,,,,,None (Open Label),
5558,,,,,,Other
5559,Randomized,,,,,
5559,,Parallel Assignment,,,,
5559,,,,,Single (Outcomes Assessor),
5559,,,,,,Prevention
5560,Randomized,,,,,
5560,,Parallel Assignment,,,,
5560,,,,,"Double (Participant, Outcomes Assessor)",
5560,,,,,,Treatment
5561,Randomized,,,,,
5561,,Parallel Assignment,,,,
5561,,,,,None (Open Label),
5561,,,,,,Treatment
5562,Randomized,,,,,
5562,,Parallel Assignment,,,,
5562,,,,,None (Open Label),
5562,,,,,,Treatment
5563,Randomized,,,,,
5563,,Parallel Assignment,,,,
5563,,,,,Single (Outcomes Assessor),
5563,,,,,,Treatment
5564,,,Cohort,,,
5564,,,,Prospective,,
5565,,,Case-Control,,,
5565,,,,Prospective,,
5566,Randomized,,,,,
5566,,Parallel Assignment,,,,
5566,,,,,Single (Outcomes Assessor),
5566,,,,,,Prevention
5567,Randomized,,,,,
5567,,Parallel Assignment,,,,
5567,,,,,"Double (Care Provider, Outcomes Assessor)",
5567,,,,,,Treatment
5568,Randomized,,,,,
5568,,Parallel Assignment,,,,
5568,,,,,"Triple (Participant, Care Provider, Outcomes Assessor)",
5568,,,,,,Prevention
5569,Randomized,,,,,
5569,,Parallel Assignment,,,,
5569,,,,,Single (Outcomes Assessor),
5569,,,,,,Treatment
5570,Non-Randomized,,,,,
5570,,Parallel Assignment,,,,
5570,,,,,None (Open Label),
5570,,,,,,Other
5571,Randomized,,,,,
5571,,Parallel Assignment,,,,
5571,,,,,Single (Investigator),
5571,,,,,,Treatment
5572,Randomized,,,,,
5572,,Parallel Assignment,,,,
5572,,,,,"Double (Participant, Care Provider)",
5572,,,,,,Prevention
5573,Randomized,,,,,
5573,,Factorial Assignment,,,,
5573,,,,,"Triple (Participant, Investigator, Outcomes Assessor)",
5573,,,,,,Basic Science
5574,Randomized,,,,,
5574,,Parallel Assignment,,,,
5574,,,,,Single (Participant),
5574,,,,,,Health Services Research
5575,Randomized,,,,,
5575,,Parallel Assignment,,,,
5575,,,,,Single (Outcomes Assessor),
5575,,,,,,Prevention
5576,N/A,,,,,
5576,,Single Group Assignment,,,,
5576,,,,,None (Open Label),
5576,,,,,,Treatment
5577,,,Cohort,,,
5577,,,,Prospective,,
5578,,,Ecologic or Community,,,
5578,,,,Cross-Sectional,,
5579,N/A,,,,,
5579,,Single Group Assignment,,,,
5579,,,,,None (Open Label),
5579,,,,,,Treatment
5580,Randomized,,,,,
5580,,Crossover Assignment,,,,
5580,,,,,None (Open Label),
5580,,,,,,Other
5581,Randomized,,,,,
5581,,Parallel Assignment,,,,
5581,,,,,"Double (Investigator, Outcomes Assessor)",
5581,,,,,,Health Services Research
5582,Randomized,,,,,
5582,,Parallel Assignment,,,,
5582,,,,,Single (Participant),
5582,,,,,,Treatment
5583,Randomized,,,,,
5583,,Factorial Assignment,,,,
5583,,,,,"Double (Participant, Outcomes Assessor)",
5583,,,,,,Prevention
5584,,,Other,,,
5584,,,,Prospective,,
5585,Randomized,,,,,
5585,,Parallel Assignment,,,,
5585,,,,,None (Open Label),
5585,,,,,,Treatment
5586,Randomized,,,,,
5586,,Parallel Assignment,,,,
5586,,,,,None (Open Label),
5586,,,,,,Treatment
5587,Randomized,,,,,
5587,,Parallel Assignment,,,,
5587,,,,,"Double (Investigator, Outcomes Assessor)",
5587,,,,,,Prevention
5588,N/A,,,,,
5588,,Single Group Assignment,,,,
5588,,,,,None (Open Label),
5588,,,,,,Supportive Care
5589,Non-Randomized,,,,,
5589,,Parallel Assignment,,,,
5589,,,,,None (Open Label),
5589,,,,,,Other
5590,Randomized,,,,,
5590,,Crossover Assignment,,,,
5590,,,,,"Quadruple (Participant, Care Provider, Investigator, Outcomes Assessor)",
5590,,,,,,Other
5591,Randomized,,,,,
5591,,Sequential Assignment,,,,
5591,,,,,None (Open Label),
5591,,,,,,Treatment
5592,,,Cohort,,,
5592,,,,Prospective,,
5593,,,Case-Only,,,
5593,,,,Cross-Sectional,,
5594,Randomized,,,,,
5594,,Parallel Assignment,,,,
5594,,,,,None (Open Label),
5594,,,,,,Prevention
5595,N/A,,,,,
5595,,Single Group Assignment,,,,
5595,,,,,None (Open Label),
5595,,,,,,Supportive Care
5596,Non-Randomized,,,,,
5596,,Parallel Assignment,,,,
5596,,,,,Single (Outcomes Assessor),
5596,,,,,,Treatment
5597,Randomized,,,,,
5597,,Parallel Assignment,,,,
5597,,,,,Single (Investigator),
5597,,,,,,Basic Science
5598,Randomized,,,,,
5598,,Parallel Assignment,,,,
5598,,,,,None (Open Label),
5598,,,,,,Prevention
5599,,,Cohort,,,
5599,,,,Prospective,,
5600,Randomized,,,,,
5600,,Parallel Assignment,,,,
5600,,,,,Single (Participant),
5600,,,,,,Treatment
5601,N/A,,,,,
5601,,Single Group Assignment,,,,
5601,,,,,None (Open Label),
5601,,,,,,Prevention
5602,N/A,,,,,
5602,,Single Group Assignment,,,,
5602,,,,,None (Open Label),
5602,,,,,,Treatment
5603,Randomized,,,,,
5603,,Parallel Assignment,,,,
5603,,,,,None (Open Label),
5603,,,,,,Treatment
5604,,Sequential Assignment,,,,
5604,,,,,None (Open Label),
5604,,,,,,Prevention
5605,,,Cohort,,,
5605,,,,Retrospective,,
5606,Randomized,,,,,
5606,,Parallel Assignment,,,,
5606,,,,,Single (Investigator),
5606,,,,,,Supportive Care
5607,,,Cohort,,,
5607,,,,Other,,
5608,,,Case-Control,,,
5608,,,,Prospective,,
5609,Randomized,,,,,
5609,,Parallel Assignment,,,,
5609,,,,,None (Open Label),
5609,,,,,,Treatment
5610,,,Cohort,,,
5610,,,,Prospective,,
5611,Randomized,,,,,
5611,,Parallel Assignment,,,,
5611,,,,,Single (Outcomes Assessor),
5611,,,,,,Supportive Care
5612,Randomized,,,,,
5612,,Parallel Assignment,,,,
5612,,,,,None (Open Label),
5612,,,,,,Treatment
5613,,,Other,,,
5613,,,,Cross-Sectional,,
5614,Randomized,,,,,
5614,,Parallel Assignment,,,,
5614,,,,,None (Open Label),
5614,,,,,,Prevention
5615,Randomized,,,,,
5615,,Crossover Assignment,,,,
5615,,,,,"Triple (Participant, Care Provider, Investigator)",
5615,,,,,,Treatment
5616,Randomized,,,,,
5616,,Parallel Assignment,,,,
5616,,,,,None (Open Label),
5616,,,,,,Health Services Research
5617,Non-Randomized,,,,,
5617,,Single Group Assignment,,,,
5617,,,,,None (Open Label),
5617,,,,,,Prevention
5618,Randomized,,,,,
5618,,Parallel Assignment,,,,
5618,,,,,"Double (Investigator, Outcomes Assessor)",
5618,,,,,,Basic Science
5619,Randomized,,,,,
5619,,Parallel Assignment,,,,
5619,,,,,None (Open Label),
5619,,,,,,Other
5620,Randomized,,,,,
5620,,Parallel Assignment,,,,
5620,,,,,Single (Investigator),
5620,,,,,,Treatment
5621,N/A,,,,,
5621,,Single Group Assignment,,,,
5621,,,,,None (Open Label),
5621,,,,,,Health Services Research
5622,Randomized,,,,,
5622,,Parallel Assignment,,,,
5622,,,,,Single (Participant),
5622,,,,,,Health Services Research
5623,,,Cohort,,,
5623,,,,Cross-Sectional,,
5624,,,Cohort,,,
5624,,,,Prospective,,
5625,Randomized,,,,,
5625,,Parallel Assignment,,,,
5625,,,,,"Quadruple (Participant, Care Provider, Investigator, Outcomes Assessor)",
5625,,,,,,Treatment
5626,Randomized,,,,,
5626,,Parallel Assignment,,,,
5626,,,,,Single (Participant),
5626,,,,,,Supportive Care
5627,Randomized,,,,,
5627,,Crossover Assignment,,,,
5627,,,,,None (Open Label),
5627,,,,,,Other
5628,Randomized,,,,,
5628,,Crossover Assignment,,,,
5628,,,,,None (Open Label),
5628,,,,,,Other
5629,Non-Randomized,,,,,
5629,,Parallel Assignment,,,,
5629,,,,,None (Open Label),
5629,,,,,,Treatment
5630,N/A,,,,,
5630,,Single Group Assignment,,,,
5630,,,,,None (Open Label),
5630,,,,,,Other
5631,Randomized,,,,,
5631,,Parallel Assignment,,,,
5631,,,,,Single (Outcomes Assessor),
5631,,,,,,Treatment
5632,,,Case-Control,,,
5632,,,,Cross-Sectional,,
5633,,,Cohort,,,
5633,,,,Cross-Sectional,,
5634,Randomized,,,,,
5634,,Parallel Assignment,,,,
5634,,,,,"Triple (Participant, Care Provider, Outcomes Assessor)",
5634,,,,,,Treatment
5635,Randomized,,,,,
5635,,Parallel Assignment,,,,
5635,,,,,"Double (Participant, Investigator)",
5635,,,,,,Treatment
5636,,,Cohort,,,
5636,,,,Retrospective,,
5637,Randomized,,,,,
5637,,Parallel Assignment,,,,
5637,,,,,Single (Outcomes Assessor),
5637,,,,,,Treatment
5638,Randomized,,,,,
5638,,Parallel Assignment,,,,
5638,,,,,None (Open Label),
5638,,,,,,Treatment
5639,Randomized,,,,,
5639,,Parallel Assignment,,,,
5639,,,,,None (Open Label),
5639,,,,,,Prevention
5640,Randomized,,,,,
5640,,Parallel Assignment,,,,
5640,,,,,None (Open Label),
5640,,,,,,Other
5641,Randomized,,,,,
5641,,Parallel Assignment,,,,
5641,,,,,Single (Outcomes Assessor),
5641,,,,,,Treatment
5642,Randomized,,,,,
5642,,Parallel Assignment,,,,
5642,,,,,None (Open Label),
5642,,,,,,Other
5643,Randomized,,,,,
5643,,Parallel Assignment,,,,
5643,,,,,Single (Outcomes Assessor),
5643,,,,,,Treatment
5644,Randomized,,,,,
5644,,Parallel Assignment,,,,
5644,,,,,None (Open Label),
5644,,,,,,Health Services Research
5645,Randomized,,,,,
5645,,Parallel Assignment,,,,
5645,,,,,None (Open Label),
5645,,,,,,Prevention
5646,Randomized,,,,,
5646,,Parallel Assignment,,,,
5646,,,,,Single (Outcomes Assessor),
5646,,,,,,Supportive Care
5647,,,Cohort,,,
5647,,,,Prospective,,
5648,Randomized,,,,,
5648,,Crossover Assignment,,,,
5648,,,,,None (Open Label),
5648,,,,,,Treatment
5649,Randomized,,,,,
5649,,Parallel Assignment,,,,
5649,,,,,"Triple (Participant, Investigator, Outcomes Assessor)",
5649,,,,,,Treatment
5650,,,Cohort,,,
5650,,,,Prospective,,
5651,Randomized,,,,,
5651,,Parallel Assignment,,,,
5651,,,,,Single (Participant),
5651,,,,,,Diagnostic
5652,N/A,,,,,
5652,,Single Group Assignment,,,,
5652,,,,,None (Open Label),
5652,,,,,,Treatment
5653,Randomized,,,,,
5653,,Parallel Assignment,,,,
5653,,,,,"Double (Participant, Outcomes Assessor)",
5653,,,,,,Treatment
5654,Randomized,,,,,
5654,,Parallel Assignment,,,,
5654,,,,,None (Open Label),
5654,,,,,,Treatment
5655,Randomized,,,,,
5655,,Parallel Assignment,,,,
5655,,,,,None (Open Label),
5655,,,,,,Prevention
5656,Randomized,,,,,
5656,,Factorial Assignment,,,,
5656,,,,,Single (Outcomes Assessor),
5656,,,,,,Treatment
5657,Randomized,,,,,
5657,,Parallel Assignment,,,,
5657,,,,,"Double (Care Provider, Outcomes Assessor)",
5657,,,,,,Health Services Research
5658,Randomized,,,,,
5658,,Parallel Assignment,,,,
5658,,,,,"Double (Participant, Outcomes Assessor)",
5658,,,,,,Health Services Research
5659,Randomized,,,,,
5659,,Factorial Assignment,,,,
5659,,,,,"Double (Investigator, Outcomes Assessor)",
5659,,,,,,Treatment
5660,Randomized,,,,,
5660,,Parallel Assignment,,,,
5660,,,,,None (Open Label),
5660,,,,,,Prevention
5661,Randomized,,,,,
5661,,Parallel Assignment,,,,
5661,,,,,"Double (Investigator, Outcomes Assessor)",
5661,,,,,,Treatment
5662,Randomized,,,,,
5662,,Parallel Assignment,,,,
5662,,,,,None (Open Label),
5662,,,,,,Treatment
5663,,,Cohort,,,
5663,,,,Prospective,,
5664,Randomized,,,,,
5664,,Parallel Assignment,,,,
5664,,,,,"Triple (Participant, Investigator, Outcomes Assessor)",
5664,,,,,,Treatment
5665,,,Case-Control,,,
5665,,,,Other,,
5666,Randomized,,,,,
5666,,Parallel Assignment,,,,
5666,,,,,None (Open Label),
5666,,,,,,Treatment
5667,Randomized,,,,,
5667,,Crossover Assignment,,,,
5667,,,,,None (Open Label),
5667,,,,,,Other
5668,Randomized,,,,,
5668,,Crossover Assignment,,,,
5668,,,,,None (Open Label),
5668,,,,,,Other
5669,Randomized,,,,,
5669,,Crossover Assignment,,,,
5669,,,,,None (Open Label),
5669,,,,,,Other
5670,,,Other,,,
5670,,,,Prospective,,
5671,Randomized,,,,,
5671,,Parallel Assignment,,,,
5671,,,,,Single (Outcomes Assessor),
5671,,,,,,Treatment
5672,Randomized,,,,,
5672,,Parallel Assignment,,,,
5672,,,,,Single (Outcomes Assessor),
5672,,,,,,Prevention
5673,Randomized,,,,,
5673,,Parallel Assignment,,,,
5673,,,,,None (Open Label),
5673,,,,,,Treatment
5674,Randomized,,,,,
5674,,Parallel Assignment,,,,
5674,,,,,"Double (Participant, Outcomes Assessor)",
5674,,,,,,Treatment
5675,,,Cohort,,,
5675,,,,Other,,
5676,Randomized,,,,,
5676,,Parallel Assignment,,,,
5676,,,,,"Quadruple (Participant, Care Provider, Investigator, Outcomes Assessor)",
5676,,,,,,Prevention
5677,N/A,,,,,
5677,,Single Group Assignment,,,,
5677,,,,,None (Open Label),
5677,,,,,,Supportive Care
5678,,,Cohort,,,
5678,,,,Prospective,,
5679,Randomized,,,,,
5679,,Parallel Assignment,,,,
5679,,,,,None (Open Label),
5679,,,,,,Supportive Care
5680,N/A,,,,,
5680,,Parallel Assignment,,,,
5680,,,,,None (Open Label),
5680,,,,,,Treatment
5681,Randomized,,,,,
5681,,Parallel Assignment,,,,
5681,,,,,"Double (Participant, Investigator)",
5681,,,,,,Prevention
5682,Randomized,,,,,
5682,,Parallel Assignment,,,,
5682,,,,,"Triple (Participant, Investigator, Outcomes Assessor)",
5682,,,,,,Prevention
5683,,,Cohort,,,
5683,,,,Prospective,,
5684,,,Cohort,,,
5684,,,,Prospective,,
5685,Randomized,,,,,
5685,,Parallel Assignment,,,,
5685,,,,,"Double (Participant, Outcomes Assessor)",
5685,,,,,,Supportive Care
5686,Non-Randomized,,,,,
5686,,Parallel Assignment,,,,
5686,,,,,None (Open Label),
5686,,,,,,Treatment
5687,Randomized,,,,,
5687,,Parallel Assignment,,,,
5687,,,,,Single (Participant),
5687,,,,,,Other
5688,,,Ecologic or Community,,,
5688,,,,Cross-Sectional,,
5689,Randomized,,,,,
5689,,Crossover Assignment,,,,
5689,,,,,Single (Outcomes Assessor),
5689,,,,,,Prevention
5690,Non-Randomized,,,,,
5690,,Factorial Assignment,,,,
5690,,,,,Single (Participant),
5690,,,,,,Basic Science
5691,Randomized,,,,,
5691,,Parallel Assignment,,,,
5691,,,,,None (Open Label),
5691,,,,,,Diagnostic
5692,,,Cohort,,,
5692,,,,Prospective,,
5693,Randomized,,,,,
5693,,Parallel Assignment,,,,
5693,,,,,None (Open Label),
5693,,,,,,Prevention
5694,Randomized,,,,,
5694,,Parallel Assignment,,,,
5694,,,,,"Double (Investigator, Outcomes Assessor)",
5694,,,,,,Prevention
5695,Randomized,,,,,
5695,,Parallel Assignment,,,,
5695,,,,,Single (Outcomes Assessor),
5695,,,,,,Treatment
5696,,,Case-Control,,,
5696,,,,Retrospective,,
5697,Randomized,,,,,
5697,,Crossover Assignment,,,,
5697,,,,,None (Open Label),
5697,,,,,,Other
5698,Randomized,,,,,
5698,,Parallel Assignment,,,,
5698,,,,,Single (Outcomes Assessor),
5698,,,,,,Treatment
5699,Randomized,,,,,
5699,,Parallel Assignment,,,,
5699,,,,,Single (Outcomes Assessor),
5699,,,,,,Treatment
5700,Randomized,,,,,
5700,,Single Group Assignment,,,,
5700,,,,,None (Open Label),
5700,,,,,,Treatment
5701,Randomized,,,,,
5701,,Parallel Assignment,,,,
5701,,,,,None (Open Label),
5701,,,,,,Treatment
5702,Randomized,,,,,
5702,,Parallel Assignment,,,,
5702,,,,,"Double (Investigator, Outcomes Assessor)",
5702,,,,,,Prevention
5703,,,Cohort,,,
5703,,,,Prospective,,
5704,Non-Randomized,,,,,
5704,,Parallel Assignment,,,,
5704,,,,,None (Open Label),
5704,,,,,,Supportive Care
5705,,,Cohort,,,
5705,,,,Prospective,,
5706,Randomized,,,,,
5706,,Parallel Assignment,,,,
5706,,,,,Single (Outcomes Assessor),
5706,,,,,,Treatment
5707,Randomized,,,,,
5707,,Parallel Assignment,,,,
5707,,,,,"Triple (Participant, Investigator, Outcomes Assessor)",
5707,,,,,,Treatment
5708,Randomized,,,,,
5708,,Parallel Assignment,,,,
5708,,,,,Single (Investigator),
5708,,,,,,Treatment
5709,Randomized,,,,,
5709,,Parallel Assignment,,,,
5709,,,,,None (Open Label),
5709,,,,,,Health Services Research
5710,,,Cohort,,,
5710,,,,Prospective,,
5711,Randomized,,,,,
5711,,Parallel Assignment,,,,
5711,,,,,None (Open Label),
5711,,,,,,Screening
5712,Randomized,,,,,
5712,,Parallel Assignment,,,,
5712,,,,,"Double (Investigator, Outcomes Assessor)",
5712,,,,,,Other
5713,N/A,,,,,
5713,,Single Group Assignment,,,,
5713,,,,,None (Open Label),
5713,,,,,,Supportive Care
5714,,,Case-Control,,,
5714,,,,Prospective,,
5715,Non-Randomized,,,,,
5715,,Parallel Assignment,,,,
5715,,,,,None (Open Label),
5715,,,,,,Treatment
5716,Randomized,,,,,
5716,,Parallel Assignment,,,,
5716,,,,,"Triple (Participant, Care Provider, Investigator)",
5716,,,,,,Prevention
5717,N/A,,,,,
5717,,Single Group Assignment,,,,
5717,,,,,None (Open Label),
5717,,,,,,Treatment
5718,Randomized,,,,,
5718,,Crossover Assignment,,,,
5718,,,,,None (Open Label),
5718,,,,,,Other
5719,,,Cohort,,,
5719,,,,Prospective,,
5720,,,Cohort,,,
5720,,,,Retrospective,,
5721,Randomized,,,,,
5721,,Sequential Assignment,,,,
5721,,,,,None (Open Label),
5721,,,,,,Supportive Care
5722,,,Cohort,,,
5722,,,,Prospective,,
5723,Randomized,,,,,
5723,,Parallel Assignment,,,,
5723,,,,,None (Open Label),
5723,,,,,,Treatment
5724,Randomized,,,,,
5724,,Parallel Assignment,,,,
5724,,,,,None (Open Label),
5724,,,,,,Treatment
5725,,,Cohort,,,
5725,,,,Prospective,,
5726,N/A,,,,,
5726,,Single Group Assignment,,,,
5726,,,,,None (Open Label),
5726,,,,,,Treatment
5727,,,Cohort,,,
5727,,,,Cross-Sectional,,
5728,Randomized,,,,,
5728,,Parallel Assignment,,,,
5728,,,,,None (Open Label),
5728,,,,,,Treatment
5729,Randomized,,,,,
5729,,Parallel Assignment,,,,
5729,,,,,"Quadruple (Participant, Care Provider, Investigator, Outcomes Assessor)",
5729,,,,,,Treatment
5730,Randomized,,,,,
5730,,Parallel Assignment,,,,
5730,,,,,"Quadruple (Participant, Care Provider, Investigator, Outcomes Assessor)",
5730,,,,,,Treatment
5731,Randomized,,,,,
5731,,Parallel Assignment,,,,
5731,,,,,"Quadruple (Participant, Care Provider, Investigator, Outcomes Assessor)",
5731,,,,,,Treatment
5732,Randomized,,,,,
5732,,Sequential Assignment,,,,
5732,,,,,None (Open Label),
5732,,,,,,Treatment
5733,,,Cohort,,,
5733,,,,Prospective,,
5734,,,Case-Control,,,
5734,,,,Prospective,,
5735,Randomized,,,,,
5735,,Parallel Assignment,,,,
5735,,,,,None (Open Label),
5735,,,,,,Other
5736,Randomized,,,,,
5736,,Parallel Assignment,,,,
5736,,,,,"Triple (Participant, Care Provider, Investigator)",
5736,,,,,,Prevention
5737,N/A,,,,,
5737,,Single Group Assignment,,,,
5737,,,,,None (Open Label),
5737,,,,,,Prevention
5738,Randomized,,,,,
5738,,Parallel Assignment,,,,
5738,,,,,None (Open Label),
5738,,,,,,Treatment
5739,N/A,,,,,
5739,,Single Group Assignment,,,,
5739,,,,,None (Open Label),
5739,,,,,,Basic Science
5740,,,Cohort,,,
5740,,,,Prospective,,
5741,Randomized,,,,,
5741,,Parallel Assignment,,,,
5741,,,,,"Double (Participant, Outcomes Assessor)",
5741,,,,,,Other
5742,Randomized,,,,,
5742,,Parallel Assignment,,,,
5742,,,,,"Double (Care Provider, Outcomes Assessor)",
5742,,,,,,Health Services Research
5743,Randomized,,,,,
5743,,Parallel Assignment,,,,
5743,,,,,None (Open Label),
5743,,,,,,Treatment
5744,Randomized,,,,,
5744,,Parallel Assignment,,,,
5744,,,,,"Quadruple (Participant, Care Provider, Investigator, Outcomes Assessor)",
5744,,,,,,Prevention
5745,Randomized,,,,,
5745,,Parallel Assignment,,,,
5745,,,,,Single (Care Provider),
5745,,,,,,Treatment
5746,,,Cohort,,,
5746,,,,Prospective,,
5747,Non-Randomized,,,,,
5747,,Parallel Assignment,,,,
5747,,,,,None (Open Label),
5747,,,,,,Prevention
5748,Randomized,,,,,
5748,,Parallel Assignment,,,,
5748,,,,,None (Open Label),
5748,,,,,,Treatment
5749,Randomized,,,,,
5749,,Parallel Assignment,,,,
5749,,,,,None (Open Label),
5749,,,,,,Health Services Research
5750,,,Cohort,,,
5750,,,,Other,,
5751,Randomized,,,,,
5751,,Crossover Assignment,,,,
5751,,,,,None (Open Label),
5751,,,,,,Health Services Research
5752,Randomized,,,,,
5752,,Parallel Assignment,,,,
5752,,,,,Single (Outcomes Assessor),
5752,,,,,,Health Services Research
5753,,,Cohort,,,
5753,,,,Prospective,,
5754,,,Cohort,,,
5754,,,,Retrospective,,
5755,,,Cohort,,,
5755,,,,Prospective,,
5756,Randomized,,,,,
5756,,Parallel Assignment,,,,
5756,,,,,None (Open Label),
5756,,,,,,Prevention
5757,,,Cohort,,,
5757,,,,Prospective,,
5758,Randomized,,,,,
5758,,Parallel Assignment,,,,
5758,,,,,"Triple (Participant, Investigator, Outcomes Assessor)",
5758,,,,,,Prevention
5759,Randomized,,,,,
5759,,Parallel Assignment,,,,
5759,,,,,"Quadruple (Participant, Care Provider, Investigator, Outcomes Assessor)",
5759,,,,,,Other
5760,Randomized,,,,,
5760,,Parallel Assignment,,,,
5760,,,,,Single (Outcomes Assessor),
5760,,,,,,Other
5761,Randomized,,,,,
5761,,Parallel Assignment,,,,
5761,,,,,Single (Outcomes Assessor),
5761,,,,,,Other
5762,Randomized,,,,,
5762,,Parallel Assignment,,,,
5762,,,,,"Double (Care Provider, Outcomes Assessor)",
5762,,,,,,Treatment
5763,,,Other,,,
5763,,,,Prospective,,
5764,Randomized,,,,,
5764,,Parallel Assignment,,,,
5764,,,,,"Double (Investigator, Outcomes Assessor)",
5764,,,,,,Prevention
5765,Randomized,,,,,
5765,,Parallel Assignment,,,,
5765,,,,,Single (Outcomes Assessor),
5765,,,,,,Treatment
5766,Randomized,,,,,
5766,,Parallel Assignment,,,,
5766,,,,,None (Open Label),
5766,,,,,,Supportive Care
5767,Randomized,,,,,
5767,,Sequential Assignment,,,,
5767,,,,,"Double (Participant, Investigator)",
5767,,,,,,Treatment
5768,Randomized,,,,,
5768,,Parallel Assignment,,,,
5768,,,,,None (Open Label),
5768,,,,,,Supportive Care
5769,,,Cohort,,,
5769,,,,Cross-Sectional,,
5770,Randomized,,,,,
5770,,Factorial Assignment,,,,
5770,,,,,None (Open Label),
5770,,,,,,Treatment
5771,N/A,,,,,
5771,,Single Group Assignment,,,,
5771,,,,,None (Open Label),
5771,,,,,,Health Services Research
5772,Randomized,,,,,
5772,,Parallel Assignment,,,,
5772,,,,,None (Open Label),
5772,,,,,,Prevention
5773,Randomized,,,,,
5773,,Parallel Assignment,,,,
5773,,,,,"Triple (Participant, Investigator, Outcomes Assessor)",
5773,,,,,,Treatment
5774,,,Cohort,,,
5774,,,,Retrospective,,
5775,Randomized,,,,,
5775,,Parallel Assignment,,,,
5775,,,,,None (Open Label),
5775,,,,,,Supportive Care
5776,Randomized,,,,,
5776,,Parallel Assignment,,,,
5776,,,,,None (Open Label),
5776,,,,,,Treatment
5777,Randomized,,,,,
5777,,Parallel Assignment,,,,
5777,,,,,Single (Participant),
5777,,,,,,Treatment
5778,Randomized,,,,,
5778,,Parallel Assignment,,,,
5778,,,,,Single (Outcomes Assessor),
5778,,,,,,Treatment
5779,Randomized,,,,,
5779,,Parallel Assignment,,,,
5779,,,,,None (Open Label),
5779,,,,,,Treatment
5780,,,Cohort,,,
5780,,,,Prospective,,
5781,Randomized,,,,,
5781,,Parallel Assignment,,,,
5781,,,,,"Double (Investigator, Outcomes Assessor)",
5781,,,,,,Treatment
5782,,,Other,,,
5782,,,,Prospective,,
5783,Randomized,,,,,
5783,,Parallel Assignment,,,,
5783,,,,,None (Open Label),
5783,,,,,,Treatment
